项目楼栋情况,深铁懿府1栋,座号,E座,合同号,--,拟售价格,98889.75元/平方米(按建筑面积计)楼层,27,房号,2701,用途,住宅,,建筑面积117.34平方米,户内面积,89.51平方米,分摊面积,27.83平方米,户内面积,--平方米,分摊面积--平方米,建筑面积,--平方米
项目楼栋情况,深铁懿府1栋,座号,E座,合同号,--,拟售价格,107815.91元/平方米(按建筑面积计)楼层,27,房号,2702,用途,住宅,,建筑面积97.13平方米,户内面积,74.09平方米,分摊面积,23.04平方米,户内面积,--平方米,分摊面积--平方米,建筑面积,--平方米
项目楼栋情况,深铁懿府1栋,座号,E座,合同号,--,拟售价格,108207.63元/平方米(按建筑面积计)楼层,27,房号,2703,用途,住宅,,建筑面积97.13平方米,户内面积,74.09平方米,分摊面积,23.04平方米,户内面积,--平方米,分摊面积--平方米,建筑面积,--平方米
项目楼栋情况,深铁懿府1栋,座号,E座,合同号,--,拟售价格,104603.32元/平方米(按建筑面积计)楼层,27,房号,2704,用途,住宅,,建筑面积117.34平方米,户内面积,89.51平方米,分摊面积,27.83平方米,户内面积,--平方米,分摊面积--平方米,建筑面积,--平方米
项目楼栋情况,深铁懿府1栋,座号,E座,合同号,--,拟售价格,99289.75元/平方米(按建筑面积计)楼层,26,房号,2601,用途,住宅,,建筑面积117.34平方米,户内面积,89.51平方米,分摊面积,27.83平方米,户内面积,--平方米,分摊面积--平方米,建筑面积,--平方米
项目楼栋情况,深铁懿府1栋,座号,E座,合同号,--,拟售价格,108715.91元/平方米(按建筑面积计)楼层,26,房号,2602,用途,住宅,,建筑面积97.13平方米,户内面积,74.09平方米,分摊面积,23.04平方米,户内面积,--平方米,分摊面积--平方米,建筑面积,--平方米
项目楼栋情况,深铁懿府1栋,座号,E座,合同号,--,拟售价格,109107.63元/平方米(按建筑面积计)楼层,26,房号,2603,用途,住宅,,建筑面积97.13平方米,户内面积,74.09平方米,分摊面积,23.04平方米,户内面积,--平方米,分摊面积--平方米,建筑面积,--平方米
项目楼栋情况,深铁懿府1栋,座号,E座,合同号,--,拟售价格,105003.32元/平方米(按建筑面积计)楼层,26,房号,2604,用途,住宅,,建筑面积117.34平方米,户内面积,89.51平方米,分摊面积,27.83平方米,户内面积,--平方米,分摊面积--平方米,建筑面积,--平方米
项目楼栋情况,深铁懿府1栋,座号,E座,合同号,--,拟售价格,98989.75元/平方米(按建筑面积计)楼层,25,房号,2501,用途,住宅,,建筑面积117.34平方米,户内面积,89.51平方米,分摊面积,27.83平方米,户内面积,--平方米,分摊面积--平方米,建筑面积,--平方米
项目楼栋情况,深铁懿府1栋,座号,E座,合同号,--,拟售价格,108415.91元/平方米(按建筑面积计)楼层,25,房号,2502,用途,住宅,,建筑面积97.13平方米,户内面积,74.09平方米,分摊面积,23.04平方米,户内面积,--平方米,分摊面积--平方米,建筑面积,--平方米
项目楼栋情况,深铁懿府1栋,座号,E座,合同号,--,拟售价格,108807.63元/平方米(按建筑面积计)楼层,25,房号,2503,用途,住宅,,建筑面积97.13平方米,户内面积,74.09平方米,分摊面积,23.04平方米,户内面积,--平方米,分摊面积--平方米,建筑面积,--平方米
项目楼栋情况,深铁懿府1栋,座号,E座,合同号,--,拟售价格,104703.32元/平方米(按建筑面积计)楼层,25,房号,2504,用途,住宅,,建筑面积117.34平方米,户内面积,89.51平方米,分摊面积,27.83平方米,户内面积,--平方米,分摊面积--平方米,建筑面积,--平方米
项目楼栋情况,深铁懿府1栋,座号,E座,合同号,--,拟售价格,98689.75元/平方米(按建筑面积计)楼层,24,房号,2401,用途,住宅,,建筑面积117.34平方米,户内面积,89.51平方米,分摊面积,27.83平方米,户内面积,--平方米,分摊面积--平方米,建筑面积,--平方米
项目楼栋情况,深铁懿府1栋,座号,E座,合同号,--,拟售价格,108115.91元/平方米(按建筑面积计)楼层,24,房号,2402,用途,住宅,,建筑面积97.13平方米,户内面积,74.09平方米,分摊面积,23.04平方米,户内面积,--平方米,分摊面积--平方米,建筑面积,--平方米
项目楼栋情况,深铁懿府1栋,座号,E座,合同号,--,拟售价格,108507.63元/平方米(按建筑面积计)楼层,24,房号,2403,用途,住宅,,建筑面积97.13平方米,户内面积,74.09平方米,分摊面积,23.04平方米,户内面积,--平方米,分摊面积--平方米,建筑面积,--平方米
项目楼栋情况,深铁懿府1栋,座号,E座,合同号,--,拟售价格,104403.32元/平方米(按建筑面积计)楼层,24,房号,2404,用途,住宅,,建筑面积117.34平方米,户内面积,89.51平方米,分摊面积,27.83平方米,户内面积,--平方米,分摊面积--平方米,建筑面积,--平方米
项目楼栋情况,深铁懿府1栋,座号,E座,合同号,--,拟售价格,98389.75元/平方米(按建筑面积计)楼层,23,房号,2301,用途,住宅,,建筑面积117.34平方米,户内面积,89.51平方米,分摊面积,27.83平方米,户内面积,--平方米,分摊面积--平方米,建筑面积,--平方米
项目楼栋情况,深铁懿府1栋,座号,E座,合同号,--,拟售价格,107815.91元/平方米(按建筑面积计)楼层,23,房号,2302,用途,住宅,,建筑面积97.13平方米,户内面积,74.09平方米,分摊面积,23.04平方米,户内面积,--平方米,分摊面积--平方米,建筑面积,--平方米
项目楼栋情况,深铁懿府1栋,座号,E座,合同号,--,拟售价格,108207.63元/平方米(按建筑面积计)楼层,23,房号,2303,用途,住宅,,建筑面积97.13平方米,户内面积,74.09平方米,分摊面积,23.04平方米,户内面积,--平方米,分摊面积--平方米,建筑面积,--平方米
项目楼栋情况,深铁懿府1栋,座号,E座,合同号,--,拟售价格,104103.32元/平方米(按建筑面积计)楼层,23,房号,2304,用途,住宅,,建筑面积117.34平方米,户内面积,89.51平方米,分摊面积,27.83平方米,户内面积,--平方米,分摊面积--平方米,建筑面积,--平方米
项目楼栋情况,深铁懿府1栋,座号,E座,合同号,--,拟售价格,98089.75元/平方米(按建筑面积计)楼层,22,房号,2201,用途,住宅,,建筑面积117.34平方米,户内面积,89.51平方米,分摊面积,27.83平方米,户内面积,--平方米,分摊面积--平方米,建筑面积,--平方米
项目楼栋情况,深铁懿府1栋,座号,E座,合同号,--,拟售价格,107515.91元/平方米(按建筑面积计)楼层,22,房号,2202,用途,住宅,,建筑面积97.13平方米,户内面积,74.09平方米,分摊面积,23.04平方米,户内面积,--平方米,分摊面积--平方米,建筑面积,--平方米
项目楼栋情况,深铁懿府1栋,座号,E座,合同号,--,拟售价格,107907.63元/平方米(按建筑面积计)楼层,22,房号,2203,用途,住宅,,建筑面积97.13平方米,户内面积,74.09平方米,分摊面积,23.04平方米,户内面积,--平方米,分摊面积--平方米,建筑面积,--平方米
项目楼栋情况,深铁懿府1栋,座号,E座,合同号,--,拟售价格,103803.32元/平方米(按建筑面积计)楼层,22,房号,2204,用途,住宅,,建筑面积117.34平方米,户内面积,89.51平方米,分摊面积,27.83平方米,户内面积,--平方米,分摊面积--平方米,建筑面积,--平方米
项目楼栋情况,深铁懿府1栋,座号,E座,合同号,--,拟售价格,97789.75元/平方米(按建筑面积计)楼层,21,房号,2101,用途,住宅,,建筑面积117.34平方米,户内面积,89.51平方米,分摊面积,27.83平方米,户内面积,--平方米,分摊面积--平方米,建筑面积,--平方米
项目楼栋情况,深铁懿府1栋,座号,E座,合同号,--,拟售价格,107215.91元/平方米(按建筑面积计)楼层,21,房号,2102,用途,住宅,,建筑面积97.13平方米,户内面积,74.09平方米,分摊面积,23.04平方米,户内面积,--平方米,分摊面积--平方米,建筑面积,--平方米
项目楼栋情况,深铁懿府1栋,座号,E座,合同号,--,拟售价格,107607.63元/平方米(按建筑面积计)楼层,21,房号,2103,用途,住宅,,建筑面积97.13平方米,户内面积,74.09平方米,分摊面积,23.04平方米,户内面积,--平方米,分摊面积--平方米,建筑面积,--平方米
项目楼栋情况,深铁懿府1栋,座号,E座,合同号,--,拟售价格,103503.32元/平方米(按建筑面积计)楼层,21,房号,2104,用途,住宅,,建筑面积117.34平方米,户内面积,89.51平方米,分摊面积,27.83平方米,户内面积,--平方米,分摊面积--平方米,建筑面积,--平方米
项目楼栋情况,深铁懿府1栋,座号,E座,合同号,--,拟售价格,97489.75元/平方米(按建筑面积计)楼层,20,房号,2001,用途,住宅,,建筑面积117.34平方米,户内面积,89.51平方米,分摊面积,27.83平方米,户内面积,--平方米,分摊面积--平方米,建筑面积,--平方米
项目楼栋情况,深铁懿府1栋,座号,E座,合同号,--,拟售价格,106915.91元/平方米(按建筑面积计)楼层,20,房号,2002,用途,住宅,,建筑面积97.13平方米,户内面积,74.09平方米,分摊面积,23.04平方米,户内面积,--平方米,分摊面积--平方米,建筑面积,--平方米
项目楼栋情况,深铁懿府1栋,座号,E座,合同号,--,拟售价格,107307.63元/平方米(按建筑面积计)楼层,20,房号,2003,用途,住宅,,建筑面积97.13平方米,户内面积,74.09平方米,分摊面积,23.04平方米,户内面积,--平方米,分摊面积--平方米,建筑面积,--平方米
项目楼栋情况,深铁懿府1栋,座号,E座,合同号,--,拟售价格,103203.32元/平方米(按建筑面积计)楼层,20,房号,2004,用途,住宅,,建筑面积117.34平方米,户内面积,89.51平方米,分摊面积,27.83平方米,户内面积,--平方米,分摊面积--平方米,建筑面积,--平方米
项目楼栋情况,深铁懿府1栋,座号,E座,合同号,--,拟售价格,97189.75元/平方米(按建筑面积计)楼层,19,房号,1901,用途,住宅,,建筑面积117.34平方米,户内面积,89.51平方米,分摊面积,27.83平方米,户内面积,--平方米,分摊面积--平方米,建筑面积,--平方米
项目楼栋情况,深铁懿府1栋,座号,E座,合同号,--,拟售价格,106615.91元/平方米(按建筑面积计)楼层,19,房号,1902,用途,住宅,,建筑面积97.13平方米,户内面积,74.09平方米,分摊面积,23.04平方米,户内面积,--平方米,分摊面积--平方米,建筑面积,--平方米
项目楼栋情况,深铁懿府1栋,座号,E座,合同号,--,拟售价格,107007.63元/平方米(按建筑面积计)楼层,19,房号,1903,用途,住宅,,建筑面积97.13平方米,户内面积,74.09平方米,分摊面积,23.04平方米,户内面积,--平方米,分摊面积--平方米,建筑面积,--平方米
项目楼栋情况,深铁懿府1栋,座号,E座,合同号,--,拟售价格,102903.32元/平方米(按建筑面积计)楼层,19,房号,1904,用途,住宅,,建筑面积117.34平方米,户内面积,89.51平方米,分摊面积,27.83平方米,户内面积,--平方米,分摊面积--平方米,建筑面积,--平方米
项目楼栋情况,深铁懿府1栋,座号,E座,合同号,--,拟售价格,96889.75元/平方米(按建筑面积计)楼层,18,房号,1801,用途,住宅,,建筑面积117.34平方米,户内面积,89.51平方米,分摊面积,27.83平方米,户内面积,--平方米,分摊面积--平方米,建筑面积,--平方米
项目楼栋情况,深铁懿府1栋,座号,E座,合同号,--,拟售价格,106315.91元/平方米(按建筑面积计)楼层,18,房号,1802,用途,住宅,,建筑面积97.13平方米,户内面积,74.09平方米,分摊面积,23.04平方米,户内面积,--平方米,分摊面积--平方米,建筑面积,--平方米
项目楼栋情况,深铁懿府1栋,座号,E座,合同号,--,拟售价格,106707.63元/平方米(按建筑面积计)楼层,18,房号,1803,用途,住宅,,建筑面积97.13平方米,户内面积,74.09平方米,分摊面积,23.04平方米,户内面积,--平方米,分摊面积--平方米,建筑面积,--平方米
项目楼栋情况,深铁懿府1栋,座号,E座,合同号,--,拟售价格,102603.32元/平方米(按建筑面积计)楼层,18,房号,1804,用途,住宅,,建筑面积117.34平方米,户内面积,89.51平方米,分摊面积,27.83平方米,户内面积,--平方米,分摊面积--平方米,建筑面积,--平方米
项目楼栋情况,深铁懿府1栋,座号,E座,合同号,--,拟售价格,96589.75元/平方米(按建筑面积计)楼层,17,房号,1701,用途,住宅,,建筑面积117.34平方米,户内面积,89.51平方米,分摊面积,27.83平方米,户内面积,--平方米,分摊面积--平方米,建筑面积,--平方米
项目楼栋情况,深铁懿府1栋,座号,E座,合同号,--,拟售价格,106015.91元/平方米(按建筑面积计)楼层,17,房号,1702,用途,住宅,,建筑面积97.13平方米,户内面积,74.09平方米,分摊面积,23.04平方米,户内面积,--平方米,分摊面积--平方米,建筑面积,--平方米
项目楼栋情况,深铁懿府1栋,座号,E座,合同号,--,拟售价格,106407.63元/平方米(按建筑面积计)楼层,17,房号,1703,用途,住宅,,建筑面积97.13平方米,户内面积,74.09平方米,分摊面积,23.04平方米,户内面积,--平方米,分摊面积--平方米,建筑面积,--平方米
项目楼栋情况,深铁懿府1栋,座号,E座,合同号,--,拟售价格,102303.32元/平方米(按建筑面积计)楼层,17,房号,1704,用途,住宅,,建筑面积117.34平方米,户内面积,89.51平方米,分摊面积,27.83平方米,户内面积,--平方米,分摊面积--平方米,建筑面积,--平方米
项目楼栋情况,深铁懿府1栋,座号,E座,合同号,--,拟售价格,96289.75元/平方米(按建筑面积计)楼层,16,房号,1601,用途,住宅,,建筑面积117.34平方米,户内面积,89.51平方米,分摊面积,27.83平方米,户内面积,--平方米,分摊面积--平方米,建筑面积,--平方米
项目楼栋情况,深铁懿府1栋,座号,E座,合同号,--,拟售价格,105015.91元/平方米(按建筑面积计)楼层,16,房号,1602,用途,住宅,,建筑面积97.13平方米,户内面积,74.09平方米,分摊面积,23.04平方米,户内面积,--平方米,分摊面积--平方米,建筑面积,--平方米
项目楼栋情况,深铁懿府1栋,座号,E座,合同号,--,拟售价格,105407.63元/平方米(按建筑面积计)楼层,16,房号,1603,用途,住宅,,建筑面积97.13平方米,户内面积,74.09平方米,分摊面积,23.04平方米,户内面积,--平方米,分摊面积--平方米,建筑面积,--平方米
项目楼栋情况,深铁懿府1栋,座号,E座,合同号,--,拟售价格,102003.32元/平方米(按建筑面积计)楼层,16,房号,1604,用途,住宅,,建筑面积117.34平方米,户内面积,89.51平方米,分摊面积,27.83平方米,户内面积,--平方米,分摊面积--平方米,建筑面积,--平方米
项目楼栋情况,深铁懿府1栋,座号,E座,合同号,--,拟售价格,95989.75元/平方米(按建筑面积计)楼层,15,房号,1501,用途,住宅,,建筑面积117.34平方米,户内面积,89.51平方米,分摊面积,27.83平方米,户内面积,--平方米,分摊面积--平方米,建筑面积,--平方米
项目楼栋情况,深铁懿府1栋,座号,E座,合同号,--,拟售价格,104115.91元/平方米(按建筑面积计)楼层,15,房号,1502,用途,住宅,,建筑面积97.13平方米,户内面积,74.09平方米,分摊面积,23.04平方米,户内面积,--平方米,分摊面积--平方米,建筑面积,--平方米
项目楼栋情况,深铁懿府1栋,座号,E座,合同号,--,拟售价格,104507.63元/平方米(按建筑面积计)楼层,15,房号,1503,用途,住宅,,建筑面积97.13平方米,户内面积,74.09平方米,分摊面积,23.04平方米,户内面积,--平方米,分摊面积--平方米,建筑面积,--平方米
项目楼栋情况,深铁懿府1栋,座号,E座,合同号,--,拟售价格,101703.32元/平方米(按建筑面积计)楼层,15,房号,1504,用途,住宅,,建筑面积117.34平方米,户内面积,89.51平方米,分摊面积,27.83平方米,户内面积,--平方米,分摊面积--平方米,建筑面积,--平方米
项目楼栋情况,深铁懿府1栋,座号,E座,合同号,--,拟售价格,95689.75元/平方米(按建筑面积计)楼层,14,房号,1401,用途,住宅,,建筑面积117.34平方米,户内面积,89.51平方米,分摊面积,27.83平方米,户内面积,--平方米,分摊面积--平方米,建筑面积,--平方米
项目楼栋情况,深铁懿府1栋,座号,E座,合同号,--,拟售价格,103815.91元/平方米(按建筑面积计)楼层,14,房号,1402,用途,住宅,,建筑面积97.13平方米,户内面积,74.09平方米,分摊面积,23.04平方米,户内面积,--平方米,分摊面积--平方米,建筑面积,--平方米
项目楼栋情况,深铁懿府1栋,座号,E座,合同号,--,拟售价格,104207.63元/平方米(按建筑面积计)楼层,14,房号,1403,用途,住宅,,建筑面积97.13平方米,户内面积,74.09平方米,分摊面积,23.04平方米,户内面积,--平方米,分摊面积--平方米,建筑面积,--平方米
项目楼栋情况,深铁懿府1栋,座号,E座,合同号,--,拟售价格,101403.32元/平方米(按建筑面积计)楼层,14,房号,1404,用途,住宅,,建筑面积117.34平方米,户内面积,89.51平方米,分摊面积,27.83平方米,户内面积,--平方米,分摊面积--平方米,建筑面积,--平方米
项目楼栋情况,深铁懿府1栋,座号,E座,合同号,--,拟售价格,95389.75元/平方米(按建筑面积计)楼层,13,房号,1301,用途,住宅,,建筑面积117.34平方米,户内面积,89.51平方米,分摊面积,27.83平方米,户内面积,--平方米,分摊面积--平方米,建筑面积,--平方米
项目楼栋情况,深铁懿府1栋,座号,E座,合同号,--,拟售价格,103515.91元/平方米(按建筑面积计)楼层,13,房号,1302,用途,住宅,,建筑面积97.13平方米,户内面积,74.09平方米,分摊面积,23.04平方米,户内面积,--平方米,分摊面积--平方米,建筑面积,--平方米
项目楼栋情况,深铁懿府1栋,座号,E座,合同号,--,拟售价格,103907.63元/平方米(按建筑面积计)楼层,13,房号,1303,用途,住宅,,建筑面积97.13平方米,户内面积,74.09平方米,分摊面积,23.04平方米,户内面积,--平方米,分摊面积--平方米,建筑面积,--平方米
项目楼栋情况,深铁懿府1栋,座号,E座,合同号,--,拟售价格,101103.32元/平方米(按建筑面积计)楼层,13,房号,1304,用途,住宅,,建筑面积117.34平方米,户内面积,89.51平方米,分摊面积,27.83平方米,户内面积,--平方米,分摊面积--平方米,建筑面积,--平方米
项目楼栋情况,深铁懿府1栋,座号,E座,合同号,--,拟售价格,94589.75元/平方米(按建筑面积计)楼层,12,房号,1201,用途,住宅,,建筑面积117.34平方米,户内面积,89.51平方米,分摊面积,27.83平方米,户内面积,--平方米,分摊面积--平方米,建筑面积,--平方米
项目楼栋情况,深铁懿府1栋,座号,E座,合同号,--,拟售价格,103215.91元/平方米(按建筑面积计)楼层,12,房号,1202,用途,住宅,,建筑面积97.13平方米,户内面积,74.09平方米,分摊面积,23.04平方米,户内面积,--平方米,分摊面积--平方米,建筑面积,--平方米
项目楼栋情况,深铁懿府1栋,座号,E座,合同号,--,拟售价格,103607.63元/平方米(按建筑面积计)楼层,12,房号,1203,用途,住宅,,建筑面积97.13平方米,户内面积,74.09平方米,分摊面积,23.04平方米,户内面积,--平方米,分摊面积--平方米,建筑面积,--平方米
项目楼栋情况,深铁懿府1栋,座号,E座,合同号,--,拟售价格,101003.32元/平方米(按建筑面积计)楼层,12,房号,1204,用途,住宅,,建筑面积117.34平方米,户内面积,89.51平方米,分摊面积,27.83平方米,户内面积,--平方米,分摊面积--平方米,建筑面积,--平方米
项目楼栋情况,深铁懿府1栋,座号,E座,合同号,--,拟售价格,94289.75元/平方米(按建筑面积计)楼层,11,房号,1101,用途,住宅,,建筑面积117.34平方米,户内面积,89.51平方米,分摊面积,27.83平方米,户内面积,--平方米,分摊面积--平方米,建筑面积,--平方米
项目楼栋情况,深铁懿府1栋,座号,E座,合同号,--,拟售价格,102915.91元/平方米(按建筑面积计)楼层,11,房号,1102,用途,住宅,,建筑面积97.13平方米,户内面积,74.09平方米,分摊面积,23.04平方米,户内面积,--平方米,分摊面积--平方米,建筑面积,--平方米
项目楼栋情况,深铁懿府1栋,座号,E座,合同号,--,拟售价格,103307.63元/平方米(按建筑面积计)楼层,11,房号,1103,用途,住宅,,建筑面积97.13平方米,户内面积,74.09平方米,分摊面积,23.04平方米,户内面积,--平方米,分摊面积--平方米,建筑面积,--平方米
项目楼栋情况,深铁懿府1栋,座号,E座,合同号,--,拟售价格,100703.32元/平方米(按建筑面积计)楼层,11,房号,1104,用途,住宅,,建筑面积117.34平方米,户内面积,89.51平方米,分摊面积,27.83平方米,户内面积,--平方米,分摊面积--平方米,建筑面积,--平方米
项目楼栋情况,深铁懿府1栋,座号,E座,合同号,--,拟售价格,93989.75元/平方米(按建筑面积计)楼层,10,房号,1001,用途,住宅,,建筑面积117.34平方米,户内面积,89.51平方米,分摊面积,27.83平方米,户内面积,--平方米,分摊面积--平方米,建筑面积,--平方米
项目楼栋情况,深铁懿府1栋,座号,E座,合同号,--,拟售价格,102615.91元/平方米(按建筑面积计)楼层,10,房号,1002,用途,住宅,,建筑面积97.13平方米,户内面积,74.09平方米,分摊面积,23.04平方米,户内面积,--平方米,分摊面积--平方米,建筑面积,--平方米
项目楼栋情况,深铁懿府1栋,座号,E座,合同号,--,拟售价格,103007.63元/平方米(按建筑面积计)楼层,10,房号,1003,用途,住宅,,建筑面积97.13平方米,户内面积,74.09平方米,分摊面积,23.04平方米,户内面积,--平方米,分摊面积--平方米,建筑面积,--平方米
项目楼栋情况,深铁懿府1栋,座号,E座,合同号,--,拟售价格,100403.32元/平方米(按建筑面积计)楼层,10,房号,1004,用途,住宅,,建筑面积117.34平方米,户内面积,89.51平方米,分摊面积,27.83平方米,户内面积,--平方米,分摊面积--平方米,建筑面积,--平方米
项目楼栋情况,深铁懿府1栋,座号,E座,合同号,--,拟售价格,93689.75元/平方米(按建筑面积计)楼层,9,房号,901,用途,住宅,,建筑面积117.34平方米,户内面积,89.51平方米,分摊面积,27.83平方米,户内面积,--平方米,分摊面积--平方米,建筑面积,--平方米
项目楼栋情况,深铁懿府1栋,座号,E座,合同号,--,拟售价格,102015.91元/平方米(按建筑面积计)楼层,9,房号,902,用途,住宅,,建筑面积97.13平方米,户内面积,74.09平方米,分摊面积,23.04平方米,户内面积,--平方米,分摊面积--平方米,建筑面积,--平方米
项目楼栋情况,深铁懿府1栋,座号,E座,合同号,--,拟售价格,102407.63元/平方米(按建筑面积计)楼层,9,房号,903,用途,住宅,,建筑面积97.13平方米,户内面积,74.09平方米,分摊面积,23.04平方米,户内面积,--平方米,分摊面积--平方米,建筑面积,--平方米
项目楼栋情况,深铁懿府1栋,座号,E座,合同号,--,拟售价格,100103.32元/平方米(按建筑面积计)楼层,9,房号,904,用途,住宅,,建筑面积117.34平方米,户内面积,89.51平方米,分摊面积,27.83平方米,户内面积,--平方米,分摊面积--平方米,建筑面积,--平方米
项目楼栋情况,深铁懿府1栋,座号,E座,合同号,--,拟售价格,93589.75元/平方米(按建筑面积计)楼层,8,房号,801,用途,住宅,,建筑面积117.34平方米,户内面积,89.51平方米,分摊面积,27.83平方米,户内面积,--平方米,分摊面积--平方米,建筑面积,--平方米
项目楼栋情况,深铁懿府1栋,座号,E座,合同号,--,拟售价格,101915.91元/平方米(按建筑面积计)楼层,8,房号,802,用途,住宅,,建筑面积97.13平方米,户内面积,74.09平方米,分摊面积,23.04平方米,户内面积,--平方米,分摊面积--平方米,建筑面积,--平方米
项目楼栋情况,深铁懿府1栋,座号,E座,合同号,--,拟售价格,102307.63元/平方米(按建筑面积计)楼层,8,房号,803,用途,住宅,,建筑面积97.13平方米,户内面积,74.09平方米,分摊面积,23.04平方米,户内面积,--平方米,分摊面积--平方米,建筑面积,--平方米
项目楼栋情况,深铁懿府1栋,座号,E座,合同号,--,拟售价格,99903.32元/平方米(按建筑面积计)楼层,8,房号,804,用途,住宅,,建筑面积117.34平方米,户内面积,89.51平方米,分摊面积,27.83平方米,户内面积,--平方米,分摊面积--平方米,建筑面积,--平方米
项目楼栋情况,深铁懿府1栋,座号,E座,合同号,--,拟售价格,92989.75元/平方米(按建筑面积计)楼层,7,房号,701,用途,住宅,,建筑面积117.34平方米,户内面积,89.51平方米,分摊面积,27.83平方米,户内面积,--平方米,分摊面积--平方米,建筑面积,--平方米
项目楼栋情况,深铁懿府1栋,座号,E座,合同号,--,拟售价格,101115.91元/平方米(按建筑面积计)楼层,7,房号,702,用途,住宅,,建筑面积97.13平方米,户内面积,74.09平方米,分摊面积,23.04平方米,户内面积,--平方米,分摊面积--平方米,建筑面积,--平方米
项目楼栋情况,深铁懿府1栋,座号,E座,合同号,--,拟售价格,101507.63元/平方米(按建筑面积计)楼层,7,房号,703,用途,住宅,,建筑面积97.13平方米,户内面积,74.09平方米,分摊面积,23.04平方米,户内面积,--平方米,分摊面积--平方米,建筑面积,--平方米
项目楼栋情况,深铁懿府1栋,座号,E座,合同号,--,拟售价格,99303.32元/平方米(按建筑面积计)楼层,7,房号,704,用途,住宅,,建筑面积117.34平方米,户内面积,89.51平方米,分摊面积,27.83平方米,户内面积,--平方米,分摊面积--平方米,建筑面积,--平方米
项目楼栋情况,深铁懿府1栋,座号,E座,合同号,--,拟售价格,91889.75元/平方米(按建筑面积计)楼层,6,房号,601,用途,住宅,,建筑面积117.34平方米,户内面积,89.51平方米,分摊面积,27.83平方米,户内面积,--平方米,分摊面积--平方米,建筑面积,--平方米
项目楼栋情况,深铁懿府1栋,座号,E座,合同号,--,拟售价格,98515.91元/平方米(按建筑面积计)楼层,6,房号,602,用途,住宅,,建筑面积97.13平方米,户内面积,74.09平方米,分摊面积,23.04平方米,户内面积,--平方米,分摊面积--平方米,建筑面积,--平方米
项目楼栋情况,深铁懿府1栋,座号,E座,合同号,--,拟售价格,98907.63元/平方米(按建筑面积计)楼层,6,房号,603,用途,住宅,,建筑面积97.13平方米,户内面积,74.09平方米,分摊面积,23.04平方米,户内面积,--平方米,分摊面积--平方米,建筑面积,--平方米
项目楼栋情况,深铁懿府1栋,座号,E座,合同号,--,拟售价格,99203.32元/平方米(按建筑面积计)楼层,6,房号,604,用途,住宅,,建筑面积117.34平方米,户内面积,89.51平方米,分摊面积,27.83平方米,户内面积,--平方米,分摊面积--平方米,建筑面积,--平方米
项目楼栋情况,深铁懿府1栋,座号,E座,合同号,--,拟售价格,91289.75元/平方米(按建筑面积计)楼层,5,房号,501,用途,住宅,,建筑面积117.34平方米,户内面积,89.51平方米,分摊面积,27.83平方米,户内面积,--平方米,分摊面积--平方米,建筑面积,--平方米
项目楼栋情况,深铁懿府1栋,座号,E座,合同号,--,拟售价格,96715.91元/平方米(按建筑面积计)楼层,5,房号,502,用途,住宅,,建筑面积97.13平方米,户内面积,74.09平方米,分摊面积,23.04平方米,户内面积,--平方米,分摊面积--平方米,建筑面积,--平方米
项目楼栋情况,深铁懿府1栋,座号,E座,合同号,--,拟售价格,95107.63元/平方米(按建筑面积计)楼层,5,房号,503,用途,住宅,,建筑面积97.13平方米,户内面积,74.09平方米,分摊面积,23.04平方米,户内面积,--平方米,分摊面积--平方米,建筑面积,--平方米
项目楼栋情况,深铁懿府1栋,座号,E座,合同号,--,拟售价格,99103.32元/平方米(按建筑面积计)楼层,5,房号,504,用途,住宅,,建筑面积117.34平方米,户内面积,89.51平方米,分摊面积,27.83平方米,户内面积,--平方米,分摊面积--平方米,建筑面积,--平方米
项目楼栋情况,深铁懿府1栋,座号,E座,合同号,--,拟售价格,90189.75元/平方米(按建筑面积计)楼层,4,房号,401,用途,住宅,,建筑面积117.34平方米,户内面积,89.51平方米,分摊面积,27.83平方米,户内面积,--平方米,分摊面积--平方米,建筑面积,--平方米
项目楼栋情况,深铁懿府1栋,座号,E座,合同号,--,拟售价格,92315.91元/平方米(按建筑面积计)楼层,4,房号,402,用途,住宅,,建筑面积97.13平方米,户内面积,74.09平方米,分摊面积,23.04平方米,户内面积,--平方米,分摊面积--平方米,建筑面积,--平方米
项目楼栋情况,深铁懿府1栋,座号,E座,合同号,--,拟售价格,92207.63元/平方米(按建筑面积计)楼层,4,房号,403,用途,住宅,,建筑面积97.13平方米,户内面积,74.09平方米,分摊面积,23.04平方米,户内面积,--平方米,分摊面积--平方米,建筑面积,--平方米
项目楼栋情况,深铁懿府1栋,座号,E座,合同号,--,拟售价格,98503.32元/平方米(按建筑面积计)楼层,4,房号,404,用途,住宅,,建筑面积117.34平方米,户内面积,89.51平方米,分摊面积,27.83平方米,户内面积,--平方米,分摊面积--平方米,建筑面积,--平方米
项目楼栋情况,深铁懿府1栋,座号,C座,合同号,--,拟售价格,105920.87元/平方米(按建筑面积计)楼层,43,房号,4301,用途,住宅,,建筑面积122.13平方米,户内面积,89.51平方米,分摊面积,32.62平方米,户内面积,--平方米,分摊面积--平方米,建筑面积,--平方米
项目楼栋情况,深铁懿府1栋,座号,C座,合同号,--,拟售价格,110752.33元/平方米(按建筑面积计)楼层,43,房号,4302,用途,住宅,,建筑面积101.1平方米,户内面积,74.09平方米,分摊面积,27.01平方米,户内面积,--平方米,分摊面积--平方米,建筑面积,--平方米
项目楼栋情况,深铁懿府1栋,座号,C座,合同号,--,拟售价格,111681.14元/平方米(按建筑面积计)楼层,43,房号,4303,用途,住宅,,建筑面积101.1平方米,户内面积,74.09平方米,分摊面积,27.01平方米,户内面积,--平方米,分摊面积--平方米,建筑面积,--平方米
项目楼栋情况,深铁懿府1栋,座号,C座,合同号,--,拟售价格,107271.87元/平方米(按建筑面积计)楼层,43,房号,4304,用途,住宅,,建筑面积122.13平方米,户内面积,89.51平方米,分摊面积,32.62平方米,户内面积,--平方米,分摊面积--平方米,建筑面积,--平方米
项目楼栋情况,深铁懿府1栋,座号,C座,合同号,--,拟售价格,106520.87元/平方米(按建筑面积计)楼层,42,房号,4201,用途,住宅,,建筑面积122.13平方米,户内面积,89.51平方米,分摊面积,32.62平方米,户内面积,--平方米,分摊面积--平方米,建筑面积,--平方米
项目楼栋情况,深铁懿府1栋,座号,C座,合同号,--,拟售价格,111852.33元/平方米(按建筑面积计)楼层,42,房号,4202,用途,住宅,,建筑面积101.1平方米,户内面积,74.09平方米,分摊面积,27.01平方米,户内面积,--平方米,分摊面积--平方米,建筑面积,--平方米
项目楼栋情况,深铁懿府1栋,座号,C座,合同号,--,拟售价格,112781.14元/平方米(按建筑面积计)楼层,42,房号,4203,用途,住宅,,建筑面积101.1平方米,户内面积,74.09平方米,分摊面积,27.01平方米,户内面积,--平方米,分摊面积--平方米,建筑面积,--平方米
项目楼栋情况,深铁懿府1栋,座号,C座,合同号,--,拟售价格,107871.87元/平方米(按建筑面积计)楼层,42,房号,4204,用途,住宅,,建筑面积122.13平方米,户内面积,89.51平方米,分摊面积,32.62平方米,户内面积,--平方米,分摊面积--平方米,建筑面积,--平方米
项目楼栋情况,深铁懿府1栋,座号,C座,合同号,--,拟售价格,106020.87元/平方米(按建筑面积计)楼层,41,房号,4101,用途,住宅,,建筑面积122.13平方米,户内面积,89.51平方米,分摊面积,32.62平方米,户内面积,--平方米,分摊面积--平方米,建筑面积,--平方米
项目楼栋情况,深铁懿府1栋,座号,C座,合同号,--,拟售价格,111352.33元/平方米(按建筑面积计)楼层,41,房号,4102,用途,住宅,,建筑面积101.1平方米,户内面积,74.09平方米,分摊面积,27.01平方米,户内面积,--平方米,分摊面积--平方米,建筑面积,--平方米
项目楼栋情况,深铁懿府1栋,座号,C座,合同号,--,拟售价格,112281.14元/平方米(按建筑面积计)楼层,41,房号,4103,用途,住宅,,建筑面积101.1平方米,户内面积,74.09平方米,分摊面积,27.01平方米,户内面积,--平方米,分摊面积--平方米,建筑面积,--平方米
项目楼栋情况,深铁懿府1栋,座号,C座,合同号,--,拟售价格,107371.87元/平方米(按建筑面积计)楼层,41,房号,4104,用途,住宅,,建筑面积122.13平方米,户内面积,89.51平方米,分摊面积,32.62平方米,户内面积,--平方米,分摊面积--平方米,建筑面积,--平方米
项目楼栋情况,深铁懿府1栋,座号,C座,合同号,--,拟售价格,105520.87元/平方米(按建筑面积计)楼层,40,房号,4001,用途,住宅,,建筑面积122.13平方米,户内面积,89.51平方米,分摊面积,32.62平方米,户内面积,--平方米,分摊面积--平方米,建筑面积,--平方米
项目楼栋情况,深铁懿府1栋,座号,C座,合同号,--,拟售价格,110852.33元/平方米(按建筑面积计)楼层,40,房号,4002,用途,住宅,,建筑面积101.1平方米,户内面积,74.09平方米,分摊面积,27.01平方米,户内面积,--平方米,分摊面积--平方米,建筑面积,--平方米
项目楼栋情况,深铁懿府1栋,座号,C座,合同号,--,拟售价格,111781.14元/平方米(按建筑面积计)楼层,40,房号,4003,用途,住宅,,建筑面积101.1平方米,户内面积,74.09平方米,分摊面积,27.01平方米,户内面积,--平方米,分摊面积--平方米,建筑面积,--平方米
项目楼栋情况,深铁懿府1栋,座号,C座,合同号,--,拟售价格,106871.87元/平方米(按建筑面积计)楼层,40,房号,4004,用途,住宅,,建筑面积122.13平方米,户内面积,89.51平方米,分摊面积,32.62平方米,户内面积,--平方米,分摊面积--平方米,建筑面积,--平方米
项目楼栋情况,深铁懿府1栋,座号,C座,合同号,--,拟售价格,105020.87元/平方米(按建筑面积计)楼层,39,房号,3901,用途,住宅,,建筑面积122.13平方米,户内面积,89.51平方米,分摊面积,32.62平方米,户内面积,--平方米,分摊面积--平方米,建筑面积,--平方米
项目楼栋情况,深铁懿府1栋,座号,C座,合同号,--,拟售价格,110352.33元/平方米(按建筑面积计)楼层,39,房号,3902,用途,住宅,,建筑面积101.1平方米,户内面积,74.09平方米,分摊面积,27.01平方米,户内面积,--平方米,分摊面积--平方米,建筑面积,--平方米
项目楼栋情况,深铁懿府1栋,座号,C座,合同号,--,拟售价格,111281.14元/平方米(按建筑面积计)楼层,39,房号,3903,用途,住宅,,建筑面积101.1平方米,户内面积,74.09平方米,分摊面积,27.01平方米,户内面积,--平方米,分摊面积--平方米,建筑面积,--平方米
项目楼栋情况,深铁懿府1栋,座号,C座,合同号,--,拟售价格,106371.87元/平方米(按建筑面积计)楼层,39,房号,3904,用途,住宅,,建筑面积122.13平方米,户内面积,89.51平方米,分摊面积,32.62平方米,户内面积,--平方米,分摊面积--平方米,建筑面积,--平方米
项目楼栋情况,深铁懿府1栋,座号,C座,合同号,--,拟售价格,104520.87元/平方米(按建筑面积计)楼层,38,房号,3801,用途,住宅,,建筑面积122.13平方米,户内面积,89.51平方米,分摊面积,32.62平方米,户内面积,--平方米,分摊面积--平方米,建筑面积,--平方米
项目楼栋情况,深铁懿府1栋,座号,C座,合同号,--,拟售价格,109852.33元/平方米(按建筑面积计)楼层,38,房号,3802,用途,住宅,,建筑面积101.1平方米,户内面积,74.09平方米,分摊面积,27.01平方米,户内面积,--平方米,分摊面积--平方米,建筑面积,--平方米
项目楼栋情况,深铁懿府1栋,座号,C座,合同号,--,拟售价格,110781.14元/平方米(按建筑面积计)楼层,38,房号,3803,用途,住宅,,建筑面积101.1平方米,户内面积,74.09平方米,分摊面积,27.01平方米,户内面积,--平方米,分摊面积--平方米,建筑面积,--平方米
项目楼栋情况,深铁懿府1栋,座号,C座,合同号,--,拟售价格,105871.87元/平方米(按建筑面积计)楼层,38,房号,3804,用途,住宅,,建筑面积122.13平方米,户内面积,89.51平方米,分摊面积,32.62平方米,户内面积,--平方米,分摊面积--平方米,建筑面积,--平方米
项目楼栋情况,深铁懿府1栋,座号,C座,合同号,--,拟售价格,104020.87元/平方米(按建筑面积计)楼层,37,房号,3701,用途,住宅,,建筑面积122.13平方米,户内面积,89.51平方米,分摊面积,32.62平方米,户内面积,--平方米,分摊面积--平方米,建筑面积,--平方米
项目楼栋情况,深铁懿府1栋,座号,C座,合同号,--,拟售价格,109352.33元/平方米(按建筑面积计)楼层,37,房号,3702,用途,住宅,,建筑面积101.1平方米,户内面积,74.09平方米,分摊面积,27.01平方米,户内面积,--平方米,分摊面积--平方米,建筑面积,--平方米
项目楼栋情况,深铁懿府1栋,座号,C座,合同号,--,拟售价格,110281.14元/平方米(按建筑面积计)楼层,37,房号,3703,用途,住宅,,建筑面积101.1平方米,户内面积,74.09平方米,分摊面积,27.01平方米,户内面积,--平方米,分摊面积--平方米,建筑面积,--平方米
项目楼栋情况,深铁懿府1栋,座号,C座,合同号,--,拟售价格,105371.87元/平方米(按建筑面积计)楼层,37,房号,3704,用途,住宅,,建筑面积122.13平方米,户内面积,89.51平方米,分摊面积,32.62平方米,户内面积,--平方米,分摊面积--平方米,建筑面积,--平方米
项目楼栋情况,深铁懿府1栋,座号,C座,合同号,--,拟售价格,103520.87元/平方米(按建筑面积计)楼层,36,房号,3601,用途,住宅,,建筑面积122.13平方米,户内面积,89.51平方米,分摊面积,32.62平方米,户内面积,--平方米,分摊面积--平方米,建筑面积,--平方米
项目楼栋情况,深铁懿府1栋,座号,C座,合同号,--,拟售价格,108852.33元/平方米(按建筑面积计)楼层,36,房号,3602,用途,住宅,,建筑面积101.1平方米,户内面积,74.09平方米,分摊面积,27.01平方米,户内面积,--平方米,分摊面积--平方米,建筑面积,--平方米
项目楼栋情况,深铁懿府1栋,座号,C座,合同号,--,拟售价格,109781.14元/平方米(按建筑面积计)楼层,36,房号,3603,用途,住宅,,建筑面积101.1平方米,户内面积,74.09平方米,分摊面积,27.01平方米,户内面积,--平方米,分摊面积--平方米,建筑面积,--平方米
项目楼栋情况,深铁懿府1栋,座号,C座,合同号,--,拟售价格,104871.87元/平方米(按建筑面积计)楼层,36,房号,3604,用途,住宅,,建筑面积122.13平方米,户内面积,89.51平方米,分摊面积,32.62平方米,户内面积,--平方米,分摊面积--平方米,建筑面积,--平方米
项目楼栋情况,深铁懿府1栋,座号,C座,合同号,--,拟售价格,103020.87元/平方米(按建筑面积计)楼层,35,房号,3501,用途,住宅,,建筑面积122.13平方米,户内面积,89.51平方米,分摊面积,32.62平方米,户内面积,--平方米,分摊面积--平方米,建筑面积,--平方米
项目楼栋情况,深铁懿府1栋,座号,C座,合同号,--,拟售价格,108352.33元/平方米(按建筑面积计)楼层,35,房号,3502,用途,住宅,,建筑面积101.1平方米,户内面积,74.09平方米,分摊面积,27.01平方米,户内面积,--平方米,分摊面积--平方米,建筑面积,--平方米
项目楼栋情况,深铁懿府1栋,座号,C座,合同号,--,拟售价格,109281.14元/平方米(按建筑面积计)楼层,35,房号,3503,用途,住宅,,建筑面积101.1平方米,户内面积,74.09平方米,分摊面积,27.01平方米,户内面积,--平方米,分摊面积--平方米,建筑面积,--平方米
项目楼栋情况,深铁懿府1栋,座号,C座,合同号,--,拟售价格,104371.87元/平方米(按建筑面积计)楼层,35,房号,3504,用途,住宅,,建筑面积122.13平方米,户内面积,89.51平方米,分摊面积,32.62平方米,户内面积,--平方米,分摊面积--平方米,建筑面积,--平方米
项目楼栋情况,深铁懿府1栋,座号,C座,合同号,--,拟售价格,102520.87元/平方米(按建筑面积计)楼层,34,房号,3401,用途,住宅,,建筑面积122.13平方米,户内面积,89.51平方米,分摊面积,32.62平方米,户内面积,--平方米,分摊面积--平方米,建筑面积,--平方米
项目楼栋情况,深铁懿府1栋,座号,C座,合同号,--,拟售价格,107852.33元/平方米(按建筑面积计)楼层,34,房号,3402,用途,住宅,,建筑面积101.1平方米,户内面积,74.09平方米,分摊面积,27.01平方米,户内面积,--平方米,分摊面积--平方米,建筑面积,--平方米
项目楼栋情况,深铁懿府1栋,座号,C座,合同号,--,拟售价格,108781.14元/平方米(按建筑面积计)楼层,34,房号,3403,用途,住宅,,建筑面积101.1平方米,户内面积,74.09平方米,分摊面积,27.01平方米,户内面积,--平方米,分摊面积--平方米,建筑面积,--平方米
项目楼栋情况,深铁懿府1栋,座号,C座,合同号,--,拟售价格,103871.87元/平方米(按建筑面积计)楼层,34,房号,3404,用途,住宅,,建筑面积122.13平方米,户内面积,89.51平方米,分摊面积,32.62平方米,户内面积,--平方米,分摊面积--平方米,建筑面积,--平方米
项目楼栋情况,深铁懿府1栋,座号,C座,合同号,--,拟售价格,102020.87元/平方米(按建筑面积计)楼层,33,房号,3301,用途,住宅,,建筑面积122.13平方米,户内面积,89.51平方米,分摊面积,32.62平方米,户内面积,--平方米,分摊面积--平方米,建筑面积,--平方米
项目楼栋情况,深铁懿府1栋,座号,C座,合同号,--,拟售价格,107352.33元/平方米(按建筑面积计)楼层,33,房号,3302,用途,住宅,,建筑面积101.1平方米,户内面积,74.09平方米,分摊面积,27.01平方米,户内面积,--平方米,分摊面积--平方米,建筑面积,--平方米
项目楼栋情况,深铁懿府1栋,座号,C座,合同号,--,拟售价格,108281.14元/平方米(按建筑面积计)楼层,33,房号,3303,用途,住宅,,建筑面积101.1平方米,户内面积,74.09平方米,分摊面积,27.01平方米,户内面积,--平方米,分摊面积--平方米,建筑面积,--平方米
项目楼栋情况,深铁懿府1栋,座号,C座,合同号,--,拟售价格,103371.87元/平方米(按建筑面积计)楼层,33,房号,3304,用途,住宅,,建筑面积122.13平方米,户内面积,89.51平方米,分摊面积,32.62平方米,户内面积,--平方米,分摊面积--平方米,建筑面积,--平方米
项目楼栋情况,深铁懿府1栋,座号,C座,合同号,--,拟售价格,101520.87元/平方米(按建筑面积计)楼层,32,房号,3201,用途,住宅,,建筑面积122.13平方米,户内面积,89.51平方米,分摊面积,32.62平方米,户内面积,--平方米,分摊面积--平方米,建筑面积,--平方米
项目楼栋情况,深铁懿府1栋,座号,C座,合同号,--,拟售价格,106852.33元/平方米(按建筑面积计)楼层,32,房号,3202,用途,住宅,,建筑面积101.1平方米,户内面积,74.09平方米,分摊面积,27.01平方米,户内面积,--平方米,分摊面积--平方米,建筑面积,--平方米
项目楼栋情况,深铁懿府1栋,座号,C座,合同号,--,拟售价格,107781.14元/平方米(按建筑面积计)楼层,32,房号,3203,用途,住宅,,建筑面积101.1平方米,户内面积,74.09平方米,分摊面积,27.01平方米,户内面积,--平方米,分摊面积--平方米,建筑面积,--平方米
项目楼栋情况,深铁懿府1栋,座号,C座,合同号,--,拟售价格,102871.87元/平方米(按建筑面积计)楼层,32,房号,3204,用途,住宅,,建筑面积122.13平方米,户内面积,89.51平方米,分摊面积,32.62平方米,户内面积,--平方米,分摊面积--平方米,建筑面积,--平方米
项目楼栋情况,深铁懿府1栋,座号,C座,合同号,--,拟售价格,101020.87元/平方米(按建筑面积计)楼层,31,房号,3101,用途,住宅,,建筑面积122.13平方米,户内面积,89.51平方米,分摊面积,32.62平方米,户内面积,--平方米,分摊面积--平方米,建筑面积,--平方米
项目楼栋情况,深铁懿府1栋,座号,C座,合同号,--,拟售价格,106352.33元/平方米(按建筑面积计)楼层,31,房号,3102,用途,住宅,,建筑面积101.1平方米,户内面积,74.09平方米,分摊面积,27.01平方米,户内面积,--平方米,分摊面积--平方米,建筑面积,--平方米
项目楼栋情况,深铁懿府1栋,座号,C座,合同号,--,拟售价格,107281.14元/平方米(按建筑面积计)楼层,31,房号,3103,用途,住宅,,建筑面积101.1平方米,户内面积,74.09平方米,分摊面积,27.01平方米,户内面积,--平方米,分摊面积--平方米,建筑面积,--平方米
项目楼栋情况,深铁懿府1栋,座号,C座,合同号,--,拟售价格,102371.87元/平方米(按建筑面积计)楼层,31,房号,3104,用途,住宅,,建筑面积122.13平方米,户内面积,89.51平方米,分摊面积,32.62平方米,户内面积,--平方米,分摊面积--平方米,建筑面积,--平方米
项目楼栋情况,深铁懿府1栋,座号,C座,合同号,--,拟售价格,100520.87元/平方米(按建筑面积计)楼层,30,房号,3001,用途,住宅,,建筑面积122.13平方米,户内面积,89.51平方米,分摊面积,32.62平方米,户内面积,--平方米,分摊面积--平方米,建筑面积,--平方米
项目楼栋情况,深铁懿府1栋,座号,C座,合同号,--,拟售价格,105852.33元/平方米(按建筑面积计)楼层,30,房号,3002,用途,住宅,,建筑面积101.1平方米,户内面积,74.09平方米,分摊面积,27.01平方米,户内面积,--平方米,分摊面积--平方米,建筑面积,--平方米
项目楼栋情况,深铁懿府1栋,座号,C座,合同号,--,拟售价格,106781.14元/平方米(按建筑面积计)楼层,30,房号,3003,用途,住宅,,建筑面积101.1平方米,户内面积,74.09平方米,分摊面积,27.01平方米,户内面积,--平方米,分摊面积--平方米,建筑面积,--平方米
项目楼栋情况,深铁懿府1栋,座号,C座,合同号,--,拟售价格,101871.87元/平方米(按建筑面积计)楼层,30,房号,3004,用途,住宅,,建筑面积122.13平方米,户内面积,89.51平方米,分摊面积,32.62平方米,户内面积,--平方米,分摊面积--平方米,建筑面积,--平方米
项目楼栋情况,深铁懿府1栋,座号,C座,合同号,--,拟售价格,99720.87元/平方米(按建筑面积计)楼层,28,房号,2801,用途,住宅,,建筑面积122.13平方米,户内面积,89.51平方米,分摊面积,32.62平方米,户内面积,--平方米,分摊面积--平方米,建筑面积,--平方米
项目楼栋情况,深铁懿府1栋,座号,C座,合同号,--,拟售价格,104452.33元/平方米(按建筑面积计)楼层,28,房号,2802,用途,住宅,,建筑面积101.1平方米,户内面积,74.09平方米,分摊面积,27.01平方米,户内面积,--平方米,分摊面积--平方米,建筑面积,--平方米
项目楼栋情况,深铁懿府1栋,座号,C座,合同号,--,拟售价格,105681.14元/平方米(按建筑面积计)楼层,28,房号,2803,用途,住宅,,建筑面积101.1平方米,户内面积,74.09平方米,分摊面积,27.01平方米,户内面积,--平方米,分摊面积--平方米,建筑面积,--平方米
项目楼栋情况,深铁懿府1栋,座号,C座,合同号,--,拟售价格,101071.87元/平方米(按建筑面积计)楼层,28,房号,2804,用途,住宅,,建筑面积122.13平方米,户内面积,89.51平方米,分摊面积,32.62平方米,户内面积,--平方米,分摊面积--平方米,建筑面积,--平方米
项目楼栋情况,深铁懿府1栋,座号,C座,合同号,--,拟售价格,99420.87元/平方米(按建筑面积计)楼层,27,房号,2701,用途,住宅,,建筑面积122.13平方米,户内面积,89.51平方米,分摊面积,32.62平方米,户内面积,--平方米,分摊面积--平方米,建筑面积,--平方米
项目楼栋情况,深铁懿府1栋,座号,C座,合同号,--,拟售价格,104152.33元/平方米(按建筑面积计)楼层,27,房号,2702,用途,住宅,,建筑面积101.1平方米,户内面积,74.09平方米,分摊面积,27.01平方米,户内面积,--平方米,分摊面积--平方米,建筑面积,--平方米
项目楼栋情况,深铁懿府1栋,座号,C座,合同号,--,拟售价格,105381.14元/平方米(按建筑面积计)楼层,27,房号,2703,用途,住宅,,建筑面积101.1平方米,户内面积,74.09平方米,分摊面积,27.01平方米,户内面积,--平方米,分摊面积--平方米,建筑面积,--平方米
项目楼栋情况,深铁懿府1栋,座号,C座,合同号,--,拟售价格,100771.87元/平方米(按建筑面积计)楼层,27,房号,2704,用途,住宅,,建筑面积122.13平方米,户内面积,89.51平方米,分摊面积,32.62平方米,户内面积,--平方米,分摊面积--平方米,建筑面积,--平方米
项目楼栋情况,深铁懿府1栋,座号,C座,合同号,--,拟售价格,99120.87元/平方米(按建筑面积计)楼层,26,房号,2601,用途,住宅,,建筑面积122.13平方米,户内面积,89.51平方米,分摊面积,32.62平方米,户内面积,--平方米,分摊面积--平方米,建筑面积,--平方米
项目楼栋情况,深铁懿府1栋,座号,C座,合同号,--,拟售价格,103852.33元/平方米(按建筑面积计)楼层,26,房号,2602,用途,住宅,,建筑面积101.1平方米,户内面积,74.09平方米,分摊面积,27.01平方米,户内面积,--平方米,分摊面积--平方米,建筑面积,--平方米
项目楼栋情况,深铁懿府1栋,座号,C座,合同号,--,拟售价格,105081.14元/平方米(按建筑面积计)楼层,26,房号,2603,用途,住宅,,建筑面积101.1平方米,户内面积,74.09平方米,分摊面积,27.01平方米,户内面积,--平方米,分摊面积--平方米,建筑面积,--平方米
项目楼栋情况,深铁懿府1栋,座号,C座,合同号,--,拟售价格,100471.87元/平方米(按建筑面积计)楼层,26,房号,2604,用途,住宅,,建筑面积122.13平方米,户内面积,89.51平方米,分摊面积,32.62平方米,户内面积,--平方米,分摊面积--平方米,建筑面积,--平方米
项目楼栋情况,深铁懿府1栋,座号,C座,合同号,--,拟售价格,98820.87元/平方米(按建筑面积计)楼层,25,房号,2501,用途,住宅,,建筑面积122.13平方米,户内面积,89.51平方米,分摊面积,32.62平方米,户内面积,--平方米,分摊面积--平方米,建筑面积,--平方米
项目楼栋情况,深铁懿府1栋,座号,C座,合同号,--,拟售价格,103552.33元/平方米(按建筑面积计)楼层,25,房号,2502,用途,住宅,,建筑面积101.1平方米,户内面积,74.09平方米,分摊面积,27.01平方米,户内面积,--平方米,分摊面积--平方米,建筑面积,--平方米
项目楼栋情况,深铁懿府1栋,座号,C座,合同号,--,拟售价格,104781.14元/平方米(按建筑面积计)楼层,25,房号,2503,用途,住宅,,建筑面积101.1平方米,户内面积,74.09平方米,分摊面积,27.01平方米,户内面积,--平方米,分摊面积--平方米,建筑面积,--平方米
项目楼栋情况,深铁懿府1栋,座号,C座,合同号,--,拟售价格,100171.87元/平方米(按建筑面积计)楼层,25,房号,2504,用途,住宅,,建筑面积122.13平方米,户内面积,89.51平方米,分摊面积,32.62平方米,户内面积,--平方米,分摊面积--平方米,建筑面积,--平方米
项目楼栋情况,深铁懿府1栋,座号,C座,合同号,--,拟售价格,98520.87元/平方米(按建筑面积计)楼层,24,房号,2401,用途,住宅,,建筑面积122.13平方米,户内面积,89.51平方米,分摊面积,32.62平方米,户内面积,--平方米,分摊面积--平方米,建筑面积,--平方米
项目楼栋情况,深铁懿府1栋,座号,C座,合同号,--,拟售价格,103052.33元/平方米(按建筑面积计)楼层,24,房号,2402,用途,住宅,,建筑面积101.1平方米,户内面积,74.09平方米,分摊面积,27.01平方米,户内面积,--平方米,分摊面积--平方米,建筑面积,--平方米
项目楼栋情况,深铁懿府1栋,座号,C座,合同号,--,拟售价格,104481.14元/平方米(按建筑面积计)楼层,24,房号,2403,用途,住宅,,建筑面积101.1平方米,户内面积,74.09平方米,分摊面积,27.01平方米,户内面积,--平方米,分摊面积--平方米,建筑面积,--平方米
项目楼栋情况,深铁懿府1栋,座号,C座,合同号,--,拟售价格,99871.87元/平方米(按建筑面积计)楼层,24,房号,2404,用途,住宅,,建筑面积122.13平方米,户内面积,89.51平方米,分摊面积,32.62平方米,户内面积,--平方米,分摊面积--平方米,建筑面积,--平方米
项目楼栋情况,深铁懿府1栋,座号,C座,合同号,--,拟售价格,98220.87元/平方米(按建筑面积计)楼层,23,房号,2301,用途,住宅,,建筑面积122.13平方米,户内面积,89.51平方米,分摊面积,32.62平方米,户内面积,--平方米,分摊面积--平方米,建筑面积,--平方米
项目楼栋情况,深铁懿府1栋,座号,C座,合同号,--,拟售价格,102752.33元/平方米(按建筑面积计)楼层,23,房号,2302,用途,住宅,,建筑面积101.1平方米,户内面积,74.09平方米,分摊面积,27.01平方米,户内面积,--平方米,分摊面积--平方米,建筑面积,--平方米
项目楼栋情况,深铁懿府1栋,座号,C座,合同号,--,拟售价格,104181.14元/平方米(按建筑面积计)楼层,23,房号,2303,用途,住宅,,建筑面积101.1平方米,户内面积,74.09平方米,分摊面积,27.01平方米,户内面积,--平方米,分摊面积--平方米,建筑面积,--平方米
项目楼栋情况,深铁懿府1栋,座号,C座,合同号,--,拟售价格,99571.87元/平方米(按建筑面积计)楼层,23,房号,2304,用途,住宅,,建筑面积122.13平方米,户内面积,89.51平方米,分摊面积,32.62平方米,户内面积,--平方米,分摊面积--平方米,建筑面积,--平方米
项目楼栋情况,深铁懿府1栋,座号,C座,合同号,--,拟售价格,97920.87元/平方米(按建筑面积计)楼层,22,房号,2201,用途,住宅,,建筑面积122.13平方米,户内面积,89.51平方米,分摊面积,32.62平方米,户内面积,--平方米,分摊面积--平方米,建筑面积,--平方米
项目楼栋情况,深铁懿府1栋,座号,C座,合同号,--,拟售价格,102152.33元/平方米(按建筑面积计)楼层,22,房号,2202,用途,住宅,,建筑面积101.1平方米,户内面积,74.09平方米,分摊面积,27.01平方米,户内面积,--平方米,分摊面积--平方米,建筑面积,--平方米
项目楼栋情况,深铁懿府1栋,座号,C座,合同号,--,拟售价格,103581.14元/平方米(按建筑面积计)楼层,22,房号,2203,用途,住宅,,建筑面积101.1平方米,户内面积,74.09平方米,分摊面积,27.01平方米,户内面积,--平方米,分摊面积--平方米,建筑面积,--平方米
项目楼栋情况,深铁懿府1栋,座号,C座,合同号,--,拟售价格,99271.87元/平方米(按建筑面积计)楼层,22,房号,2204,用途,住宅,,建筑面积122.13平方米,户内面积,89.51平方米,分摊面积,32.62平方米,户内面积,--平方米,分摊面积--平方米,建筑面积,--平方米
项目楼栋情况,深铁懿府1栋,座号,C座,合同号,--,拟售价格,97620.87元/平方米(按建筑面积计)楼层,21,房号,2101,用途,住宅,,建筑面积122.13平方米,户内面积,89.51平方米,分摊面积,32.62平方米,户内面积,--平方米,分摊面积--平方米,建筑面积,--平方米
项目楼栋情况,深铁懿府1栋,座号,C座,合同号,--,拟售价格,101552.33元/平方米(按建筑面积计)楼层,21,房号,2102,用途,住宅,,建筑面积101.1平方米,户内面积,74.09平方米,分摊面积,27.01平方米,户内面积,--平方米,分摊面积--平方米,建筑面积,--平方米
项目楼栋情况,深铁懿府1栋,座号,C座,合同号,--,拟售价格,102981.14元/平方米(按建筑面积计)楼层,21,房号,2103,用途,住宅,,建筑面积101.1平方米,户内面积,74.09平方米,分摊面积,27.01平方米,户内面积,--平方米,分摊面积--平方米,建筑面积,--平方米
项目楼栋情况,深铁懿府1栋,座号,C座,合同号,--,拟售价格,98971.87元/平方米(按建筑面积计)楼层,21,房号,2104,用途,住宅,,建筑面积122.13平方米,户内面积,89.51平方米,分摊面积,32.62平方米,户内面积,--平方米,分摊面积--平方米,建筑面积,--平方米
项目楼栋情况,深铁懿府1栋,座号,C座,合同号,--,拟售价格,97320.87元/平方米(按建筑面积计)楼层,20,房号,2001,用途,住宅,,建筑面积122.13平方米,户内面积,89.51平方米,分摊面积,32.62平方米,户内面积,--平方米,分摊面积--平方米,建筑面积,--平方米
项目楼栋情况,深铁懿府1栋,座号,C座,合同号,--,拟售价格,100852.33元/平方米(按建筑面积计)楼层,20,房号,2002,用途,住宅,,建筑面积101.1平方米,户内面积,74.09平方米,分摊面积,27.01平方米,户内面积,--平方米,分摊面积--平方米,建筑面积,--平方米
项目楼栋情况,深铁懿府1栋,座号,C座,合同号,--,拟售价格,102281.14元/平方米(按建筑面积计)楼层,20,房号,2003,用途,住宅,,建筑面积101.1平方米,户内面积,74.09平方米,分摊面积,27.01平方米,户内面积,--平方米,分摊面积--平方米,建筑面积,--平方米
项目楼栋情况,深铁懿府1栋,座号,C座,合同号,--,拟售价格,98671.87元/平方米(按建筑面积计)楼层,20,房号,2004,用途,住宅,,建筑面积122.13平方米,户内面积,89.51平方米,分摊面积,32.62平方米,户内面积,--平方米,分摊面积--平方米,建筑面积,--平方米
项目楼栋情况,深铁懿府1栋,座号,C座,合同号,--,拟售价格,97020.87元/平方米(按建筑面积计)楼层,19,房号,1901,用途,住宅,,建筑面积122.13平方米,户内面积,89.51平方米,分摊面积,32.62平方米,户内面积,--平方米,分摊面积--平方米,建筑面积,--平方米
项目楼栋情况,深铁懿府1栋,座号,C座,合同号,--,拟售价格,100552.33元/平方米(按建筑面积计)楼层,19,房号,1902,用途,住宅,,建筑面积101.1平方米,户内面积,74.09平方米,分摊面积,27.01平方米,户内面积,--平方米,分摊面积--平方米,建筑面积,--平方米
项目楼栋情况,深铁懿府1栋,座号,C座,合同号,--,拟售价格,101981.14元/平方米(按建筑面积计)楼层,19,房号,1903,用途,住宅,,建筑面积101.1平方米,户内面积,74.09平方米,分摊面积,27.01平方米,户内面积,--平方米,分摊面积--平方米,建筑面积,--平方米
项目楼栋情况,深铁懿府1栋,座号,C座,合同号,--,拟售价格,98371.87元/平方米(按建筑面积计)楼层,19,房号,1904,用途,住宅,,建筑面积122.13平方米,户内面积,89.51平方米,分摊面积,32.62平方米,户内面积,--平方米,分摊面积--平方米,建筑面积,--平方米
项目楼栋情况,深铁懿府1栋,座号,C座,合同号,--,拟售价格,96720.87元/平方米(按建筑面积计)楼层,18,房号,1801,用途,住宅,,建筑面积122.13平方米,户内面积,89.51平方米,分摊面积,32.62平方米,户内面积,--平方米,分摊面积--平方米,建筑面积,--平方米
项目楼栋情况,深铁懿府1栋,座号,C座,合同号,--,拟售价格,100252.33元/平方米(按建筑面积计)楼层,18,房号,1802,用途,住宅,,建筑面积101.1平方米,户内面积,74.09平方米,分摊面积,27.01平方米,户内面积,--平方米,分摊面积--平方米,建筑面积,--平方米
项目楼栋情况,深铁懿府1栋,座号,C座,合同号,--,拟售价格,101681.14元/平方米(按建筑面积计)楼层,18,房号,1803,用途,住宅,,建筑面积101.1平方米,户内面积,74.09平方米,分摊面积,27.01平方米,户内面积,--平方米,分摊面积--平方米,建筑面积,--平方米
项目楼栋情况,深铁懿府1栋,座号,C座,合同号,--,拟售价格,98071.87元/平方米(按建筑面积计)楼层,18,房号,1804,用途,住宅,,建筑面积122.13平方米,户内面积,89.51平方米,分摊面积,32.62平方米,户内面积,--平方米,分摊面积--平方米,建筑面积,--平方米
项目楼栋情况,深铁懿府1栋,座号,C座,合同号,--,拟售价格,96420.87元/平方米(按建筑面积计)楼层,17,房号,1701,用途,住宅,,建筑面积122.13平方米,户内面积,89.51平方米,分摊面积,32.62平方米,户内面积,--平方米,分摊面积--平方米,建筑面积,--平方米
项目楼栋情况,深铁懿府1栋,座号,C座,合同号,--,拟售价格,99952.33元/平方米(按建筑面积计)楼层,17,房号,1702,用途,住宅,,建筑面积101.1平方米,户内面积,74.09平方米,分摊面积,27.01平方米,户内面积,--平方米,分摊面积--平方米,建筑面积,--平方米
项目楼栋情况,深铁懿府1栋,座号,C座,合同号,--,拟售价格,101381.14元/平方米(按建筑面积计)楼层,17,房号,1703,用途,住宅,,建筑面积101.1平方米,户内面积,74.09平方米,分摊面积,27.01平方米,户内面积,--平方米,分摊面积--平方米,建筑面积,--平方米
项目楼栋情况,深铁懿府1栋,座号,C座,合同号,--,拟售价格,97771.87元/平方米(按建筑面积计)楼层,17,房号,1704,用途,住宅,,建筑面积122.13平方米,户内面积,89.51平方米,分摊面积,32.62平方米,户内面积,--平方米,分摊面积--平方米,建筑面积,--平方米
项目楼栋情况,深铁懿府1栋,座号,C座,合同号,--,拟售价格,96120.87元/平方米(按建筑面积计)楼层,16,房号,1601,用途,住宅,,建筑面积122.13平方米,户内面积,89.51平方米,分摊面积,32.62平方米,户内面积,--平方米,分摊面积--平方米,建筑面积,--平方米
项目楼栋情况,深铁懿府1栋,座号,C座,合同号,--,拟售价格,99652.33元/平方米(按建筑面积计)楼层,16,房号,1602,用途,住宅,,建筑面积101.1平方米,户内面积,74.09平方米,分摊面积,27.01平方米,户内面积,--平方米,分摊面积--平方米,建筑面积,--平方米
项目楼栋情况,深铁懿府1栋,座号,C座,合同号,--,拟售价格,101081.14元/平方米(按建筑面积计)楼层,16,房号,1603,用途,住宅,,建筑面积101.1平方米,户内面积,74.09平方米,分摊面积,27.01平方米,户内面积,--平方米,分摊面积--平方米,建筑面积,--平方米
项目楼栋情况,深铁懿府1栋,座号,C座,合同号,--,拟售价格,97471.87元/平方米(按建筑面积计)楼层,16,房号,1604,用途,住宅,,建筑面积122.13平方米,户内面积,89.51平方米,分摊面积,32.62平方米,户内面积,--平方米,分摊面积--平方米,建筑面积,--平方米
项目楼栋情况,深铁懿府1栋,座号,C座,合同号,--,拟售价格,95820.87元/平方米(按建筑面积计)楼层,15,房号,1501,用途,住宅,,建筑面积122.13平方米,户内面积,89.51平方米,分摊面积,32.62平方米,户内面积,--平方米,分摊面积--平方米,建筑面积,--平方米
项目楼栋情况,深铁懿府1栋,座号,C座,合同号,--,拟售价格,99352.33元/平方米(按建筑面积计)楼层,15,房号,1502,用途,住宅,,建筑面积101.1平方米,户内面积,74.09平方米,分摊面积,27.01平方米,户内面积,--平方米,分摊面积--平方米,建筑面积,--平方米
项目楼栋情况,深铁懿府1栋,座号,C座,合同号,--,拟售价格,100781.14元/平方米(按建筑面积计)楼层,15,房号,1503,用途,住宅,,建筑面积101.1平方米,户内面积,74.09平方米,分摊面积,27.01平方米,户内面积,--平方米,分摊面积--平方米,建筑面积,--平方米
项目楼栋情况,深铁懿府1栋,座号,C座,合同号,--,拟售价格,97171.87元/平方米(按建筑面积计)楼层,15,房号,1504,用途,住宅,,建筑面积122.13平方米,户内面积,89.51平方米,分摊面积,32.62平方米,户内面积,--平方米,分摊面积--平方米,建筑面积,--平方米
项目楼栋情况,深铁懿府1栋,座号,C座,合同号,--,拟售价格,95520.87元/平方米(按建筑面积计)楼层,14,房号,1401,用途,住宅,,建筑面积122.13平方米,户内面积,89.51平方米,分摊面积,32.62平方米,户内面积,--平方米,分摊面积--平方米,建筑面积,--平方米
项目楼栋情况,深铁懿府1栋,座号,C座,合同号,--,拟售价格,99052.33元/平方米(按建筑面积计)楼层,14,房号,1402,用途,住宅,,建筑面积101.1平方米,户内面积,74.09平方米,分摊面积,27.01平方米,户内面积,--平方米,分摊面积--平方米,建筑面积,--平方米
项目楼栋情况,深铁懿府1栋,座号,C座,合同号,--,拟售价格,100481.14元/平方米(按建筑面积计)楼层,14,房号,1403,用途,住宅,,建筑面积101.1平方米,户内面积,74.09平方米,分摊面积,27.01平方米,户内面积,--平方米,分摊面积--平方米,建筑面积,--平方米
项目楼栋情况,深铁懿府1栋,座号,C座,合同号,--,拟售价格,96871.87元/平方米(按建筑面积计)楼层,14,房号,1404,用途,住宅,,建筑面积122.13平方米,户内面积,89.51平方米,分摊面积,32.62平方米,户内面积,--平方米,分摊面积--平方米,建筑面积,--平方米
项目楼栋情况,深铁懿府1栋,座号,C座,合同号,--,拟售价格,95120.87元/平方米(按建筑面积计)楼层,12,房号,1201,用途,住宅,,建筑面积122.02平方米,户内面积,89.42平方米,分摊面积,32.6平方米,户内面积,--平方米,分摊面积--平方米,建筑面积,--平方米
项目楼栋情况,深铁懿府1栋,座号,C座,合同号,--,拟售价格,98252.33元/平方米(按建筑面积计)楼层,12,房号,1202,用途,住宅,,建筑面积100.81平方米,户内面积,73.88平方米,分摊面积,26.93平方米,户内面积,--平方米,分摊面积--平方米,建筑面积,--平方米
项目楼栋情况,深铁懿府1栋,座号,C座,合同号,--,拟售价格,99681.13元/平方米(按建筑面积计)楼层,12,房号,1203,用途,住宅,,建筑面积100.81平方米,户内面积,73.88平方米,分摊面积,26.93平方米,户内面积,--平方米,分摊面积--平方米,建筑面积,--平方米
项目楼栋情况,深铁懿府1栋,座号,C座,合同号,--,拟售价格,96471.87元/平方米(按建筑面积计)楼层,12,房号,1204,用途,住宅,,建筑面积122.02平方米,户内面积,89.42平方米,分摊面积,32.6平方米,户内面积,--平方米,分摊面积--平方米,建筑面积,--平方米
项目楼栋情况,深铁懿府1栋,座号,C座,合同号,--,拟售价格,94820.87元/平方米(按建筑面积计)楼层,11,房号,1101,用途,住宅,,建筑面积122.02平方米,户内面积,89.42平方米,分摊面积,32.6平方米,户内面积,--平方米,分摊面积--平方米,建筑面积,--平方米
项目楼栋情况,深铁懿府1栋,座号,C座,合同号,--,拟售价格,97952.33元/平方米(按建筑面积计)楼层,11,房号,1102,用途,住宅,,建筑面积100.81平方米,户内面积,73.88平方米,分摊面积,26.93平方米,户内面积,--平方米,分摊面积--平方米,建筑面积,--平方米
项目楼栋情况,深铁懿府1栋,座号,C座,合同号,--,拟售价格,99381.13元/平方米(按建筑面积计)楼层,11,房号,1103,用途,住宅,,建筑面积100.81平方米,户内面积,73.88平方米,分摊面积,26.93平方米,户内面积,--平方米,分摊面积--平方米,建筑面积,--平方米
项目楼栋情况,深铁懿府1栋,座号,C座,合同号,--,拟售价格,96171.87元/平方米(按建筑面积计)楼层,11,房号,1104,用途,住宅,,建筑面积122.02平方米,户内面积,89.42平方米,分摊面积,32.6平方米,户内面积,--平方米,分摊面积--平方米,建筑面积,--平方米
项目楼栋情况,深铁懿府1栋,座号,C座,合同号,--,拟售价格,94520.87元/平方米(按建筑面积计)楼层,10,房号,1001,用途,住宅,,建筑面积122.02平方米,户内面积,89.42平方米,分摊面积,32.6平方米,户内面积,--平方米,分摊面积--平方米,建筑面积,--平方米
项目楼栋情况,深铁懿府1栋,座号,C座,合同号,--,拟售价格,97652.33元/平方米(按建筑面积计)楼层,10,房号,1002,用途,住宅,,建筑面积100.81平方米,户内面积,73.88平方米,分摊面积,26.93平方米,户内面积,--平方米,分摊面积--平方米,建筑面积,--平方米
项目楼栋情况,深铁懿府1栋,座号,C座,合同号,--,拟售价格,99081.13元/平方米(按建筑面积计)楼层,10,房号,1003,用途,住宅,,建筑面积100.81平方米,户内面积,73.88平方米,分摊面积,26.93平方米,户内面积,--平方米,分摊面积--平方米,建筑面积,--平方米
项目楼栋情况,深铁懿府1栋,座号,C座,合同号,--,拟售价格,95871.87元/平方米(按建筑面积计)楼层,10,房号,1004,用途,住宅,,建筑面积122.02平方米,户内面积,89.42平方米,分摊面积,32.6平方米,户内面积,--平方米,分摊面积--平方米,建筑面积,--平方米
项目楼栋情况,深铁懿府1栋,座号,C座,合同号,--,拟售价格,94220.87元/平方米(按建筑面积计)楼层,9,房号,901,用途,住宅,,建筑面积122.02平方米,户内面积,89.42平方米,分摊面积,32.6平方米,户内面积,--平方米,分摊面积--平方米,建筑面积,--平方米
项目楼栋情况,深铁懿府1栋,座号,C座,合同号,--,拟售价格,97352.33元/平方米(按建筑面积计)楼层,9,房号,902,用途,住宅,,建筑面积100.81平方米,户内面积,73.88平方米,分摊面积,26.93平方米,户内面积,--平方米,分摊面积--平方米,建筑面积,--平方米
项目楼栋情况,深铁懿府1栋,座号,C座,合同号,--,拟售价格,98781.13元/平方米(按建筑面积计)楼层,9,房号,903,用途,住宅,,建筑面积100.81平方米,户内面积,73.88平方米,分摊面积,26.93平方米,户内面积,--平方米,分摊面积--平方米,建筑面积,--平方米
项目楼栋情况,深铁懿府1栋,座号,C座,合同号,--,拟售价格,95571.87元/平方米(按建筑面积计)楼层,9,房号,904,用途,住宅,,建筑面积122.02平方米,户内面积,89.42平方米,分摊面积,32.6平方米,户内面积,--平方米,分摊面积--平方米,建筑面积,--平方米
项目楼栋情况,深铁懿府1栋,座号,C座,合同号,--,拟售价格,93420.87元/平方米(按建筑面积计)楼层,8,房号,801,用途,住宅,,建筑面积122.02平方米,户内面积,89.42平方米,分摊面积,32.6平方米,户内面积,--平方米,分摊面积--平方米,建筑面积,--平方米
项目楼栋情况,深铁懿府1栋,座号,C座,合同号,--,拟售价格,96152.33元/平方米(按建筑面积计)楼层,8,房号,802,用途,住宅,,建筑面积100.81平方米,户内面积,73.88平方米,分摊面积,26.93平方米,户内面积,--平方米,分摊面积--平方米,建筑面积,--平方米
项目楼栋情况,深铁懿府1栋,座号,C座,合同号,--,拟售价格,97581.13元/平方米(按建筑面积计)楼层,8,房号,803,用途,住宅,,建筑面积100.81平方米,户内面积,73.88平方米,分摊面积,26.93平方米,户内面积,--平方米,分摊面积--平方米,建筑面积,--平方米
项目楼栋情况,深铁懿府1栋,座号,C座,合同号,--,拟售价格,95371.87元/平方米(按建筑面积计)楼层,8,房号,804,用途,住宅,,建筑面积122.02平方米,户内面积,89.42平方米,分摊面积,32.6平方米,户内面积,--平方米,分摊面积--平方米,建筑面积,--平方米
项目楼栋情况,深铁懿府1栋,座号,C座,合同号,--,拟售价格,92820.87元/平方米(按建筑面积计)楼层,7,房号,701,用途,住宅,,建筑面积121.9平方米,户内面积,89.34平方米,分摊面积,32.56平方米,户内面积,--平方米,分摊面积--平方米,建筑面积,--平方米
项目楼栋情况,深铁懿府1栋,座号,C座,合同号,--,拟售价格,95352.33元/平方米(按建筑面积计)楼层,7,房号,702,用途,住宅,,建筑面积100.81平方米,户内面积,73.88平方米,分摊面积,26.93平方米,户内面积,--平方米,分摊面积--平方米,建筑面积,--平方米
项目楼栋情况,深铁懿府1栋,座号,C座,合同号,--,拟售价格,96781.13元/平方米(按建筑面积计)楼层,7,房号,703,用途,住宅,,建筑面积100.81平方米,户内面积,73.88平方米,分摊面积,26.93平方米,户内面积,--平方米,分摊面积--平方米,建筑面积,--平方米
项目楼栋情况,深铁懿府1栋,座号,C座,合同号,--,拟售价格,94771.86元/平方米(按建筑面积计)楼层,7,房号,704,用途,住宅,,建筑面积121.9平方米,户内面积,89.34平方米,分摊面积,32.56平方米,户内面积,--平方米,分摊面积--平方米,建筑面积,--平方米
项目楼栋情况,深铁懿府1栋,座号,C座,合同号,--,拟售价格,92720.87元/平方米(按建筑面积计)楼层,6,房号,601,用途,住宅,,建筑面积121.9平方米,户内面积,89.34平方米,分摊面积,32.56平方米,户内面积,--平方米,分摊面积--平方米,建筑面积,--平方米
项目楼栋情况,深铁懿府1栋,座号,C座,合同号,--,拟售价格,92752.33元/平方米(按建筑面积计)楼层,6,房号,602,用途,住宅,,建筑面积100.81平方米,户内面积,73.88平方米,分摊面积,26.93平方米,户内面积,--平方米,分摊面积--平方米,建筑面积,--平方米
项目楼栋情况,深铁懿府1栋,座号,C座,合同号,--,拟售价格,94181.13元/平方米(按建筑面积计)楼层,6,房号,603,用途,住宅,,建筑面积100.81平方米,户内面积,73.88平方米,分摊面积,26.93平方米,户内面积,--平方米,分摊面积--平方米,建筑面积,--平方米
项目楼栋情况,深铁懿府1栋,座号,C座,合同号,--,拟售价格,94671.86元/平方米(按建筑面积计)楼层,6,房号,604,用途,住宅,,建筑面积121.9平方米,户内面积,89.34平方米,分摊面积,32.56平方米,户内面积,--平方米,分摊面积--平方米,建筑面积,--平方米
项目楼栋情况,深铁懿府1栋,座号,C座,合同号,--,拟售价格,92620.87元/平方米(按建筑面积计)楼层,5,房号,501,用途,住宅,,建筑面积121.9平方米,户内面积,89.34平方米,分摊面积,32.56平方米,户内面积,--平方米,分摊面积--平方米,建筑面积,--平方米
项目楼栋情况,深铁懿府1栋,座号,C座,合同号,--,拟售价格,89452.33元/平方米(按建筑面积计)楼层,5,房号,502,用途,住宅,,建筑面积100.81平方米,户内面积,73.88平方米,分摊面积,26.93平方米,户内面积,--平方米,分摊面积--平方米,建筑面积,--平方米
项目楼栋情况,深铁懿府1栋,座号,C座,合同号,--,拟售价格,90881.13元/平方米(按建筑面积计)楼层,5,房号,503,用途,住宅,,建筑面积100.81平方米,户内面积,73.88平方米,分摊面积,26.93平方米,户内面积,--平方米,分摊面积--平方米,建筑面积,--平方米
项目楼栋情况,深铁懿府1栋,座号,C座,合同号,--,拟售价格,94571.86元/平方米(按建筑面积计)楼层,5,房号,504,用途,住宅,,建筑面积121.9平方米,户内面积,89.34平方米,分摊面积,32.56平方米,户内面积,--平方米,分摊面积--平方米,建筑面积,--平方米
项目楼栋情况,深铁懿府1栋,座号,C座,合同号,--,拟售价格,92520.87元/平方米(按建筑面积计)楼层,4,房号,401,用途,住宅,,建筑面积121.9平方米,户内面积,89.34平方米,分摊面积,32.56平方米,户内面积,--平方米,分摊面积--平方米,建筑面积,--平方米
项目楼栋情况,深铁懿府1栋,座号,C座,合同号,--,拟售价格,88052.33元/平方米(按建筑面积计)楼层,4,房号,402,用途,住宅,,建筑面积100.81平方米,户内面积,73.88平方米,分摊面积,26.93平方米,户内面积,--平方米,分摊面积--平方米,建筑面积,--平方米
项目楼栋情况,深铁懿府1栋,座号,C座,合同号,--,拟售价格,88981.13元/平方米(按建筑面积计)楼层,4,房号,403,用途,住宅,,建筑面积100.81平方米,户内面积,73.88平方米,分摊面积,26.93平方米,户内面积,--平方米,分摊面积--平方米,建筑面积,--平方米
项目楼栋情况,深铁懿府1栋,座号,C座,合同号,--,拟售价格,94471.86元/平方米(按建筑面积计)楼层,4,房号,404,用途,住宅,,建筑面积121.9平方米,户内面积,89.34平方米,分摊面积,32.56平方米,户内面积,--平方米,分摊面积--平方米,建筑面积,--平方米
项目楼栋情况,深铁懿府1栋,座号,D座,合同号,--,拟售价格,104152.99元/平方米(按建筑面积计)楼层,27,房号,2701,用途,住宅,,建筑面积117.34平方米,户内面积,89.51平方米,分摊面积,27.83平方米,户内面积,--平方米,分摊面积--平方米,建筑面积,--平方米
项目楼栋情况,深铁懿府1栋,座号,D座,合同号,--,拟售价格,108423.2元/平方米(按建筑面积计)楼层,27,房号,2702,用途,住宅,,建筑面积97.13平方米,户内面积,74.09平方米,分摊面积,23.04平方米,户内面积,--平方米,分摊面积--平方米,建筑面积,--平方米
项目楼栋情况,深铁懿府1栋,座号,D座,合同号,--,拟售价格,107938.09元/平方米(按建筑面积计)楼层,27,房号,2703,用途,住宅,,建筑面积97.13平方米,户内面积,74.09平方米,分摊面积,23.04平方米,户内面积,--平方米,分摊面积--平方米,建筑面积,--平方米
项目楼栋情况,深铁懿府1栋,座号,D座,合同号,--,拟售价格,97707.63元/平方米(按建筑面积计)楼层,27,房号,2704,用途,住宅,,建筑面积117.34平方米,户内面积,89.51平方米,分摊面积,27.83平方米,户内面积,--平方米,分摊面积--平方米,建筑面积,--平方米
项目楼栋情况,深铁懿府1栋,座号,D座,合同号,--,拟售价格,104552.99元/平方米(按建筑面积计)楼层,26,房号,2601,用途,住宅,,建筑面积117.34平方米,户内面积,89.51平方米,分摊面积,27.83平方米,户内面积,--平方米,分摊面积--平方米,建筑面积,--平方米
项目楼栋情况,深铁懿府1栋,座号,D座,合同号,--,拟售价格,109323.2元/平方米(按建筑面积计)楼层,26,房号,2602,用途,住宅,,建筑面积97.13平方米,户内面积,74.09平方米,分摊面积,23.04平方米,户内面积,--平方米,分摊面积--平方米,建筑面积,--平方米
项目楼栋情况,深铁懿府1栋,座号,D座,合同号,--,拟售价格,108838.09元/平方米(按建筑面积计)楼层,26,房号,2603,用途,住宅,,建筑面积97.13平方米,户内面积,74.09平方米,分摊面积,23.04平方米,户内面积,--平方米,分摊面积--平方米,建筑面积,--平方米
项目楼栋情况,深铁懿府1栋,座号,D座,合同号,--,拟售价格,98107.63元/平方米(按建筑面积计)楼层,26,房号,2604,用途,住宅,,建筑面积117.34平方米,户内面积,89.51平方米,分摊面积,27.83平方米,户内面积,--平方米,分摊面积--平方米,建筑面积,--平方米
项目楼栋情况,深铁懿府1栋,座号,D座,合同号,--,拟售价格,104252.99元/平方米(按建筑面积计)楼层,25,房号,2501,用途,住宅,,建筑面积117.34平方米,户内面积,89.51平方米,分摊面积,27.83平方米,户内面积,--平方米,分摊面积--平方米,建筑面积,--平方米
项目楼栋情况,深铁懿府1栋,座号,D座,合同号,--,拟售价格,109023.2元/平方米(按建筑面积计)楼层,25,房号,2502,用途,住宅,,建筑面积97.13平方米,户内面积,74.09平方米,分摊面积,23.04平方米,户内面积,--平方米,分摊面积--平方米,建筑面积,--平方米
项目楼栋情况,深铁懿府1栋,座号,D座,合同号,--,拟售价格,108538.09元/平方米(按建筑面积计)楼层,25,房号,2503,用途,住宅,,建筑面积97.13平方米,户内面积,74.09平方米,分摊面积,23.04平方米,户内面积,--平方米,分摊面积--平方米,建筑面积,--平方米
项目楼栋情况,深铁懿府1栋,座号,D座,合同号,--,拟售价格,97807.63元/平方米(按建筑面积计)楼层,25,房号,2504,用途,住宅,,建筑面积117.34平方米,户内面积,89.51平方米,分摊面积,27.83平方米,户内面积,--平方米,分摊面积--平方米,建筑面积,--平方米
项目楼栋情况,深铁懿府1栋,座号,D座,合同号,--,拟售价格,103952.99元/平方米(按建筑面积计)楼层,24,房号,2401,用途,住宅,,建筑面积117.34平方米,户内面积,89.51平方米,分摊面积,27.83平方米,户内面积,--平方米,分摊面积--平方米,建筑面积,--平方米
项目楼栋情况,深铁懿府1栋,座号,D座,合同号,--,拟售价格,108723.2元/平方米(按建筑面积计)楼层,24,房号,2402,用途,住宅,,建筑面积97.13平方米,户内面积,74.09平方米,分摊面积,23.04平方米,户内面积,--平方米,分摊面积--平方米,建筑面积,--平方米
项目楼栋情况,深铁懿府1栋,座号,D座,合同号,--,拟售价格,108238.09元/平方米(按建筑面积计)楼层,24,房号,2403,用途,住宅,,建筑面积97.13平方米,户内面积,74.09平方米,分摊面积,23.04平方米,户内面积,--平方米,分摊面积--平方米,建筑面积,--平方米
项目楼栋情况,深铁懿府1栋,座号,D座,合同号,--,拟售价格,97507.63元/平方米(按建筑面积计)楼层,24,房号,2404,用途,住宅,,建筑面积117.34平方米,户内面积,89.51平方米,分摊面积,27.83平方米,户内面积,--平方米,分摊面积--平方米,建筑面积,--平方米
项目楼栋情况,深铁懿府1栋,座号,D座,合同号,--,拟售价格,103652.99元/平方米(按建筑面积计)楼层,23,房号,2301,用途,住宅,,建筑面积117.34平方米,户内面积,89.51平方米,分摊面积,27.83平方米,户内面积,--平方米,分摊面积--平方米,建筑面积,--平方米
项目楼栋情况,深铁懿府1栋,座号,D座,合同号,--,拟售价格,108423.2元/平方米(按建筑面积计)楼层,23,房号,2302,用途,住宅,,建筑面积97.13平方米,户内面积,74.09平方米,分摊面积,23.04平方米,户内面积,--平方米,分摊面积--平方米,建筑面积,--平方米
项目楼栋情况,深铁懿府1栋,座号,D座,合同号,--,拟售价格,107938.09元/平方米(按建筑面积计)楼层,23,房号,2303,用途,住宅,,建筑面积97.13平方米,户内面积,74.09平方米,分摊面积,23.04平方米,户内面积,--平方米,分摊面积--平方米,建筑面积,--平方米
项目楼栋情况,深铁懿府1栋,座号,D座,合同号,--,拟售价格,97207.63元/平方米(按建筑面积计)楼层,23,房号,2304,用途,住宅,,建筑面积117.34平方米,户内面积,89.51平方米,分摊面积,27.83平方米,户内面积,--平方米,分摊面积--平方米,建筑面积,--平方米
项目楼栋情况,深铁懿府1栋,座号,D座,合同号,--,拟售价格,103352.99元/平方米(按建筑面积计)楼层,22,房号,2201,用途,住宅,,建筑面积117.34平方米,户内面积,89.51平方米,分摊面积,27.83平方米,户内面积,--平方米,分摊面积--平方米,建筑面积,--平方米
项目楼栋情况,深铁懿府1栋,座号,D座,合同号,--,拟售价格,107823.2元/平方米(按建筑面积计)楼层,22,房号,2202,用途,住宅,,建筑面积97.13平方米,户内面积,74.09平方米,分摊面积,23.04平方米,户内面积,--平方米,分摊面积--平方米,建筑面积,--平方米
项目楼栋情况,深铁懿府1栋,座号,D座,合同号,--,拟售价格,107638.09元/平方米(按建筑面积计)楼层,22,房号,2203,用途,住宅,,建筑面积97.13平方米,户内面积,74.09平方米,分摊面积,23.04平方米,户内面积,--平方米,分摊面积--平方米,建筑面积,--平方米
项目楼栋情况,深铁懿府1栋,座号,D座,合同号,--,拟售价格,96907.63元/平方米(按建筑面积计)楼层,22,房号,2204,用途,住宅,,建筑面积117.34平方米,户内面积,89.51平方米,分摊面积,27.83平方米,户内面积,--平方米,分摊面积--平方米,建筑面积,--平方米
项目楼栋情况,深铁懿府1栋,座号,D座,合同号,--,拟售价格,103052.99元/平方米(按建筑面积计)楼层,21,房号,2101,用途,住宅,,建筑面积117.34平方米,户内面积,89.51平方米,分摊面积,27.83平方米,户内面积,--平方米,分摊面积--平方米,建筑面积,--平方米
项目楼栋情况,深铁懿府1栋,座号,D座,合同号,--,拟售价格,107523.2元/平方米(按建筑面积计)楼层,21,房号,2102,用途,住宅,,建筑面积97.13平方米,户内面积,74.09平方米,分摊面积,23.04平方米,户内面积,--平方米,分摊面积--平方米,建筑面积,--平方米
项目楼栋情况,深铁懿府1栋,座号,D座,合同号,--,拟售价格,107338.09元/平方米(按建筑面积计)楼层,21,房号,2103,用途,住宅,,建筑面积97.13平方米,户内面积,74.09平方米,分摊面积,23.04平方米,户内面积,--平方米,分摊面积--平方米,建筑面积,--平方米
项目楼栋情况,深铁懿府1栋,座号,D座,合同号,--,拟售价格,96607.63元/平方米(按建筑面积计)楼层,21,房号,2104,用途,住宅,,建筑面积117.34平方米,户内面积,89.51平方米,分摊面积,27.83平方米,户内面积,--平方米,分摊面积--平方米,建筑面积,--平方米
项目楼栋情况,深铁懿府1栋,座号,D座,合同号,--,拟售价格,102752.99元/平方米(按建筑面积计)楼层,20,房号,2001,用途,住宅,,建筑面积117.34平方米,户内面积,89.51平方米,分摊面积,27.83平方米,户内面积,--平方米,分摊面积--平方米,建筑面积,--平方米
项目楼栋情况,深铁懿府1栋,座号,D座,合同号,--,拟售价格,107223.2元/平方米(按建筑面积计)楼层,20,房号,2002,用途,住宅,,建筑面积97.13平方米,户内面积,74.09平方米,分摊面积,23.04平方米,户内面积,--平方米,分摊面积--平方米,建筑面积,--平方米
项目楼栋情况,深铁懿府1栋,座号,D座,合同号,--,拟售价格,107038.09元/平方米(按建筑面积计)楼层,20,房号,2003,用途,住宅,,建筑面积97.13平方米,户内面积,74.09平方米,分摊面积,23.04平方米,户内面积,--平方米,分摊面积--平方米,建筑面积,--平方米
项目楼栋情况,深铁懿府1栋,座号,D座,合同号,--,拟售价格,96307.63元/平方米(按建筑面积计)楼层,20,房号,2004,用途,住宅,,建筑面积117.34平方米,户内面积,89.51平方米,分摊面积,27.83平方米,户内面积,--平方米,分摊面积--平方米,建筑面积,--平方米
项目楼栋情况,深铁懿府1栋,座号,D座,合同号,--,拟售价格,102452.99元/平方米(按建筑面积计)楼层,19,房号,1901,用途,住宅,,建筑面积117.34平方米,户内面积,89.51平方米,分摊面积,27.83平方米,户内面积,--平方米,分摊面积--平方米,建筑面积,--平方米
项目楼栋情况,深铁懿府1栋,座号,D座,合同号,--,拟售价格,106923.2元/平方米(按建筑面积计)楼层,19,房号,1902,用途,住宅,,建筑面积97.13平方米,户内面积,74.09平方米,分摊面积,23.04平方米,户内面积,--平方米,分摊面积--平方米,建筑面积,--平方米
项目楼栋情况,深铁懿府1栋,座号,D座,合同号,--,拟售价格,106738.09元/平方米(按建筑面积计)楼层,19,房号,1903,用途,住宅,,建筑面积97.13平方米,户内面积,74.09平方米,分摊面积,23.04平方米,户内面积,--平方米,分摊面积--平方米,建筑面积,--平方米
项目楼栋情况,深铁懿府1栋,座号,D座,合同号,--,拟售价格,96007.63元/平方米(按建筑面积计)楼层,19,房号,1904,用途,住宅,,建筑面积117.34平方米,户内面积,89.51平方米,分摊面积,27.83平方米,户内面积,--平方米,分摊面积--平方米,建筑面积,--平方米
项目楼栋情况,深铁懿府1栋,座号,D座,合同号,--,拟售价格,102152.99元/平方米(按建筑面积计)楼层,18,房号,1801,用途,住宅,,建筑面积117.34平方米,户内面积,89.51平方米,分摊面积,27.83平方米,户内面积,--平方米,分摊面积--平方米,建筑面积,--平方米
项目楼栋情况,深铁懿府1栋,座号,D座,合同号,--,拟售价格,106623.2元/平方米(按建筑面积计)楼层,18,房号,1802,用途,住宅,,建筑面积97.13平方米,户内面积,74.09平方米,分摊面积,23.04平方米,户内面积,--平方米,分摊面积--平方米,建筑面积,--平方米
项目楼栋情况,深铁懿府1栋,座号,D座,合同号,--,拟售价格,106438.09元/平方米(按建筑面积计)楼层,18,房号,1803,用途,住宅,,建筑面积97.13平方米,户内面积,74.09平方米,分摊面积,23.04平方米,户内面积,--平方米,分摊面积--平方米,建筑面积,--平方米
项目楼栋情况,深铁懿府1栋,座号,D座,合同号,--,拟售价格,95707.63元/平方米(按建筑面积计)楼层,18,房号,1804,用途,住宅,,建筑面积117.34平方米,户内面积,89.51平方米,分摊面积,27.83平方米,户内面积,--平方米,分摊面积--平方米,建筑面积,--平方米
项目楼栋情况,深铁懿府1栋,座号,D座,合同号,--,拟售价格,101852.99元/平方米(按建筑面积计)楼层,17,房号,1701,用途,住宅,,建筑面积117.34平方米,户内面积,89.51平方米,分摊面积,27.83平方米,户内面积,--平方米,分摊面积--平方米,建筑面积,--平方米
项目楼栋情况,深铁懿府1栋,座号,D座,合同号,--,拟售价格,106323.2元/平方米(按建筑面积计)楼层,17,房号,1702,用途,住宅,,建筑面积97.13平方米,户内面积,74.09平方米,分摊面积,23.04平方米,户内面积,--平方米,分摊面积--平方米,建筑面积,--平方米
项目楼栋情况,深铁懿府1栋,座号,D座,合同号,--,拟售价格,106138.09元/平方米(按建筑面积计)楼层,17,房号,1703,用途,住宅,,建筑面积97.13平方米,户内面积,74.09平方米,分摊面积,23.04平方米,户内面积,--平方米,分摊面积--平方米,建筑面积,--平方米
项目楼栋情况,深铁懿府1栋,座号,D座,合同号,--,拟售价格,95407.63元/平方米(按建筑面积计)楼层,17,房号,1704,用途,住宅,,建筑面积117.34平方米,户内面积,89.51平方米,分摊面积,27.83平方米,户内面积,--平方米,分摊面积--平方米,建筑面积,--平方米
项目楼栋情况,深铁懿府1栋,座号,D座,合同号,--,拟售价格,101552.99元/平方米(按建筑面积计)楼层,16,房号,1601,用途,住宅,,建筑面积117.34平方米,户内面积,89.51平方米,分摊面积,27.83平方米,户内面积,--平方米,分摊面积--平方米,建筑面积,--平方米
项目楼栋情况,深铁懿府1栋,座号,D座,合同号,--,拟售价格,105323.2元/平方米(按建筑面积计)楼层,16,房号,1602,用途,住宅,,建筑面积97.13平方米,户内面积,74.09平方米,分摊面积,23.04平方米,户内面积,--平方米,分摊面积--平方米,建筑面积,--平方米
项目楼栋情况,深铁懿府1栋,座号,D座,合同号,--,拟售价格,105138.09元/平方米(按建筑面积计)楼层,16,房号,1603,用途,住宅,,建筑面积97.13平方米,户内面积,74.09平方米,分摊面积,23.04平方米,户内面积,--平方米,分摊面积--平方米,建筑面积,--平方米
项目楼栋情况,深铁懿府1栋,座号,D座,合同号,--,拟售价格,95107.63元/平方米(按建筑面积计)楼层,16,房号,1604,用途,住宅,,建筑面积117.34平方米,户内面积,89.51平方米,分摊面积,27.83平方米,户内面积,--平方米,分摊面积--平方米,建筑面积,--平方米
项目楼栋情况,深铁懿府1栋,座号,D座,合同号,--,拟售价格,101252.99元/平方米(按建筑面积计)楼层,15,房号,1501,用途,住宅,,建筑面积117.34平方米,户内面积,89.51平方米,分摊面积,27.83平方米,户内面积,--平方米,分摊面积--平方米,建筑面积,--平方米
项目楼栋情况,深铁懿府1栋,座号,D座,合同号,--,拟售价格,104423.2元/平方米(按建筑面积计)楼层,15,房号,1502,用途,住宅,,建筑面积97.13平方米,户内面积,74.09平方米,分摊面积,23.04平方米,户内面积,--平方米,分摊面积--平方米,建筑面积,--平方米
项目楼栋情况,深铁懿府1栋,座号,D座,合同号,--,拟售价格,104238.09元/平方米(按建筑面积计)楼层,15,房号,1503,用途,住宅,,建筑面积97.13平方米,户内面积,74.09平方米,分摊面积,23.04平方米,户内面积,--平方米,分摊面积--平方米,建筑面积,--平方米
项目楼栋情况,深铁懿府1栋,座号,D座,合同号,--,拟售价格,94807.63元/平方米(按建筑面积计)楼层,15,房号,1504,用途,住宅,,建筑面积117.34平方米,户内面积,89.51平方米,分摊面积,27.83平方米,户内面积,--平方米,分摊面积--平方米,建筑面积,--平方米
项目楼栋情况,深铁懿府1栋,座号,D座,合同号,--,拟售价格,100952.99元/平方米(按建筑面积计)楼层,14,房号,1401,用途,住宅,,建筑面积117.34平方米,户内面积,89.51平方米,分摊面积,27.83平方米,户内面积,--平方米,分摊面积--平方米,建筑面积,--平方米
项目楼栋情况,深铁懿府1栋,座号,D座,合同号,--,拟售价格,104123.2元/平方米(按建筑面积计)楼层,14,房号,1402,用途,住宅,,建筑面积97.13平方米,户内面积,74.09平方米,分摊面积,23.04平方米,户内面积,--平方米,分摊面积--平方米,建筑面积,--平方米
项目楼栋情况,深铁懿府1栋,座号,D座,合同号,--,拟售价格,103938.09元/平方米(按建筑面积计)楼层,14,房号,1403,用途,住宅,,建筑面积97.13平方米,户内面积,74.09平方米,分摊面积,23.04平方米,户内面积,--平方米,分摊面积--平方米,建筑面积,--平方米
项目楼栋情况,深铁懿府1栋,座号,D座,合同号,--,拟售价格,94507.63元/平方米(按建筑面积计)楼层,14,房号,1404,用途,住宅,,建筑面积117.34平方米,户内面积,89.51平方米,分摊面积,27.83平方米,户内面积,--平方米,分摊面积--平方米,建筑面积,--平方米
项目楼栋情况,深铁懿府1栋,座号,D座,合同号,--,拟售价格,100652.99元/平方米(按建筑面积计)楼层,13,房号,1301,用途,住宅,,建筑面积117.34平方米,户内面积,89.51平方米,分摊面积,27.83平方米,户内面积,--平方米,分摊面积--平方米,建筑面积,--平方米
项目楼栋情况,深铁懿府1栋,座号,D座,合同号,--,拟售价格,103823.2元/平方米(按建筑面积计)楼层,13,房号,1302,用途,住宅,,建筑面积97.13平方米,户内面积,74.09平方米,分摊面积,23.04平方米,户内面积,--平方米,分摊面积--平方米,建筑面积,--平方米
项目楼栋情况,深铁懿府1栋,座号,D座,合同号,--,拟售价格,103638.09元/平方米(按建筑面积计)楼层,13,房号,1303,用途,住宅,,建筑面积97.13平方米,户内面积,74.09平方米,分摊面积,23.04平方米,户内面积,--平方米,分摊面积--平方米,建筑面积,--平方米
项目楼栋情况,深铁懿府1栋,座号,D座,合同号,--,拟售价格,94207.63元/平方米(按建筑面积计)楼层,13,房号,1304,用途,住宅,,建筑面积117.34平方米,户内面积,89.51平方米,分摊面积,27.83平方米,户内面积,--平方米,分摊面积--平方米,建筑面积,--平方米
项目楼栋情况,深铁懿府1栋,座号,D座,合同号,--,拟售价格,100552.99元/平方米(按建筑面积计)楼层,12,房号,1201,用途,住宅,,建筑面积117.34平方米,户内面积,89.51平方米,分摊面积,27.83平方米,户内面积,--平方米,分摊面积--平方米,建筑面积,--平方米
项目楼栋情况,深铁懿府1栋,座号,D座,合同号,--,拟售价格,103523.2元/平方米(按建筑面积计)楼层,12,房号,1202,用途,住宅,,建筑面积97.13平方米,户内面积,74.09平方米,分摊面积,23.04平方米,户内面积,--平方米,分摊面积--平方米,建筑面积,--平方米
项目楼栋情况,深铁懿府1栋,座号,D座,合同号,--,拟售价格,103338.09元/平方米(按建筑面积计)楼层,12,房号,1203,用途,住宅,,建筑面积97.13平方米,户内面积,74.09平方米,分摊面积,23.04平方米,户内面积,--平方米,分摊面积--平方米,建筑面积,--平方米
项目楼栋情况,深铁懿府1栋,座号,D座,合同号,--,拟售价格,93407.63元/平方米(按建筑面积计)楼层,12,房号,1204,用途,住宅,,建筑面积117.34平方米,户内面积,89.51平方米,分摊面积,27.83平方米,户内面积,--平方米,分摊面积--平方米,建筑面积,--平方米
项目楼栋情况,深铁懿府1栋,座号,D座,合同号,--,拟售价格,100252.99元/平方米(按建筑面积计)楼层,11,房号,1101,用途,住宅,,建筑面积117.34平方米,户内面积,89.51平方米,分摊面积,27.83平方米,户内面积,--平方米,分摊面积--平方米,建筑面积,--平方米
项目楼栋情况,深铁懿府1栋,座号,D座,合同号,--,拟售价格,103223.2元/平方米(按建筑面积计)楼层,11,房号,1102,用途,住宅,,建筑面积97.13平方米,户内面积,74.09平方米,分摊面积,23.04平方米,户内面积,--平方米,分摊面积--平方米,建筑面积,--平方米
项目楼栋情况,深铁懿府1栋,座号,D座,合同号,--,拟售价格,103038.09元/平方米(按建筑面积计)楼层,11,房号,1103,用途,住宅,,建筑面积97.13平方米,户内面积,74.09平方米,分摊面积,23.04平方米,户内面积,--平方米,分摊面积--平方米,建筑面积,--平方米
项目楼栋情况,深铁懿府1栋,座号,D座,合同号,--,拟售价格,93107.63元/平方米(按建筑面积计)楼层,11,房号,1104,用途,住宅,,建筑面积117.34平方米,户内面积,89.51平方米,分摊面积,27.83平方米,户内面积,--平方米,分摊面积--平方米,建筑面积,--平方米
项目楼栋情况,深铁懿府1栋,座号,D座,合同号,--,拟售价格,99952.99元/平方米(按建筑面积计)楼层,10,房号,1001,用途,住宅,,建筑面积117.34平方米,户内面积,89.51平方米,分摊面积,27.83平方米,户内面积,--平方米,分摊面积--平方米,建筑面积,--平方米
项目楼栋情况,深铁懿府1栋,座号,D座,合同号,--,拟售价格,102923.2元/平方米(按建筑面积计)楼层,10,房号,1002,用途,住宅,,建筑面积97.13平方米,户内面积,74.09平方米,分摊面积,23.04平方米,户内面积,--平方米,分摊面积--平方米,建筑面积,--平方米
项目楼栋情况,深铁懿府1栋,座号,D座,合同号,--,拟售价格,102738.09元/平方米(按建筑面积计)楼层,10,房号,1003,用途,住宅,,建筑面积97.13平方米,户内面积,74.09平方米,分摊面积,23.04平方米,户内面积,--平方米,分摊面积--平方米,建筑面积,--平方米
项目楼栋情况,深铁懿府1栋,座号,D座,合同号,--,拟售价格,92807.63元/平方米(按建筑面积计)楼层,10,房号,1004,用途,住宅,,建筑面积117.34平方米,户内面积,89.51平方米,分摊面积,27.83平方米,户内面积,--平方米,分摊面积--平方米,建筑面积,--平方米
项目楼栋情况,深铁懿府1栋,座号,D座,合同号,--,拟售价格,99652.99元/平方米(按建筑面积计)楼层,9,房号,901,用途,住宅,,建筑面积117.34平方米,户内面积,89.51平方米,分摊面积,27.83平方米,户内面积,--平方米,分摊面积--平方米,建筑面积,--平方米
项目楼栋情况,深铁懿府1栋,座号,D座,合同号,--,拟售价格,102323.2元/平方米(按建筑面积计)楼层,9,房号,902,用途,住宅,,建筑面积97.13平方米,户内面积,74.09平方米,分摊面积,23.04平方米,户内面积,--平方米,分摊面积--平方米,建筑面积,--平方米
项目楼栋情况,深铁懿府1栋,座号,D座,合同号,--,拟售价格,102138.09元/平方米(按建筑面积计)楼层,9,房号,903,用途,住宅,,建筑面积97.13平方米,户内面积,74.09平方米,分摊面积,23.04平方米,户内面积,--平方米,分摊面积--平方米,建筑面积,--平方米
项目楼栋情况,深铁懿府1栋,座号,D座,合同号,--,拟售价格,92507.63元/平方米(按建筑面积计)楼层,9,房号,904,用途,住宅,,建筑面积117.34平方米,户内面积,89.51平方米,分摊面积,27.83平方米,户内面积,--平方米,分摊面积--平方米,建筑面积,--平方米
项目楼栋情况,深铁懿府1栋,座号,D座,合同号,--,拟售价格,99452.99元/平方米(按建筑面积计)楼层,8,房号,801,用途,住宅,,建筑面积117.34平方米,户内面积,89.51平方米,分摊面积,27.83平方米,户内面积,--平方米,分摊面积--平方米,建筑面积,--平方米
项目楼栋情况,深铁懿府1栋,座号,D座,合同号,--,拟售价格,102223.2元/平方米(按建筑面积计)楼层,8,房号,802,用途,住宅,,建筑面积97.13平方米,户内面积,74.09平方米,分摊面积,23.04平方米,户内面积,--平方米,分摊面积--平方米,建筑面积,--平方米
项目楼栋情况,深铁懿府1栋,座号,D座,合同号,--,拟售价格,102038.09元/平方米(按建筑面积计)楼层,8,房号,803,用途,住宅,,建筑面积97.13平方米,户内面积,74.09平方米,分摊面积,23.04平方米,户内面积,--平方米,分摊面积--平方米,建筑面积,--平方米
项目楼栋情况,深铁懿府1栋,座号,D座,合同号,--,拟售价格,92407.63元/平方米(按建筑面积计)楼层,8,房号,804,用途,住宅,,建筑面积117.34平方米,户内面积,89.51平方米,分摊面积,27.83平方米,户内面积,--平方米,分摊面积--平方米,建筑面积,--平方米
项目楼栋情况,深铁懿府1栋,座号,D座,合同号,--,拟售价格,98852.99元/平方米(按建筑面积计)楼层,7,房号,701,用途,住宅,,建筑面积117.34平方米,户内面积,89.51平方米,分摊面积,27.83平方米,户内面积,--平方米,分摊面积--平方米,建筑面积,--平方米
项目楼栋情况,深铁懿府1栋,座号,D座,合同号,--,拟售价格,101423.2元/平方米(按建筑面积计)楼层,7,房号,702,用途,住宅,,建筑面积97.13平方米,户内面积,74.09平方米,分摊面积,23.04平方米,户内面积,--平方米,分摊面积--平方米,建筑面积,--平方米
项目楼栋情况,深铁懿府1栋,座号,D座,合同号,--,拟售价格,101238.09元/平方米(按建筑面积计)楼层,7,房号,703,用途,住宅,,建筑面积97.13平方米,户内面积,74.09平方米,分摊面积,23.04平方米,户内面积,--平方米,分摊面积--平方米,建筑面积,--平方米
项目楼栋情况,深铁懿府1栋,座号,D座,合同号,--,拟售价格,91807.63元/平方米(按建筑面积计)楼层,7,房号,704,用途,住宅,,建筑面积117.34平方米,户内面积,89.51平方米,分摊面积,27.83平方米,户内面积,--平方米,分摊面积--平方米,建筑面积,--平方米
项目楼栋情况,深铁懿府1栋,座号,D座,合同号,--,拟售价格,98752.99元/平方米(按建筑面积计)楼层,6,房号,601,用途,住宅,,建筑面积117.34平方米,户内面积,89.51平方米,分摊面积,27.83平方米,户内面积,--平方米,分摊面积--平方米,建筑面积,--平方米
项目楼栋情况,深铁懿府1栋,座号,D座,合同号,--,拟售价格,98823.2元/平方米(按建筑面积计)楼层,6,房号,602,用途,住宅,,建筑面积97.13平方米,户内面积,74.09平方米,分摊面积,23.04平方米,户内面积,--平方米,分摊面积--平方米,建筑面积,--平方米
项目楼栋情况,深铁懿府1栋,座号,D座,合同号,--,拟售价格,98638.09元/平方米(按建筑面积计)楼层,6,房号,603,用途,住宅,,建筑面积97.13平方米,户内面积,74.09平方米,分摊面积,23.04平方米,户内面积,--平方米,分摊面积--平方米,建筑面积,--平方米
项目楼栋情况,深铁懿府1栋,座号,D座,合同号,--,拟售价格,90707.63元/平方米(按建筑面积计)楼层,6,房号,604,用途,住宅,,建筑面积117.34平方米,户内面积,89.51平方米,分摊面积,27.83平方米,户内面积,--平方米,分摊面积--平方米,建筑面积,--平方米
项目楼栋情况,深铁懿府1栋,座号,D座,合同号,--,拟售价格,98652.99元/平方米(按建筑面积计)楼层,5,房号,501,用途,住宅,,建筑面积117.34平方米,户内面积,89.51平方米,分摊面积,27.83平方米,户内面积,--平方米,分摊面积--平方米,建筑面积,--平方米
项目楼栋情况,深铁懿府1栋,座号,D座,合同号,--,拟售价格,97023.2元/平方米(按建筑面积计)楼层,5,房号,502,用途,住宅,,建筑面积97.13平方米,户内面积,74.09平方米,分摊面积,23.04平方米,户内面积,--平方米,分摊面积--平方米,建筑面积,--平方米
项目楼栋情况,深铁懿府1栋,座号,D座,合同号,--,拟售价格,96838.09元/平方米(按建筑面积计)楼层,5,房号,503,用途,住宅,,建筑面积97.13平方米,户内面积,74.09平方米,分摊面积,23.04平方米,户内面积,--平方米,分摊面积--平方米,建筑面积,--平方米
项目楼栋情况,深铁懿府1栋,座号,D座,合同号,--,拟售价格,90107.63元/平方米(按建筑面积计)楼层,5,房号,504,用途,住宅,,建筑面积117.34平方米,户内面积,89.51平方米,分摊面积,27.83平方米,户内面积,--平方米,分摊面积--平方米,建筑面积,--平方米
项目楼栋情况,深铁懿府1栋,座号,D座,合同号,--,拟售价格,98552.99元/平方米(按建筑面积计)楼层,4,房号,401,用途,住宅,,建筑面积117.34平方米,户内面积,89.51平方米,分摊面积,27.83平方米,户内面积,--平方米,分摊面积--平方米,建筑面积,--平方米
项目楼栋情况,深铁懿府1栋,座号,D座,合同号,--,拟售价格,92623.2元/平方米(按建筑面积计)楼层,4,房号,402,用途,住宅,,建筑面积97.13平方米,户内面积,74.09平方米,分摊面积,23.04平方米,户内面积,--平方米,分摊面积--平方米,建筑面积,--平方米
项目楼栋情况,深铁懿府1栋,座号,D座,合同号,--,拟售价格,92438.09元/平方米(按建筑面积计)楼层,4,房号,403,用途,住宅,,建筑面积97.13平方米,户内面积,74.09平方米,分摊面积,23.04平方米,户内面积,--平方米,分摊面积--平方米,建筑面积,--平方米
项目楼栋情况,深铁懿府1栋,座号,D座,合同号,--,拟售价格,89007.63元/平方米(按建筑面积计)楼层,4,房号,404,用途,住宅,,建筑面积117.34平方米,户内面积,89.51平方米,分摊面积,27.83平方米,户内面积,--平方米,分摊面积--平方米,建筑面积,--平方米
项目楼栋情况,深铁懿府1栋,座号,B座,合同号,--,拟售价格,113358.29元/平方米(按建筑面积计)楼层,43,房号,4301,用途,住宅,,建筑面积121.43平方米,户内面积,89.51平方米,分摊面积,31.92平方米,户内面积,--平方米,分摊面积--平方米,建筑面积,--平方米
项目楼栋情况,深铁懿府1栋,座号,B座,合同号,--,拟售价格,113672.53元/平方米(按建筑面积计)楼层,43,房号,4302,用途,住宅,,建筑面积100.52平方米,户内面积,74.09平方米,分摊面积,26.43平方米,户内面积,--平方米,分摊面积--平方米,建筑面积,--平方米
项目楼栋情况,深铁懿府1栋,座号,B座,合同号,--,拟售价格,114432.46元/平方米(按建筑面积计)楼层,43,房号,4303,用途,住宅,,建筑面积100.52平方米,户内面积,74.09平方米,分摊面积,26.43平方米,户内面积,--平方米,分摊面积--平方米,建筑面积,--平方米
项目楼栋情况,深铁懿府1栋,座号,B座,合同号,--,拟售价格,112345.71元/平方米(按建筑面积计)楼层,43,房号,4304,用途,住宅,,建筑面积121.43平方米,户内面积,89.51平方米,分摊面积,31.92平方米,户内面积,--平方米,分摊面积--平方米,建筑面积,--平方米
项目楼栋情况,深铁懿府1栋,座号,B座,合同号,--,拟售价格,113958.29元/平方米(按建筑面积计)楼层,42,房号,4201,用途,住宅,,建筑面积121.43平方米,户内面积,89.51平方米,分摊面积,31.92平方米,户内面积,--平方米,分摊面积--平方米,建筑面积,--平方米
项目楼栋情况,深铁懿府1栋,座号,B座,合同号,--,拟售价格,114772.53元/平方米(按建筑面积计)楼层,42,房号,4202,用途,住宅,,建筑面积100.52平方米,户内面积,74.09平方米,分摊面积,26.43平方米,户内面积,--平方米,分摊面积--平方米,建筑面积,--平方米
项目楼栋情况,深铁懿府1栋,座号,B座,合同号,--,拟售价格,115532.46元/平方米(按建筑面积计)楼层,42,房号,4203,用途,住宅,,建筑面积100.52平方米,户内面积,74.09平方米,分摊面积,26.43平方米,户内面积,--平方米,分摊面积--平方米,建筑面积,--平方米
项目楼栋情况,深铁懿府1栋,座号,B座,合同号,--,拟售价格,112945.71元/平方米(按建筑面积计)楼层,42,房号,4204,用途,住宅,,建筑面积121.43平方米,户内面积,89.51平方米,分摊面积,31.92平方米,户内面积,--平方米,分摊面积--平方米,建筑面积,--平方米
项目楼栋情况,深铁懿府1栋,座号,B座,合同号,--,拟售价格,113458.29元/平方米(按建筑面积计)楼层,41,房号,4101,用途,住宅,,建筑面积121.43平方米,户内面积,89.51平方米,分摊面积,31.92平方米,户内面积,--平方米,分摊面积--平方米,建筑面积,--平方米
项目楼栋情况,深铁懿府1栋,座号,B座,合同号,--,拟售价格,114272.53元/平方米(按建筑面积计)楼层,41,房号,4102,用途,住宅,,建筑面积100.52平方米,户内面积,74.09平方米,分摊面积,26.43平方米,户内面积,--平方米,分摊面积--平方米,建筑面积,--平方米
项目楼栋情况,深铁懿府1栋,座号,B座,合同号,--,拟售价格,115032.46元/平方米(按建筑面积计)楼层,41,房号,4103,用途,住宅,,建筑面积100.52平方米,户内面积,74.09平方米,分摊面积,26.43平方米,户内面积,--平方米,分摊面积--平方米,建筑面积,--平方米
项目楼栋情况,深铁懿府1栋,座号,B座,合同号,--,拟售价格,112445.71元/平方米(按建筑面积计)楼层,41,房号,4104,用途,住宅,,建筑面积121.43平方米,户内面积,89.51平方米,分摊面积,31.92平方米,户内面积,--平方米,分摊面积--平方米,建筑面积,--平方米
项目楼栋情况,深铁懿府1栋,座号,B座,合同号,--,拟售价格,112958.29元/平方米(按建筑面积计)楼层,40,房号,4001,用途,住宅,,建筑面积121.43平方米,户内面积,89.51平方米,分摊面积,31.92平方米,户内面积,--平方米,分摊面积--平方米,建筑面积,--平方米
项目楼栋情况,深铁懿府1栋,座号,B座,合同号,--,拟售价格,113772.53元/平方米(按建筑面积计)楼层,40,房号,4002,用途,住宅,,建筑面积100.52平方米,户内面积,74.09平方米,分摊面积,26.43平方米,户内面积,--平方米,分摊面积--平方米,建筑面积,--平方米
项目楼栋情况,深铁懿府1栋,座号,B座,合同号,--,拟售价格,114532.46元/平方米(按建筑面积计)楼层,40,房号,4003,用途,住宅,,建筑面积100.52平方米,户内面积,74.09平方米,分摊面积,26.43平方米,户内面积,--平方米,分摊面积--平方米,建筑面积,--平方米
项目楼栋情况,深铁懿府1栋,座号,B座,合同号,--,拟售价格,111945.71元/平方米(按建筑面积计)楼层,40,房号,4004,用途,住宅,,建筑面积121.43平方米,户内面积,89.51平方米,分摊面积,31.92平方米,户内面积,--平方米,分摊面积--平方米,建筑面积,--平方米
项目楼栋情况,深铁懿府1栋,座号,B座,合同号,--,拟售价格,112458.29元/平方米(按建筑面积计)楼层,39,房号,3901,用途,住宅,,建筑面积121.43平方米,户内面积,89.51平方米,分摊面积,31.92平方米,户内面积,--平方米,分摊面积--平方米,建筑面积,--平方米
项目楼栋情况,深铁懿府1栋,座号,B座,合同号,--,拟售价格,113272.53元/平方米(按建筑面积计)楼层,39,房号,3902,用途,住宅,,建筑面积100.52平方米,户内面积,74.09平方米,分摊面积,26.43平方米,户内面积,--平方米,分摊面积--平方米,建筑面积,--平方米
项目楼栋情况,深铁懿府1栋,座号,B座,合同号,--,拟售价格,114032.46元/平方米(按建筑面积计)楼层,39,房号,3903,用途,住宅,,建筑面积100.52平方米,户内面积,74.09平方米,分摊面积,26.43平方米,户内面积,--平方米,分摊面积--平方米,建筑面积,--平方米
项目楼栋情况,深铁懿府1栋,座号,B座,合同号,--,拟售价格,111445.71元/平方米(按建筑面积计)楼层,39,房号,3904,用途,住宅,,建筑面积121.43平方米,户内面积,89.51平方米,分摊面积,31.92平方米,户内面积,--平方米,分摊面积--平方米,建筑面积,--平方米
项目楼栋情况,深铁懿府1栋,座号,B座,合同号,--,拟售价格,111958.29元/平方米(按建筑面积计)楼层,38,房号,3801,用途,住宅,,建筑面积121.43平方米,户内面积,89.51平方米,分摊面积,31.92平方米,户内面积,--平方米,分摊面积--平方米,建筑面积,--平方米
项目楼栋情况,深铁懿府1栋,座号,B座,合同号,--,拟售价格,112772.53元/平方米(按建筑面积计)楼层,38,房号,3802,用途,住宅,,建筑面积100.52平方米,户内面积,74.09平方米,分摊面积,26.43平方米,户内面积,--平方米,分摊面积--平方米,建筑面积,--平方米
项目楼栋情况,深铁懿府1栋,座号,B座,合同号,--,拟售价格,113532.46元/平方米(按建筑面积计)楼层,38,房号,3803,用途,住宅,,建筑面积100.52平方米,户内面积,74.09平方米,分摊面积,26.43平方米,户内面积,--平方米,分摊面积--平方米,建筑面积,--平方米
项目楼栋情况,深铁懿府1栋,座号,B座,合同号,--,拟售价格,110945.71元/平方米(按建筑面积计)楼层,38,房号,3804,用途,住宅,,建筑面积121.43平方米,户内面积,89.51平方米,分摊面积,31.92平方米,户内面积,--平方米,分摊面积--平方米,建筑面积,--平方米
项目楼栋情况,深铁懿府1栋,座号,B座,合同号,--,拟售价格,111458.29元/平方米(按建筑面积计)楼层,37,房号,3701,用途,住宅,,建筑面积121.43平方米,户内面积,89.51平方米,分摊面积,31.92平方米,户内面积,--平方米,分摊面积--平方米,建筑面积,--平方米
项目楼栋情况,深铁懿府1栋,座号,B座,合同号,--,拟售价格,112272.53元/平方米(按建筑面积计)楼层,37,房号,3702,用途,住宅,,建筑面积100.52平方米,户内面积,74.09平方米,分摊面积,26.43平方米,户内面积,--平方米,分摊面积--平方米,建筑面积,--平方米
项目楼栋情况,深铁懿府1栋,座号,B座,合同号,--,拟售价格,113032.46元/平方米(按建筑面积计)楼层,37,房号,3703,用途,住宅,,建筑面积100.52平方米,户内面积,74.09平方米,分摊面积,26.43平方米,户内面积,--平方米,分摊面积--平方米,建筑面积,--平方米
项目楼栋情况,深铁懿府1栋,座号,B座,合同号,--,拟售价格,110445.71元/平方米(按建筑面积计)楼层,37,房号,3704,用途,住宅,,建筑面积121.43平方米,户内面积,89.51平方米,分摊面积,31.92平方米,户内面积,--平方米,分摊面积--平方米,建筑面积,--平方米
项目楼栋情况,深铁懿府1栋,座号,B座,合同号,--,拟售价格,110958.29元/平方米(按建筑面积计)楼层,36,房号,3601,用途,住宅,,建筑面积121.43平方米,户内面积,89.51平方米,分摊面积,31.92平方米,户内面积,--平方米,分摊面积--平方米,建筑面积,--平方米
项目楼栋情况,深铁懿府1栋,座号,B座,合同号,--,拟售价格,111772.53元/平方米(按建筑面积计)楼层,36,房号,3602,用途,住宅,,建筑面积100.52平方米,户内面积,74.09平方米,分摊面积,26.43平方米,户内面积,--平方米,分摊面积--平方米,建筑面积,--平方米
项目楼栋情况,深铁懿府1栋,座号,B座,合同号,--,拟售价格,112532.46元/平方米(按建筑面积计)楼层,36,房号,3603,用途,住宅,,建筑面积100.52平方米,户内面积,74.09平方米,分摊面积,26.43平方米,户内面积,--平方米,分摊面积--平方米,建筑面积,--平方米
项目楼栋情况,深铁懿府1栋,座号,B座,合同号,--,拟售价格,109945.71元/平方米(按建筑面积计)楼层,36,房号,3604,用途,住宅,,建筑面积121.43平方米,户内面积,89.51平方米,分摊面积,31.92平方米,户内面积,--平方米,分摊面积--平方米,建筑面积,--平方米
项目楼栋情况,深铁懿府1栋,座号,B座,合同号,--,拟售价格,110458.29元/平方米(按建筑面积计)楼层,35,房号,3501,用途,住宅,,建筑面积121.43平方米,户内面积,89.51平方米,分摊面积,31.92平方米,户内面积,--平方米,分摊面积--平方米,建筑面积,--平方米
项目楼栋情况,深铁懿府1栋,座号,B座,合同号,--,拟售价格,111272.53元/平方米(按建筑面积计)楼层,35,房号,3502,用途,住宅,,建筑面积100.52平方米,户内面积,74.09平方米,分摊面积,26.43平方米,户内面积,--平方米,分摊面积--平方米,建筑面积,--平方米
项目楼栋情况,深铁懿府1栋,座号,B座,合同号,--,拟售价格,112032.46元/平方米(按建筑面积计)楼层,35,房号,3503,用途,住宅,,建筑面积100.52平方米,户内面积,74.09平方米,分摊面积,26.43平方米,户内面积,--平方米,分摊面积--平方米,建筑面积,--平方米
项目楼栋情况,深铁懿府1栋,座号,B座,合同号,--,拟售价格,109445.71元/平方米(按建筑面积计)楼层,35,房号,3504,用途,住宅,,建筑面积121.43平方米,户内面积,89.51平方米,分摊面积,31.92平方米,户内面积,--平方米,分摊面积--平方米,建筑面积,--平方米
项目楼栋情况,深铁懿府1栋,座号,B座,合同号,--,拟售价格,109958.29元/平方米(按建筑面积计)楼层,34,房号,3401,用途,住宅,,建筑面积121.43平方米,户内面积,89.51平方米,分摊面积,31.92平方米,户内面积,--平方米,分摊面积--平方米,建筑面积,--平方米
项目楼栋情况,深铁懿府1栋,座号,B座,合同号,--,拟售价格,110772.53元/平方米(按建筑面积计)楼层,34,房号,3402,用途,住宅,,建筑面积100.52平方米,户内面积,74.09平方米,分摊面积,26.43平方米,户内面积,--平方米,分摊面积--平方米,建筑面积,--平方米
项目楼栋情况,深铁懿府1栋,座号,B座,合同号,--,拟售价格,111532.46元/平方米(按建筑面积计)楼层,34,房号,3403,用途,住宅,,建筑面积100.52平方米,户内面积,74.09平方米,分摊面积,26.43平方米,户内面积,--平方米,分摊面积--平方米,建筑面积,--平方米
项目楼栋情况,深铁懿府1栋,座号,B座,合同号,--,拟售价格,108945.71元/平方米(按建筑面积计)楼层,34,房号,3404,用途,住宅,,建筑面积121.43平方米,户内面积,89.51平方米,分摊面积,31.92平方米,户内面积,--平方米,分摊面积--平方米,建筑面积,--平方米
项目楼栋情况,深铁懿府1栋,座号,B座,合同号,--,拟售价格,109458.29元/平方米(按建筑面积计)楼层,33,房号,3301,用途,住宅,,建筑面积121.43平方米,户内面积,89.51平方米,分摊面积,31.92平方米,户内面积,--平方米,分摊面积--平方米,建筑面积,--平方米
项目楼栋情况,深铁懿府1栋,座号,B座,合同号,--,拟售价格,110272.53元/平方米(按建筑面积计)楼层,33,房号,3302,用途,住宅,,建筑面积100.52平方米,户内面积,74.09平方米,分摊面积,26.43平方米,户内面积,--平方米,分摊面积--平方米,建筑面积,--平方米
项目楼栋情况,深铁懿府1栋,座号,B座,合同号,--,拟售价格,111032.46元/平方米(按建筑面积计)楼层,33,房号,3303,用途,住宅,,建筑面积100.52平方米,户内面积,74.09平方米,分摊面积,26.43平方米,户内面积,--平方米,分摊面积--平方米,建筑面积,--平方米
项目楼栋情况,深铁懿府1栋,座号,B座,合同号,--,拟售价格,108445.71元/平方米(按建筑面积计)楼层,33,房号,3304,用途,住宅,,建筑面积121.43平方米,户内面积,89.51平方米,分摊面积,31.92平方米,户内面积,--平方米,分摊面积--平方米,建筑面积,--平方米
项目楼栋情况,深铁懿府1栋,座号,B座,合同号,--,拟售价格,108958.29元/平方米(按建筑面积计)楼层,32,房号,3201,用途,住宅,,建筑面积121.43平方米,户内面积,89.51平方米,分摊面积,31.92平方米,户内面积,--平方米,分摊面积--平方米,建筑面积,--平方米
项目楼栋情况,深铁懿府1栋,座号,B座,合同号,--,拟售价格,109772.53元/平方米(按建筑面积计)楼层,32,房号,3202,用途,住宅,,建筑面积100.52平方米,户内面积,74.09平方米,分摊面积,26.43平方米,户内面积,--平方米,分摊面积--平方米,建筑面积,--平方米
项目楼栋情况,深铁懿府1栋,座号,B座,合同号,--,拟售价格,110532.46元/平方米(按建筑面积计)楼层,32,房号,3203,用途,住宅,,建筑面积100.52平方米,户内面积,74.09平方米,分摊面积,26.43平方米,户内面积,--平方米,分摊面积--平方米,建筑面积,--平方米
项目楼栋情况,深铁懿府1栋,座号,B座,合同号,--,拟售价格,107945.71元/平方米(按建筑面积计)楼层,32,房号,3204,用途,住宅,,建筑面积121.43平方米,户内面积,89.51平方米,分摊面积,31.92平方米,户内面积,--平方米,分摊面积--平方米,建筑面积,--平方米
项目楼栋情况,深铁懿府1栋,座号,B座,合同号,--,拟售价格,108458.29元/平方米(按建筑面积计)楼层,31,房号,3101,用途,住宅,,建筑面积121.43平方米,户内面积,89.51平方米,分摊面积,31.92平方米,户内面积,--平方米,分摊面积--平方米,建筑面积,--平方米
项目楼栋情况,深铁懿府1栋,座号,B座,合同号,--,拟售价格,109272.53元/平方米(按建筑面积计)楼层,31,房号,3102,用途,住宅,,建筑面积100.52平方米,户内面积,74.09平方米,分摊面积,26.43平方米,户内面积,--平方米,分摊面积--平方米,建筑面积,--平方米
项目楼栋情况,深铁懿府1栋,座号,B座,合同号,--,拟售价格,110032.46元/平方米(按建筑面积计)楼层,31,房号,3103,用途,住宅,,建筑面积100.52平方米,户内面积,74.09平方米,分摊面积,26.43平方米,户内面积,--平方米,分摊面积--平方米,建筑面积,--平方米
项目楼栋情况,深铁懿府1栋,座号,B座,合同号,--,拟售价格,107445.71元/平方米(按建筑面积计)楼层,31,房号,3104,用途,住宅,,建筑面积121.43平方米,户内面积,89.51平方米,分摊面积,31.92平方米,户内面积,--平方米,分摊面积--平方米,建筑面积,--平方米
项目楼栋情况,深铁懿府1栋,座号,B座,合同号,--,拟售价格,107958.29元/平方米(按建筑面积计)楼层,30,房号,3001,用途,住宅,,建筑面积121.43平方米,户内面积,89.51平方米,分摊面积,31.92平方米,户内面积,--平方米,分摊面积--平方米,建筑面积,--平方米
项目楼栋情况,深铁懿府1栋,座号,B座,合同号,--,拟售价格,108772.53元/平方米(按建筑面积计)楼层,30,房号,3002,用途,住宅,,建筑面积100.52平方米,户内面积,74.09平方米,分摊面积,26.43平方米,户内面积,--平方米,分摊面积--平方米,建筑面积,--平方米
项目楼栋情况,深铁懿府1栋,座号,B座,合同号,--,拟售价格,109532.46元/平方米(按建筑面积计)楼层,30,房号,3003,用途,住宅,,建筑面积100.52平方米,户内面积,74.09平方米,分摊面积,26.43平方米,户内面积,--平方米,分摊面积--平方米,建筑面积,--平方米
项目楼栋情况,深铁懿府1栋,座号,B座,合同号,--,拟售价格,106945.71元/平方米(按建筑面积计)楼层,30,房号,3004,用途,住宅,,建筑面积121.43平方米,户内面积,89.51平方米,分摊面积,31.92平方米,户内面积,--平方米,分摊面积--平方米,建筑面积,--平方米
项目楼栋情况,深铁懿府1栋,座号,B座,合同号,--,拟售价格,107158.29元/平方米(按建筑面积计)楼层,28,房号,2801,用途,住宅,,建筑面积121.43平方米,户内面积,89.51平方米,分摊面积,31.92平方米,户内面积,--平方米,分摊面积--平方米,建筑面积,--平方米
项目楼栋情况,深铁懿府1栋,座号,B座,合同号,--,拟售价格,107372.53元/平方米(按建筑面积计)楼层,28,房号,2802,用途,住宅,,建筑面积100.52平方米,户内面积,74.09平方米,分摊面积,26.43平方米,户内面积,--平方米,分摊面积--平方米,建筑面积,--平方米
项目楼栋情况,深铁懿府1栋,座号,B座,合同号,--,拟售价格,108432.46元/平方米(按建筑面积计)楼层,28,房号,2803,用途,住宅,,建筑面积100.52平方米,户内面积,74.09平方米,分摊面积,26.43平方米,户内面积,--平方米,分摊面积--平方米,建筑面积,--平方米
项目楼栋情况,深铁懿府1栋,座号,B座,合同号,--,拟售价格,106145.71元/平方米(按建筑面积计)楼层,28,房号,2804,用途,住宅,,建筑面积121.43平方米,户内面积,89.51平方米,分摊面积,31.92平方米,户内面积,--平方米,分摊面积--平方米,建筑面积,--平方米
项目楼栋情况,深铁懿府1栋,座号,B座,合同号,--,拟售价格,106858.29元/平方米(按建筑面积计)楼层,27,房号,2701,用途,住宅,,建筑面积121.43平方米,户内面积,89.51平方米,分摊面积,31.92平方米,户内面积,--平方米,分摊面积--平方米,建筑面积,--平方米
项目楼栋情况,深铁懿府1栋,座号,B座,合同号,--,拟售价格,107072.53元/平方米(按建筑面积计)楼层,27,房号,2702,用途,住宅,,建筑面积100.52平方米,户内面积,74.09平方米,分摊面积,26.43平方米,户内面积,--平方米,分摊面积--平方米,建筑面积,--平方米
项目楼栋情况,深铁懿府1栋,座号,B座,合同号,--,拟售价格,108132.46元/平方米(按建筑面积计)楼层,27,房号,2703,用途,住宅,,建筑面积100.52平方米,户内面积,74.09平方米,分摊面积,26.43平方米,户内面积,--平方米,分摊面积--平方米,建筑面积,--平方米
项目楼栋情况,深铁懿府1栋,座号,B座,合同号,--,拟售价格,105845.71元/平方米(按建筑面积计)楼层,27,房号,2704,用途,住宅,,建筑面积121.43平方米,户内面积,89.51平方米,分摊面积,31.92平方米,户内面积,--平方米,分摊面积--平方米,建筑面积,--平方米
项目楼栋情况,深铁懿府1栋,座号,B座,合同号,--,拟售价格,106558.29元/平方米(按建筑面积计)楼层,26,房号,2601,用途,住宅,,建筑面积121.43平方米,户内面积,89.51平方米,分摊面积,31.92平方米,户内面积,--平方米,分摊面积--平方米,建筑面积,--平方米
项目楼栋情况,深铁懿府1栋,座号,B座,合同号,--,拟售价格,106772.53元/平方米(按建筑面积计)楼层,26,房号,2602,用途,住宅,,建筑面积100.52平方米,户内面积,74.09平方米,分摊面积,26.43平方米,户内面积,--平方米,分摊面积--平方米,建筑面积,--平方米
项目楼栋情况,深铁懿府1栋,座号,B座,合同号,--,拟售价格,107832.46元/平方米(按建筑面积计)楼层,26,房号,2603,用途,住宅,,建筑面积100.52平方米,户内面积,74.09平方米,分摊面积,26.43平方米,户内面积,--平方米,分摊面积--平方米,建筑面积,--平方米
项目楼栋情况,深铁懿府1栋,座号,B座,合同号,--,拟售价格,105545.71元/平方米(按建筑面积计)楼层,26,房号,2604,用途,住宅,,建筑面积121.43平方米,户内面积,89.51平方米,分摊面积,31.92平方米,户内面积,--平方米,分摊面积--平方米,建筑面积,--平方米
项目楼栋情况,深铁懿府1栋,座号,B座,合同号,--,拟售价格,106258.29元/平方米(按建筑面积计)楼层,25,房号,2501,用途,住宅,,建筑面积121.43平方米,户内面积,89.51平方米,分摊面积,31.92平方米,户内面积,--平方米,分摊面积--平方米,建筑面积,--平方米
项目楼栋情况,深铁懿府1栋,座号,B座,合同号,--,拟售价格,106472.53元/平方米(按建筑面积计)楼层,25,房号,2502,用途,住宅,,建筑面积100.52平方米,户内面积,74.09平方米,分摊面积,26.43平方米,户内面积,--平方米,分摊面积--平方米,建筑面积,--平方米
项目楼栋情况,深铁懿府1栋,座号,B座,合同号,--,拟售价格,107532.46元/平方米(按建筑面积计)楼层,25,房号,2503,用途,住宅,,建筑面积100.52平方米,户内面积,74.09平方米,分摊面积,26.43平方米,户内面积,--平方米,分摊面积--平方米,建筑面积,--平方米
项目楼栋情况,深铁懿府1栋,座号,B座,合同号,--,拟售价格,105245.71元/平方米(按建筑面积计)楼层,25,房号,2504,用途,住宅,,建筑面积121.43平方米,户内面积,89.51平方米,分摊面积,31.92平方米,户内面积,--平方米,分摊面积--平方米,建筑面积,--平方米
项目楼栋情况,深铁懿府1栋,座号,B座,合同号,--,拟售价格,104958.29元/平方米(按建筑面积计)楼层,24,房号,2401,用途,住宅,,建筑面积121.43平方米,户内面积,89.51平方米,分摊面积,31.92平方米,户内面积,--平方米,分摊面积--平方米,建筑面积,--平方米
项目楼栋情况,深铁懿府1栋,座号,B座,合同号,--,拟售价格,105172.53元/平方米(按建筑面积计)楼层,24,房号,2402,用途,住宅,,建筑面积100.52平方米,户内面积,74.09平方米,分摊面积,26.43平方米,户内面积,--平方米,分摊面积--平方米,建筑面积,--平方米
项目楼栋情况,深铁懿府1栋,座号,B座,合同号,--,拟售价格,106232.46元/平方米(按建筑面积计)楼层,24,房号,2403,用途,住宅,,建筑面积100.52平方米,户内面积,74.09平方米,分摊面积,26.43平方米,户内面积,--平方米,分摊面积--平方米,建筑面积,--平方米
项目楼栋情况,深铁懿府1栋,座号,B座,合同号,--,拟售价格,104245.71元/平方米(按建筑面积计)楼层,24,房号,2404,用途,住宅,,建筑面积121.43平方米,户内面积,89.51平方米,分摊面积,31.92平方米,户内面积,--平方米,分摊面积--平方米,建筑面积,--平方米
项目楼栋情况,深铁懿府1栋,座号,B座,合同号,--,拟售价格,103658.29元/平方米(按建筑面积计)楼层,23,房号,2301,用途,住宅,,建筑面积121.43平方米,户内面积,89.51平方米,分摊面积,31.92平方米,户内面积,--平方米,分摊面积--平方米,建筑面积,--平方米
项目楼栋情况,深铁懿府1栋,座号,B座,合同号,--,拟售价格,103872.53元/平方米(按建筑面积计)楼层,23,房号,2302,用途,住宅,,建筑面积100.52平方米,户内面积,74.09平方米,分摊面积,26.43平方米,户内面积,--平方米,分摊面积--平方米,建筑面积,--平方米
项目楼栋情况,深铁懿府1栋,座号,B座,合同号,--,拟售价格,104932.46元/平方米(按建筑面积计)楼层,23,房号,2303,用途,住宅,,建筑面积100.52平方米,户内面积,74.09平方米,分摊面积,26.43平方米,户内面积,--平方米,分摊面积--平方米,建筑面积,--平方米
项目楼栋情况,深铁懿府1栋,座号,B座,合同号,--,拟售价格,103245.71元/平方米(按建筑面积计)楼层,23,房号,2304,用途,住宅,,建筑面积121.43平方米,户内面积,89.51平方米,分摊面积,31.92平方米,户内面积,--平方米,分摊面积--平方米,建筑面积,--平方米
项目楼栋情况,深铁懿府1栋,座号,B座,合同号,--,拟售价格,102058.29元/平方米(按建筑面积计)楼层,22,房号,2201,用途,住宅,,建筑面积121.43平方米,户内面积,89.51平方米,分摊面积,31.92平方米,户内面积,--平方米,分摊面积--平方米,建筑面积,--平方米
项目楼栋情况,深铁懿府1栋,座号,B座,合同号,--,拟售价格,102572.53元/平方米(按建筑面积计)楼层,22,房号,2202,用途,住宅,,建筑面积100.52平方米,户内面积,74.09平方米,分摊面积,26.43平方米,户内面积,--平方米,分摊面积--平方米,建筑面积,--平方米
项目楼栋情况,深铁懿府1栋,座号,B座,合同号,--,拟售价格,103332.46元/平方米(按建筑面积计)楼层,22,房号,2203,用途,住宅,,建筑面积100.52平方米,户内面积,74.09平方米,分摊面积,26.43平方米,户内面积,--平方米,分摊面积--平方米,建筑面积,--平方米
项目楼栋情况,深铁懿府1栋,座号,B座,合同号,--,拟售价格,101945.71元/平方米(按建筑面积计)楼层,22,房号,2204,用途,住宅,,建筑面积121.43平方米,户内面积,89.51平方米,分摊面积,31.92平方米,户内面积,--平方米,分摊面积--平方米,建筑面积,--平方米
项目楼栋情况,深铁懿府1栋,座号,B座,合同号,--,拟售价格,101758.29元/平方米(按建筑面积计)楼层,21,房号,2101,用途,住宅,,建筑面积121.43平方米,户内面积,89.51平方米,分摊面积,31.92平方米,户内面积,--平方米,分摊面积--平方米,建筑面积,--平方米
项目楼栋情况,深铁懿府1栋,座号,B座,合同号,--,拟售价格,101972.53元/平方米(按建筑面积计)楼层,21,房号,2102,用途,住宅,,建筑面积100.52平方米,户内面积,74.09平方米,分摊面积,26.43平方米,户内面积,--平方米,分摊面积--平方米,建筑面积,--平方米
项目楼栋情况,深铁懿府1栋,座号,B座,合同号,--,拟售价格,102732.46元/平方米(按建筑面积计)楼层,21,房号,2103,用途,住宅,,建筑面积100.52平方米,户内面积,74.09平方米,分摊面积,26.43平方米,户内面积,--平方米,分摊面积--平方米,建筑面积,--平方米
项目楼栋情况,深铁懿府1栋,座号,B座,合同号,--,拟售价格,101645.71元/平方米(按建筑面积计)楼层,21,房号,2104,用途,住宅,,建筑面积121.43平方米,户内面积,89.51平方米,分摊面积,31.92平方米,户内面积,--平方米,分摊面积--平方米,建筑面积,--平方米
项目楼栋情况,深铁懿府1栋,座号,B座,合同号,--,拟售价格,101458.29元/平方米(按建筑面积计)楼层,20,房号,2001,用途,住宅,,建筑面积121.43平方米,户内面积,89.51平方米,分摊面积,31.92平方米,户内面积,--平方米,分摊面积--平方米,建筑面积,--平方米
项目楼栋情况,深铁懿府1栋,座号,B座,合同号,--,拟售价格,101272.53元/平方米(按建筑面积计)楼层,20,房号,2002,用途,住宅,,建筑面积100.52平方米,户内面积,74.09平方米,分摊面积,26.43平方米,户内面积,--平方米,分摊面积--平方米,建筑面积,--平方米
项目楼栋情况,深铁懿府1栋,座号,B座,合同号,--,拟售价格,102032.46元/平方米(按建筑面积计)楼层,20,房号,2003,用途,住宅,,建筑面积100.52平方米,户内面积,74.09平方米,分摊面积,26.43平方米,户内面积,--平方米,分摊面积--平方米,建筑面积,--平方米
项目楼栋情况,深铁懿府1栋,座号,B座,合同号,--,拟售价格,101345.71元/平方米(按建筑面积计)楼层,20,房号,2004,用途,住宅,,建筑面积121.43平方米,户内面积,89.51平方米,分摊面积,31.92平方米,户内面积,--平方米,分摊面积--平方米,建筑面积,--平方米
项目楼栋情况,深铁懿府1栋,座号,B座,合同号,--,拟售价格,101158.29元/平方米(按建筑面积计)楼层,19,房号,1901,用途,住宅,,建筑面积121.43平方米,户内面积,89.51平方米,分摊面积,31.92平方米,户内面积,--平方米,分摊面积--平方米,建筑面积,--平方米
项目楼栋情况,深铁懿府1栋,座号,B座,合同号,--,拟售价格,100972.53元/平方米(按建筑面积计)楼层,19,房号,1902,用途,住宅,,建筑面积100.52平方米,户内面积,74.09平方米,分摊面积,26.43平方米,户内面积,--平方米,分摊面积--平方米,建筑面积,--平方米
项目楼栋情况,深铁懿府1栋,座号,B座,合同号,--,拟售价格,101732.46元/平方米(按建筑面积计)楼层,19,房号,1903,用途,住宅,,建筑面积100.52平方米,户内面积,74.09平方米,分摊面积,26.43平方米,户内面积,--平方米,分摊面积--平方米,建筑面积,--平方米
项目楼栋情况,深铁懿府1栋,座号,B座,合同号,--,拟售价格,101045.71元/平方米(按建筑面积计)楼层,19,房号,1904,用途,住宅,,建筑面积121.43平方米,户内面积,89.51平方米,分摊面积,31.92平方米,户内面积,--平方米,分摊面积--平方米,建筑面积,--平方米
项目楼栋情况,深铁懿府1栋,座号,B座,合同号,--,拟售价格,100858.29元/平方米(按建筑面积计)楼层,18,房号,1801,用途,住宅,,建筑面积121.43平方米,户内面积,89.51平方米,分摊面积,31.92平方米,户内面积,--平方米,分摊面积--平方米,建筑面积,--平方米
项目楼栋情况,深铁懿府1栋,座号,B座,合同号,--,拟售价格,100672.53元/平方米(按建筑面积计)楼层,18,房号,1802,用途,住宅,,建筑面积100.52平方米,户内面积,74.09平方米,分摊面积,26.43平方米,户内面积,--平方米,分摊面积--平方米,建筑面积,--平方米
项目楼栋情况,深铁懿府1栋,座号,B座,合同号,--,拟售价格,101432.46元/平方米(按建筑面积计)楼层,18,房号,1803,用途,住宅,,建筑面积100.52平方米,户内面积,74.09平方米,分摊面积,26.43平方米,户内面积,--平方米,分摊面积--平方米,建筑面积,--平方米
项目楼栋情况,深铁懿府1栋,座号,B座,合同号,--,拟售价格,100745.71元/平方米(按建筑面积计)楼层,18,房号,1804,用途,住宅,,建筑面积121.43平方米,户内面积,89.51平方米,分摊面积,31.92平方米,户内面积,--平方米,分摊面积--平方米,建筑面积,--平方米
项目楼栋情况,深铁懿府1栋,座号,B座,合同号,--,拟售价格,100558.29元/平方米(按建筑面积计)楼层,17,房号,1701,用途,住宅,,建筑面积121.43平方米,户内面积,89.51平方米,分摊面积,31.92平方米,户内面积,--平方米,分摊面积--平方米,建筑面积,--平方米
项目楼栋情况,深铁懿府1栋,座号,B座,合同号,--,拟售价格,100372.53元/平方米(按建筑面积计)楼层,17,房号,1702,用途,住宅,,建筑面积100.52平方米,户内面积,74.09平方米,分摊面积,26.43平方米,户内面积,--平方米,分摊面积--平方米,建筑面积,--平方米
项目楼栋情况,深铁懿府1栋,座号,B座,合同号,--,拟售价格,101132.46元/平方米(按建筑面积计)楼层,17,房号,1703,用途,住宅,,建筑面积100.52平方米,户内面积,74.09平方米,分摊面积,26.43平方米,户内面积,--平方米,分摊面积--平方米,建筑面积,--平方米
项目楼栋情况,深铁懿府1栋,座号,B座,合同号,--,拟售价格,100445.71元/平方米(按建筑面积计)楼层,17,房号,1704,用途,住宅,,建筑面积121.43平方米,户内面积,89.51平方米,分摊面积,31.92平方米,户内面积,--平方米,分摊面积--平方米,建筑面积,--平方米
项目楼栋情况,深铁懿府1栋,座号,B座,合同号,--,拟售价格,100258.29元/平方米(按建筑面积计)楼层,16,房号,1601,用途,住宅,,建筑面积121.43平方米,户内面积,89.51平方米,分摊面积,31.92平方米,户内面积,--平方米,分摊面积--平方米,建筑面积,--平方米
项目楼栋情况,深铁懿府1栋,座号,B座,合同号,--,拟售价格,100072.53元/平方米(按建筑面积计)楼层,16,房号,1602,用途,住宅,,建筑面积100.52平方米,户内面积,74.09平方米,分摊面积,26.43平方米,户内面积,--平方米,分摊面积--平方米,建筑面积,--平方米
项目楼栋情况,深铁懿府1栋,座号,B座,合同号,--,拟售价格,100832.46元/平方米(按建筑面积计)楼层,16,房号,1603,用途,住宅,,建筑面积100.52平方米,户内面积,74.09平方米,分摊面积,26.43平方米,户内面积,--平方米,分摊面积--平方米,建筑面积,--平方米
项目楼栋情况,深铁懿府1栋,座号,B座,合同号,--,拟售价格,100145.71元/平方米(按建筑面积计)楼层,16,房号,1604,用途,住宅,,建筑面积121.43平方米,户内面积,89.51平方米,分摊面积,31.92平方米,户内面积,--平方米,分摊面积--平方米,建筑面积,--平方米
项目楼栋情况,深铁懿府1栋,座号,B座,合同号,--,拟售价格,99958.29元/平方米(按建筑面积计)楼层,15,房号,1501,用途,住宅,,建筑面积121.43平方米,户内面积,89.51平方米,分摊面积,31.92平方米,户内面积,--平方米,分摊面积--平方米,建筑面积,--平方米
项目楼栋情况,深铁懿府1栋,座号,B座,合同号,--,拟售价格,99772.53元/平方米(按建筑面积计)楼层,15,房号,1502,用途,住宅,,建筑面积100.52平方米,户内面积,74.09平方米,分摊面积,26.43平方米,户内面积,--平方米,分摊面积--平方米,建筑面积,--平方米
项目楼栋情况,深铁懿府1栋,座号,B座,合同号,--,拟售价格,100532.46元/平方米(按建筑面积计)楼层,15,房号,1503,用途,住宅,,建筑面积100.52平方米,户内面积,74.09平方米,分摊面积,26.43平方米,户内面积,--平方米,分摊面积--平方米,建筑面积,--平方米
项目楼栋情况,深铁懿府1栋,座号,B座,合同号,--,拟售价格,99845.71元/平方米(按建筑面积计)楼层,15,房号,1504,用途,住宅,,建筑面积121.43平方米,户内面积,89.51平方米,分摊面积,31.92平方米,户内面积,--平方米,分摊面积--平方米,建筑面积,--平方米
项目楼栋情况,深铁懿府1栋,座号,B座,合同号,--,拟售价格,99658.29元/平方米(按建筑面积计)楼层,14,房号,1401,用途,住宅,,建筑面积121.43平方米,户内面积,89.51平方米,分摊面积,31.92平方米,户内面积,--平方米,分摊面积--平方米,建筑面积,--平方米
项目楼栋情况,深铁懿府1栋,座号,B座,合同号,--,拟售价格,99472.53元/平方米(按建筑面积计)楼层,14,房号,1402,用途,住宅,,建筑面积100.52平方米,户内面积,74.09平方米,分摊面积,26.43平方米,户内面积,--平方米,分摊面积--平方米,建筑面积,--平方米
项目楼栋情况,深铁懿府1栋,座号,B座,合同号,--,拟售价格,100232.46元/平方米(按建筑面积计)楼层,14,房号,1403,用途,住宅,,建筑面积100.52平方米,户内面积,74.09平方米,分摊面积,26.43平方米,户内面积,--平方米,分摊面积--平方米,建筑面积,--平方米
项目楼栋情况,深铁懿府1栋,座号,B座,合同号,--,拟售价格,99545.71元/平方米(按建筑面积计)楼层,14,房号,1404,用途,住宅,,建筑面积121.43平方米,户内面积,89.51平方米,分摊面积,31.92平方米,户内面积,--平方米,分摊面积--平方米,建筑面积,--平方米
项目楼栋情况,深铁懿府1栋,座号,B座,合同号,--,拟售价格,99258.29元/平方米(按建筑面积计)楼层,12,房号,1201,用途,住宅,,建筑面积121.31平方米,户内面积,89.42平方米,分摊面积,31.89平方米,户内面积,--平方米,分摊面积--平方米,建筑面积,--平方米
项目楼栋情况,深铁懿府1栋,座号,B座,合同号,--,拟售价格,98372.53元/平方米(按建筑面积计)楼层,12,房号,1202,用途,住宅,,建筑面积100.23平方米,户内面积,73.88平方米,分摊面积,26.35平方米,户内面积,--平方米,分摊面积--平方米,建筑面积,--平方米
项目楼栋情况,深铁懿府1栋,座号,B座,合同号,--,拟售价格,99132.47元/平方米(按建筑面积计)楼层,12,房号,1203,用途,住宅,,建筑面积100.23平方米,户内面积,73.88平方米,分摊面积,26.35平方米,户内面积,--平方米,分摊面积--平方米,建筑面积,--平方米
项目楼栋情况,深铁懿府1栋,座号,B座,合同号,--,拟售价格,99145.71元/平方米(按建筑面积计)楼层,12,房号,1204,用途,住宅,,建筑面积121.31平方米,户内面积,89.42平方米,分摊面积,31.89平方米,户内面积,--平方米,分摊面积--平方米,建筑面积,--平方米
项目楼栋情况,深铁懿府1栋,座号,B座,合同号,--,拟售价格,98958.29元/平方米(按建筑面积计)楼层,11,房号,1101,用途,住宅,,建筑面积121.31平方米,户内面积,89.42平方米,分摊面积,31.89平方米,户内面积,--平方米,分摊面积--平方米,建筑面积,--平方米
项目楼栋情况,深铁懿府1栋,座号,B座,合同号,--,拟售价格,98072.53元/平方米(按建筑面积计)楼层,11,房号,1102,用途,住宅,,建筑面积100.23平方米,户内面积,73.88平方米,分摊面积,26.35平方米,户内面积,--平方米,分摊面积--平方米,建筑面积,--平方米
项目楼栋情况,深铁懿府1栋,座号,B座,合同号,--,拟售价格,98832.47元/平方米(按建筑面积计)楼层,11,房号,1103,用途,住宅,,建筑面积100.23平方米,户内面积,73.88平方米,分摊面积,26.35平方米,户内面积,--平方米,分摊面积--平方米,建筑面积,--平方米
项目楼栋情况,深铁懿府1栋,座号,B座,合同号,--,拟售价格,98845.71元/平方米(按建筑面积计)楼层,11,房号,1104,用途,住宅,,建筑面积121.31平方米,户内面积,89.42平方米,分摊面积,31.89平方米,户内面积,--平方米,分摊面积--平方米,建筑面积,--平方米
项目楼栋情况,深铁懿府1栋,座号,B座,合同号,--,拟售价格,98658.29元/平方米(按建筑面积计)楼层,10,房号,1001,用途,住宅,,建筑面积121.31平方米,户内面积,89.42平方米,分摊面积,31.89平方米,户内面积,--平方米,分摊面积--平方米,建筑面积,--平方米
项目楼栋情况,深铁懿府1栋,座号,B座,合同号,--,拟售价格,97772.53元/平方米(按建筑面积计)楼层,10,房号,1002,用途,住宅,,建筑面积100.23平方米,户内面积,73.88平方米,分摊面积,26.35平方米,户内面积,--平方米,分摊面积--平方米,建筑面积,--平方米
项目楼栋情况,深铁懿府1栋,座号,B座,合同号,--,拟售价格,98532.47元/平方米(按建筑面积计)楼层,10,房号,1003,用途,住宅,,建筑面积100.23平方米,户内面积,73.88平方米,分摊面积,26.35平方米,户内面积,--平方米,分摊面积--平方米,建筑面积,--平方米
项目楼栋情况,深铁懿府1栋,座号,B座,合同号,--,拟售价格,98545.71元/平方米(按建筑面积计)楼层,10,房号,1004,用途,住宅,,建筑面积121.31平方米,户内面积,89.42平方米,分摊面积,31.89平方米,户内面积,--平方米,分摊面积--平方米,建筑面积,--平方米
项目楼栋情况,深铁懿府1栋,座号,B座,合同号,--,拟售价格,98358.29元/平方米(按建筑面积计)楼层,9,房号,901,用途,住宅,,建筑面积121.31平方米,户内面积,89.42平方米,分摊面积,31.89平方米,户内面积,--平方米,分摊面积--平方米,建筑面积,--平方米
项目楼栋情况,深铁懿府1栋,座号,B座,合同号,--,拟售价格,97472.53元/平方米(按建筑面积计)楼层,9,房号,902,用途,住宅,,建筑面积100.23平方米,户内面积,73.88平方米,分摊面积,26.35平方米,户内面积,--平方米,分摊面积--平方米,建筑面积,--平方米
项目楼栋情况,深铁懿府1栋,座号,B座,合同号,--,拟售价格,98232.47元/平方米(按建筑面积计)楼层,9,房号,903,用途,住宅,,建筑面积100.23平方米,户内面积,73.88平方米,分摊面积,26.35平方米,户内面积,--平方米,分摊面积--平方米,建筑面积,--平方米
项目楼栋情况,深铁懿府1栋,座号,B座,合同号,--,拟售价格,98245.71元/平方米(按建筑面积计)楼层,9,房号,904,用途,住宅,,建筑面积121.31平方米,户内面积,89.42平方米,分摊面积,31.89平方米,户内面积,--平方米,分摊面积--平方米,建筑面积,--平方米
项目楼栋情况,深铁懿府1栋,座号,B座,合同号,--,拟售价格,97358.29元/平方米(按建筑面积计)楼层,8,房号,801,用途,住宅,,建筑面积121.31平方米,户内面积,89.42平方米,分摊面积,31.89平方米,户内面积,--平方米,分摊面积--平方米,建筑面积,--平方米
项目楼栋情况,深铁懿府1栋,座号,B座,合同号,--,拟售价格,97172.53元/平方米(按建筑面积计)楼层,8,房号,802,用途,住宅,,建筑面积100.23平方米,户内面积,73.88平方米,分摊面积,26.35平方米,户内面积,--平方米,分摊面积--平方米,建筑面积,--平方米
项目楼栋情况,深铁懿府1栋,座号,B座,合同号,--,拟售价格,97932.47元/平方米(按建筑面积计)楼层,8,房号,803,用途,住宅,,建筑面积100.23平方米,户内面积,73.88平方米,分摊面积,26.35平方米,户内面积,--平方米,分摊面积--平方米,建筑面积,--平方米
项目楼栋情况,深铁懿府1栋,座号,B座,合同号,--,拟售价格,97245.71元/平方米(按建筑面积计)楼层,8,房号,804,用途,住宅,,建筑面积121.31平方米,户内面积,89.42平方米,分摊面积,31.89平方米,户内面积,--平方米,分摊面积--平方米,建筑面积,--平方米
项目楼栋情况,深铁懿府1栋,座号,B座,合同号,--,拟售价格,96658.29元/平方米(按建筑面积计)楼层,7,房号,701,用途,住宅,,建筑面积121.2平方米,户内面积,89.34平方米,分摊面积,31.86平方米,户内面积,--平方米,分摊面积--平方米,建筑面积,--平方米
项目楼栋情况,深铁懿府1栋,座号,B座,合同号,--,拟售价格,96772.53元/平方米(按建筑面积计)楼层,7,房号,702,用途,住宅,,建筑面积100.23平方米,户内面积,73.88平方米,分摊面积,26.35平方米,户内面积,--平方米,分摊面积--平方米,建筑面积,--平方米
项目楼栋情况,深铁懿府1栋,座号,B座,合同号,--,拟售价格,97532.47元/平方米(按建筑面积计)楼层,7,房号,703,用途,住宅,,建筑面积100.23平方米,户内面积,73.88平方米,分摊面积,26.35平方米,户内面积,--平方米,分摊面积--平方米,建筑面积,--平方米
项目楼栋情况,深铁懿府1栋,座号,B座,合同号,--,拟售价格,96645.71元/平方米(按建筑面积计)楼层,7,房号,704,用途,住宅,,建筑面积121.2平方米,户内面积,89.34平方米,分摊面积,31.86平方米,户内面积,--平方米,分摊面积--平方米,建筑面积,--平方米
项目楼栋情况,深铁懿府1栋,座号,B座,合同号,--,拟售价格,95958.29元/平方米(按建筑面积计)楼层,6,房号,601,用途,住宅,,建筑面积121.2平方米,户内面积,89.34平方米,分摊面积,31.86平方米,户内面积,--平方米,分摊面积--平方米,建筑面积,--平方米
项目楼栋情况,深铁懿府1栋,座号,B座,合同号,--,拟售价格,94672.53元/平方米(按建筑面积计)楼层,6,房号,602,用途,住宅,,建筑面积100.23平方米,户内面积,73.88平方米,分摊面积,26.35平方米,户内面积,--平方米,分摊面积--平方米,建筑面积,--平方米
项目楼栋情况,深铁懿府1栋,座号,B座,合同号,--,拟售价格,95932.47元/平方米(按建筑面积计)楼层,6,房号,603,用途,住宅,,建筑面积100.23平方米,户内面积,73.88平方米,分摊面积,26.35平方米,户内面积,--平方米,分摊面积--平方米,建筑面积,--平方米
项目楼栋情况,深铁懿府1栋,座号,B座,合同号,--,拟售价格,96045.71元/平方米(按建筑面积计)楼层,6,房号,604,用途,住宅,,建筑面积121.2平方米,户内面积,89.34平方米,分摊面积,31.86平方米,户内面积,--平方米,分摊面积--平方米,建筑面积,--平方米
项目楼栋情况,深铁懿府1栋,座号,B座,合同号,--,拟售价格,93458.29元/平方米(按建筑面积计)楼层,5,房号,501,用途,住宅,,建筑面积121.2平方米,户内面积,89.34平方米,分摊面积,31.86平方米,户内面积,--平方米,分摊面积--平方米,建筑面积,--平方米
项目楼栋情况,深铁懿府1栋,座号,B座,合同号,--,拟售价格,90072.53元/平方米(按建筑面积计)楼层,5,房号,502,用途,住宅,,建筑面积100.23平方米,户内面积,73.88平方米,分摊面积,26.35平方米,户内面积,--平方米,分摊面积--平方米,建筑面积,--平方米
项目楼栋情况,深铁懿府1栋,座号,B座,合同号,--,拟售价格,90832.47元/平方米(按建筑面积计)楼层,5,房号,503,用途,住宅,,建筑面积100.23平方米,户内面积,73.88平方米,分摊面积,26.35平方米,户内面积,--平方米,分摊面积--平方米,建筑面积,--平方米
项目楼栋情况,深铁懿府1栋,座号,B座,合同号,--,拟售价格,93645.71元/平方米(按建筑面积计)楼层,5,房号,504,用途,住宅,,建筑面积121.2平方米,户内面积,89.34平方米,分摊面积,31.86平方米,户内面积,--平方米,分摊面积--平方米,建筑面积,--平方米
项目楼栋情况,深铁懿府1栋,座号,B座,合同号,--,拟售价格,89658.29元/平方米(按建筑面积计)楼层,4,房号,401,用途,住宅,,建筑面积121.2平方米,户内面积,89.34平方米,分摊面积,31.86平方米,户内面积,--平方米,分摊面积--平方米,建筑面积,--平方米
项目楼栋情况,深铁懿府1栋,座号,B座,合同号,--,拟售价格,89472.53元/平方米(按建筑面积计)楼层,4,房号,402,用途,住宅,,建筑面积100.23平方米,户内面积,73.88平方米,分摊面积,26.35平方米,户内面积,--平方米,分摊面积--平方米,建筑面积,--平方米
项目楼栋情况,深铁懿府1栋,座号,B座,合同号,--,拟售价格,89732.47元/平方米(按建筑面积计)楼层,4,房号,403,用途,住宅,,建筑面积100.23平方米,户内面积,73.88平方米,分摊面积,26.35平方米,户内面积,--平方米,分摊面积--平方米,建筑面积,--平方米
项目楼栋情况,深铁懿府1栋,座号,B座,合同号,--,拟售价格,90045.71元/平方米(按建筑面积计)楼层,4,房号,404,用途,住宅,,建筑面积121.2平方米,户内面积,89.34平方米,分摊面积,31.86平方米,户内面积,--平方米,分摊面积--平方米,建筑面积,--平方米
项目楼栋情况,深铁懿府1栋,座号,A座,合同号,--,拟售价格,116535.11元/平方米(按建筑面积计)楼层,43,房号,4301,用途,住宅,,建筑面积121.43平方米,户内面积,89.51平方米,分摊面积,31.92平方米,户内面积,--平方米,分摊面积--平方米,建筑面积,--平方米
项目楼栋情况,深铁懿府1栋,座号,A座,合同号,--,拟售价格,113391.08元/平方米(按建筑面积计)楼层,43,房号,4302,用途,住宅,,建筑面积100.52平方米,户内面积,74.09平方米,分摊面积,26.43平方米,户内面积,--平方米,分摊面积--平方米,建筑面积,--平方米
项目楼栋情况,深铁懿府1栋,座号,A座,合同号,--,拟售价格,114348.02元/平方米(按建筑面积计)楼层,43,房号,4303,用途,住宅,,建筑面积100.52平方米,户内面积,74.09平方米,分摊面积,26.43平方米,户内面积,--平方米,分摊面积--平方米,建筑面积,--平方米
项目楼栋情况,深铁懿府1栋,座号,A座,合同号,--,拟售价格,113636.76元/平方米(按建筑面积计)楼层,43,房号,4304,用途,住宅,,建筑面积121.43平方米,户内面积,89.51平方米,分摊面积,31.92平方米,户内面积,--平方米,分摊面积--平方米,建筑面积,--平方米
项目楼栋情况,深铁懿府1栋,座号,A座,合同号,--,拟售价格,117135.11元/平方米(按建筑面积计)楼层,42,房号,4201,用途,住宅,,建筑面积121.43平方米,户内面积,89.51平方米,分摊面积,31.92平方米,户内面积,--平方米,分摊面积--平方米,建筑面积,--平方米
项目楼栋情况,深铁懿府1栋,座号,A座,合同号,--,拟售价格,114491.08元/平方米(按建筑面积计)楼层,42,房号,4202,用途,住宅,,建筑面积100.52平方米,户内面积,74.09平方米,分摊面积,26.43平方米,户内面积,--平方米,分摊面积--平方米,建筑面积,--平方米
项目楼栋情况,深铁懿府1栋,座号,A座,合同号,--,拟售价格,115448.02元/平方米(按建筑面积计)楼层,42,房号,4203,用途,住宅,,建筑面积100.52平方米,户内面积,74.09平方米,分摊面积,26.43平方米,户内面积,--平方米,分摊面积--平方米,建筑面积,--平方米
项目楼栋情况,深铁懿府1栋,座号,A座,合同号,--,拟售价格,114236.76元/平方米(按建筑面积计)楼层,42,房号,4204,用途,住宅,,建筑面积121.43平方米,户内面积,89.51平方米,分摊面积,31.92平方米,户内面积,--平方米,分摊面积--平方米,建筑面积,--平方米
项目楼栋情况,深铁懿府1栋,座号,A座,合同号,--,拟售价格,116635.11元/平方米(按建筑面积计)楼层,41,房号,4101,用途,住宅,,建筑面积121.43平方米,户内面积,89.51平方米,分摊面积,31.92平方米,户内面积,--平方米,分摊面积--平方米,建筑面积,--平方米
项目楼栋情况,深铁懿府1栋,座号,A座,合同号,--,拟售价格,113991.08元/平方米(按建筑面积计)楼层,41,房号,4102,用途,住宅,,建筑面积100.52平方米,户内面积,74.09平方米,分摊面积,26.43平方米,户内面积,--平方米,分摊面积--平方米,建筑面积,--平方米
项目楼栋情况,深铁懿府1栋,座号,A座,合同号,--,拟售价格,114948.02元/平方米(按建筑面积计)楼层,41,房号,4103,用途,住宅,,建筑面积100.52平方米,户内面积,74.09平方米,分摊面积,26.43平方米,户内面积,--平方米,分摊面积--平方米,建筑面积,--平方米
项目楼栋情况,深铁懿府1栋,座号,A座,合同号,--,拟售价格,113736.76元/平方米(按建筑面积计)楼层,41,房号,4104,用途,住宅,,建筑面积121.43平方米,户内面积,89.51平方米,分摊面积,31.92平方米,户内面积,--平方米,分摊面积--平方米,建筑面积,--平方米
项目楼栋情况,深铁懿府1栋,座号,A座,合同号,--,拟售价格,116135.11元/平方米(按建筑面积计)楼层,40,房号,4001,用途,住宅,,建筑面积121.43平方米,户内面积,89.51平方米,分摊面积,31.92平方米,户内面积,--平方米,分摊面积--平方米,建筑面积,--平方米
项目楼栋情况,深铁懿府1栋,座号,A座,合同号,--,拟售价格,113491.08元/平方米(按建筑面积计)楼层,40,房号,4002,用途,住宅,,建筑面积100.52平方米,户内面积,74.09平方米,分摊面积,26.43平方米,户内面积,--平方米,分摊面积--平方米,建筑面积,--平方米
项目楼栋情况,深铁懿府1栋,座号,A座,合同号,--,拟售价格,114448.02元/平方米(按建筑面积计)楼层,40,房号,4003,用途,住宅,,建筑面积100.52平方米,户内面积,74.09平方米,分摊面积,26.43平方米,户内面积,--平方米,分摊面积--平方米,建筑面积,--平方米
项目楼栋情况,深铁懿府1栋,座号,A座,合同号,--,拟售价格,113236.76元/平方米(按建筑面积计)楼层,40,房号,4004,用途,住宅,,建筑面积121.43平方米,户内面积,89.51平方米,分摊面积,31.92平方米,户内面积,--平方米,分摊面积--平方米,建筑面积,--平方米
项目楼栋情况,深铁懿府1栋,座号,A座,合同号,--,拟售价格,115635.11元/平方米(按建筑面积计)楼层,39,房号,3901,用途,住宅,,建筑面积121.43平方米,户内面积,89.51平方米,分摊面积,31.92平方米,户内面积,--平方米,分摊面积--平方米,建筑面积,--平方米
项目楼栋情况,深铁懿府1栋,座号,A座,合同号,--,拟售价格,112991.08元/平方米(按建筑面积计)楼层,39,房号,3902,用途,住宅,,建筑面积100.52平方米,户内面积,74.09平方米,分摊面积,26.43平方米,户内面积,--平方米,分摊面积--平方米,建筑面积,--平方米
项目楼栋情况,深铁懿府1栋,座号,A座,合同号,--,拟售价格,113948.02元/平方米(按建筑面积计)楼层,39,房号,3903,用途,住宅,,建筑面积100.52平方米,户内面积,74.09平方米,分摊面积,26.43平方米,户内面积,--平方米,分摊面积--平方米,建筑面积,--平方米
项目楼栋情况,深铁懿府1栋,座号,A座,合同号,--,拟售价格,112736.76元/平方米(按建筑面积计)楼层,39,房号,3904,用途,住宅,,建筑面积121.43平方米,户内面积,89.51平方米,分摊面积,31.92平方米,户内面积,--平方米,分摊面积--平方米,建筑面积,--平方米
项目楼栋情况,深铁懿府1栋,座号,A座,合同号,--,拟售价格,115135.11元/平方米(按建筑面积计)楼层,38,房号,3801,用途,住宅,,建筑面积121.43平方米,户内面积,89.51平方米,分摊面积,31.92平方米,户内面积,--平方米,分摊面积--平方米,建筑面积,--平方米
项目楼栋情况,深铁懿府1栋,座号,A座,合同号,--,拟售价格,112491.08元/平方米(按建筑面积计)楼层,38,房号,3802,用途,住宅,,建筑面积100.52平方米,户内面积,74.09平方米,分摊面积,26.43平方米,户内面积,--平方米,分摊面积--平方米,建筑面积,--平方米
项目楼栋情况,深铁懿府1栋,座号,A座,合同号,--,拟售价格,113448.02元/平方米(按建筑面积计)楼层,38,房号,3803,用途,住宅,,建筑面积100.52平方米,户内面积,74.09平方米,分摊面积,26.43平方米,户内面积,--平方米,分摊面积--平方米,建筑面积,--平方米
项目楼栋情况,深铁懿府1栋,座号,A座,合同号,--,拟售价格,112236.76元/平方米(按建筑面积计)楼层,38,房号,3804,用途,住宅,,建筑面积121.43平方米,户内面积,89.51平方米,分摊面积,31.92平方米,户内面积,--平方米,分摊面积--平方米,建筑面积,--平方米
项目楼栋情况,深铁懿府1栋,座号,A座,合同号,--,拟售价格,114635.11元/平方米(按建筑面积计)楼层,37,房号,3701,用途,住宅,,建筑面积121.43平方米,户内面积,89.51平方米,分摊面积,31.92平方米,户内面积,--平方米,分摊面积--平方米,建筑面积,--平方米
项目楼栋情况,深铁懿府1栋,座号,A座,合同号,--,拟售价格,111991.08元/平方米(按建筑面积计)楼层,37,房号,3702,用途,住宅,,建筑面积100.52平方米,户内面积,74.09平方米,分摊面积,26.43平方米,户内面积,--平方米,分摊面积--平方米,建筑面积,--平方米
项目楼栋情况,深铁懿府1栋,座号,A座,合同号,--,拟售价格,112948.02元/平方米(按建筑面积计)楼层,37,房号,3703,用途,住宅,,建筑面积100.52平方米,户内面积,74.09平方米,分摊面积,26.43平方米,户内面积,--平方米,分摊面积--平方米,建筑面积,--平方米
项目楼栋情况,深铁懿府1栋,座号,A座,合同号,--,拟售价格,111736.76元/平方米(按建筑面积计)楼层,37,房号,3704,用途,住宅,,建筑面积121.43平方米,户内面积,89.51平方米,分摊面积,31.92平方米,户内面积,--平方米,分摊面积--平方米,建筑面积,--平方米
项目楼栋情况,深铁懿府1栋,座号,A座,合同号,--,拟售价格,114135.11元/平方米(按建筑面积计)楼层,36,房号,3601,用途,住宅,,建筑面积121.43平方米,户内面积,89.51平方米,分摊面积,31.92平方米,户内面积,--平方米,分摊面积--平方米,建筑面积,--平方米
项目楼栋情况,深铁懿府1栋,座号,A座,合同号,--,拟售价格,111491.08元/平方米(按建筑面积计)楼层,36,房号,3602,用途,住宅,,建筑面积100.52平方米,户内面积,74.09平方米,分摊面积,26.43平方米,户内面积,--平方米,分摊面积--平方米,建筑面积,--平方米
项目楼栋情况,深铁懿府1栋,座号,A座,合同号,--,拟售价格,112448.02元/平方米(按建筑面积计)楼层,36,房号,3603,用途,住宅,,建筑面积100.52平方米,户内面积,74.09平方米,分摊面积,26.43平方米,户内面积,--平方米,分摊面积--平方米,建筑面积,--平方米
项目楼栋情况,深铁懿府1栋,座号,A座,合同号,--,拟售价格,111236.76元/平方米(按建筑面积计)楼层,36,房号,3604,用途,住宅,,建筑面积121.43平方米,户内面积,89.51平方米,分摊面积,31.92平方米,户内面积,--平方米,分摊面积--平方米,建筑面积,--平方米
项目楼栋情况,深铁懿府1栋,座号,A座,合同号,--,拟售价格,113635.11元/平方米(按建筑面积计)楼层,35,房号,3501,用途,住宅,,建筑面积121.43平方米,户内面积,89.51平方米,分摊面积,31.92平方米,户内面积,--平方米,分摊面积--平方米,建筑面积,--平方米
项目楼栋情况,深铁懿府1栋,座号,A座,合同号,--,拟售价格,110991.08元/平方米(按建筑面积计)楼层,35,房号,3502,用途,住宅,,建筑面积100.52平方米,户内面积,74.09平方米,分摊面积,26.43平方米,户内面积,--平方米,分摊面积--平方米,建筑面积,--平方米
项目楼栋情况,深铁懿府1栋,座号,A座,合同号,--,拟售价格,111948.02元/平方米(按建筑面积计)楼层,35,房号,3503,用途,住宅,,建筑面积100.52平方米,户内面积,74.09平方米,分摊面积,26.43平方米,户内面积,--平方米,分摊面积--平方米,建筑面积,--平方米
项目楼栋情况,深铁懿府1栋,座号,A座,合同号,--,拟售价格,110736.76元/平方米(按建筑面积计)楼层,35,房号,3504,用途,住宅,,建筑面积121.43平方米,户内面积,89.51平方米,分摊面积,31.92平方米,户内面积,--平方米,分摊面积--平方米,建筑面积,--平方米
项目楼栋情况,深铁懿府1栋,座号,A座,合同号,--,拟售价格,113135.11元/平方米(按建筑面积计)楼层,34,房号,3401,用途,住宅,,建筑面积121.43平方米,户内面积,89.51平方米,分摊面积,31.92平方米,户内面积,--平方米,分摊面积--平方米,建筑面积,--平方米
项目楼栋情况,深铁懿府1栋,座号,A座,合同号,--,拟售价格,110491.08元/平方米(按建筑面积计)楼层,34,房号,3402,用途,住宅,,建筑面积100.52平方米,户内面积,74.09平方米,分摊面积,26.43平方米,户内面积,--平方米,分摊面积--平方米,建筑面积,--平方米
项目楼栋情况,深铁懿府1栋,座号,A座,合同号,--,拟售价格,111448.02元/平方米(按建筑面积计)楼层,34,房号,3403,用途,住宅,,建筑面积100.52平方米,户内面积,74.09平方米,分摊面积,26.43平方米,户内面积,--平方米,分摊面积--平方米,建筑面积,--平方米
项目楼栋情况,深铁懿府1栋,座号,A座,合同号,--,拟售价格,110236.76元/平方米(按建筑面积计)楼层,34,房号,3404,用途,住宅,,建筑面积121.43平方米,户内面积,89.51平方米,分摊面积,31.92平方米,户内面积,--平方米,分摊面积--平方米,建筑面积,--平方米
项目楼栋情况,深铁懿府1栋,座号,A座,合同号,--,拟售价格,112635.11元/平方米(按建筑面积计)楼层,33,房号,3301,用途,住宅,,建筑面积121.43平方米,户内面积,89.51平方米,分摊面积,31.92平方米,户内面积,--平方米,分摊面积--平方米,建筑面积,--平方米
项目楼栋情况,深铁懿府1栋,座号,A座,合同号,--,拟售价格,109991.08元/平方米(按建筑面积计)楼层,33,房号,3302,用途,住宅,,建筑面积100.52平方米,户内面积,74.09平方米,分摊面积,26.43平方米,户内面积,--平方米,分摊面积--平方米,建筑面积,--平方米
项目楼栋情况,深铁懿府1栋,座号,A座,合同号,--,拟售价格,110948.02元/平方米(按建筑面积计)楼层,33,房号,3303,用途,住宅,,建筑面积100.52平方米,户内面积,74.09平方米,分摊面积,26.43平方米,户内面积,--平方米,分摊面积--平方米,建筑面积,--平方米
项目楼栋情况,深铁懿府1栋,座号,A座,合同号,--,拟售价格,109736.76元/平方米(按建筑面积计)楼层,33,房号,3304,用途,住宅,,建筑面积121.43平方米,户内面积,89.51平方米,分摊面积,31.92平方米,户内面积,--平方米,分摊面积--平方米,建筑面积,--平方米
项目楼栋情况,深铁懿府1栋,座号,A座,合同号,--,拟售价格,112135.11元/平方米(按建筑面积计)楼层,32,房号,3201,用途,住宅,,建筑面积121.43平方米,户内面积,89.51平方米,分摊面积,31.92平方米,户内面积,--平方米,分摊面积--平方米,建筑面积,--平方米
项目楼栋情况,深铁懿府1栋,座号,A座,合同号,--,拟售价格,109491.08元/平方米(按建筑面积计)楼层,32,房号,3202,用途,住宅,,建筑面积100.52平方米,户内面积,74.09平方米,分摊面积,26.43平方米,户内面积,--平方米,分摊面积--平方米,建筑面积,--平方米
项目楼栋情况,深铁懿府1栋,座号,A座,合同号,--,拟售价格,110448.02元/平方米(按建筑面积计)楼层,32,房号,3203,用途,住宅,,建筑面积100.52平方米,户内面积,74.09平方米,分摊面积,26.43平方米,户内面积,--平方米,分摊面积--平方米,建筑面积,--平方米
项目楼栋情况,深铁懿府1栋,座号,A座,合同号,--,拟售价格,109236.76元/平方米(按建筑面积计)楼层,32,房号,3204,用途,住宅,,建筑面积121.43平方米,户内面积,89.51平方米,分摊面积,31.92平方米,户内面积,--平方米,分摊面积--平方米,建筑面积,--平方米
项目楼栋情况,深铁懿府1栋,座号,A座,合同号,--,拟售价格,111635.11元/平方米(按建筑面积计)楼层,31,房号,3101,用途,住宅,,建筑面积121.43平方米,户内面积,89.51平方米,分摊面积,31.92平方米,户内面积,--平方米,分摊面积--平方米,建筑面积,--平方米
项目楼栋情况,深铁懿府1栋,座号,A座,合同号,--,拟售价格,108991.08元/平方米(按建筑面积计)楼层,31,房号,3102,用途,住宅,,建筑面积100.52平方米,户内面积,74.09平方米,分摊面积,26.43平方米,户内面积,--平方米,分摊面积--平方米,建筑面积,--平方米
项目楼栋情况,深铁懿府1栋,座号,A座,合同号,--,拟售价格,109948.02元/平方米(按建筑面积计)楼层,31,房号,3103,用途,住宅,,建筑面积100.52平方米,户内面积,74.09平方米,分摊面积,26.43平方米,户内面积,--平方米,分摊面积--平方米,建筑面积,--平方米
项目楼栋情况,深铁懿府1栋,座号,A座,合同号,--,拟售价格,108736.76元/平方米(按建筑面积计)楼层,31,房号,3104,用途,住宅,,建筑面积121.43平方米,户内面积,89.51平方米,分摊面积,31.92平方米,户内面积,--平方米,分摊面积--平方米,建筑面积,--平方米
项目楼栋情况,深铁懿府1栋,座号,A座,合同号,--,拟售价格,111135.11元/平方米(按建筑面积计)楼层,30,房号,3001,用途,住宅,,建筑面积121.43平方米,户内面积,89.51平方米,分摊面积,31.92平方米,户内面积,--平方米,分摊面积--平方米,建筑面积,--平方米
项目楼栋情况,深铁懿府1栋,座号,A座,合同号,--,拟售价格,108491.08元/平方米(按建筑面积计)楼层,30,房号,3002,用途,住宅,,建筑面积100.52平方米,户内面积,74.09平方米,分摊面积,26.43平方米,户内面积,--平方米,分摊面积--平方米,建筑面积,--平方米
项目楼栋情况,深铁懿府1栋,座号,A座,合同号,--,拟售价格,109448.02元/平方米(按建筑面积计)楼层,30,房号,3003,用途,住宅,,建筑面积100.52平方米,户内面积,74.09平方米,分摊面积,26.43平方米,户内面积,--平方米,分摊面积--平方米,建筑面积,--平方米
项目楼栋情况,深铁懿府1栋,座号,A座,合同号,--,拟售价格,108236.76元/平方米(按建筑面积计)楼层,30,房号,3004,用途,住宅,,建筑面积121.43平方米,户内面积,89.51平方米,分摊面积,31.92平方米,户内面积,--平方米,分摊面积--平方米,建筑面积,--平方米
项目楼栋情况,深铁懿府1栋,座号,A座,合同号,--,拟售价格,110335.11元/平方米(按建筑面积计)楼层,28,房号,2801,用途,住宅,,建筑面积121.43平方米,户内面积,89.51平方米,分摊面积,31.92平方米,户内面积,--平方米,分摊面积--平方米,建筑面积,--平方米
项目楼栋情况,深铁懿府1栋,座号,A座,合同号,--,拟售价格,107391.08元/平方米(按建筑面积计)楼层,28,房号,2802,用途,住宅,,建筑面积100.52平方米,户内面积,74.09平方米,分摊面积,26.43平方米,户内面积,--平方米,分摊面积--平方米,建筑面积,--平方米
项目楼栋情况,深铁懿府1栋,座号,A座,合同号,--,拟售价格,108348.02元/平方米(按建筑面积计)楼层,28,房号,2803,用途,住宅,,建筑面积100.52平方米,户内面积,74.09平方米,分摊面积,26.43平方米,户内面积,--平方米,分摊面积--平方米,建筑面积,--平方米
项目楼栋情况,深铁懿府1栋,座号,A座,合同号,--,拟售价格,107436.76元/平方米(按建筑面积计)楼层,28,房号,2804,用途,住宅,,建筑面积121.43平方米,户内面积,89.51平方米,分摊面积,31.92平方米,户内面积,--平方米,分摊面积--平方米,建筑面积,--平方米
项目楼栋情况,深铁懿府1栋,座号,A座,合同号,--,拟售价格,109035.11元/平方米(按建筑面积计)楼层,27,房号,2701,用途,住宅,,建筑面积121.43平方米,户内面积,89.51平方米,分摊面积,31.92平方米,户内面积,--平方米,分摊面积--平方米,建筑面积,--平方米
项目楼栋情况,深铁懿府1栋,座号,A座,合同号,--,拟售价格,107091.08元/平方米(按建筑面积计)楼层,27,房号,2702,用途,住宅,,建筑面积100.52平方米,户内面积,74.09平方米,分摊面积,26.43平方米,户内面积,--平方米,分摊面积--平方米,建筑面积,--平方米
项目楼栋情况,深铁懿府1栋,座号,A座,合同号,--,拟售价格,108048.02元/平方米(按建筑面积计)楼层,27,房号,2703,用途,住宅,,建筑面积100.52平方米,户内面积,74.09平方米,分摊面积,26.43平方米,户内面积,--平方米,分摊面积--平方米,建筑面积,--平方米
项目楼栋情况,深铁懿府1栋,座号,A座,合同号,--,拟售价格,106136.76元/平方米(按建筑面积计)楼层,27,房号,2704,用途,住宅,,建筑面积121.43平方米,户内面积,89.51平方米,分摊面积,31.92平方米,户内面积,--平方米,分摊面积--平方米,建筑面积,--平方米
项目楼栋情况,深铁懿府1栋,座号,A座,合同号,--,拟售价格,108735.11元/平方米(按建筑面积计)楼层,26,房号,2601,用途,住宅,,建筑面积121.43平方米,户内面积,89.51平方米,分摊面积,31.92平方米,户内面积,--平方米,分摊面积--平方米,建筑面积,--平方米
项目楼栋情况,深铁懿府1栋,座号,A座,合同号,--,拟售价格,106791.08元/平方米(按建筑面积计)楼层,26,房号,2602,用途,住宅,,建筑面积100.52平方米,户内面积,74.09平方米,分摊面积,26.43平方米,户内面积,--平方米,分摊面积--平方米,建筑面积,--平方米
项目楼栋情况,深铁懿府1栋,座号,A座,合同号,--,拟售价格,107748.02元/平方米(按建筑面积计)楼层,26,房号,2603,用途,住宅,,建筑面积100.52平方米,户内面积,74.09平方米,分摊面积,26.43平方米,户内面积,--平方米,分摊面积--平方米,建筑面积,--平方米
项目楼栋情况,深铁懿府1栋,座号,A座,合同号,--,拟售价格,105836.76元/平方米(按建筑面积计)楼层,26,房号,2604,用途,住宅,,建筑面积121.43平方米,户内面积,89.51平方米,分摊面积,31.92平方米,户内面积,--平方米,分摊面积--平方米,建筑面积,--平方米
项目楼栋情况,深铁懿府1栋,座号,A座,合同号,--,拟售价格,107435.11元/平方米(按建筑面积计)楼层,25,房号,2501,用途,住宅,,建筑面积121.43平方米,户内面积,89.51平方米,分摊面积,31.92平方米,户内面积,--平方米,分摊面积--平方米,建筑面积,--平方米
项目楼栋情况,深铁懿府1栋,座号,A座,合同号,--,拟售价格,105491.08元/平方米(按建筑面积计)楼层,25,房号,2502,用途,住宅,,建筑面积100.52平方米,户内面积,74.09平方米,分摊面积,26.43平方米,户内面积,--平方米,分摊面积--平方米,建筑面积,--平方米
项目楼栋情况,深铁懿府1栋,座号,A座,合同号,--,拟售价格,106448.02元/平方米(按建筑面积计)楼层,25,房号,2503,用途,住宅,,建筑面积100.52平方米,户内面积,74.09平方米,分摊面积,26.43平方米,户内面积,--平方米,分摊面积--平方米,建筑面积,--平方米
项目楼栋情况,深铁懿府1栋,座号,A座,合同号,--,拟售价格,104836.76元/平方米(按建筑面积计)楼层,25,房号,2504,用途,住宅,,建筑面积121.43平方米,户内面积,89.51平方米,分摊面积,31.92平方米,户内面积,--平方米,分摊面积--平方米,建筑面积,--平方米
项目楼栋情况,深铁懿府1栋,座号,A座,合同号,--,拟售价格,106135.11元/平方米(按建筑面积计)楼层,24,房号,2401,用途,住宅,,建筑面积121.43平方米,户内面积,89.51平方米,分摊面积,31.92平方米,户内面积,--平方米,分摊面积--平方米,建筑面积,--平方米
项目楼栋情况,深铁懿府1栋,座号,A座,合同号,--,拟售价格,104191.08元/平方米(按建筑面积计)楼层,24,房号,2402,用途,住宅,,建筑面积100.52平方米,户内面积,74.09平方米,分摊面积,26.43平方米,户内面积,--平方米,分摊面积--平方米,建筑面积,--平方米
项目楼栋情况,深铁懿府1栋,座号,A座,合同号,--,拟售价格,105148.02元/平方米(按建筑面积计)楼层,24,房号,2403,用途,住宅,,建筑面积100.52平方米,户内面积,74.09平方米,分摊面积,26.43平方米,户内面积,--平方米,分摊面积--平方米,建筑面积,--平方米
项目楼栋情况,深铁懿府1栋,座号,A座,合同号,--,拟售价格,103836.76元/平方米(按建筑面积计)楼层,24,房号,2404,用途,住宅,,建筑面积121.43平方米,户内面积,89.51平方米,分摊面积,31.92平方米,户内面积,--平方米,分摊面积--平方米,建筑面积,--平方米
项目楼栋情况,深铁懿府1栋,座号,A座,合同号,--,拟售价格,104835.11元/平方米(按建筑面积计)楼层,23,房号,2301,用途,住宅,,建筑面积121.43平方米,户内面积,89.51平方米,分摊面积,31.92平方米,户内面积,--平方米,分摊面积--平方米,建筑面积,--平方米
项目楼栋情况,深铁懿府1栋,座号,A座,合同号,--,拟售价格,102691.08元/平方米(按建筑面积计)楼层,23,房号,2302,用途,住宅,,建筑面积100.52平方米,户内面积,74.09平方米,分摊面积,26.43平方米,户内面积,--平方米,分摊面积--平方米,建筑面积,--平方米
项目楼栋情况,深铁懿府1栋,座号,A座,合同号,--,拟售价格,103648.02元/平方米(按建筑面积计)楼层,23,房号,2303,用途,住宅,,建筑面积100.52平方米,户内面积,74.09平方米,分摊面积,26.43平方米,户内面积,--平方米,分摊面积--平方米,建筑面积,--平方米
项目楼栋情况,深铁懿府1栋,座号,A座,合同号,--,拟售价格,102836.76元/平方米(按建筑面积计)楼层,23,房号,2304,用途,住宅,,建筑面积121.43平方米,户内面积,89.51平方米,分摊面积,31.92平方米,户内面积,--平方米,分摊面积--平方米,建筑面积,--平方米
项目楼栋情况,深铁懿府1栋,座号,A座,合同号,--,拟售价格,104535.11元/平方米(按建筑面积计)楼层,22,房号,2201,用途,住宅,,建筑面积121.43平方米,户内面积,89.51平方米,分摊面积,31.92平方米,户内面积,--平方米,分摊面积--平方米,建筑面积,--平方米
项目楼栋情况,深铁懿府1栋,座号,A座,合同号,--,拟售价格,101991.08元/平方米(按建筑面积计)楼层,22,房号,2202,用途,住宅,,建筑面积100.52平方米,户内面积,74.09平方米,分摊面积,26.43平方米,户内面积,--平方米,分摊面积--平方米,建筑面积,--平方米
项目楼栋情况,深铁懿府1栋,座号,A座,合同号,--,拟售价格,102948.02元/平方米(按建筑面积计)楼层,22,房号,2203,用途,住宅,,建筑面积100.52平方米,户内面积,74.09平方米,分摊面积,26.43平方米,户内面积,--平方米,分摊面积--平方米,建筑面积,--平方米
项目楼栋情况,深铁懿府1栋,座号,A座,合同号,--,拟售价格,102536.76元/平方米(按建筑面积计)楼层,22,房号,2204,用途,住宅,,建筑面积121.43平方米,户内面积,89.51平方米,分摊面积,31.92平方米,户内面积,--平方米,分摊面积--平方米,建筑面积,--平方米
项目楼栋情况,深铁懿府1栋,座号,A座,合同号,--,拟售价格,104235.11元/平方米(按建筑面积计)楼层,21,房号,2101,用途,住宅,,建筑面积121.43平方米,户内面积,89.51平方米,分摊面积,31.92平方米,户内面积,--平方米,分摊面积--平方米,建筑面积,--平方米
项目楼栋情况,深铁懿府1栋,座号,A座,合同号,--,拟售价格,101691.08元/平方米(按建筑面积计)楼层,21,房号,2102,用途,住宅,,建筑面积100.52平方米,户内面积,74.09平方米,分摊面积,26.43平方米,户内面积,--平方米,分摊面积--平方米,建筑面积,--平方米
项目楼栋情况,深铁懿府1栋,座号,A座,合同号,--,拟售价格,102648.02元/平方米(按建筑面积计)楼层,21,房号,2103,用途,住宅,,建筑面积100.52平方米,户内面积,74.09平方米,分摊面积,26.43平方米,户内面积,--平方米,分摊面积--平方米,建筑面积,--平方米
项目楼栋情况,深铁懿府1栋,座号,A座,合同号,--,拟售价格,102236.76元/平方米(按建筑面积计)楼层,21,房号,2104,用途,住宅,,建筑面积121.43平方米,户内面积,89.51平方米,分摊面积,31.92平方米,户内面积,--平方米,分摊面积--平方米,建筑面积,--平方米
项目楼栋情况,深铁懿府1栋,座号,A座,合同号,--,拟售价格,103935.11元/平方米(按建筑面积计)楼层,20,房号,2001,用途,住宅,,建筑面积121.43平方米,户内面积,89.51平方米,分摊面积,31.92平方米,户内面积,--平方米,分摊面积--平方米,建筑面积,--平方米
项目楼栋情况,深铁懿府1栋,座号,A座,合同号,--,拟售价格,101191.08元/平方米(按建筑面积计)楼层,20,房号,2002,用途,住宅,,建筑面积100.52平方米,户内面积,74.09平方米,分摊面积,26.43平方米,户内面积,--平方米,分摊面积--平方米,建筑面积,--平方米
项目楼栋情况,深铁懿府1栋,座号,A座,合同号,--,拟售价格,102148.02元/平方米(按建筑面积计)楼层,20,房号,2003,用途,住宅,,建筑面积100.52平方米,户内面积,74.09平方米,分摊面积,26.43平方米,户内面积,--平方米,分摊面积--平方米,建筑面积,--平方米
项目楼栋情况,深铁懿府1栋,座号,A座,合同号,--,拟售价格,101936.76元/平方米(按建筑面积计)楼层,20,房号,2004,用途,住宅,,建筑面积121.43平方米,户内面积,89.51平方米,分摊面积,31.92平方米,户内面积,--平方米,分摊面积--平方米,建筑面积,--平方米
项目楼栋情况,深铁懿府1栋,座号,A座,合同号,--,拟售价格,103635.11元/平方米(按建筑面积计)楼层,19,房号,1901,用途,住宅,,建筑面积121.43平方米,户内面积,89.51平方米,分摊面积,31.92平方米,户内面积,--平方米,分摊面积--平方米,建筑面积,--平方米
项目楼栋情况,深铁懿府1栋,座号,A座,合同号,--,拟售价格,100891.08元/平方米(按建筑面积计)楼层,19,房号,1902,用途,住宅,,建筑面积100.52平方米,户内面积,74.09平方米,分摊面积,26.43平方米,户内面积,--平方米,分摊面积--平方米,建筑面积,--平方米
项目楼栋情况,深铁懿府1栋,座号,A座,合同号,--,拟售价格,101848.02元/平方米(按建筑面积计)楼层,19,房号,1903,用途,住宅,,建筑面积100.52平方米,户内面积,74.09平方米,分摊面积,26.43平方米,户内面积,--平方米,分摊面积--平方米,建筑面积,--平方米
项目楼栋情况,深铁懿府1栋,座号,A座,合同号,--,拟售价格,101636.76元/平方米(按建筑面积计)楼层,19,房号,1904,用途,住宅,,建筑面积121.43平方米,户内面积,89.51平方米,分摊面积,31.92平方米,户内面积,--平方米,分摊面积--平方米,建筑面积,--平方米
项目楼栋情况,深铁懿府1栋,座号,A座,合同号,--,拟售价格,103335.11元/平方米(按建筑面积计)楼层,18,房号,1801,用途,住宅,,建筑面积121.43平方米,户内面积,89.51平方米,分摊面积,31.92平方米,户内面积,--平方米,分摊面积--平方米,建筑面积,--平方米
项目楼栋情况,深铁懿府1栋,座号,A座,合同号,--,拟售价格,100591.08元/平方米(按建筑面积计)楼层,18,房号,1802,用途,住宅,,建筑面积100.52平方米,户内面积,74.09平方米,分摊面积,26.43平方米,户内面积,--平方米,分摊面积--平方米,建筑面积,--平方米
项目楼栋情况,深铁懿府1栋,座号,A座,合同号,--,拟售价格,101548.02元/平方米(按建筑面积计)楼层,18,房号,1803,用途,住宅,,建筑面积100.52平方米,户内面积,74.09平方米,分摊面积,26.43平方米,户内面积,--平方米,分摊面积--平方米,建筑面积,--平方米
项目楼栋情况,深铁懿府1栋,座号,A座,合同号,--,拟售价格,101336.76元/平方米(按建筑面积计)楼层,18,房号,1804,用途,住宅,,建筑面积121.43平方米,户内面积,89.51平方米,分摊面积,31.92平方米,户内面积,--平方米,分摊面积--平方米,建筑面积,--平方米
项目楼栋情况,深铁懿府1栋,座号,A座,合同号,--,拟售价格,103035.11元/平方米(按建筑面积计)楼层,17,房号,1701,用途,住宅,,建筑面积121.43平方米,户内面积,89.51平方米,分摊面积,31.92平方米,户内面积,--平方米,分摊面积--平方米,建筑面积,--平方米
项目楼栋情况,深铁懿府1栋,座号,A座,合同号,--,拟售价格,100291.08元/平方米(按建筑面积计)楼层,17,房号,1702,用途,住宅,,建筑面积100.52平方米,户内面积,74.09平方米,分摊面积,26.43平方米,户内面积,--平方米,分摊面积--平方米,建筑面积,--平方米
项目楼栋情况,深铁懿府1栋,座号,A座,合同号,--,拟售价格,101248.02元/平方米(按建筑面积计)楼层,17,房号,1703,用途,住宅,,建筑面积100.52平方米,户内面积,74.09平方米,分摊面积,26.43平方米,户内面积,--平方米,分摊面积--平方米,建筑面积,--平方米
项目楼栋情况,深铁懿府1栋,座号,A座,合同号,--,拟售价格,101036.76元/平方米(按建筑面积计)楼层,17,房号,1704,用途,住宅,,建筑面积121.43平方米,户内面积,89.51平方米,分摊面积,31.92平方米,户内面积,--平方米,分摊面积--平方米,建筑面积,--平方米
项目楼栋情况,深铁懿府1栋,座号,A座,合同号,--,拟售价格,102735.11元/平方米(按建筑面积计)楼层,16,房号,1601,用途,住宅,,建筑面积121.43平方米,户内面积,89.51平方米,分摊面积,31.92平方米,户内面积,--平方米,分摊面积--平方米,建筑面积,--平方米
项目楼栋情况,深铁懿府1栋,座号,A座,合同号,--,拟售价格,99991.08元/平方米(按建筑面积计)楼层,16,房号,1602,用途,住宅,,建筑面积100.52平方米,户内面积,74.09平方米,分摊面积,26.43平方米,户内面积,--平方米,分摊面积--平方米,建筑面积,--平方米
项目楼栋情况,深铁懿府1栋,座号,A座,合同号,--,拟售价格,100948.02元/平方米(按建筑面积计)楼层,16,房号,1603,用途,住宅,,建筑面积100.52平方米,户内面积,74.09平方米,分摊面积,26.43平方米,户内面积,--平方米,分摊面积--平方米,建筑面积,--平方米
项目楼栋情况,深铁懿府1栋,座号,A座,合同号,--,拟售价格,100736.76元/平方米(按建筑面积计)楼层,16,房号,1604,用途,住宅,,建筑面积121.43平方米,户内面积,89.51平方米,分摊面积,31.92平方米,户内面积,--平方米,分摊面积--平方米,建筑面积,--平方米
项目楼栋情况,深铁懿府1栋,座号,A座,合同号,--,拟售价格,102435.11元/平方米(按建筑面积计)楼层,15,房号,1501,用途,住宅,,建筑面积121.43平方米,户内面积,89.51平方米,分摊面积,31.92平方米,户内面积,--平方米,分摊面积--平方米,建筑面积,--平方米
项目楼栋情况,深铁懿府1栋,座号,A座,合同号,--,拟售价格,99691.08元/平方米(按建筑面积计)楼层,15,房号,1502,用途,住宅,,建筑面积100.52平方米,户内面积,74.09平方米,分摊面积,26.43平方米,户内面积,--平方米,分摊面积--平方米,建筑面积,--平方米
项目楼栋情况,深铁懿府1栋,座号,A座,合同号,--,拟售价格,100648.02元/平方米(按建筑面积计)楼层,15,房号,1503,用途,住宅,,建筑面积100.52平方米,户内面积,74.09平方米,分摊面积,26.43平方米,户内面积,--平方米,分摊面积--平方米,建筑面积,--平方米
项目楼栋情况,深铁懿府1栋,座号,A座,合同号,--,拟售价格,100436.76元/平方米(按建筑面积计)楼层,15,房号,1504,用途,住宅,,建筑面积121.43平方米,户内面积,89.51平方米,分摊面积,31.92平方米,户内面积,--平方米,分摊面积--平方米,建筑面积,--平方米
项目楼栋情况,深铁懿府1栋,座号,A座,合同号,--,拟售价格,102135.11元/平方米(按建筑面积计)楼层,14,房号,1401,用途,住宅,,建筑面积121.43平方米,户内面积,89.51平方米,分摊面积,31.92平方米,户内面积,--平方米,分摊面积--平方米,建筑面积,--平方米
项目楼栋情况,深铁懿府1栋,座号,A座,合同号,--,拟售价格,99391.08元/平方米(按建筑面积计)楼层,14,房号,1402,用途,住宅,,建筑面积100.52平方米,户内面积,74.09平方米,分摊面积,26.43平方米,户内面积,--平方米,分摊面积--平方米,建筑面积,--平方米
项目楼栋情况,深铁懿府1栋,座号,A座,合同号,--,拟售价格,100348.02元/平方米(按建筑面积计)楼层,14,房号,1403,用途,住宅,,建筑面积100.52平方米,户内面积,74.09平方米,分摊面积,26.43平方米,户内面积,--平方米,分摊面积--平方米,建筑面积,--平方米
项目楼栋情况,深铁懿府1栋,座号,A座,合同号,--,拟售价格,100136.76元/平方米(按建筑面积计)楼层,14,房号,1404,用途,住宅,,建筑面积121.43平方米,户内面积,89.51平方米,分摊面积,31.92平方米,户内面积,--平方米,分摊面积--平方米,建筑面积,--平方米
项目楼栋情况,深铁懿府1栋,座号,A座,合同号,--,拟售价格,101735.11元/平方米(按建筑面积计)楼层,12,房号,1201,用途,住宅,,建筑面积121.31平方米,户内面积,89.42平方米,分摊面积,31.89平方米,户内面积,--平方米,分摊面积--平方米,建筑面积,--平方米
项目楼栋情况,深铁懿府1栋,座号,A座,合同号,--,拟售价格,98591.07元/平方米(按建筑面积计)楼层,12,房号,1202,用途,住宅,,建筑面积100.23平方米,户内面积,73.88平方米,分摊面积,26.35平方米,户内面积,--平方米,分摊面积--平方米,建筑面积,--平方米
项目楼栋情况,深铁懿府1栋,座号,A座,合同号,--,拟售价格,99548.03元/平方米(按建筑面积计)楼层,12,房号,1203,用途,住宅,,建筑面积100.23平方米,户内面积,73.88平方米,分摊面积,26.35平方米,户内面积,--平方米,分摊面积--平方米,建筑面积,--平方米
项目楼栋情况,深铁懿府1栋,座号,A座,合同号,--,拟售价格,99736.77元/平方米(按建筑面积计)楼层,12,房号,1204,用途,住宅,,建筑面积121.31平方米,户内面积,89.42平方米,分摊面积,31.89平方米,户内面积,--平方米,分摊面积--平方米,建筑面积,--平方米
项目楼栋情况,深铁懿府1栋,座号,A座,合同号,--,拟售价格,101435.11元/平方米(按建筑面积计)楼层,11,房号,1101,用途,住宅,,建筑面积121.31平方米,户内面积,89.42平方米,分摊面积,31.89平方米,户内面积,--平方米,分摊面积--平方米,建筑面积,--平方米
项目楼栋情况,深铁懿府1栋,座号,A座,合同号,--,拟售价格,98291.07元/平方米(按建筑面积计)楼层,11,房号,1102,用途,住宅,,建筑面积100.23平方米,户内面积,73.88平方米,分摊面积,26.35平方米,户内面积,--平方米,分摊面积--平方米,建筑面积,--平方米
项目楼栋情况,深铁懿府1栋,座号,A座,合同号,--,拟售价格,99248.03元/平方米(按建筑面积计)楼层,11,房号,1103,用途,住宅,,建筑面积100.23平方米,户内面积,73.88平方米,分摊面积,26.35平方米,户内面积,--平方米,分摊面积--平方米,建筑面积,--平方米
项目楼栋情况,深铁懿府1栋,座号,A座,合同号,--,拟售价格,99436.77元/平方米(按建筑面积计)楼层,11,房号,1104,用途,住宅,,建筑面积121.31平方米,户内面积,89.42平方米,分摊面积,31.89平方米,户内面积,--平方米,分摊面积--平方米,建筑面积,--平方米
项目楼栋情况,深铁懿府1栋,座号,A座,合同号,--,拟售价格,101135.11元/平方米(按建筑面积计)楼层,10,房号,1001,用途,住宅,,建筑面积121.31平方米,户内面积,89.42平方米,分摊面积,31.89平方米,户内面积,--平方米,分摊面积--平方米,建筑面积,--平方米
项目楼栋情况,深铁懿府1栋,座号,A座,合同号,--,拟售价格,97991.07元/平方米(按建筑面积计)楼层,10,房号,1002,用途,住宅,,建筑面积100.23平方米,户内面积,73.88平方米,分摊面积,26.35平方米,户内面积,--平方米,分摊面积--平方米,建筑面积,--平方米
项目楼栋情况,深铁懿府1栋,座号,A座,合同号,--,拟售价格,98948.03元/平方米(按建筑面积计)楼层,10,房号,1003,用途,住宅,,建筑面积100.23平方米,户内面积,73.88平方米,分摊面积,26.35平方米,户内面积,--平方米,分摊面积--平方米,建筑面积,--平方米
项目楼栋情况,深铁懿府1栋,座号,A座,合同号,--,拟售价格,99136.77元/平方米(按建筑面积计)楼层,10,房号,1004,用途,住宅,,建筑面积121.31平方米,户内面积,89.42平方米,分摊面积,31.89平方米,户内面积,--平方米,分摊面积--平方米,建筑面积,--平方米
项目楼栋情况,深铁懿府1栋,座号,A座,合同号,--,拟售价格,100835.11元/平方米(按建筑面积计)楼层,9,房号,901,用途,住宅,,建筑面积121.31平方米,户内面积,89.42平方米,分摊面积,31.89平方米,户内面积,--平方米,分摊面积--平方米,建筑面积,--平方米
项目楼栋情况,深铁懿府1栋,座号,A座,合同号,--,拟售价格,97691.07元/平方米(按建筑面积计)楼层,9,房号,902,用途,住宅,,建筑面积100.23平方米,户内面积,73.88平方米,分摊面积,26.35平方米,户内面积,--平方米,分摊面积--平方米,建筑面积,--平方米
项目楼栋情况,深铁懿府1栋,座号,A座,合同号,--,拟售价格,98648.03元/平方米(按建筑面积计)楼层,9,房号,903,用途,住宅,,建筑面积100.23平方米,户内面积,73.88平方米,分摊面积,26.35平方米,户内面积,--平方米,分摊面积--平方米,建筑面积,--平方米
项目楼栋情况,深铁懿府1栋,座号,A座,合同号,--,拟售价格,98836.77元/平方米(按建筑面积计)楼层,9,房号,904,用途,住宅,,建筑面积121.31平方米,户内面积,89.42平方米,分摊面积,31.89平方米,户内面积,--平方米,分摊面积--平方米,建筑面积,--平方米
项目楼栋情况,深铁懿府1栋,座号,A座,合同号,--,拟售价格,100135.11元/平方米(按建筑面积计)楼层,8,房号,801,用途,住宅,,建筑面积121.31平方米,户内面积,89.42平方米,分摊面积,31.89平方米,户内面积,--平方米,分摊面积--平方米,建筑面积,--平方米
项目楼栋情况,深铁懿府1栋,座号,A座,合同号,--,拟售价格,97091.07元/平方米(按建筑面积计)楼层,8,房号,802,用途,住宅,,建筑面积100.23平方米,户内面积,73.88平方米,分摊面积,26.35平方米,户内面积,--平方米,分摊面积--平方米,建筑面积,--平方米
项目楼栋情况,深铁懿府1栋,座号,A座,合同号,--,拟售价格,98048.03元/平方米(按建筑面积计)楼层,8,房号,803,用途,住宅,,建筑面积100.23平方米,户内面积,73.88平方米,分摊面积,26.35平方米,户内面积,--平方米,分摊面积--平方米,建筑面积,--平方米
项目楼栋情况,深铁懿府1栋,座号,A座,合同号,--,拟售价格,98136.77元/平方米(按建筑面积计)楼层,8,房号,804,用途,住宅,,建筑面积121.31平方米,户内面积,89.42平方米,分摊面积,31.89平方米,户内面积,--平方米,分摊面积--平方米,建筑面积,--平方米
项目楼栋情况,深铁懿府1栋,座号,A座,合同号,--,拟售价格,100035.11元/平方米(按建筑面积计)楼层,7,房号,701,用途,住宅,,建筑面积121.2平方米,户内面积,89.34平方米,分摊面积,31.86平方米,户内面积,--平方米,分摊面积--平方米,建筑面积,--平方米
项目楼栋情况,深铁懿府1栋,座号,A座,合同号,--,拟售价格,96491.07元/平方米(按建筑面积计)楼层,7,房号,702,用途,住宅,,建筑面积100.23平方米,户内面积,73.88平方米,分摊面积,26.35平方米,户内面积,--平方米,分摊面积--平方米,建筑面积,--平方米
项目楼栋情况,深铁懿府1栋,座号,A座,合同号,--,拟售价格,97748.03元/平方米(按建筑面积计)楼层,7,房号,703,用途,住宅,,建筑面积100.23平方米,户内面积,73.88平方米,分摊面积,26.35平方米,户内面积,--平方米,分摊面积--平方米,建筑面积,--平方米
项目楼栋情况,深铁懿府1栋,座号,A座,合同号,--,拟售价格,98036.77元/平方米(按建筑面积计)楼层,7,房号,704,用途,住宅,,建筑面积121.2平方米,户内面积,89.34平方米,分摊面积,31.86平方米,户内面积,--平方米,分摊面积--平方米,建筑面积,--平方米
项目楼栋情况,深铁懿府1栋,座号,A座,合同号,--,拟售价格,99935.11元/平方米(按建筑面积计)楼层,6,房号,601,用途,住宅,,建筑面积121.2平方米,户内面积,89.34平方米,分摊面积,31.86平方米,户内面积,--平方米,分摊面积--平方米,建筑面积,--平方米
项目楼栋情况,深铁懿府1栋,座号,A座,合同号,--,拟售价格,94891.07元/平方米(按建筑面积计)楼层,6,房号,602,用途,住宅,,建筑面积100.23平方米,户内面积,73.88平方米,分摊面积,26.35平方米,户内面积,--平方米,分摊面积--平方米,建筑面积,--平方米
项目楼栋情况,深铁懿府1栋,座号,A座,合同号,--,拟售价格,95848.03元/平方米(按建筑面积计)楼层,6,房号,603,用途,住宅,,建筑面积100.23平方米,户内面积,73.88平方米,分摊面积,26.35平方米,户内面积,--平方米,分摊面积--平方米,建筑面积,--平方米
项目楼栋情况,深铁懿府1栋,座号,A座,合同号,--,拟售价格,97936.77元/平方米(按建筑面积计)楼层,6,房号,604,用途,住宅,,建筑面积121.2平方米,户内面积,89.34平方米,分摊面积,31.86平方米,户内面积,--平方米,分摊面积--平方米,建筑面积,--平方米
项目楼栋情况,深铁懿府1栋,座号,A座,合同号,--,拟售价格,99335.11元/平方米(按建筑面积计)楼层,5,房号,501,用途,住宅,,建筑面积121.2平方米,户内面积,89.34平方米,分摊面积,31.86平方米,户内面积,--平方米,分摊面积--平方米,建筑面积,--平方米
项目楼栋情况,深铁懿府1栋,座号,A座,合同号,--,拟售价格,90591.07元/平方米(按建筑面积计)楼层,5,房号,502,用途,住宅,,建筑面积100.23平方米,户内面积,73.88平方米,分摊面积,26.35平方米,户内面积,--平方米,分摊面积--平方米,建筑面积,--平方米
项目楼栋情况,深铁懿府1栋,座号,A座,合同号,--,拟售价格,91548.03元/平方米(按建筑面积计)楼层,5,房号,503,用途,住宅,,建筑面积100.23平方米,户内面积,73.88平方米,分摊面积,26.35平方米,户内面积,--平方米,分摊面积--平方米,建筑面积,--平方米
项目楼栋情况,深铁懿府1栋,座号,A座,合同号,--,拟售价格,97336.77元/平方米(按建筑面积计)楼层,5,房号,504,用途,住宅,,建筑面积121.2平方米,户内面积,89.34平方米,分摊面积,31.86平方米,户内面积,--平方米,分摊面积--平方米,建筑面积,--平方米
项目楼栋情况,深铁懿府1栋,座号,A座,合同号,--,拟售价格,99235.11元/平方米(按建筑面积计)楼层,4,房号,401,用途,住宅,,建筑面积121.2平方米,户内面积,89.34平方米,分摊面积,31.86平方米,户内面积,--平方米,分摊面积--平方米,建筑面积,--平方米
项目楼栋情况,深铁懿府1栋,座号,A座,合同号,--,拟售价格,88991.07元/平方米(按建筑面积计)楼层,4,房号,402,用途,住宅,,建筑面积100.23平方米,户内面积,73.88平方米,分摊面积,26.35平方米,户内面积,--平方米,分摊面积--平方米,建筑面积,--平方米
项目楼栋情况,深铁懿府1栋,座号,A座,合同号,--,拟售价格,89648.03元/平方米(按建筑面积计)楼层,4,房号,403,用途,住宅,,建筑面积100.23平方米,户内面积,73.88平方米,分摊面积,26.35平方米,户内面积,--平方米,分摊面积--平方米,建筑面积,--平方米
项目楼栋情况,深铁懿府1栋,座号,A座,合同号,--,拟售价格,96736.77元/平方米(按建筑面积计)楼层,4,房号,404,用途,住宅,,建筑面积121.2平方米,户内面积,89.34平方米,分摊面积,31.86平方米,户内面积,--平方米,分摊面积--平方米,建筑面积,--平方米
