项目楼栋情况,信城缙华府1栋,座号,--,合同号,--,拟售价格,105043.07元/平方米(按建筑面积计)楼层,1,房号,101,用途,商业,,建筑面积32.72平方米,户内面积,31.44平方米,分摊面积,1.28平方米,户内面积,--平方米,分摊面积--平方米,建筑面积,--平方米
项目楼栋情况,信城缙华府1栋,座号,--,合同号,--,拟售价格,105043.07元/平方米(按建筑面积计)楼层,1,房号,102,用途,商业,,建筑面积34.84平方米,户内面积,33.47平方米,分摊面积,1.37平方米,户内面积,--平方米,分摊面积--平方米,建筑面积,--平方米
项目楼栋情况,信城缙华府1栋,座号,--,合同号,--,拟售价格,105043.07元/平方米(按建筑面积计)楼层,1,房号,103,用途,商业,,建筑面积33.69平方米,户内面积,32.38平方米,分摊面积,1.31平方米,户内面积,--平方米,分摊面积--平方米,建筑面积,--平方米
项目楼栋情况,信城缙华府1栋,座号,--,合同号,--,拟售价格,103443.07元/平方米(按建筑面积计)楼层,1,房号,104,用途,商业,,建筑面积51.32平方米,户内面积,49.31平方米,分摊面积,2.01平方米,户内面积,--平方米,分摊面积--平方米,建筑面积,--平方米
项目楼栋情况,信城缙华府1栋,座号,--,合同号,--,拟售价格,105043.07元/平方米(按建筑面积计)楼层,1,房号,105,用途,商业,,建筑面积32.66平方米,户内面积,30.96平方米,分摊面积,1.7平方米,户内面积,--平方米,分摊面积--平方米,建筑面积,--平方米
项目楼栋情况,信城缙华府1栋,座号,--,合同号,--,拟售价格,105043.07元/平方米(按建筑面积计)楼层,1,房号,106,用途,商业,,建筑面积32.64平方米,户内面积,30.94平方米,分摊面积,1.7平方米,户内面积,--平方米,分摊面积--平方米,建筑面积,--平方米
项目楼栋情况,信城缙华府1栋,座号,--,合同号,--,拟售价格,103443.07元/平方米(按建筑面积计)楼层,1,房号,107,用途,商业,,建筑面积48.51平方米,户内面积,46.61平方米,分摊面积,1.9平方米,户内面积,--平方米,分摊面积--平方米,建筑面积,--平方米
项目楼栋情况,信城缙华府1栋,座号,--,合同号,--,拟售价格,105043.07元/平方米(按建筑面积计)楼层,1,房号,108,用途,商业,,建筑面积33.76平方米,户内面积,32.44平方米,分摊面积,1.32平方米,户内面积,--平方米,分摊面积--平方米,建筑面积,--平方米
项目楼栋情况,信城缙华府1栋,座号,--,合同号,--,拟售价格,103443.07元/平方米(按建筑面积计)楼层,1,房号,109,用途,商业,,建筑面积47.57平方米,户内面积,45.71平方米,分摊面积,1.86平方米,户内面积,--平方米,分摊面积--平方米,建筑面积,--平方米
项目楼栋情况,信城缙华府1栋,座号,--,合同号,--,拟售价格,103443.07元/平方米(按建筑面积计)楼层,1,房号,110,用途,商业,,建筑面积47.58平方米,户内面积,45.72平方米,分摊面积,1.86平方米,户内面积,--平方米,分摊面积--平方米,建筑面积,--平方米
项目楼栋情况,信城缙华府1栋,座号,--,合同号,--,拟售价格,105043.07元/平方米(按建筑面积计)楼层,1,房号,111,用途,商业,,建筑面积33.7平方米,户内面积,32.38平方米,分摊面积,1.32平方米,户内面积,--平方米,分摊面积--平方米,建筑面积,--平方米
项目楼栋情况,信城缙华府1栋,座号,--,合同号,--,拟售价格,103443.07元/平方米(按建筑面积计)楼层,1,房号,112,用途,商业,,建筑面积48.51平方米,户内面积,46.61平方米,分摊面积,1.9平方米,户内面积,--平方米,分摊面积--平方米,建筑面积,--平方米
项目楼栋情况,信城缙华府1栋,座号,--,合同号,--,拟售价格,105043.07元/平方米(按建筑面积计)楼层,1,房号,113,用途,商业,,建筑面积32.64平方米,户内面积,30.94平方米,分摊面积,1.7平方米,户内面积,--平方米,分摊面积--平方米,建筑面积,--平方米
项目楼栋情况,信城缙华府1栋,座号,--,合同号,--,拟售价格,105043.07元/平方米(按建筑面积计)楼层,1,房号,114,用途,商业,,建筑面积32.66平方米,户内面积,30.96平方米,分摊面积,1.7平方米,户内面积,--平方米,分摊面积--平方米,建筑面积,--平方米
项目楼栋情况,信城缙华府1栋,座号,--,合同号,--,拟售价格,103443.07元/平方米(按建筑面积计)楼层,1,房号,115,用途,商业,,建筑面积51.27平方米,户内面积,49.26平方米,分摊面积,2.01平方米,户内面积,--平方米,分摊面积--平方米,建筑面积,--平方米
项目楼栋情况,信城缙华府1栋,座号,--,合同号,--,拟售价格,105043.07元/平方米(按建筑面积计)楼层,1,房号,116,用途,商业,,建筑面积33.69平方米,户内面积,32.37平方米,分摊面积,1.32平方米,户内面积,--平方米,分摊面积--平方米,建筑面积,--平方米
项目楼栋情况,信城缙华府1栋,座号,--,合同号,--,拟售价格,105043.07元/平方米(按建筑面积计)楼层,1,房号,117,用途,商业,,建筑面积34.84平方米,户内面积,33.47平方米,分摊面积,1.37平方米,户内面积,--平方米,分摊面积--平方米,建筑面积,--平方米
项目楼栋情况,信城缙华府1栋,座号,二单元,合同号,--,拟售价格,64989元/平方米(按建筑面积计)楼层,33,房号,3301,用途,住宅,,建筑面积114.29平方米,户内面积,89.24平方米,分摊面积,25.05平方米,户内面积,--平方米,分摊面积--平方米,建筑面积,--平方米
项目楼栋情况,信城缙华府1栋,座号,二单元,合同号,--,拟售价格,61949.3元/平方米(按建筑面积计)楼层,33,房号,3302,用途,住宅,,建筑面积82平方米,户内面积,64.03平方米,分摊面积,17.97平方米,户内面积,--平方米,分摊面积--平方米,建筑面积,--平方米
项目楼栋情况,信城缙华府1栋,座号,二单元,合同号,--,拟售价格,61699.3元/平方米(按建筑面积计)楼层,33,房号,3303,用途,住宅,,建筑面积82平方米,户内面积,64.03平方米,分摊面积,17.97平方米,户内面积,--平方米,分摊面积--平方米,建筑面积,--平方米
项目楼栋情况,信城缙华府1栋,座号,二单元,合同号,--,拟售价格,65049元/平方米(按建筑面积计)楼层,33,房号,3304,用途,住宅,,建筑面积82平方米,户内面积,64.03平方米,分摊面积,17.97平方米,户内面积,--平方米,分摊面积--平方米,建筑面积,--平方米
项目楼栋情况,信城缙华府1栋,座号,二单元,合同号,--,拟售价格,65219元/平方米(按建筑面积计)楼层,33,房号,3305,用途,住宅,,建筑面积82平方米,户内面积,64.03平方米,分摊面积,17.97平方米,户内面积,--平方米,分摊面积--平方米,建筑面积,--平方米
项目楼栋情况,信城缙华府1栋,座号,二单元,合同号,--,拟售价格,65419元/平方米(按建筑面积计)楼层,32,房号,3201,用途,住宅,,建筑面积114.29平方米,户内面积,89.24平方米,分摊面积,25.05平方米,户内面积,--平方米,分摊面积--平方米,建筑面积,--平方米
项目楼栋情况,信城缙华府1栋,座号,二单元,合同号,--,拟售价格,62369.3元/平方米(按建筑面积计)楼层,32,房号,3202,用途,住宅,,建筑面积82平方米,户内面积,64.03平方米,分摊面积,17.97平方米,户内面积,--平方米,分摊面积--平方米,建筑面积,--平方米
项目楼栋情况,信城缙华府1栋,座号,二单元,合同号,--,拟售价格,62119.3元/平方米(按建筑面积计)楼层,32,房号,3203,用途,住宅,,建筑面积82平方米,户内面积,64.03平方米,分摊面积,17.97平方米,户内面积,--平方米,分摊面积--平方米,建筑面积,--平方米
项目楼栋情况,信城缙华府1栋,座号,二单元,合同号,--,拟售价格,65469元/平方米(按建筑面积计)楼层,32,房号,3204,用途,住宅,,建筑面积82平方米,户内面积,64.03平方米,分摊面积,17.97平方米,户内面积,--平方米,分摊面积--平方米,建筑面积,--平方米
项目楼栋情况,信城缙华府1栋,座号,二单元,合同号,--,拟售价格,65639元/平方米(按建筑面积计)楼层,32,房号,3205,用途,住宅,,建筑面积82平方米,户内面积,64.03平方米,分摊面积,17.97平方米,户内面积,--平方米,分摊面积--平方米,建筑面积,--平方米
项目楼栋情况,信城缙华府1栋,座号,二单元,合同号,--,拟售价格,65349元/平方米(按建筑面积计)楼层,31,房号,3101,用途,住宅,,建筑面积114.29平方米,户内面积,89.24平方米,分摊面积,25.05平方米,户内面积,--平方米,分摊面积--平方米,建筑面积,--平方米
项目楼栋情况,信城缙华府1栋,座号,二单元,合同号,--,拟售价格,62289.3元/平方米(按建筑面积计)楼层,31,房号,3102,用途,住宅,,建筑面积82平方米,户内面积,64.03平方米,分摊面积,17.97平方米,户内面积,--平方米,分摊面积--平方米,建筑面积,--平方米
项目楼栋情况,信城缙华府1栋,座号,二单元,合同号,--,拟售价格,62039.3元/平方米(按建筑面积计)楼层,31,房号,3103,用途,住宅,,建筑面积82平方米,户内面积,64.03平方米,分摊面积,17.97平方米,户内面积,--平方米,分摊面积--平方米,建筑面积,--平方米
项目楼栋情况,信城缙华府1栋,座号,二单元,合同号,--,拟售价格,65389元/平方米(按建筑面积计)楼层,31,房号,3104,用途,住宅,,建筑面积82平方米,户内面积,64.03平方米,分摊面积,17.97平方米,户内面积,--平方米,分摊面积--平方米,建筑面积,--平方米
项目楼栋情况,信城缙华府1栋,座号,二单元,合同号,--,拟售价格,65559元/平方米(按建筑面积计)楼层,31,房号,3105,用途,住宅,,建筑面积82平方米,户内面积,64.03平方米,分摊面积,17.97平方米,户内面积,--平方米,分摊面积--平方米,建筑面积,--平方米
项目楼栋情况,信城缙华府1栋,座号,二单元,合同号,--,拟售价格,65279元/平方米(按建筑面积计)楼层,30,房号,3001,用途,住宅,,建筑面积114.29平方米,户内面积,89.24平方米,分摊面积,25.05平方米,户内面积,--平方米,分摊面积--平方米,建筑面积,--平方米
项目楼栋情况,信城缙华府1栋,座号,二单元,合同号,--,拟售价格,62209.3元/平方米(按建筑面积计)楼层,30,房号,3002,用途,住宅,,建筑面积82平方米,户内面积,64.03平方米,分摊面积,17.97平方米,户内面积,--平方米,分摊面积--平方米,建筑面积,--平方米
项目楼栋情况,信城缙华府1栋,座号,二单元,合同号,--,拟售价格,61959.3元/平方米(按建筑面积计)楼层,30,房号,3003,用途,住宅,,建筑面积82平方米,户内面积,64.03平方米,分摊面积,17.97平方米,户内面积,--平方米,分摊面积--平方米,建筑面积,--平方米
项目楼栋情况,信城缙华府1栋,座号,二单元,合同号,--,拟售价格,65309元/平方米(按建筑面积计)楼层,30,房号,3004,用途,住宅,,建筑面积82平方米,户内面积,64.03平方米,分摊面积,17.97平方米,户内面积,--平方米,分摊面积--平方米,建筑面积,--平方米
项目楼栋情况,信城缙华府1栋,座号,二单元,合同号,--,拟售价格,65479元/平方米(按建筑面积计)楼层,30,房号,3005,用途,住宅,,建筑面积82平方米,户内面积,64.03平方米,分摊面积,17.97平方米,户内面积,--平方米,分摊面积--平方米,建筑面积,--平方米
项目楼栋情况,信城缙华府1栋,座号,二单元,合同号,--,拟售价格,65208.99元/平方米(按建筑面积计)楼层,29,房号,2901,用途,住宅,,建筑面积114.29平方米,户内面积,89.24平方米,分摊面积,25.05平方米,户内面积,--平方米,分摊面积--平方米,建筑面积,--平方米
项目楼栋情况,信城缙华府1栋,座号,二单元,合同号,--,拟售价格,62129.3元/平方米(按建筑面积计)楼层,29,房号,2902,用途,住宅,,建筑面积82平方米,户内面积,64.03平方米,分摊面积,17.97平方米,户内面积,--平方米,分摊面积--平方米,建筑面积,--平方米
项目楼栋情况,信城缙华府1栋,座号,二单元,合同号,--,拟售价格,61879.3元/平方米(按建筑面积计)楼层,29,房号,2903,用途,住宅,,建筑面积82平方米,户内面积,64.03平方米,分摊面积,17.97平方米,户内面积,--平方米,分摊面积--平方米,建筑面积,--平方米
项目楼栋情况,信城缙华府1栋,座号,二单元,合同号,--,拟售价格,65229元/平方米(按建筑面积计)楼层,29,房号,2904,用途,住宅,,建筑面积82平方米,户内面积,64.03平方米,分摊面积,17.97平方米,户内面积,--平方米,分摊面积--平方米,建筑面积,--平方米
项目楼栋情况,信城缙华府1栋,座号,二单元,合同号,--,拟售价格,65399元/平方米(按建筑面积计)楼层,29,房号,2905,用途,住宅,,建筑面积82平方米,户内面积,64.03平方米,分摊面积,17.97平方米,户内面积,--平方米,分摊面积--平方米,建筑面积,--平方米
项目楼栋情况,信城缙华府1栋,座号,二单元,合同号,--,拟售价格,65139元/平方米(按建筑面积计)楼层,28,房号,2801,用途,住宅,,建筑面积114.29平方米,户内面积,89.24平方米,分摊面积,25.05平方米,户内面积,--平方米,分摊面积--平方米,建筑面积,--平方米
项目楼栋情况,信城缙华府1栋,座号,二单元,合同号,--,拟售价格,62049.3元/平方米(按建筑面积计)楼层,28,房号,2802,用途,住宅,,建筑面积82平方米,户内面积,64.03平方米,分摊面积,17.97平方米,户内面积,--平方米,分摊面积--平方米,建筑面积,--平方米
项目楼栋情况,信城缙华府1栋,座号,二单元,合同号,--,拟售价格,61799.3元/平方米(按建筑面积计)楼层,28,房号,2803,用途,住宅,,建筑面积82平方米,户内面积,64.03平方米,分摊面积,17.97平方米,户内面积,--平方米,分摊面积--平方米,建筑面积,--平方米
项目楼栋情况,信城缙华府1栋,座号,二单元,合同号,--,拟售价格,65149元/平方米(按建筑面积计)楼层,28,房号,2804,用途,住宅,,建筑面积82平方米,户内面积,64.03平方米,分摊面积,17.97平方米,户内面积,--平方米,分摊面积--平方米,建筑面积,--平方米
项目楼栋情况,信城缙华府1栋,座号,二单元,合同号,--,拟售价格,65319元/平方米(按建筑面积计)楼层,28,房号,2805,用途,住宅,,建筑面积82平方米,户内面积,64.03平方米,分摊面积,17.97平方米,户内面积,--平方米,分摊面积--平方米,建筑面积,--平方米
项目楼栋情况,信城缙华府1栋,座号,二单元,合同号,--,拟售价格,65069元/平方米(按建筑面积计)楼层,27,房号,2701,用途,住宅,,建筑面积114.29平方米,户内面积,89.24平方米,分摊面积,25.05平方米,户内面积,--平方米,分摊面积--平方米,建筑面积,--平方米
项目楼栋情况,信城缙华府1栋,座号,二单元,合同号,--,拟售价格,61969.3元/平方米(按建筑面积计)楼层,27,房号,2702,用途,住宅,,建筑面积82平方米,户内面积,64.03平方米,分摊面积,17.97平方米,户内面积,--平方米,分摊面积--平方米,建筑面积,--平方米
项目楼栋情况,信城缙华府1栋,座号,二单元,合同号,--,拟售价格,61719.3元/平方米(按建筑面积计)楼层,27,房号,2703,用途,住宅,,建筑面积82平方米,户内面积,64.03平方米,分摊面积,17.97平方米,户内面积,--平方米,分摊面积--平方米,建筑面积,--平方米
项目楼栋情况,信城缙华府1栋,座号,二单元,合同号,--,拟售价格,65069元/平方米(按建筑面积计)楼层,27,房号,2704,用途,住宅,,建筑面积82平方米,户内面积,64.03平方米,分摊面积,17.97平方米,户内面积,--平方米,分摊面积--平方米,建筑面积,--平方米
项目楼栋情况,信城缙华府1栋,座号,二单元,合同号,--,拟售价格,65239元/平方米(按建筑面积计)楼层,27,房号,2705,用途,住宅,,建筑面积82平方米,户内面积,64.03平方米,分摊面积,17.97平方米,户内面积,--平方米,分摊面积--平方米,建筑面积,--平方米
项目楼栋情况,信城缙华府1栋,座号,二单元,合同号,--,拟售价格,64999元/平方米(按建筑面积计)楼层,26,房号,2601,用途,住宅,,建筑面积114.29平方米,户内面积,89.24平方米,分摊面积,25.05平方米,户内面积,--平方米,分摊面积--平方米,建筑面积,--平方米
项目楼栋情况,信城缙华府1栋,座号,二单元,合同号,--,拟售价格,61889.3元/平方米(按建筑面积计)楼层,26,房号,2602,用途,住宅,,建筑面积82平方米,户内面积,64.03平方米,分摊面积,17.97平方米,户内面积,--平方米,分摊面积--平方米,建筑面积,--平方米
项目楼栋情况,信城缙华府1栋,座号,二单元,合同号,--,拟售价格,61639.3元/平方米(按建筑面积计)楼层,26,房号,2603,用途,住宅,,建筑面积82平方米,户内面积,64.03平方米,分摊面积,17.97平方米,户内面积,--平方米,分摊面积--平方米,建筑面积,--平方米
项目楼栋情况,信城缙华府1栋,座号,二单元,合同号,--,拟售价格,64989元/平方米(按建筑面积计)楼层,26,房号,2604,用途,住宅,,建筑面积82平方米,户内面积,64.03平方米,分摊面积,17.97平方米,户内面积,--平方米,分摊面积--平方米,建筑面积,--平方米
项目楼栋情况,信城缙华府1栋,座号,二单元,合同号,--,拟售价格,65159元/平方米(按建筑面积计)楼层,26,房号,2605,用途,住宅,,建筑面积82平方米,户内面积,64.03平方米,分摊面积,17.97平方米,户内面积,--平方米,分摊面积--平方米,建筑面积,--平方米
项目楼栋情况,信城缙华府1栋,座号,二单元,合同号,--,拟售价格,64929元/平方米(按建筑面积计)楼层,25,房号,2501,用途,住宅,,建筑面积114.29平方米,户内面积,89.24平方米,分摊面积,25.05平方米,户内面积,--平方米,分摊面积--平方米,建筑面积,--平方米
项目楼栋情况,信城缙华府1栋,座号,二单元,合同号,--,拟售价格,61809.3元/平方米(按建筑面积计)楼层,25,房号,2502,用途,住宅,,建筑面积82平方米,户内面积,64.03平方米,分摊面积,17.97平方米,户内面积,--平方米,分摊面积--平方米,建筑面积,--平方米
项目楼栋情况,信城缙华府1栋,座号,二单元,合同号,--,拟售价格,61559.3元/平方米(按建筑面积计)楼层,25,房号,2503,用途,住宅,,建筑面积82平方米,户内面积,64.03平方米,分摊面积,17.97平方米,户内面积,--平方米,分摊面积--平方米,建筑面积,--平方米
项目楼栋情况,信城缙华府1栋,座号,二单元,合同号,--,拟售价格,64909元/平方米(按建筑面积计)楼层,25,房号,2504,用途,住宅,,建筑面积82平方米,户内面积,64.03平方米,分摊面积,17.97平方米,户内面积,--平方米,分摊面积--平方米,建筑面积,--平方米
项目楼栋情况,信城缙华府1栋,座号,二单元,合同号,--,拟售价格,65079元/平方米(按建筑面积计)楼层,25,房号,2505,用途,住宅,,建筑面积82平方米,户内面积,64.03平方米,分摊面积,17.97平方米,户内面积,--平方米,分摊面积--平方米,建筑面积,--平方米
项目楼栋情况,信城缙华府1栋,座号,二单元,合同号,--,拟售价格,64859元/平方米(按建筑面积计)楼层,24,房号,2401,用途,住宅,,建筑面积114.29平方米,户内面积,89.24平方米,分摊面积,25.05平方米,户内面积,--平方米,分摊面积--平方米,建筑面积,--平方米
项目楼栋情况,信城缙华府1栋,座号,二单元,合同号,--,拟售价格,61729.3元/平方米(按建筑面积计)楼层,24,房号,2402,用途,住宅,,建筑面积82平方米,户内面积,64.03平方米,分摊面积,17.97平方米,户内面积,--平方米,分摊面积--平方米,建筑面积,--平方米
项目楼栋情况,信城缙华府1栋,座号,二单元,合同号,--,拟售价格,61479.3元/平方米(按建筑面积计)楼层,24,房号,2403,用途,住宅,,建筑面积82平方米,户内面积,64.03平方米,分摊面积,17.97平方米,户内面积,--平方米,分摊面积--平方米,建筑面积,--平方米
项目楼栋情况,信城缙华府1栋,座号,二单元,合同号,--,拟售价格,64829元/平方米(按建筑面积计)楼层,24,房号,2404,用途,住宅,,建筑面积82平方米,户内面积,64.03平方米,分摊面积,17.97平方米,户内面积,--平方米,分摊面积--平方米,建筑面积,--平方米
项目楼栋情况,信城缙华府1栋,座号,二单元,合同号,--,拟售价格,64999元/平方米(按建筑面积计)楼层,24,房号,2405,用途,住宅,,建筑面积82平方米,户内面积,64.03平方米,分摊面积,17.97平方米,户内面积,--平方米,分摊面积--平方米,建筑面积,--平方米
项目楼栋情况,信城缙华府1栋,座号,二单元,合同号,--,拟售价格,64789元/平方米(按建筑面积计)楼层,23,房号,2301,用途,住宅,,建筑面积114.29平方米,户内面积,89.24平方米,分摊面积,25.05平方米,户内面积,--平方米,分摊面积--平方米,建筑面积,--平方米
项目楼栋情况,信城缙华府1栋,座号,二单元,合同号,--,拟售价格,61649.3元/平方米(按建筑面积计)楼层,23,房号,2302,用途,住宅,,建筑面积82平方米,户内面积,64.03平方米,分摊面积,17.97平方米,户内面积,--平方米,分摊面积--平方米,建筑面积,--平方米
项目楼栋情况,信城缙华府1栋,座号,二单元,合同号,--,拟售价格,61399.3元/平方米(按建筑面积计)楼层,23,房号,2303,用途,住宅,,建筑面积82平方米,户内面积,64.03平方米,分摊面积,17.97平方米,户内面积,--平方米,分摊面积--平方米,建筑面积,--平方米
项目楼栋情况,信城缙华府1栋,座号,二单元,合同号,--,拟售价格,64749元/平方米(按建筑面积计)楼层,23,房号,2304,用途,住宅,,建筑面积82平方米,户内面积,64.03平方米,分摊面积,17.97平方米,户内面积,--平方米,分摊面积--平方米,建筑面积,--平方米
项目楼栋情况,信城缙华府1栋,座号,二单元,合同号,--,拟售价格,64919元/平方米(按建筑面积计)楼层,23,房号,2305,用途,住宅,,建筑面积82平方米,户内面积,64.03平方米,分摊面积,17.97平方米,户内面积,--平方米,分摊面积--平方米,建筑面积,--平方米
项目楼栋情况,信城缙华府1栋,座号,二单元,合同号,--,拟售价格,64719元/平方米(按建筑面积计)楼层,22,房号,2201,用途,住宅,,建筑面积114.29平方米,户内面积,89.24平方米,分摊面积,25.05平方米,户内面积,--平方米,分摊面积--平方米,建筑面积,--平方米
项目楼栋情况,信城缙华府1栋,座号,二单元,合同号,--,拟售价格,61569.3元/平方米(按建筑面积计)楼层,22,房号,2202,用途,住宅,,建筑面积82平方米,户内面积,64.03平方米,分摊面积,17.97平方米,户内面积,--平方米,分摊面积--平方米,建筑面积,--平方米
项目楼栋情况,信城缙华府1栋,座号,二单元,合同号,--,拟售价格,61319.3元/平方米(按建筑面积计)楼层,22,房号,2203,用途,住宅,,建筑面积82平方米,户内面积,64.03平方米,分摊面积,17.97平方米,户内面积,--平方米,分摊面积--平方米,建筑面积,--平方米
项目楼栋情况,信城缙华府1栋,座号,二单元,合同号,--,拟售价格,64669元/平方米(按建筑面积计)楼层,22,房号,2204,用途,住宅,,建筑面积82平方米,户内面积,64.03平方米,分摊面积,17.97平方米,户内面积,--平方米,分摊面积--平方米,建筑面积,--平方米
项目楼栋情况,信城缙华府1栋,座号,二单元,合同号,--,拟售价格,64839元/平方米(按建筑面积计)楼层,22,房号,2205,用途,住宅,,建筑面积82平方米,户内面积,64.03平方米,分摊面积,17.97平方米,户内面积,--平方米,分摊面积--平方米,建筑面积,--平方米
项目楼栋情况,信城缙华府1栋,座号,二单元,合同号,--,拟售价格,64649元/平方米(按建筑面积计)楼层,21,房号,2101,用途,住宅,,建筑面积114.29平方米,户内面积,89.24平方米,分摊面积,25.05平方米,户内面积,--平方米,分摊面积--平方米,建筑面积,--平方米
项目楼栋情况,信城缙华府1栋,座号,二单元,合同号,--,拟售价格,61489.3元/平方米(按建筑面积计)楼层,21,房号,2102,用途,住宅,,建筑面积82平方米,户内面积,64.03平方米,分摊面积,17.97平方米,户内面积,--平方米,分摊面积--平方米,建筑面积,--平方米
项目楼栋情况,信城缙华府1栋,座号,二单元,合同号,--,拟售价格,61239.3元/平方米(按建筑面积计)楼层,21,房号,2103,用途,住宅,,建筑面积82平方米,户内面积,64.03平方米,分摊面积,17.97平方米,户内面积,--平方米,分摊面积--平方米,建筑面积,--平方米
项目楼栋情况,信城缙华府1栋,座号,二单元,合同号,--,拟售价格,64589元/平方米(按建筑面积计)楼层,21,房号,2104,用途,住宅,,建筑面积82平方米,户内面积,64.03平方米,分摊面积,17.97平方米,户内面积,--平方米,分摊面积--平方米,建筑面积,--平方米
项目楼栋情况,信城缙华府1栋,座号,二单元,合同号,--,拟售价格,64759元/平方米(按建筑面积计)楼层,21,房号,2105,用途,住宅,,建筑面积82平方米,户内面积,64.03平方米,分摊面积,17.97平方米,户内面积,--平方米,分摊面积--平方米,建筑面积,--平方米
项目楼栋情况,信城缙华府1栋,座号,二单元,合同号,--,拟售价格,64579元/平方米(按建筑面积计)楼层,20,房号,2001,用途,住宅,,建筑面积114.29平方米,户内面积,89.24平方米,分摊面积,25.05平方米,户内面积,--平方米,分摊面积--平方米,建筑面积,--平方米
项目楼栋情况,信城缙华府1栋,座号,二单元,合同号,--,拟售价格,61409.3元/平方米(按建筑面积计)楼层,20,房号,2002,用途,住宅,,建筑面积82平方米,户内面积,64.03平方米,分摊面积,17.97平方米,户内面积,--平方米,分摊面积--平方米,建筑面积,--平方米
项目楼栋情况,信城缙华府1栋,座号,二单元,合同号,--,拟售价格,61159.3元/平方米(按建筑面积计)楼层,20,房号,2003,用途,住宅,,建筑面积82平方米,户内面积,64.03平方米,分摊面积,17.97平方米,户内面积,--平方米,分摊面积--平方米,建筑面积,--平方米
项目楼栋情况,信城缙华府1栋,座号,二单元,合同号,--,拟售价格,64509元/平方米(按建筑面积计)楼层,20,房号,2004,用途,住宅,,建筑面积82平方米,户内面积,64.03平方米,分摊面积,17.97平方米,户内面积,--平方米,分摊面积--平方米,建筑面积,--平方米
项目楼栋情况,信城缙华府1栋,座号,二单元,合同号,--,拟售价格,64679元/平方米(按建筑面积计)楼层,20,房号,2005,用途,住宅,,建筑面积82平方米,户内面积,64.03平方米,分摊面积,17.97平方米,户内面积,--平方米,分摊面积--平方米,建筑面积,--平方米
项目楼栋情况,信城缙华府1栋,座号,二单元,合同号,--,拟售价格,64508.99元/平方米(按建筑面积计)楼层,19,房号,1901,用途,住宅,,建筑面积114.29平方米,户内面积,89.24平方米,分摊面积,25.05平方米,户内面积,--平方米,分摊面积--平方米,建筑面积,--平方米
项目楼栋情况,信城缙华府1栋,座号,二单元,合同号,--,拟售价格,61329.3元/平方米(按建筑面积计)楼层,19,房号,1902,用途,住宅,,建筑面积82平方米,户内面积,64.03平方米,分摊面积,17.97平方米,户内面积,--平方米,分摊面积--平方米,建筑面积,--平方米
项目楼栋情况,信城缙华府1栋,座号,二单元,合同号,--,拟售价格,61079.3元/平方米(按建筑面积计)楼层,19,房号,1903,用途,住宅,,建筑面积82平方米,户内面积,64.03平方米,分摊面积,17.97平方米,户内面积,--平方米,分摊面积--平方米,建筑面积,--平方米
项目楼栋情况,信城缙华府1栋,座号,二单元,合同号,--,拟售价格,64429元/平方米(按建筑面积计)楼层,19,房号,1904,用途,住宅,,建筑面积82平方米,户内面积,64.03平方米,分摊面积,17.97平方米,户内面积,--平方米,分摊面积--平方米,建筑面积,--平方米
项目楼栋情况,信城缙华府1栋,座号,二单元,合同号,--,拟售价格,64599元/平方米(按建筑面积计)楼层,19,房号,1905,用途,住宅,,建筑面积82平方米,户内面积,64.03平方米,分摊面积,17.97平方米,户内面积,--平方米,分摊面积--平方米,建筑面积,--平方米
项目楼栋情况,信城缙华府1栋,座号,二单元,合同号,--,拟售价格,64439元/平方米(按建筑面积计)楼层,18,房号,1801,用途,住宅,,建筑面积114.29平方米,户内面积,89.24平方米,分摊面积,25.05平方米,户内面积,--平方米,分摊面积--平方米,建筑面积,--平方米
项目楼栋情况,信城缙华府1栋,座号,二单元,合同号,--,拟售价格,61249.3元/平方米(按建筑面积计)楼层,18,房号,1802,用途,住宅,,建筑面积82平方米,户内面积,64.03平方米,分摊面积,17.97平方米,户内面积,--平方米,分摊面积--平方米,建筑面积,--平方米
项目楼栋情况,信城缙华府1栋,座号,二单元,合同号,--,拟售价格,60999.3元/平方米(按建筑面积计)楼层,18,房号,1803,用途,住宅,,建筑面积82平方米,户内面积,64.03平方米,分摊面积,17.97平方米,户内面积,--平方米,分摊面积--平方米,建筑面积,--平方米
项目楼栋情况,信城缙华府1栋,座号,二单元,合同号,--,拟售价格,64349元/平方米(按建筑面积计)楼层,18,房号,1804,用途,住宅,,建筑面积82平方米,户内面积,64.03平方米,分摊面积,17.97平方米,户内面积,--平方米,分摊面积--平方米,建筑面积,--平方米
项目楼栋情况,信城缙华府1栋,座号,二单元,合同号,--,拟售价格,64519元/平方米(按建筑面积计)楼层,18,房号,1805,用途,住宅,,建筑面积82平方米,户内面积,64.03平方米,分摊面积,17.97平方米,户内面积,--平方米,分摊面积--平方米,建筑面积,--平方米
项目楼栋情况,信城缙华府1栋,座号,二单元,合同号,--,拟售价格,64369元/平方米(按建筑面积计)楼层,17,房号,1701,用途,住宅,,建筑面积114.29平方米,户内面积,89.24平方米,分摊面积,25.05平方米,户内面积,--平方米,分摊面积--平方米,建筑面积,--平方米
项目楼栋情况,信城缙华府1栋,座号,二单元,合同号,--,拟售价格,61169.3元/平方米(按建筑面积计)楼层,17,房号,1702,用途,住宅,,建筑面积82平方米,户内面积,64.03平方米,分摊面积,17.97平方米,户内面积,--平方米,分摊面积--平方米,建筑面积,--平方米
项目楼栋情况,信城缙华府1栋,座号,二单元,合同号,--,拟售价格,60919.3元/平方米(按建筑面积计)楼层,17,房号,1703,用途,住宅,,建筑面积82平方米,户内面积,64.03平方米,分摊面积,17.97平方米,户内面积,--平方米,分摊面积--平方米,建筑面积,--平方米
项目楼栋情况,信城缙华府1栋,座号,二单元,合同号,--,拟售价格,64269元/平方米(按建筑面积计)楼层,17,房号,1704,用途,住宅,,建筑面积82平方米,户内面积,64.03平方米,分摊面积,17.97平方米,户内面积,--平方米,分摊面积--平方米,建筑面积,--平方米
项目楼栋情况,信城缙华府1栋,座号,二单元,合同号,--,拟售价格,64439元/平方米(按建筑面积计)楼层,17,房号,1705,用途,住宅,,建筑面积82平方米,户内面积,64.03平方米,分摊面积,17.97平方米,户内面积,--平方米,分摊面积--平方米,建筑面积,--平方米
项目楼栋情况,信城缙华府1栋,座号,二单元,合同号,--,拟售价格,64299元/平方米(按建筑面积计)楼层,16,房号,1601,用途,住宅,,建筑面积114.29平方米,户内面积,89.24平方米,分摊面积,25.05平方米,户内面积,--平方米,分摊面积--平方米,建筑面积,--平方米
项目楼栋情况,信城缙华府1栋,座号,二单元,合同号,--,拟售价格,61089.3元/平方米(按建筑面积计)楼层,16,房号,1602,用途,住宅,,建筑面积82平方米,户内面积,64.03平方米,分摊面积,17.97平方米,户内面积,--平方米,分摊面积--平方米,建筑面积,--平方米
项目楼栋情况,信城缙华府1栋,座号,二单元,合同号,--,拟售价格,60839.3元/平方米(按建筑面积计)楼层,16,房号,1603,用途,住宅,,建筑面积82平方米,户内面积,64.03平方米,分摊面积,17.97平方米,户内面积,--平方米,分摊面积--平方米,建筑面积,--平方米
项目楼栋情况,信城缙华府1栋,座号,二单元,合同号,--,拟售价格,64189元/平方米(按建筑面积计)楼层,16,房号,1604,用途,住宅,,建筑面积82平方米,户内面积,64.03平方米,分摊面积,17.97平方米,户内面积,--平方米,分摊面积--平方米,建筑面积,--平方米
项目楼栋情况,信城缙华府1栋,座号,二单元,合同号,--,拟售价格,64359元/平方米(按建筑面积计)楼层,16,房号,1605,用途,住宅,,建筑面积82平方米,户内面积,64.03平方米,分摊面积,17.97平方米,户内面积,--平方米,分摊面积--平方米,建筑面积,--平方米
项目楼栋情况,信城缙华府1栋,座号,二单元,合同号,--,拟售价格,64229元/平方米(按建筑面积计)楼层,15,房号,1501,用途,住宅,,建筑面积114.29平方米,户内面积,89.24平方米,分摊面积,25.05平方米,户内面积,--平方米,分摊面积--平方米,建筑面积,--平方米
项目楼栋情况,信城缙华府1栋,座号,二单元,合同号,--,拟售价格,61009.3元/平方米(按建筑面积计)楼层,15,房号,1502,用途,住宅,,建筑面积82平方米,户内面积,64.03平方米,分摊面积,17.97平方米,户内面积,--平方米,分摊面积--平方米,建筑面积,--平方米
项目楼栋情况,信城缙华府1栋,座号,二单元,合同号,--,拟售价格,60759.3元/平方米(按建筑面积计)楼层,15,房号,1503,用途,住宅,,建筑面积82平方米,户内面积,64.03平方米,分摊面积,17.97平方米,户内面积,--平方米,分摊面积--平方米,建筑面积,--平方米
项目楼栋情况,信城缙华府1栋,座号,二单元,合同号,--,拟售价格,64109元/平方米(按建筑面积计)楼层,15,房号,1504,用途,住宅,,建筑面积82平方米,户内面积,64.03平方米,分摊面积,17.97平方米,户内面积,--平方米,分摊面积--平方米,建筑面积,--平方米
项目楼栋情况,信城缙华府1栋,座号,二单元,合同号,--,拟售价格,64279元/平方米(按建筑面积计)楼层,15,房号,1505,用途,住宅,,建筑面积82平方米,户内面积,64.03平方米,分摊面积,17.97平方米,户内面积,--平方米,分摊面积--平方米,建筑面积,--平方米
项目楼栋情况,信城缙华府1栋,座号,二单元,合同号,--,拟售价格,64108.99元/平方米(按建筑面积计)楼层,14,房号,1401,用途,住宅,,建筑面积114.29平方米,户内面积,89.24平方米,分摊面积,25.05平方米,户内面积,--平方米,分摊面积--平方米,建筑面积,--平方米
项目楼栋情况,信城缙华府1栋,座号,二单元,合同号,--,拟售价格,59829.3元/平方米(按建筑面积计)楼层,14,房号,1402,用途,住宅,,建筑面积82平方米,户内面积,64.03平方米,分摊面积,17.97平方米,户内面积,--平方米,分摊面积--平方米,建筑面积,--平方米
项目楼栋情况,信城缙华府1栋,座号,二单元,合同号,--,拟售价格,59579.3元/平方米(按建筑面积计)楼层,14,房号,1403,用途,住宅,,建筑面积82平方米,户内面积,64.03平方米,分摊面积,17.97平方米,户内面积,--平方米,分摊面积--平方米,建筑面积,--平方米
项目楼栋情况,信城缙华府1栋,座号,二单元,合同号,--,拟售价格,63979元/平方米(按建筑面积计)楼层,14,房号,1404,用途,住宅,,建筑面积82平方米,户内面积,64.03平方米,分摊面积,17.97平方米,户内面积,--平方米,分摊面积--平方米,建筑面积,--平方米
项目楼栋情况,信城缙华府1栋,座号,二单元,合同号,--,拟售价格,64149元/平方米(按建筑面积计)楼层,14,房号,1405,用途,住宅,,建筑面积82平方米,户内面积,64.03平方米,分摊面积,17.97平方米,户内面积,--平方米,分摊面积--平方米,建筑面积,--平方米
项目楼栋情况,信城缙华府1栋,座号,二单元,合同号,--,拟售价格,64039元/平方米(按建筑面积计)楼层,13,房号,1301,用途,住宅,,建筑面积114.29平方米,户内面积,89.24平方米,分摊面积,25.05平方米,户内面积,--平方米,分摊面积--平方米,建筑面积,--平方米
项目楼栋情况,信城缙华府1栋,座号,二单元,合同号,--,拟售价格,59749.3元/平方米(按建筑面积计)楼层,13,房号,1302,用途,住宅,,建筑面积82平方米,户内面积,64.03平方米,分摊面积,17.97平方米,户内面积,--平方米,分摊面积--平方米,建筑面积,--平方米
项目楼栋情况,信城缙华府1栋,座号,二单元,合同号,--,拟售价格,59499.3元/平方米(按建筑面积计)楼层,13,房号,1303,用途,住宅,,建筑面积82平方米,户内面积,64.03平方米,分摊面积,17.97平方米,户内面积,--平方米,分摊面积--平方米,建筑面积,--平方米
项目楼栋情况,信城缙华府1栋,座号,二单元,合同号,--,拟售价格,63899元/平方米(按建筑面积计)楼层,13,房号,1304,用途,住宅,,建筑面积82平方米,户内面积,64.03平方米,分摊面积,17.97平方米,户内面积,--平方米,分摊面积--平方米,建筑面积,--平方米
项目楼栋情况,信城缙华府1栋,座号,二单元,合同号,--,拟售价格,64069元/平方米(按建筑面积计)楼层,13,房号,1305,用途,住宅,,建筑面积82平方米,户内面积,64.03平方米,分摊面积,17.97平方米,户内面积,--平方米,分摊面积--平方米,建筑面积,--平方米
项目楼栋情况,信城缙华府1栋,座号,二单元,合同号,--,拟售价格,63969元/平方米(按建筑面积计)楼层,12,房号,1201,用途,住宅,,建筑面积114.29平方米,户内面积,89.24平方米,分摊面积,25.05平方米,户内面积,--平方米,分摊面积--平方米,建筑面积,--平方米
项目楼栋情况,信城缙华府1栋,座号,二单元,合同号,--,拟售价格,59669.3元/平方米(按建筑面积计)楼层,12,房号,1202,用途,住宅,,建筑面积82平方米,户内面积,64.03平方米,分摊面积,17.97平方米,户内面积,--平方米,分摊面积--平方米,建筑面积,--平方米
项目楼栋情况,信城缙华府1栋,座号,二单元,合同号,--,拟售价格,59419.3元/平方米(按建筑面积计)楼层,12,房号,1203,用途,住宅,,建筑面积82平方米,户内面积,64.03平方米,分摊面积,17.97平方米,户内面积,--平方米,分摊面积--平方米,建筑面积,--平方米
项目楼栋情况,信城缙华府1栋,座号,二单元,合同号,--,拟售价格,63819元/平方米(按建筑面积计)楼层,12,房号,1204,用途,住宅,,建筑面积82平方米,户内面积,64.03平方米,分摊面积,17.97平方米,户内面积,--平方米,分摊面积--平方米,建筑面积,--平方米
项目楼栋情况,信城缙华府1栋,座号,二单元,合同号,--,拟售价格,63989元/平方米(按建筑面积计)楼层,12,房号,1205,用途,住宅,,建筑面积82平方米,户内面积,64.03平方米,分摊面积,17.97平方米,户内面积,--平方米,分摊面积--平方米,建筑面积,--平方米
项目楼栋情况,信城缙华府1栋,座号,二单元,合同号,--,拟售价格,63899元/平方米(按建筑面积计)楼层,11,房号,1101,用途,住宅,,建筑面积114.29平方米,户内面积,89.24平方米,分摊面积,25.05平方米,户内面积,--平方米,分摊面积--平方米,建筑面积,--平方米
项目楼栋情况,信城缙华府1栋,座号,二单元,合同号,--,拟售价格,59589.3元/平方米(按建筑面积计)楼层,11,房号,1102,用途,住宅,,建筑面积82平方米,户内面积,64.03平方米,分摊面积,17.97平方米,户内面积,--平方米,分摊面积--平方米,建筑面积,--平方米
项目楼栋情况,信城缙华府1栋,座号,二单元,合同号,--,拟售价格,59339.3元/平方米(按建筑面积计)楼层,11,房号,1103,用途,住宅,,建筑面积82平方米,户内面积,64.03平方米,分摊面积,17.97平方米,户内面积,--平方米,分摊面积--平方米,建筑面积,--平方米
项目楼栋情况,信城缙华府1栋,座号,二单元,合同号,--,拟售价格,63739元/平方米(按建筑面积计)楼层,11,房号,1104,用途,住宅,,建筑面积82平方米,户内面积,64.03平方米,分摊面积,17.97平方米,户内面积,--平方米,分摊面积--平方米,建筑面积,--平方米
项目楼栋情况,信城缙华府1栋,座号,二单元,合同号,--,拟售价格,63909元/平方米(按建筑面积计)楼层,11,房号,1105,用途,住宅,,建筑面积82平方米,户内面积,64.03平方米,分摊面积,17.97平方米,户内面积,--平方米,分摊面积--平方米,建筑面积,--平方米
项目楼栋情况,信城缙华府1栋,座号,二单元,合同号,--,拟售价格,63829元/平方米(按建筑面积计)楼层,10,房号,1001,用途,住宅,,建筑面积114.29平方米,户内面积,89.24平方米,分摊面积,25.05平方米,户内面积,--平方米,分摊面积--平方米,建筑面积,--平方米
项目楼栋情况,信城缙华府1栋,座号,二单元,合同号,--,拟售价格,59509.3元/平方米(按建筑面积计)楼层,10,房号,1002,用途,住宅,,建筑面积82平方米,户内面积,64.03平方米,分摊面积,17.97平方米,户内面积,--平方米,分摊面积--平方米,建筑面积,--平方米
项目楼栋情况,信城缙华府1栋,座号,二单元,合同号,--,拟售价格,59259.3元/平方米(按建筑面积计)楼层,10,房号,1003,用途,住宅,,建筑面积82平方米,户内面积,64.03平方米,分摊面积,17.97平方米,户内面积,--平方米,分摊面积--平方米,建筑面积,--平方米
项目楼栋情况,信城缙华府1栋,座号,二单元,合同号,--,拟售价格,63659元/平方米(按建筑面积计)楼层,10,房号,1004,用途,住宅,,建筑面积82平方米,户内面积,64.03平方米,分摊面积,17.97平方米,户内面积,--平方米,分摊面积--平方米,建筑面积,--平方米
项目楼栋情况,信城缙华府1栋,座号,二单元,合同号,--,拟售价格,63829元/平方米(按建筑面积计)楼层,10,房号,1005,用途,住宅,,建筑面积82平方米,户内面积,64.03平方米,分摊面积,17.97平方米,户内面积,--平方米,分摊面积--平方米,建筑面积,--平方米
项目楼栋情况,信城缙华府1栋,座号,二单元,合同号,--,拟售价格,63759元/平方米(按建筑面积计)楼层,9,房号,901,用途,住宅,,建筑面积114.29平方米,户内面积,89.24平方米,分摊面积,25.05平方米,户内面积,--平方米,分摊面积--平方米,建筑面积,--平方米
项目楼栋情况,信城缙华府1栋,座号,二单元,合同号,--,拟售价格,59429.3元/平方米(按建筑面积计)楼层,9,房号,902,用途,住宅,,建筑面积82平方米,户内面积,64.03平方米,分摊面积,17.97平方米,户内面积,--平方米,分摊面积--平方米,建筑面积,--平方米
项目楼栋情况,信城缙华府1栋,座号,二单元,合同号,--,拟售价格,59179.3元/平方米(按建筑面积计)楼层,9,房号,903,用途,住宅,,建筑面积82平方米,户内面积,64.03平方米,分摊面积,17.97平方米,户内面积,--平方米,分摊面积--平方米,建筑面积,--平方米
项目楼栋情况,信城缙华府1栋,座号,二单元,合同号,--,拟售价格,63579元/平方米(按建筑面积计)楼层,9,房号,904,用途,住宅,,建筑面积82平方米,户内面积,64.03平方米,分摊面积,17.97平方米,户内面积,--平方米,分摊面积--平方米,建筑面积,--平方米
项目楼栋情况,信城缙华府1栋,座号,二单元,合同号,--,拟售价格,63749元/平方米(按建筑面积计)楼层,9,房号,905,用途,住宅,,建筑面积82平方米,户内面积,64.03平方米,分摊面积,17.97平方米,户内面积,--平方米,分摊面积--平方米,建筑面积,--平方米
项目楼栋情况,信城缙华府1栋,座号,二单元,合同号,--,拟售价格,63689元/平方米(按建筑面积计)楼层,8,房号,801,用途,住宅,,建筑面积114.29平方米,户内面积,89.24平方米,分摊面积,25.05平方米,户内面积,--平方米,分摊面积--平方米,建筑面积,--平方米
项目楼栋情况,信城缙华府1栋,座号,二单元,合同号,--,拟售价格,59349.3元/平方米(按建筑面积计)楼层,8,房号,802,用途,住宅,,建筑面积82平方米,户内面积,64.03平方米,分摊面积,17.97平方米,户内面积,--平方米,分摊面积--平方米,建筑面积,--平方米
项目楼栋情况,信城缙华府1栋,座号,二单元,合同号,--,拟售价格,59099.3元/平方米(按建筑面积计)楼层,8,房号,803,用途,住宅,,建筑面积82平方米,户内面积,64.03平方米,分摊面积,17.97平方米,户内面积,--平方米,分摊面积--平方米,建筑面积,--平方米
项目楼栋情况,信城缙华府1栋,座号,二单元,合同号,--,拟售价格,63499元/平方米(按建筑面积计)楼层,8,房号,804,用途,住宅,,建筑面积82平方米,户内面积,64.03平方米,分摊面积,17.97平方米,户内面积,--平方米,分摊面积--平方米,建筑面积,--平方米
项目楼栋情况,信城缙华府1栋,座号,二单元,合同号,--,拟售价格,63669元/平方米(按建筑面积计)楼层,8,房号,805,用途,住宅,,建筑面积82平方米,户内面积,64.03平方米,分摊面积,17.97平方米,户内面积,--平方米,分摊面积--平方米,建筑面积,--平方米
项目楼栋情况,信城缙华府1栋,座号,二单元,合同号,--,拟售价格,63619元/平方米(按建筑面积计)楼层,7,房号,701,用途,住宅,,建筑面积114.29平方米,户内面积,89.24平方米,分摊面积,25.05平方米,户内面积,--平方米,分摊面积--平方米,建筑面积,--平方米
项目楼栋情况,信城缙华府1栋,座号,二单元,合同号,--,拟售价格,59269.3元/平方米(按建筑面积计)楼层,7,房号,702,用途,住宅,,建筑面积82平方米,户内面积,64.03平方米,分摊面积,17.97平方米,户内面积,--平方米,分摊面积--平方米,建筑面积,--平方米
项目楼栋情况,信城缙华府1栋,座号,二单元,合同号,--,拟售价格,59019.3元/平方米(按建筑面积计)楼层,7,房号,703,用途,住宅,,建筑面积82平方米,户内面积,64.03平方米,分摊面积,17.97平方米,户内面积,--平方米,分摊面积--平方米,建筑面积,--平方米
项目楼栋情况,信城缙华府1栋,座号,二单元,合同号,--,拟售价格,63419元/平方米(按建筑面积计)楼层,7,房号,704,用途,住宅,,建筑面积82平方米,户内面积,64.03平方米,分摊面积,17.97平方米,户内面积,--平方米,分摊面积--平方米,建筑面积,--平方米
项目楼栋情况,信城缙华府1栋,座号,二单元,合同号,--,拟售价格,63589元/平方米(按建筑面积计)楼层,7,房号,705,用途,住宅,,建筑面积82平方米,户内面积,64.03平方米,分摊面积,17.97平方米,户内面积,--平方米,分摊面积--平方米,建筑面积,--平方米
项目楼栋情况,信城缙华府1栋,座号,二单元,合同号,--,拟售价格,63549元/平方米(按建筑面积计)楼层,6,房号,601,用途,住宅,,建筑面积114.29平方米,户内面积,89.24平方米,分摊面积,25.05平方米,户内面积,--平方米,分摊面积--平方米,建筑面积,--平方米
项目楼栋情况,信城缙华府1栋,座号,二单元,合同号,--,拟售价格,59189.3元/平方米(按建筑面积计)楼层,6,房号,602,用途,住宅,,建筑面积82平方米,户内面积,64.03平方米,分摊面积,17.97平方米,户内面积,--平方米,分摊面积--平方米,建筑面积,--平方米
项目楼栋情况,信城缙华府1栋,座号,二单元,合同号,--,拟售价格,58939.3元/平方米(按建筑面积计)楼层,6,房号,603,用途,住宅,,建筑面积82平方米,户内面积,64.03平方米,分摊面积,17.97平方米,户内面积,--平方米,分摊面积--平方米,建筑面积,--平方米
项目楼栋情况,信城缙华府1栋,座号,二单元,合同号,--,拟售价格,63339元/平方米(按建筑面积计)楼层,6,房号,604,用途,住宅,,建筑面积82平方米,户内面积,64.03平方米,分摊面积,17.97平方米,户内面积,--平方米,分摊面积--平方米,建筑面积,--平方米
项目楼栋情况,信城缙华府1栋,座号,二单元,合同号,--,拟售价格,63509元/平方米(按建筑面积计)楼层,6,房号,605,用途,住宅,,建筑面积82平方米,户内面积,64.03平方米,分摊面积,17.97平方米,户内面积,--平方米,分摊面积--平方米,建筑面积,--平方米
项目楼栋情况,信城缙华府1栋,座号,二单元,合同号,--,拟售价格,63479元/平方米(按建筑面积计)楼层,5,房号,501,用途,住宅,,建筑面积114.29平方米,户内面积,89.24平方米,分摊面积,25.05平方米,户内面积,--平方米,分摊面积--平方米,建筑面积,--平方米
项目楼栋情况,信城缙华府1栋,座号,二单元,合同号,--,拟售价格,59109.3元/平方米(按建筑面积计)楼层,5,房号,502,用途,住宅,,建筑面积82平方米,户内面积,64.03平方米,分摊面积,17.97平方米,户内面积,--平方米,分摊面积--平方米,建筑面积,--平方米
项目楼栋情况,信城缙华府1栋,座号,二单元,合同号,--,拟售价格,58859.3元/平方米(按建筑面积计)楼层,5,房号,503,用途,住宅,,建筑面积82平方米,户内面积,64.03平方米,分摊面积,17.97平方米,户内面积,--平方米,分摊面积--平方米,建筑面积,--平方米
项目楼栋情况,信城缙华府1栋,座号,二单元,合同号,--,拟售价格,63059元/平方米(按建筑面积计)楼层,5,房号,504,用途,住宅,,建筑面积82平方米,户内面积,64.03平方米,分摊面积,17.97平方米,户内面积,--平方米,分摊面积--平方米,建筑面积,--平方米
项目楼栋情况,信城缙华府1栋,座号,二单元,合同号,--,拟售价格,63329元/平方米(按建筑面积计)楼层,5,房号,505,用途,住宅,,建筑面积82平方米,户内面积,64.03平方米,分摊面积,17.97平方米,户内面积,--平方米,分摊面积--平方米,建筑面积,--平方米
项目楼栋情况,信城缙华府1栋,座号,二单元,合同号,--,拟售价格,63408.99元/平方米(按建筑面积计)楼层,4,房号,401,用途,住宅,,建筑面积114.29平方米,户内面积,89.24平方米,分摊面积,25.05平方米,户内面积,--平方米,分摊面积--平方米,建筑面积,--平方米
项目楼栋情况,信城缙华府1栋,座号,二单元,合同号,--,拟售价格,57029.3元/平方米(按建筑面积计)楼层,4,房号,402,用途,住宅,,建筑面积82平方米,户内面积,64.03平方米,分摊面积,17.97平方米,户内面积,--平方米,分摊面积--平方米,建筑面积,--平方米
项目楼栋情况,信城缙华府1栋,座号,二单元,合同号,--,拟售价格,56779.3元/平方米(按建筑面积计)楼层,4,房号,403,用途,住宅,,建筑面积82平方米,户内面积,64.03平方米,分摊面积,17.97平方米,户内面积,--平方米,分摊面积--平方米,建筑面积,--平方米
项目楼栋情况,信城缙华府1栋,座号,二单元,合同号,--,拟售价格,60979元/平方米(按建筑面积计)楼层,4,房号,404,用途,住宅,,建筑面积82平方米,户内面积,64.03平方米,分摊面积,17.97平方米,户内面积,--平方米,分摊面积--平方米,建筑面积,--平方米
项目楼栋情况,信城缙华府1栋,座号,二单元,合同号,--,拟售价格,61249元/平方米(按建筑面积计)楼层,4,房号,405,用途,住宅,,建筑面积82平方米,户内面积,64.03平方米,分摊面积,17.97平方米,户内面积,--平方米,分摊面积--平方米,建筑面积,--平方米
项目楼栋情况,信城缙华府1栋,座号,二单元,合同号,--,拟售价格,63339元/平方米(按建筑面积计)楼层,3,房号,301,用途,住宅,,建筑面积114.29平方米,户内面积,89.24平方米,分摊面积,25.05平方米,户内面积,--平方米,分摊面积--平方米,建筑面积,--平方米
项目楼栋情况,信城缙华府1栋,座号,二单元,合同号,--,拟售价格,57029.3元/平方米(按建筑面积计)楼层,3,房号,302,用途,住宅,,建筑面积82平方米,户内面积,64.03平方米,分摊面积,17.97平方米,户内面积,--平方米,分摊面积--平方米,建筑面积,--平方米
项目楼栋情况,信城缙华府1栋,座号,二单元,合同号,--,拟售价格,56779.3元/平方米(按建筑面积计)楼层,3,房号,303,用途,住宅,,建筑面积82平方米,户内面积,64.03平方米,分摊面积,17.97平方米,户内面积,--平方米,分摊面积--平方米,建筑面积,--平方米
项目楼栋情况,信城缙华府1栋,座号,二单元,合同号,--,拟售价格,60679元/平方米(按建筑面积计)楼层,3,房号,304,用途,住宅,,建筑面积82平方米,户内面积,64.03平方米,分摊面积,17.97平方米,户内面积,--平方米,分摊面积--平方米,建筑面积,--平方米
项目楼栋情况,信城缙华府1栋,座号,二单元,合同号,--,拟售价格,61049元/平方米(按建筑面积计)楼层,3,房号,305,用途,住宅,,建筑面积82平方米,户内面积,64.03平方米,分摊面积,17.97平方米,户内面积,--平方米,分摊面积--平方米,建筑面积,--平方米
项目楼栋情况,信城缙华府1栋,座号,二单元,合同号,--,拟售价格,63269元/平方米(按建筑面积计)楼层,2,房号,201,用途,住宅,,建筑面积114.29平方米,户内面积,89.24平方米,分摊面积,25.05平方米,户内面积,--平方米,分摊面积--平方米,建筑面积,--平方米
项目楼栋情况,信城缙华府1栋,座号,二单元,合同号,--,拟售价格,57229.3元/平方米(按建筑面积计)楼层,2,房号,202,用途,住宅,,建筑面积82平方米,户内面积,64.03平方米,分摊面积,17.97平方米,户内面积,--平方米,分摊面积--平方米,建筑面积,--平方米
项目楼栋情况,信城缙华府1栋,座号,二单元,合同号,--,拟售价格,56779.3元/平方米(按建筑面积计)楼层,2,房号,203,用途,住宅,,建筑面积82平方米,户内面积,64.03平方米,分摊面积,17.97平方米,户内面积,--平方米,分摊面积--平方米,建筑面积,--平方米
项目楼栋情况,信城缙华府1栋,座号,二单元,合同号,--,拟售价格,61179元/平方米(按建筑面积计)楼层,2,房号,204,用途,住宅,,建筑面积82平方米,户内面积,64.03平方米,分摊面积,17.97平方米,户内面积,--平方米,分摊面积--平方米,建筑面积,--平方米
项目楼栋情况,信城缙华府1栋,座号,二单元,合同号,--,拟售价格,61049元/平方米(按建筑面积计)楼层,2,房号,205,用途,住宅,,建筑面积82平方米,户内面积,64.03平方米,分摊面积,17.97平方米,户内面积,--平方米,分摊面积--平方米,建筑面积,--平方米
项目楼栋情况,信城缙华府1栋,座号,一单元,合同号,--,拟售价格,65178.69元/平方米(按建筑面积计)楼层,33,房号,3301,用途,住宅,,建筑面积114.29平方米,户内面积,89.24平方米,分摊面积,25.05平方米,户内面积,--平方米,分摊面积--平方米,建筑面积,--平方米
项目楼栋情况,信城缙华府1栋,座号,一单元,合同号,--,拟售价格,61949.3元/平方米(按建筑面积计)楼层,33,房号,3302,用途,住宅,,建筑面积82平方米,户内面积,64.03平方米,分摊面积,17.97平方米,户内面积,--平方米,分摊面积--平方米,建筑面积,--平方米
项目楼栋情况,信城缙华府1栋,座号,一单元,合同号,--,拟售价格,61699.3元/平方米(按建筑面积计)楼层,33,房号,3303,用途,住宅,,建筑面积82平方米,户内面积,64.03平方米,分摊面积,17.97平方米,户内面积,--平方米,分摊面积--平方米,建筑面积,--平方米
项目楼栋情况,信城缙华府1栋,座号,一单元,合同号,--,拟售价格,64769.62元/平方米(按建筑面积计)楼层,33,房号,3304,用途,住宅,,建筑面积82平方米,户内面积,64.03平方米,分摊面积,17.97平方米,户内面积,--平方米,分摊面积--平方米,建筑面积,--平方米
项目楼栋情况,信城缙华府1栋,座号,一单元,合同号,--,拟售价格,65249.62元/平方米(按建筑面积计)楼层,33,房号,3305,用途,住宅,,建筑面积82平方米,户内面积,64.03平方米,分摊面积,17.97平方米,户内面积,--平方米,分摊面积--平方米,建筑面积,--平方米
项目楼栋情况,信城缙华府1栋,座号,一单元,合同号,--,拟售价格,65579元/平方米(按建筑面积计)楼层,32,房号,3201,用途,住宅,,建筑面积114.29平方米,户内面积,89.24平方米,分摊面积,25.05平方米,户内面积,--平方米,分摊面积--平方米,建筑面积,--平方米
项目楼栋情况,信城缙华府1栋,座号,一单元,合同号,--,拟售价格,62369.3元/平方米(按建筑面积计)楼层,32,房号,3202,用途,住宅,,建筑面积82平方米,户内面积,64.03平方米,分摊面积,17.97平方米,户内面积,--平方米,分摊面积--平方米,建筑面积,--平方米
项目楼栋情况,信城缙华府1栋,座号,一单元,合同号,--,拟售价格,62119.3元/平方米(按建筑面积计)楼层,32,房号,3203,用途,住宅,,建筑面积82平方米,户内面积,64.03平方米,分摊面积,17.97平方米,户内面积,--平方米,分摊面积--平方米,建筑面积,--平方米
项目楼栋情况,信城缙华府1栋,座号,一单元,合同号,--,拟售价格,65189.62元/平方米(按建筑面积计)楼层,32,房号,3204,用途,住宅,,建筑面积82平方米,户内面积,64.03平方米,分摊面积,17.97平方米,户内面积,--平方米,分摊面积--平方米,建筑面积,--平方米
项目楼栋情况,信城缙华府1栋,座号,一单元,合同号,--,拟售价格,65669.62元/平方米(按建筑面积计)楼层,32,房号,3205,用途,住宅,,建筑面积82平方米,户内面积,64.03平方米,分摊面积,17.97平方米,户内面积,--平方米,分摊面积--平方米,建筑面积,--平方米
项目楼栋情况,信城缙华府1栋,座号,一单元,合同号,--,拟售价格,65508.99元/平方米(按建筑面积计)楼层,31,房号,3101,用途,住宅,,建筑面积114.29平方米,户内面积,89.24平方米,分摊面积,25.05平方米,户内面积,--平方米,分摊面积--平方米,建筑面积,--平方米
项目楼栋情况,信城缙华府1栋,座号,一单元,合同号,--,拟售价格,62289.3元/平方米(按建筑面积计)楼层,31,房号,3102,用途,住宅,,建筑面积82平方米,户内面积,64.03平方米,分摊面积,17.97平方米,户内面积,--平方米,分摊面积--平方米,建筑面积,--平方米
项目楼栋情况,信城缙华府1栋,座号,一单元,合同号,--,拟售价格,62039.3元/平方米(按建筑面积计)楼层,31,房号,3103,用途,住宅,,建筑面积82平方米,户内面积,64.03平方米,分摊面积,17.97平方米,户内面积,--平方米,分摊面积--平方米,建筑面积,--平方米
项目楼栋情况,信城缙华府1栋,座号,一单元,合同号,--,拟售价格,65109.62元/平方米(按建筑面积计)楼层,31,房号,3104,用途,住宅,,建筑面积82平方米,户内面积,64.03平方米,分摊面积,17.97平方米,户内面积,--平方米,分摊面积--平方米,建筑面积,--平方米
项目楼栋情况,信城缙华府1栋,座号,一单元,合同号,--,拟售价格,65589.62元/平方米(按建筑面积计)楼层,31,房号,3105,用途,住宅,,建筑面积82平方米,户内面积,64.03平方米,分摊面积,17.97平方米,户内面积,--平方米,分摊面积--平方米,建筑面积,--平方米
项目楼栋情况,信城缙华府1栋,座号,一单元,合同号,--,拟售价格,65439元/平方米(按建筑面积计)楼层,30,房号,3001,用途,住宅,,建筑面积114.29平方米,户内面积,89.24平方米,分摊面积,25.05平方米,户内面积,--平方米,分摊面积--平方米,建筑面积,--平方米
项目楼栋情况,信城缙华府1栋,座号,一单元,合同号,--,拟售价格,62209.3元/平方米(按建筑面积计)楼层,30,房号,3002,用途,住宅,,建筑面积82平方米,户内面积,64.03平方米,分摊面积,17.97平方米,户内面积,--平方米,分摊面积--平方米,建筑面积,--平方米
项目楼栋情况,信城缙华府1栋,座号,一单元,合同号,--,拟售价格,61959.3元/平方米(按建筑面积计)楼层,30,房号,3003,用途,住宅,,建筑面积82平方米,户内面积,64.03平方米,分摊面积,17.97平方米,户内面积,--平方米,分摊面积--平方米,建筑面积,--平方米
项目楼栋情况,信城缙华府1栋,座号,一单元,合同号,--,拟售价格,65029.62元/平方米(按建筑面积计)楼层,30,房号,3004,用途,住宅,,建筑面积82平方米,户内面积,64.03平方米,分摊面积,17.97平方米,户内面积,--平方米,分摊面积--平方米,建筑面积,--平方米
项目楼栋情况,信城缙华府1栋,座号,一单元,合同号,--,拟售价格,65509.62元/平方米(按建筑面积计)楼层,30,房号,3005,用途,住宅,,建筑面积82平方米,户内面积,64.03平方米,分摊面积,17.97平方米,户内面积,--平方米,分摊面积--平方米,建筑面积,--平方米
项目楼栋情况,信城缙华府1栋,座号,一单元,合同号,--,拟售价格,65369元/平方米(按建筑面积计)楼层,29,房号,2901,用途,住宅,,建筑面积114.29平方米,户内面积,89.24平方米,分摊面积,25.05平方米,户内面积,--平方米,分摊面积--平方米,建筑面积,--平方米
项目楼栋情况,信城缙华府1栋,座号,一单元,合同号,--,拟售价格,62129.3元/平方米(按建筑面积计)楼层,29,房号,2902,用途,住宅,,建筑面积82平方米,户内面积,64.03平方米,分摊面积,17.97平方米,户内面积,--平方米,分摊面积--平方米,建筑面积,--平方米
项目楼栋情况,信城缙华府1栋,座号,一单元,合同号,--,拟售价格,61879.3元/平方米(按建筑面积计)楼层,29,房号,2903,用途,住宅,,建筑面积82平方米,户内面积,64.03平方米,分摊面积,17.97平方米,户内面积,--平方米,分摊面积--平方米,建筑面积,--平方米
项目楼栋情况,信城缙华府1栋,座号,一单元,合同号,--,拟售价格,64949.62元/平方米(按建筑面积计)楼层,29,房号,2904,用途,住宅,,建筑面积82平方米,户内面积,64.03平方米,分摊面积,17.97平方米,户内面积,--平方米,分摊面积--平方米,建筑面积,--平方米
项目楼栋情况,信城缙华府1栋,座号,一单元,合同号,--,拟售价格,65429.62元/平方米(按建筑面积计)楼层,29,房号,2905,用途,住宅,,建筑面积82平方米,户内面积,64.03平方米,分摊面积,17.97平方米,户内面积,--平方米,分摊面积--平方米,建筑面积,--平方米
项目楼栋情况,信城缙华府1栋,座号,一单元,合同号,--,拟售价格,65299元/平方米(按建筑面积计)楼层,28,房号,2801,用途,住宅,,建筑面积114.29平方米,户内面积,89.24平方米,分摊面积,25.05平方米,户内面积,--平方米,分摊面积--平方米,建筑面积,--平方米
项目楼栋情况,信城缙华府1栋,座号,一单元,合同号,--,拟售价格,62049.3元/平方米(按建筑面积计)楼层,28,房号,2802,用途,住宅,,建筑面积82平方米,户内面积,64.03平方米,分摊面积,17.97平方米,户内面积,--平方米,分摊面积--平方米,建筑面积,--平方米
项目楼栋情况,信城缙华府1栋,座号,一单元,合同号,--,拟售价格,61799.3元/平方米(按建筑面积计)楼层,28,房号,2803,用途,住宅,,建筑面积82平方米,户内面积,64.03平方米,分摊面积,17.97平方米,户内面积,--平方米,分摊面积--平方米,建筑面积,--平方米
项目楼栋情况,信城缙华府1栋,座号,一单元,合同号,--,拟售价格,64869.62元/平方米(按建筑面积计)楼层,28,房号,2804,用途,住宅,,建筑面积82平方米,户内面积,64.03平方米,分摊面积,17.97平方米,户内面积,--平方米,分摊面积--平方米,建筑面积,--平方米
项目楼栋情况,信城缙华府1栋,座号,一单元,合同号,--,拟售价格,65349.62元/平方米(按建筑面积计)楼层,28,房号,2805,用途,住宅,,建筑面积82平方米,户内面积,64.03平方米,分摊面积,17.97平方米,户内面积,--平方米,分摊面积--平方米,建筑面积,--平方米
项目楼栋情况,信城缙华府1栋,座号,一单元,合同号,--,拟售价格,65229元/平方米(按建筑面积计)楼层,27,房号,2701,用途,住宅,,建筑面积114.29平方米,户内面积,89.24平方米,分摊面积,25.05平方米,户内面积,--平方米,分摊面积--平方米,建筑面积,--平方米
项目楼栋情况,信城缙华府1栋,座号,一单元,合同号,--,拟售价格,61969.3元/平方米(按建筑面积计)楼层,27,房号,2702,用途,住宅,,建筑面积82平方米,户内面积,64.03平方米,分摊面积,17.97平方米,户内面积,--平方米,分摊面积--平方米,建筑面积,--平方米
项目楼栋情况,信城缙华府1栋,座号,一单元,合同号,--,拟售价格,61719.3元/平方米(按建筑面积计)楼层,27,房号,2703,用途,住宅,,建筑面积82平方米,户内面积,64.03平方米,分摊面积,17.97平方米,户内面积,--平方米,分摊面积--平方米,建筑面积,--平方米
项目楼栋情况,信城缙华府1栋,座号,一单元,合同号,--,拟售价格,64789.62元/平方米(按建筑面积计)楼层,27,房号,2704,用途,住宅,,建筑面积82平方米,户内面积,64.03平方米,分摊面积,17.97平方米,户内面积,--平方米,分摊面积--平方米,建筑面积,--平方米
项目楼栋情况,信城缙华府1栋,座号,一单元,合同号,--,拟售价格,65269.62元/平方米(按建筑面积计)楼层,27,房号,2705,用途,住宅,,建筑面积82平方米,户内面积,64.03平方米,分摊面积,17.97平方米,户内面积,--平方米,分摊面积--平方米,建筑面积,--平方米
项目楼栋情况,信城缙华府1栋,座号,一单元,合同号,--,拟售价格,65159元/平方米(按建筑面积计)楼层,26,房号,2601,用途,住宅,,建筑面积114.29平方米,户内面积,89.24平方米,分摊面积,25.05平方米,户内面积,--平方米,分摊面积--平方米,建筑面积,--平方米
项目楼栋情况,信城缙华府1栋,座号,一单元,合同号,--,拟售价格,61889.3元/平方米(按建筑面积计)楼层,26,房号,2602,用途,住宅,,建筑面积82平方米,户内面积,64.03平方米,分摊面积,17.97平方米,户内面积,--平方米,分摊面积--平方米,建筑面积,--平方米
项目楼栋情况,信城缙华府1栋,座号,一单元,合同号,--,拟售价格,61639.3元/平方米(按建筑面积计)楼层,26,房号,2603,用途,住宅,,建筑面积82平方米,户内面积,64.03平方米,分摊面积,17.97平方米,户内面积,--平方米,分摊面积--平方米,建筑面积,--平方米
项目楼栋情况,信城缙华府1栋,座号,一单元,合同号,--,拟售价格,64709.62元/平方米(按建筑面积计)楼层,26,房号,2604,用途,住宅,,建筑面积82平方米,户内面积,64.03平方米,分摊面积,17.97平方米,户内面积,--平方米,分摊面积--平方米,建筑面积,--平方米
项目楼栋情况,信城缙华府1栋,座号,一单元,合同号,--,拟售价格,65189.62元/平方米(按建筑面积计)楼层,26,房号,2605,用途,住宅,,建筑面积82平方米,户内面积,64.03平方米,分摊面积,17.97平方米,户内面积,--平方米,分摊面积--平方米,建筑面积,--平方米
项目楼栋情况,信城缙华府1栋,座号,一单元,合同号,--,拟售价格,65089元/平方米(按建筑面积计)楼层,25,房号,2501,用途,住宅,,建筑面积114.29平方米,户内面积,89.24平方米,分摊面积,25.05平方米,户内面积,--平方米,分摊面积--平方米,建筑面积,--平方米
项目楼栋情况,信城缙华府1栋,座号,一单元,合同号,--,拟售价格,61809.3元/平方米(按建筑面积计)楼层,25,房号,2502,用途,住宅,,建筑面积82平方米,户内面积,64.03平方米,分摊面积,17.97平方米,户内面积,--平方米,分摊面积--平方米,建筑面积,--平方米
项目楼栋情况,信城缙华府1栋,座号,一单元,合同号,--,拟售价格,61559.3元/平方米(按建筑面积计)楼层,25,房号,2503,用途,住宅,,建筑面积82平方米,户内面积,64.03平方米,分摊面积,17.97平方米,户内面积,--平方米,分摊面积--平方米,建筑面积,--平方米
项目楼栋情况,信城缙华府1栋,座号,一单元,合同号,--,拟售价格,64629.62元/平方米(按建筑面积计)楼层,25,房号,2504,用途,住宅,,建筑面积82平方米,户内面积,64.03平方米,分摊面积,17.97平方米,户内面积,--平方米,分摊面积--平方米,建筑面积,--平方米
项目楼栋情况,信城缙华府1栋,座号,一单元,合同号,--,拟售价格,65109.62元/平方米(按建筑面积计)楼层,25,房号,2505,用途,住宅,,建筑面积82平方米,户内面积,64.03平方米,分摊面积,17.97平方米,户内面积,--平方米,分摊面积--平方米,建筑面积,--平方米
项目楼栋情况,信城缙华府1栋,座号,一单元,合同号,--,拟售价格,65019元/平方米(按建筑面积计)楼层,24,房号,2401,用途,住宅,,建筑面积114.29平方米,户内面积,89.24平方米,分摊面积,25.05平方米,户内面积,--平方米,分摊面积--平方米,建筑面积,--平方米
项目楼栋情况,信城缙华府1栋,座号,一单元,合同号,--,拟售价格,61729.3元/平方米(按建筑面积计)楼层,24,房号,2402,用途,住宅,,建筑面积82平方米,户内面积,64.03平方米,分摊面积,17.97平方米,户内面积,--平方米,分摊面积--平方米,建筑面积,--平方米
项目楼栋情况,信城缙华府1栋,座号,一单元,合同号,--,拟售价格,61479.3元/平方米(按建筑面积计)楼层,24,房号,2403,用途,住宅,,建筑面积82平方米,户内面积,64.03平方米,分摊面积,17.97平方米,户内面积,--平方米,分摊面积--平方米,建筑面积,--平方米
项目楼栋情况,信城缙华府1栋,座号,一单元,合同号,--,拟售价格,64549.62元/平方米(按建筑面积计)楼层,24,房号,2404,用途,住宅,,建筑面积82平方米,户内面积,64.03平方米,分摊面积,17.97平方米,户内面积,--平方米,分摊面积--平方米,建筑面积,--平方米
项目楼栋情况,信城缙华府1栋,座号,一单元,合同号,--,拟售价格,65029.62元/平方米(按建筑面积计)楼层,24,房号,2405,用途,住宅,,建筑面积82平方米,户内面积,64.03平方米,分摊面积,17.97平方米,户内面积,--平方米,分摊面积--平方米,建筑面积,--平方米
项目楼栋情况,信城缙华府1栋,座号,一单元,合同号,--,拟售价格,64949元/平方米(按建筑面积计)楼层,23,房号,2301,用途,住宅,,建筑面积114.29平方米,户内面积,89.24平方米,分摊面积,25.05平方米,户内面积,--平方米,分摊面积--平方米,建筑面积,--平方米
项目楼栋情况,信城缙华府1栋,座号,一单元,合同号,--,拟售价格,61649.3元/平方米(按建筑面积计)楼层,23,房号,2302,用途,住宅,,建筑面积82平方米,户内面积,64.03平方米,分摊面积,17.97平方米,户内面积,--平方米,分摊面积--平方米,建筑面积,--平方米
项目楼栋情况,信城缙华府1栋,座号,一单元,合同号,--,拟售价格,61399.3元/平方米(按建筑面积计)楼层,23,房号,2303,用途,住宅,,建筑面积82平方米,户内面积,64.03平方米,分摊面积,17.97平方米,户内面积,--平方米,分摊面积--平方米,建筑面积,--平方米
项目楼栋情况,信城缙华府1栋,座号,一单元,合同号,--,拟售价格,64469.62元/平方米(按建筑面积计)楼层,23,房号,2304,用途,住宅,,建筑面积82平方米,户内面积,64.03平方米,分摊面积,17.97平方米,户内面积,--平方米,分摊面积--平方米,建筑面积,--平方米
项目楼栋情况,信城缙华府1栋,座号,一单元,合同号,--,拟售价格,64949.62元/平方米(按建筑面积计)楼层,23,房号,2305,用途,住宅,,建筑面积82平方米,户内面积,64.03平方米,分摊面积,17.97平方米,户内面积,--平方米,分摊面积--平方米,建筑面积,--平方米
项目楼栋情况,信城缙华府1栋,座号,一单元,合同号,--,拟售价格,64879元/平方米(按建筑面积计)楼层,22,房号,2201,用途,住宅,,建筑面积114.29平方米,户内面积,89.24平方米,分摊面积,25.05平方米,户内面积,--平方米,分摊面积--平方米,建筑面积,--平方米
项目楼栋情况,信城缙华府1栋,座号,一单元,合同号,--,拟售价格,61569.3元/平方米(按建筑面积计)楼层,22,房号,2202,用途,住宅,,建筑面积82平方米,户内面积,64.03平方米,分摊面积,17.97平方米,户内面积,--平方米,分摊面积--平方米,建筑面积,--平方米
项目楼栋情况,信城缙华府1栋,座号,一单元,合同号,--,拟售价格,61319.3元/平方米(按建筑面积计)楼层,22,房号,2203,用途,住宅,,建筑面积82平方米,户内面积,64.03平方米,分摊面积,17.97平方米,户内面积,--平方米,分摊面积--平方米,建筑面积,--平方米
项目楼栋情况,信城缙华府1栋,座号,一单元,合同号,--,拟售价格,64389.62元/平方米(按建筑面积计)楼层,22,房号,2204,用途,住宅,,建筑面积82平方米,户内面积,64.03平方米,分摊面积,17.97平方米,户内面积,--平方米,分摊面积--平方米,建筑面积,--平方米
项目楼栋情况,信城缙华府1栋,座号,一单元,合同号,--,拟售价格,64869.62元/平方米(按建筑面积计)楼层,22,房号,2205,用途,住宅,,建筑面积82平方米,户内面积,64.03平方米,分摊面积,17.97平方米,户内面积,--平方米,分摊面积--平方米,建筑面积,--平方米
项目楼栋情况,信城缙华府1栋,座号,一单元,合同号,--,拟售价格,64808.99元/平方米(按建筑面积计)楼层,21,房号,2101,用途,住宅,,建筑面积114.29平方米,户内面积,89.24平方米,分摊面积,25.05平方米,户内面积,--平方米,分摊面积--平方米,建筑面积,--平方米
项目楼栋情况,信城缙华府1栋,座号,一单元,合同号,--,拟售价格,61489.3元/平方米(按建筑面积计)楼层,21,房号,2102,用途,住宅,,建筑面积82平方米,户内面积,64.03平方米,分摊面积,17.97平方米,户内面积,--平方米,分摊面积--平方米,建筑面积,--平方米
项目楼栋情况,信城缙华府1栋,座号,一单元,合同号,--,拟售价格,61239.3元/平方米(按建筑面积计)楼层,21,房号,2103,用途,住宅,,建筑面积82平方米,户内面积,64.03平方米,分摊面积,17.97平方米,户内面积,--平方米,分摊面积--平方米,建筑面积,--平方米
项目楼栋情况,信城缙华府1栋,座号,一单元,合同号,--,拟售价格,64309.62元/平方米(按建筑面积计)楼层,21,房号,2104,用途,住宅,,建筑面积82平方米,户内面积,64.03平方米,分摊面积,17.97平方米,户内面积,--平方米,分摊面积--平方米,建筑面积,--平方米
项目楼栋情况,信城缙华府1栋,座号,一单元,合同号,--,拟售价格,64789.62元/平方米(按建筑面积计)楼层,21,房号,2105,用途,住宅,,建筑面积82平方米,户内面积,64.03平方米,分摊面积,17.97平方米,户内面积,--平方米,分摊面积--平方米,建筑面积,--平方米
项目楼栋情况,信城缙华府1栋,座号,一单元,合同号,--,拟售价格,64739元/平方米(按建筑面积计)楼层,20,房号,2001,用途,住宅,,建筑面积114.29平方米,户内面积,89.24平方米,分摊面积,25.05平方米,户内面积,--平方米,分摊面积--平方米,建筑面积,--平方米
项目楼栋情况,信城缙华府1栋,座号,一单元,合同号,--,拟售价格,61409.3元/平方米(按建筑面积计)楼层,20,房号,2002,用途,住宅,,建筑面积82平方米,户内面积,64.03平方米,分摊面积,17.97平方米,户内面积,--平方米,分摊面积--平方米,建筑面积,--平方米
项目楼栋情况,信城缙华府1栋,座号,一单元,合同号,--,拟售价格,61159.3元/平方米(按建筑面积计)楼层,20,房号,2003,用途,住宅,,建筑面积82平方米,户内面积,64.03平方米,分摊面积,17.97平方米,户内面积,--平方米,分摊面积--平方米,建筑面积,--平方米
项目楼栋情况,信城缙华府1栋,座号,一单元,合同号,--,拟售价格,64229.62元/平方米(按建筑面积计)楼层,20,房号,2004,用途,住宅,,建筑面积82平方米,户内面积,64.03平方米,分摊面积,17.97平方米,户内面积,--平方米,分摊面积--平方米,建筑面积,--平方米
项目楼栋情况,信城缙华府1栋,座号,一单元,合同号,--,拟售价格,64709.62元/平方米(按建筑面积计)楼层,20,房号,2005,用途,住宅,,建筑面积82平方米,户内面积,64.03平方米,分摊面积,17.97平方米,户内面积,--平方米,分摊面积--平方米,建筑面积,--平方米
项目楼栋情况,信城缙华府1栋,座号,一单元,合同号,--,拟售价格,64669元/平方米(按建筑面积计)楼层,19,房号,1901,用途,住宅,,建筑面积114.29平方米,户内面积,89.24平方米,分摊面积,25.05平方米,户内面积,--平方米,分摊面积--平方米,建筑面积,--平方米
项目楼栋情况,信城缙华府1栋,座号,一单元,合同号,--,拟售价格,61329.3元/平方米(按建筑面积计)楼层,19,房号,1902,用途,住宅,,建筑面积82平方米,户内面积,64.03平方米,分摊面积,17.97平方米,户内面积,--平方米,分摊面积--平方米,建筑面积,--平方米
项目楼栋情况,信城缙华府1栋,座号,一单元,合同号,--,拟售价格,61079.3元/平方米(按建筑面积计)楼层,19,房号,1903,用途,住宅,,建筑面积82平方米,户内面积,64.03平方米,分摊面积,17.97平方米,户内面积,--平方米,分摊面积--平方米,建筑面积,--平方米
项目楼栋情况,信城缙华府1栋,座号,一单元,合同号,--,拟售价格,64149.62元/平方米(按建筑面积计)楼层,19,房号,1904,用途,住宅,,建筑面积82平方米,户内面积,64.03平方米,分摊面积,17.97平方米,户内面积,--平方米,分摊面积--平方米,建筑面积,--平方米
项目楼栋情况,信城缙华府1栋,座号,一单元,合同号,--,拟售价格,64629.62元/平方米(按建筑面积计)楼层,19,房号,1905,用途,住宅,,建筑面积82平方米,户内面积,64.03平方米,分摊面积,17.97平方米,户内面积,--平方米,分摊面积--平方米,建筑面积,--平方米
项目楼栋情况,信城缙华府1栋,座号,一单元,合同号,--,拟售价格,64599元/平方米(按建筑面积计)楼层,18,房号,1801,用途,住宅,,建筑面积114.29平方米,户内面积,89.24平方米,分摊面积,25.05平方米,户内面积,--平方米,分摊面积--平方米,建筑面积,--平方米
项目楼栋情况,信城缙华府1栋,座号,一单元,合同号,--,拟售价格,61249.3元/平方米(按建筑面积计)楼层,18,房号,1802,用途,住宅,,建筑面积82平方米,户内面积,64.03平方米,分摊面积,17.97平方米,户内面积,--平方米,分摊面积--平方米,建筑面积,--平方米
项目楼栋情况,信城缙华府1栋,座号,一单元,合同号,--,拟售价格,60999.3元/平方米(按建筑面积计)楼层,18,房号,1803,用途,住宅,,建筑面积82平方米,户内面积,64.03平方米,分摊面积,17.97平方米,户内面积,--平方米,分摊面积--平方米,建筑面积,--平方米
项目楼栋情况,信城缙华府1栋,座号,一单元,合同号,--,拟售价格,64069.62元/平方米(按建筑面积计)楼层,18,房号,1804,用途,住宅,,建筑面积82平方米,户内面积,64.03平方米,分摊面积,17.97平方米,户内面积,--平方米,分摊面积--平方米,建筑面积,--平方米
项目楼栋情况,信城缙华府1栋,座号,一单元,合同号,--,拟售价格,64549.62元/平方米(按建筑面积计)楼层,18,房号,1805,用途,住宅,,建筑面积82平方米,户内面积,64.03平方米,分摊面积,17.97平方米,户内面积,--平方米,分摊面积--平方米,建筑面积,--平方米
项目楼栋情况,信城缙华府1栋,座号,一单元,合同号,--,拟售价格,64529元/平方米(按建筑面积计)楼层,17,房号,1701,用途,住宅,,建筑面积114.29平方米,户内面积,89.24平方米,分摊面积,25.05平方米,户内面积,--平方米,分摊面积--平方米,建筑面积,--平方米
项目楼栋情况,信城缙华府1栋,座号,一单元,合同号,--,拟售价格,61169.3元/平方米(按建筑面积计)楼层,17,房号,1702,用途,住宅,,建筑面积82平方米,户内面积,64.03平方米,分摊面积,17.97平方米,户内面积,--平方米,分摊面积--平方米,建筑面积,--平方米
项目楼栋情况,信城缙华府1栋,座号,一单元,合同号,--,拟售价格,60919.3元/平方米(按建筑面积计)楼层,17,房号,1703,用途,住宅,,建筑面积82平方米,户内面积,64.03平方米,分摊面积,17.97平方米,户内面积,--平方米,分摊面积--平方米,建筑面积,--平方米
项目楼栋情况,信城缙华府1栋,座号,一单元,合同号,--,拟售价格,63989.62元/平方米(按建筑面积计)楼层,17,房号,1704,用途,住宅,,建筑面积82平方米,户内面积,64.03平方米,分摊面积,17.97平方米,户内面积,--平方米,分摊面积--平方米,建筑面积,--平方米
项目楼栋情况,信城缙华府1栋,座号,一单元,合同号,--,拟售价格,64469.62元/平方米(按建筑面积计)楼层,17,房号,1705,用途,住宅,,建筑面积82平方米,户内面积,64.03平方米,分摊面积,17.97平方米,户内面积,--平方米,分摊面积--平方米,建筑面积,--平方米
项目楼栋情况,信城缙华府1栋,座号,一单元,合同号,--,拟售价格,64459元/平方米(按建筑面积计)楼层,16,房号,1601,用途,住宅,,建筑面积114.29平方米,户内面积,89.24平方米,分摊面积,25.05平方米,户内面积,--平方米,分摊面积--平方米,建筑面积,--平方米
项目楼栋情况,信城缙华府1栋,座号,一单元,合同号,--,拟售价格,61089.3元/平方米(按建筑面积计)楼层,16,房号,1602,用途,住宅,,建筑面积82平方米,户内面积,64.03平方米,分摊面积,17.97平方米,户内面积,--平方米,分摊面积--平方米,建筑面积,--平方米
项目楼栋情况,信城缙华府1栋,座号,一单元,合同号,--,拟售价格,60839.3元/平方米(按建筑面积计)楼层,16,房号,1603,用途,住宅,,建筑面积82平方米,户内面积,64.03平方米,分摊面积,17.97平方米,户内面积,--平方米,分摊面积--平方米,建筑面积,--平方米
项目楼栋情况,信城缙华府1栋,座号,一单元,合同号,--,拟售价格,63909.62元/平方米(按建筑面积计)楼层,16,房号,1604,用途,住宅,,建筑面积82平方米,户内面积,64.03平方米,分摊面积,17.97平方米,户内面积,--平方米,分摊面积--平方米,建筑面积,--平方米
项目楼栋情况,信城缙华府1栋,座号,一单元,合同号,--,拟售价格,64389.62元/平方米(按建筑面积计)楼层,16,房号,1605,用途,住宅,,建筑面积82平方米,户内面积,64.03平方米,分摊面积,17.97平方米,户内面积,--平方米,分摊面积--平方米,建筑面积,--平方米
项目楼栋情况,信城缙华府1栋,座号,一单元,合同号,--,拟售价格,64389元/平方米(按建筑面积计)楼层,15,房号,1501,用途,住宅,,建筑面积114.29平方米,户内面积,89.24平方米,分摊面积,25.05平方米,户内面积,--平方米,分摊面积--平方米,建筑面积,--平方米
项目楼栋情况,信城缙华府1栋,座号,一单元,合同号,--,拟售价格,61009.3元/平方米(按建筑面积计)楼层,15,房号,1502,用途,住宅,,建筑面积82平方米,户内面积,64.03平方米,分摊面积,17.97平方米,户内面积,--平方米,分摊面积--平方米,建筑面积,--平方米
项目楼栋情况,信城缙华府1栋,座号,一单元,合同号,--,拟售价格,60759.3元/平方米(按建筑面积计)楼层,15,房号,1503,用途,住宅,,建筑面积82平方米,户内面积,64.03平方米,分摊面积,17.97平方米,户内面积,--平方米,分摊面积--平方米,建筑面积,--平方米
项目楼栋情况,信城缙华府1栋,座号,一单元,合同号,--,拟售价格,63829.62元/平方米(按建筑面积计)楼层,15,房号,1504,用途,住宅,,建筑面积82平方米,户内面积,64.03平方米,分摊面积,17.97平方米,户内面积,--平方米,分摊面积--平方米,建筑面积,--平方米
项目楼栋情况,信城缙华府1栋,座号,一单元,合同号,--,拟售价格,64309.62元/平方米(按建筑面积计)楼层,15,房号,1505,用途,住宅,,建筑面积82平方米,户内面积,64.03平方米,分摊面积,17.97平方米,户内面积,--平方米,分摊面积--平方米,建筑面积,--平方米
项目楼栋情况,信城缙华府1栋,座号,一单元,合同号,--,拟售价格,64269元/平方米(按建筑面积计)楼层,14,房号,1401,用途,住宅,,建筑面积114.29平方米,户内面积,89.24平方米,分摊面积,25.05平方米,户内面积,--平方米,分摊面积--平方米,建筑面积,--平方米
项目楼栋情况,信城缙华府1栋,座号,一单元,合同号,--,拟售价格,60829.3元/平方米(按建筑面积计)楼层,14,房号,1402,用途,住宅,,建筑面积82平方米,户内面积,64.03平方米,分摊面积,17.97平方米,户内面积,--平方米,分摊面积--平方米,建筑面积,--平方米
项目楼栋情况,信城缙华府1栋,座号,一单元,合同号,--,拟售价格,60579.3元/平方米(按建筑面积计)楼层,14,房号,1403,用途,住宅,,建筑面积82平方米,户内面积,64.03平方米,分摊面积,17.97平方米,户内面积,--平方米,分摊面积--平方米,建筑面积,--平方米
项目楼栋情况,信城缙华府1栋,座号,一单元,合同号,--,拟售价格,63749.62元/平方米(按建筑面积计)楼层,14,房号,1404,用途,住宅,,建筑面积82平方米,户内面积,64.03平方米,分摊面积,17.97平方米,户内面积,--平方米,分摊面积--平方米,建筑面积,--平方米
项目楼栋情况,信城缙华府1栋,座号,一单元,合同号,--,拟售价格,64229.62元/平方米(按建筑面积计)楼层,14,房号,1405,用途,住宅,,建筑面积82平方米,户内面积,64.03平方米,分摊面积,17.97平方米,户内面积,--平方米,分摊面积--平方米,建筑面积,--平方米
项目楼栋情况,信城缙华府1栋,座号,一单元,合同号,--,拟售价格,64199元/平方米(按建筑面积计)楼层,13,房号,1301,用途,住宅,,建筑面积114.29平方米,户内面积,89.24平方米,分摊面积,25.05平方米,户内面积,--平方米,分摊面积--平方米,建筑面积,--平方米
项目楼栋情况,信城缙华府1栋,座号,一单元,合同号,--,拟售价格,60749.3元/平方米(按建筑面积计)楼层,13,房号,1302,用途,住宅,,建筑面积82平方米,户内面积,64.03平方米,分摊面积,17.97平方米,户内面积,--平方米,分摊面积--平方米,建筑面积,--平方米
项目楼栋情况,信城缙华府1栋,座号,一单元,合同号,--,拟售价格,60499.3元/平方米(按建筑面积计)楼层,13,房号,1303,用途,住宅,,建筑面积82平方米,户内面积,64.03平方米,分摊面积,17.97平方米,户内面积,--平方米,分摊面积--平方米,建筑面积,--平方米
项目楼栋情况,信城缙华府1栋,座号,一单元,合同号,--,拟售价格,63669.62元/平方米(按建筑面积计)楼层,13,房号,1304,用途,住宅,,建筑面积82平方米,户内面积,64.03平方米,分摊面积,17.97平方米,户内面积,--平方米,分摊面积--平方米,建筑面积,--平方米
项目楼栋情况,信城缙华府1栋,座号,一单元,合同号,--,拟售价格,64149.62元/平方米(按建筑面积计)楼层,13,房号,1305,用途,住宅,,建筑面积82平方米,户内面积,64.03平方米,分摊面积,17.97平方米,户内面积,--平方米,分摊面积--平方米,建筑面积,--平方米
项目楼栋情况,信城缙华府1栋,座号,一单元,合同号,--,拟售价格,64129元/平方米(按建筑面积计)楼层,12,房号,1201,用途,住宅,,建筑面积114.29平方米,户内面积,89.24平方米,分摊面积,25.05平方米,户内面积,--平方米,分摊面积--平方米,建筑面积,--平方米
项目楼栋情况,信城缙华府1栋,座号,一单元,合同号,--,拟售价格,60669.3元/平方米(按建筑面积计)楼层,12,房号,1202,用途,住宅,,建筑面积82平方米,户内面积,64.03平方米,分摊面积,17.97平方米,户内面积,--平方米,分摊面积--平方米,建筑面积,--平方米
项目楼栋情况,信城缙华府1栋,座号,一单元,合同号,--,拟售价格,60419.3元/平方米(按建筑面积计)楼层,12,房号,1203,用途,住宅,,建筑面积82平方米,户内面积,64.03平方米,分摊面积,17.97平方米,户内面积,--平方米,分摊面积--平方米,建筑面积,--平方米
项目楼栋情况,信城缙华府1栋,座号,一单元,合同号,--,拟售价格,63589.62元/平方米(按建筑面积计)楼层,12,房号,1204,用途,住宅,,建筑面积82平方米,户内面积,64.03平方米,分摊面积,17.97平方米,户内面积,--平方米,分摊面积--平方米,建筑面积,--平方米
项目楼栋情况,信城缙华府1栋,座号,一单元,合同号,--,拟售价格,64069.62元/平方米(按建筑面积计)楼层,12,房号,1205,用途,住宅,,建筑面积82平方米,户内面积,64.03平方米,分摊面积,17.97平方米,户内面积,--平方米,分摊面积--平方米,建筑面积,--平方米
项目楼栋情况,信城缙华府1栋,座号,一单元,合同号,--,拟售价格,64059元/平方米(按建筑面积计)楼层,11,房号,1101,用途,住宅,,建筑面积114.29平方米,户内面积,89.24平方米,分摊面积,25.05平方米,户内面积,--平方米,分摊面积--平方米,建筑面积,--平方米
项目楼栋情况,信城缙华府1栋,座号,一单元,合同号,--,拟售价格,60589.3元/平方米(按建筑面积计)楼层,11,房号,1102,用途,住宅,,建筑面积82平方米,户内面积,64.03平方米,分摊面积,17.97平方米,户内面积,--平方米,分摊面积--平方米,建筑面积,--平方米
项目楼栋情况,信城缙华府1栋,座号,一单元,合同号,--,拟售价格,60339.3元/平方米(按建筑面积计)楼层,11,房号,1103,用途,住宅,,建筑面积82平方米,户内面积,64.03平方米,分摊面积,17.97平方米,户内面积,--平方米,分摊面积--平方米,建筑面积,--平方米
项目楼栋情况,信城缙华府1栋,座号,一单元,合同号,--,拟售价格,63509.62元/平方米(按建筑面积计)楼层,11,房号,1104,用途,住宅,,建筑面积82平方米,户内面积,64.03平方米,分摊面积,17.97平方米,户内面积,--平方米,分摊面积--平方米,建筑面积,--平方米
项目楼栋情况,信城缙华府1栋,座号,一单元,合同号,--,拟售价格,63989.62元/平方米(按建筑面积计)楼层,11,房号,1105,用途,住宅,,建筑面积82平方米,户内面积,64.03平方米,分摊面积,17.97平方米,户内面积,--平方米,分摊面积--平方米,建筑面积,--平方米
项目楼栋情况,信城缙华府1栋,座号,一单元,合同号,--,拟售价格,63989元/平方米(按建筑面积计)楼层,10,房号,1001,用途,住宅,,建筑面积114.29平方米,户内面积,89.24平方米,分摊面积,25.05平方米,户内面积,--平方米,分摊面积--平方米,建筑面积,--平方米
项目楼栋情况,信城缙华府1栋,座号,一单元,合同号,--,拟售价格,60509.3元/平方米(按建筑面积计)楼层,10,房号,1002,用途,住宅,,建筑面积82平方米,户内面积,64.03平方米,分摊面积,17.97平方米,户内面积,--平方米,分摊面积--平方米,建筑面积,--平方米
项目楼栋情况,信城缙华府1栋,座号,一单元,合同号,--,拟售价格,60259.3元/平方米(按建筑面积计)楼层,10,房号,1003,用途,住宅,,建筑面积82平方米,户内面积,64.03平方米,分摊面积,17.97平方米,户内面积,--平方米,分摊面积--平方米,建筑面积,--平方米
项目楼栋情况,信城缙华府1栋,座号,一单元,合同号,--,拟售价格,63429.62元/平方米(按建筑面积计)楼层,10,房号,1004,用途,住宅,,建筑面积82平方米,户内面积,64.03平方米,分摊面积,17.97平方米,户内面积,--平方米,分摊面积--平方米,建筑面积,--平方米
项目楼栋情况,信城缙华府1栋,座号,一单元,合同号,--,拟售价格,63909.62元/平方米(按建筑面积计)楼层,10,房号,1005,用途,住宅,,建筑面积82平方米,户内面积,64.03平方米,分摊面积,17.97平方米,户内面积,--平方米,分摊面积--平方米,建筑面积,--平方米
项目楼栋情况,信城缙华府1栋,座号,一单元,合同号,--,拟售价格,63919元/平方米(按建筑面积计)楼层,9,房号,901,用途,住宅,,建筑面积114.29平方米,户内面积,89.24平方米,分摊面积,25.05平方米,户内面积,--平方米,分摊面积--平方米,建筑面积,--平方米
项目楼栋情况,信城缙华府1栋,座号,一单元,合同号,--,拟售价格,60429.3元/平方米(按建筑面积计)楼层,9,房号,902,用途,住宅,,建筑面积82平方米,户内面积,64.03平方米,分摊面积,17.97平方米,户内面积,--平方米,分摊面积--平方米,建筑面积,--平方米
项目楼栋情况,信城缙华府1栋,座号,一单元,合同号,--,拟售价格,60179.3元/平方米(按建筑面积计)楼层,9,房号,903,用途,住宅,,建筑面积82平方米,户内面积,64.03平方米,分摊面积,17.97平方米,户内面积,--平方米,分摊面积--平方米,建筑面积,--平方米
项目楼栋情况,信城缙华府1栋,座号,一单元,合同号,--,拟售价格,63349.62元/平方米(按建筑面积计)楼层,9,房号,904,用途,住宅,,建筑面积82平方米,户内面积,64.03平方米,分摊面积,17.97平方米,户内面积,--平方米,分摊面积--平方米,建筑面积,--平方米
项目楼栋情况,信城缙华府1栋,座号,一单元,合同号,--,拟售价格,63829.62元/平方米(按建筑面积计)楼层,9,房号,905,用途,住宅,,建筑面积82平方米,户内面积,64.03平方米,分摊面积,17.97平方米,户内面积,--平方米,分摊面积--平方米,建筑面积,--平方米
项目楼栋情况,信城缙华府1栋,座号,一单元,合同号,--,拟售价格,63849元/平方米(按建筑面积计)楼层,8,房号,801,用途,住宅,,建筑面积114.29平方米,户内面积,89.24平方米,分摊面积,25.05平方米,户内面积,--平方米,分摊面积--平方米,建筑面积,--平方米
项目楼栋情况,信城缙华府1栋,座号,一单元,合同号,--,拟售价格,60349.3元/平方米(按建筑面积计)楼层,8,房号,802,用途,住宅,,建筑面积82平方米,户内面积,64.03平方米,分摊面积,17.97平方米,户内面积,--平方米,分摊面积--平方米,建筑面积,--平方米
项目楼栋情况,信城缙华府1栋,座号,一单元,合同号,--,拟售价格,60099.3元/平方米(按建筑面积计)楼层,8,房号,803,用途,住宅,,建筑面积82平方米,户内面积,64.03平方米,分摊面积,17.97平方米,户内面积,--平方米,分摊面积--平方米,建筑面积,--平方米
项目楼栋情况,信城缙华府1栋,座号,一单元,合同号,--,拟售价格,63219.62元/平方米(按建筑面积计)楼层,8,房号,804,用途,住宅,,建筑面积82平方米,户内面积,64.03平方米,分摊面积,17.97平方米,户内面积,--平方米,分摊面积--平方米,建筑面积,--平方米
项目楼栋情况,信城缙华府1栋,座号,一单元,合同号,--,拟售价格,63699.62元/平方米(按建筑面积计)楼层,8,房号,805,用途,住宅,,建筑面积82平方米,户内面积,64.03平方米,分摊面积,17.97平方米,户内面积,--平方米,分摊面积--平方米,建筑面积,--平方米
项目楼栋情况,信城缙华府1栋,座号,一单元,合同号,--,拟售价格,63779元/平方米(按建筑面积计)楼层,7,房号,701,用途,住宅,,建筑面积114.29平方米,户内面积,89.24平方米,分摊面积,25.05平方米,户内面积,--平方米,分摊面积--平方米,建筑面积,--平方米
项目楼栋情况,信城缙华府1栋,座号,一单元,合同号,--,拟售价格,60269.3元/平方米(按建筑面积计)楼层,7,房号,702,用途,住宅,,建筑面积82平方米,户内面积,64.03平方米,分摊面积,17.97平方米,户内面积,--平方米,分摊面积--平方米,建筑面积,--平方米
项目楼栋情况,信城缙华府1栋,座号,一单元,合同号,--,拟售价格,60019.3元/平方米(按建筑面积计)楼层,7,房号,703,用途,住宅,,建筑面积82平方米,户内面积,64.03平方米,分摊面积,17.97平方米,户内面积,--平方米,分摊面积--平方米,建筑面积,--平方米
项目楼栋情况,信城缙华府1栋,座号,一单元,合同号,--,拟售价格,63139.62元/平方米(按建筑面积计)楼层,7,房号,704,用途,住宅,,建筑面积82平方米,户内面积,64.03平方米,分摊面积,17.97平方米,户内面积,--平方米,分摊面积--平方米,建筑面积,--平方米
项目楼栋情况,信城缙华府1栋,座号,一单元,合同号,--,拟售价格,63619.62元/平方米(按建筑面积计)楼层,7,房号,705,用途,住宅,,建筑面积82平方米,户内面积,64.03平方米,分摊面积,17.97平方米,户内面积,--平方米,分摊面积--平方米,建筑面积,--平方米
项目楼栋情况,信城缙华府1栋,座号,一单元,合同号,--,拟售价格,63708.99元/平方米(按建筑面积计)楼层,6,房号,601,用途,住宅,,建筑面积114.29平方米,户内面积,89.24平方米,分摊面积,25.05平方米,户内面积,--平方米,分摊面积--平方米,建筑面积,--平方米
项目楼栋情况,信城缙华府1栋,座号,一单元,合同号,--,拟售价格,60189.3元/平方米(按建筑面积计)楼层,6,房号,602,用途,住宅,,建筑面积82平方米,户内面积,64.03平方米,分摊面积,17.97平方米,户内面积,--平方米,分摊面积--平方米,建筑面积,--平方米
项目楼栋情况,信城缙华府1栋,座号,一单元,合同号,--,拟售价格,59939.3元/平方米(按建筑面积计)楼层,6,房号,603,用途,住宅,,建筑面积82平方米,户内面积,64.03平方米,分摊面积,17.97平方米,户内面积,--平方米,分摊面积--平方米,建筑面积,--平方米
项目楼栋情况,信城缙华府1栋,座号,一单元,合同号,--,拟售价格,63059.62元/平方米(按建筑面积计)楼层,6,房号,604,用途,住宅,,建筑面积82平方米,户内面积,64.03平方米,分摊面积,17.97平方米,户内面积,--平方米,分摊面积--平方米,建筑面积,--平方米
项目楼栋情况,信城缙华府1栋,座号,一单元,合同号,--,拟售价格,63539.62元/平方米(按建筑面积计)楼层,6,房号,605,用途,住宅,,建筑面积82平方米,户内面积,64.03平方米,分摊面积,17.97平方米,户内面积,--平方米,分摊面积--平方米,建筑面积,--平方米
项目楼栋情况,信城缙华府1栋,座号,一单元,合同号,--,拟售价格,63639元/平方米(按建筑面积计)楼层,5,房号,501,用途,住宅,,建筑面积114.29平方米,户内面积,89.24平方米,分摊面积,25.05平方米,户内面积,--平方米,分摊面积--平方米,建筑面积,--平方米
项目楼栋情况,信城缙华府1栋,座号,一单元,合同号,--,拟售价格,60109.3元/平方米(按建筑面积计)楼层,5,房号,502,用途,住宅,,建筑面积82平方米,户内面积,64.03平方米,分摊面积,17.97平方米,户内面积,--平方米,分摊面积--平方米,建筑面积,--平方米
项目楼栋情况,信城缙华府1栋,座号,一单元,合同号,--,拟售价格,59859.3元/平方米(按建筑面积计)楼层,5,房号,503,用途,住宅,,建筑面积82平方米,户内面积,64.03平方米,分摊面积,17.97平方米,户内面积,--平方米,分摊面积--平方米,建筑面积,--平方米
项目楼栋情况,信城缙华府1栋,座号,一单元,合同号,--,拟售价格,62979.62元/平方米(按建筑面积计)楼层,5,房号,504,用途,住宅,,建筑面积82平方米,户内面积,64.03平方米,分摊面积,17.97平方米,户内面积,--平方米,分摊面积--平方米,建筑面积,--平方米
项目楼栋情况,信城缙华府1栋,座号,一单元,合同号,--,拟售价格,63459.62元/平方米(按建筑面积计)楼层,5,房号,505,用途,住宅,,建筑面积82平方米,户内面积,64.03平方米,分摊面积,17.97平方米,户内面积,--平方米,分摊面积--平方米,建筑面积,--平方米
项目楼栋情况,信城缙华府1栋,座号,一单元,合同号,--,拟售价格,63569元/平方米(按建筑面积计)楼层,4,房号,401,用途,住宅,,建筑面积114.29平方米,户内面积,89.24平方米,分摊面积,25.05平方米,户内面积,--平方米,分摊面积--平方米,建筑面积,--平方米
项目楼栋情况,信城缙华府1栋,座号,一单元,合同号,--,拟售价格,58029.3元/平方米(按建筑面积计)楼层,4,房号,402,用途,住宅,,建筑面积82平方米,户内面积,64.03平方米,分摊面积,17.97平方米,户内面积,--平方米,分摊面积--平方米,建筑面积,--平方米
项目楼栋情况,信城缙华府1栋,座号,一单元,合同号,--,拟售价格,57779.3元/平方米(按建筑面积计)楼层,4,房号,403,用途,住宅,,建筑面积82平方米,户内面积,64.03平方米,分摊面积,17.97平方米,户内面积,--平方米,分摊面积--平方米,建筑面积,--平方米
项目楼栋情况,信城缙华府1栋,座号,一单元,合同号,--,拟售价格,60899.62元/平方米(按建筑面积计)楼层,4,房号,404,用途,住宅,,建筑面积82平方米,户内面积,64.03平方米,分摊面积,17.97平方米,户内面积,--平方米,分摊面积--平方米,建筑面积,--平方米
项目楼栋情况,信城缙华府1栋,座号,一单元,合同号,--,拟售价格,61379.62元/平方米(按建筑面积计)楼层,4,房号,405,用途,住宅,,建筑面积82平方米,户内面积,64.03平方米,分摊面积,17.97平方米,户内面积,--平方米,分摊面积--平方米,建筑面积,--平方米
项目楼栋情况,信城缙华府1栋,座号,一单元,合同号,--,拟售价格,63499元/平方米(按建筑面积计)楼层,3,房号,301,用途,住宅,,建筑面积114.29平方米,户内面积,89.24平方米,分摊面积,25.05平方米,户内面积,--平方米,分摊面积--平方米,建筑面积,--平方米
项目楼栋情况,信城缙华府1栋,座号,一单元,合同号,--,拟售价格,58029.3元/平方米(按建筑面积计)楼层,3,房号,302,用途,住宅,,建筑面积82平方米,户内面积,64.03平方米,分摊面积,17.97平方米,户内面积,--平方米,分摊面积--平方米,建筑面积,--平方米
项目楼栋情况,信城缙华府1栋,座号,一单元,合同号,--,拟售价格,57779.3元/平方米(按建筑面积计)楼层,3,房号,303,用途,住宅,,建筑面积82平方米,户内面积,64.03平方米,分摊面积,17.97平方米,户内面积,--平方米,分摊面积--平方米,建筑面积,--平方米
项目楼栋情况,信城缙华府1栋,座号,一单元,合同号,--,拟售价格,60899.62元/平方米(按建筑面积计)楼层,3,房号,304,用途,住宅,,建筑面积82平方米,户内面积,64.03平方米,分摊面积,17.97平方米,户内面积,--平方米,分摊面积--平方米,建筑面积,--平方米
项目楼栋情况,信城缙华府1栋,座号,一单元,合同号,--,拟售价格,61379.62元/平方米(按建筑面积计)楼层,3,房号,305,用途,住宅,,建筑面积82平方米,户内面积,64.03平方米,分摊面积,17.97平方米,户内面积,--平方米,分摊面积--平方米,建筑面积,--平方米
项目楼栋情况,信城缙华府1栋,座号,一单元,合同号,--,拟售价格,63429元/平方米(按建筑面积计)楼层,2,房号,201,用途,住宅,,建筑面积114.29平方米,户内面积,89.24平方米,分摊面积,25.05平方米,户内面积,--平方米,分摊面积--平方米,建筑面积,--平方米
项目楼栋情况,信城缙华府1栋,座号,一单元,合同号,--,拟售价格,58229.3元/平方米(按建筑面积计)楼层,2,房号,202,用途,住宅,,建筑面积82平方米,户内面积,64.03平方米,分摊面积,17.97平方米,户内面积,--平方米,分摊面积--平方米,建筑面积,--平方米
项目楼栋情况,信城缙华府1栋,座号,一单元,合同号,--,拟售价格,57779.3元/平方米(按建筑面积计)楼层,2,房号,203,用途,住宅,,建筑面积82平方米,户内面积,64.03平方米,分摊面积,17.97平方米,户内面积,--平方米,分摊面积--平方米,建筑面积,--平方米
项目楼栋情况,信城缙华府1栋,座号,一单元,合同号,--,拟售价格,61399.62元/平方米(按建筑面积计)楼层,2,房号,204,用途,住宅,,建筑面积82平方米,户内面积,64.03平方米,分摊面积,17.97平方米,户内面积,--平方米,分摊面积--平方米,建筑面积,--平方米
项目楼栋情况,信城缙华府1栋,座号,一单元,合同号,--,拟售价格,61379.62元/平方米(按建筑面积计)楼层,2,房号,205,用途,住宅,,建筑面积82平方米,户内面积,64.03平方米,分摊面积,17.97平方米,户内面积,--平方米,分摊面积--平方米,建筑面积,--平方米
项目楼栋情况,信城缙华府2栋,座号,--,合同号,--,拟售价格,59440.57元/平方米(按建筑面积计)楼层,33,房号,3301,用途,住宅,,建筑面积95.5平方米,户内面积,75.32平方米,分摊面积,20.18平方米,户内面积,--平方米,分摊面积--平方米,建筑面积,--平方米
项目楼栋情况,信城缙华府2栋,座号,--,合同号,--,拟售价格,62632.75元/平方米(按建筑面积计)楼层,33,房号,3302,用途,住宅,,建筑面积81.18平方米,户内面积,64.03平方米,分摊面积,17.15平方米,户内面积,--平方米,分摊面积--平方米,建筑面积,--平方米
项目楼栋情况,信城缙华府2栋,座号,--,合同号,--,拟售价格,62662.75元/平方米(按建筑面积计)楼层,33,房号,3303,用途,住宅,,建筑面积81.18平方米,户内面积,64.03平方米,分摊面积,17.15平方米,户内面积,--平方米,分摊面积--平方米,建筑面积,--平方米
项目楼栋情况,信城缙华府2栋,座号,--,合同号,--,拟售价格,63094.31元/平方米(按建筑面积计)楼层,33,房号,3304,用途,住宅,,建筑面积81.18平方米,户内面积,64.03平方米,分摊面积,17.15平方米,户内面积,--平方米,分摊面积--平方米,建筑面积,--平方米
项目楼栋情况,信城缙华府2栋,座号,--,合同号,--,拟售价格,63214.31元/平方米(按建筑面积计)楼层,33,房号,3305,用途,住宅,,建筑面积81.18平方米,户内面积,64.03平方米,分摊面积,17.15平方米,户内面积,--平方米,分摊面积--平方米,建筑面积,--平方米
项目楼栋情况,信城缙华府2栋,座号,--,合同号,--,拟售价格,58298.8元/平方米(按建筑面积计)楼层,33,房号,3306,用途,住宅,,建筑面积95.5平方米,户内面积,75.32平方米,分摊面积,20.18平方米,户内面积,--平方米,分摊面积--平方米,建筑面积,--平方米
项目楼栋情况,信城缙华府2栋,座号,--,合同号,--,拟售价格,59860.57元/平方米(按建筑面积计)楼层,32,房号,3201,用途,住宅,,建筑面积95.5平方米,户内面积,75.32平方米,分摊面积,20.18平方米,户内面积,--平方米,分摊面积--平方米,建筑面积,--平方米
项目楼栋情况,信城缙华府2栋,座号,--,合同号,--,拟售价格,63052.75元/平方米(按建筑面积计)楼层,32,房号,3202,用途,住宅,,建筑面积81.18平方米,户内面积,64.03平方米,分摊面积,17.15平方米,户内面积,--平方米,分摊面积--平方米,建筑面积,--平方米
项目楼栋情况,信城缙华府2栋,座号,--,合同号,--,拟售价格,63082.75元/平方米(按建筑面积计)楼层,32,房号,3203,用途,住宅,,建筑面积81.18平方米,户内面积,64.03平方米,分摊面积,17.15平方米,户内面积,--平方米,分摊面积--平方米,建筑面积,--平方米
项目楼栋情况,信城缙华府2栋,座号,--,合同号,--,拟售价格,63514.31元/平方米(按建筑面积计)楼层,32,房号,3204,用途,住宅,,建筑面积81.18平方米,户内面积,64.03平方米,分摊面积,17.15平方米,户内面积,--平方米,分摊面积--平方米,建筑面积,--平方米
项目楼栋情况,信城缙华府2栋,座号,--,合同号,--,拟售价格,63634.31元/平方米(按建筑面积计)楼层,32,房号,3205,用途,住宅,,建筑面积81.18平方米,户内面积,64.03平方米,分摊面积,17.15平方米,户内面积,--平方米,分摊面积--平方米,建筑面积,--平方米
项目楼栋情况,信城缙华府2栋,座号,--,合同号,--,拟售价格,58719.31元/平方米(按建筑面积计)楼层,32,房号,3206,用途,住宅,,建筑面积95.5平方米,户内面积,75.32平方米,分摊面积,20.18平方米,户内面积,--平方米,分摊面积--平方米,建筑面积,--平方米
项目楼栋情况,信城缙华府2栋,座号,--,合同号,--,拟售价格,59780.57元/平方米(按建筑面积计)楼层,31,房号,3101,用途,住宅,,建筑面积95.5平方米,户内面积,75.32平方米,分摊面积,20.18平方米,户内面积,--平方米,分摊面积--平方米,建筑面积,--平方米
项目楼栋情况,信城缙华府2栋,座号,--,合同号,--,拟售价格,62972.75元/平方米(按建筑面积计)楼层,31,房号,3102,用途,住宅,,建筑面积81.18平方米,户内面积,64.03平方米,分摊面积,17.15平方米,户内面积,--平方米,分摊面积--平方米,建筑面积,--平方米
项目楼栋情况,信城缙华府2栋,座号,--,合同号,--,拟售价格,63002.75元/平方米(按建筑面积计)楼层,31,房号,3103,用途,住宅,,建筑面积81.18平方米,户内面积,64.03平方米,分摊面积,17.15平方米,户内面积,--平方米,分摊面积--平方米,建筑面积,--平方米
项目楼栋情况,信城缙华府2栋,座号,--,合同号,--,拟售价格,63434.31元/平方米(按建筑面积计)楼层,31,房号,3104,用途,住宅,,建筑面积81.18平方米,户内面积,64.03平方米,分摊面积,17.15平方米,户内面积,--平方米,分摊面积--平方米,建筑面积,--平方米
项目楼栋情况,信城缙华府2栋,座号,--,合同号,--,拟售价格,63554.31元/平方米(按建筑面积计)楼层,31,房号,3105,用途,住宅,,建筑面积81.18平方米,户内面积,64.03平方米,分摊面积,17.15平方米,户内面积,--平方米,分摊面积--平方米,建筑面积,--平方米
项目楼栋情况,信城缙华府2栋,座号,--,合同号,--,拟售价格,58639.31元/平方米(按建筑面积计)楼层,31,房号,3106,用途,住宅,,建筑面积95.5平方米,户内面积,75.32平方米,分摊面积,20.18平方米,户内面积,--平方米,分摊面积--平方米,建筑面积,--平方米
项目楼栋情况,信城缙华府2栋,座号,--,合同号,--,拟售价格,59700.57元/平方米(按建筑面积计)楼层,30,房号,3001,用途,住宅,,建筑面积95.5平方米,户内面积,75.32平方米,分摊面积,20.18平方米,户内面积,--平方米,分摊面积--平方米,建筑面积,--平方米
项目楼栋情况,信城缙华府2栋,座号,--,合同号,--,拟售价格,62892.74元/平方米(按建筑面积计)楼层,30,房号,3002,用途,住宅,,建筑面积81.18平方米,户内面积,64.03平方米,分摊面积,17.15平方米,户内面积,--平方米,分摊面积--平方米,建筑面积,--平方米
项目楼栋情况,信城缙华府2栋,座号,--,合同号,--,拟售价格,62922.75元/平方米(按建筑面积计)楼层,30,房号,3003,用途,住宅,,建筑面积81.18平方米,户内面积,64.03平方米,分摊面积,17.15平方米,户内面积,--平方米,分摊面积--平方米,建筑面积,--平方米
项目楼栋情况,信城缙华府2栋,座号,--,合同号,--,拟售价格,63354.31元/平方米(按建筑面积计)楼层,30,房号,3004,用途,住宅,,建筑面积81.18平方米,户内面积,64.03平方米,分摊面积,17.15平方米,户内面积,--平方米,分摊面积--平方米,建筑面积,--平方米
项目楼栋情况,信城缙华府2栋,座号,--,合同号,--,拟售价格,63474.32元/平方米(按建筑面积计)楼层,30,房号,3005,用途,住宅,,建筑面积81.18平方米,户内面积,64.03平方米,分摊面积,17.15平方米,户内面积,--平方米,分摊面积--平方米,建筑面积,--平方米
项目楼栋情况,信城缙华府2栋,座号,--,合同号,--,拟售价格,58559.31元/平方米(按建筑面积计)楼层,30,房号,3006,用途,住宅,,建筑面积95.5平方米,户内面积,75.32平方米,分摊面积,20.18平方米,户内面积,--平方米,分摊面积--平方米,建筑面积,--平方米
项目楼栋情况,信城缙华府2栋,座号,--,合同号,--,拟售价格,59620.57元/平方米(按建筑面积计)楼层,29,房号,2901,用途,住宅,,建筑面积95.5平方米,户内面积,75.32平方米,分摊面积,20.18平方米,户内面积,--平方米,分摊面积--平方米,建筑面积,--平方米
项目楼栋情况,信城缙华府2栋,座号,--,合同号,--,拟售价格,62812.75元/平方米(按建筑面积计)楼层,29,房号,2902,用途,住宅,,建筑面积81.18平方米,户内面积,64.03平方米,分摊面积,17.15平方米,户内面积,--平方米,分摊面积--平方米,建筑面积,--平方米
项目楼栋情况,信城缙华府2栋,座号,--,合同号,--,拟售价格,62842.74元/平方米(按建筑面积计)楼层,29,房号,2903,用途,住宅,,建筑面积81.18平方米,户内面积,64.03平方米,分摊面积,17.15平方米,户内面积,--平方米,分摊面积--平方米,建筑面积,--平方米
项目楼栋情况,信城缙华府2栋,座号,--,合同号,--,拟售价格,63274.32元/平方米(按建筑面积计)楼层,29,房号,2904,用途,住宅,,建筑面积81.18平方米,户内面积,64.03平方米,分摊面积,17.15平方米,户内面积,--平方米,分摊面积--平方米,建筑面积,--平方米
项目楼栋情况,信城缙华府2栋,座号,--,合同号,--,拟售价格,63394.31元/平方米(按建筑面积计)楼层,29,房号,2905,用途,住宅,,建筑面积81.18平方米,户内面积,64.03平方米,分摊面积,17.15平方米,户内面积,--平方米,分摊面积--平方米,建筑面积,--平方米
项目楼栋情况,信城缙华府2栋,座号,--,合同号,--,拟售价格,58479.31元/平方米(按建筑面积计)楼层,29,房号,2906,用途,住宅,,建筑面积95.5平方米,户内面积,75.32平方米,分摊面积,20.18平方米,户内面积,--平方米,分摊面积--平方米,建筑面积,--平方米
项目楼栋情况,信城缙华府2栋,座号,--,合同号,--,拟售价格,59540.57元/平方米(按建筑面积计)楼层,28,房号,2801,用途,住宅,,建筑面积95.5平方米,户内面积,75.32平方米,分摊面积,20.18平方米,户内面积,--平方米,分摊面积--平方米,建筑面积,--平方米
项目楼栋情况,信城缙华府2栋,座号,--,合同号,--,拟售价格,62732.75元/平方米(按建筑面积计)楼层,28,房号,2802,用途,住宅,,建筑面积81.18平方米,户内面积,64.03平方米,分摊面积,17.15平方米,户内面积,--平方米,分摊面积--平方米,建筑面积,--平方米
项目楼栋情况,信城缙华府2栋,座号,--,合同号,--,拟售价格,62762.75元/平方米(按建筑面积计)楼层,28,房号,2803,用途,住宅,,建筑面积81.18平方米,户内面积,64.03平方米,分摊面积,17.15平方米,户内面积,--平方米,分摊面积--平方米,建筑面积,--平方米
项目楼栋情况,信城缙华府2栋,座号,--,合同号,--,拟售价格,63194.31元/平方米(按建筑面积计)楼层,28,房号,2804,用途,住宅,,建筑面积81.18平方米,户内面积,64.03平方米,分摊面积,17.15平方米,户内面积,--平方米,分摊面积--平方米,建筑面积,--平方米
项目楼栋情况,信城缙华府2栋,座号,--,合同号,--,拟售价格,63314.31元/平方米(按建筑面积计)楼层,28,房号,2805,用途,住宅,,建筑面积81.18平方米,户内面积,64.03平方米,分摊面积,17.15平方米,户内面积,--平方米,分摊面积--平方米,建筑面积,--平方米
项目楼栋情况,信城缙华府2栋,座号,--,合同号,--,拟售价格,58399.31元/平方米(按建筑面积计)楼层,28,房号,2806,用途,住宅,,建筑面积95.5平方米,户内面积,75.32平方米,分摊面积,20.18平方米,户内面积,--平方米,分摊面积--平方米,建筑面积,--平方米
项目楼栋情况,信城缙华府2栋,座号,--,合同号,--,拟售价格,59460.57元/平方米(按建筑面积计)楼层,27,房号,2701,用途,住宅,,建筑面积95.5平方米,户内面积,75.32平方米,分摊面积,20.18平方米,户内面积,--平方米,分摊面积--平方米,建筑面积,--平方米
项目楼栋情况,信城缙华府2栋,座号,--,合同号,--,拟售价格,62652.75元/平方米(按建筑面积计)楼层,27,房号,2702,用途,住宅,,建筑面积81.18平方米,户内面积,64.03平方米,分摊面积,17.15平方米,户内面积,--平方米,分摊面积--平方米,建筑面积,--平方米
项目楼栋情况,信城缙华府2栋,座号,--,合同号,--,拟售价格,62682.75元/平方米(按建筑面积计)楼层,27,房号,2703,用途,住宅,,建筑面积81.18平方米,户内面积,64.03平方米,分摊面积,17.15平方米,户内面积,--平方米,分摊面积--平方米,建筑面积,--平方米
项目楼栋情况,信城缙华府2栋,座号,--,合同号,--,拟售价格,63114.31元/平方米(按建筑面积计)楼层,27,房号,2704,用途,住宅,,建筑面积81.18平方米,户内面积,64.03平方米,分摊面积,17.15平方米,户内面积,--平方米,分摊面积--平方米,建筑面积,--平方米
项目楼栋情况,信城缙华府2栋,座号,--,合同号,--,拟售价格,63234.31元/平方米(按建筑面积计)楼层,27,房号,2705,用途,住宅,,建筑面积81.18平方米,户内面积,64.03平方米,分摊面积,17.15平方米,户内面积,--平方米,分摊面积--平方米,建筑面积,--平方米
项目楼栋情况,信城缙华府2栋,座号,--,合同号,--,拟售价格,58319.31元/平方米(按建筑面积计)楼层,27,房号,2706,用途,住宅,,建筑面积95.5平方米,户内面积,75.32平方米,分摊面积,20.18平方米,户内面积,--平方米,分摊面积--平方米,建筑面积,--平方米
项目楼栋情况,信城缙华府2栋,座号,--,合同号,--,拟售价格,59380.57元/平方米(按建筑面积计)楼层,26,房号,2601,用途,住宅,,建筑面积95.5平方米,户内面积,75.32平方米,分摊面积,20.18平方米,户内面积,--平方米,分摊面积--平方米,建筑面积,--平方米
项目楼栋情况,信城缙华府2栋,座号,--,合同号,--,拟售价格,62572.75元/平方米(按建筑面积计)楼层,26,房号,2602,用途,住宅,,建筑面积81.18平方米,户内面积,64.03平方米,分摊面积,17.15平方米,户内面积,--平方米,分摊面积--平方米,建筑面积,--平方米
项目楼栋情况,信城缙华府2栋,座号,--,合同号,--,拟售价格,62602.75元/平方米(按建筑面积计)楼层,26,房号,2603,用途,住宅,,建筑面积81.18平方米,户内面积,64.03平方米,分摊面积,17.15平方米,户内面积,--平方米,分摊面积--平方米,建筑面积,--平方米
项目楼栋情况,信城缙华府2栋,座号,--,合同号,--,拟售价格,63034.31元/平方米(按建筑面积计)楼层,26,房号,2604,用途,住宅,,建筑面积81.18平方米,户内面积,64.03平方米,分摊面积,17.15平方米,户内面积,--平方米,分摊面积--平方米,建筑面积,--平方米
项目楼栋情况,信城缙华府2栋,座号,--,合同号,--,拟售价格,63154.31元/平方米(按建筑面积计)楼层,26,房号,2605,用途,住宅,,建筑面积81.18平方米,户内面积,64.03平方米,分摊面积,17.15平方米,户内面积,--平方米,分摊面积--平方米,建筑面积,--平方米
项目楼栋情况,信城缙华府2栋,座号,--,合同号,--,拟售价格,58239.31元/平方米(按建筑面积计)楼层,26,房号,2606,用途,住宅,,建筑面积95.5平方米,户内面积,75.32平方米,分摊面积,20.18平方米,户内面积,--平方米,分摊面积--平方米,建筑面积,--平方米
项目楼栋情况,信城缙华府2栋,座号,--,合同号,--,拟售价格,59300.57元/平方米(按建筑面积计)楼层,25,房号,2501,用途,住宅,,建筑面积95.5平方米,户内面积,75.32平方米,分摊面积,20.18平方米,户内面积,--平方米,分摊面积--平方米,建筑面积,--平方米
项目楼栋情况,信城缙华府2栋,座号,--,合同号,--,拟售价格,62492.74元/平方米(按建筑面积计)楼层,25,房号,2502,用途,住宅,,建筑面积81.18平方米,户内面积,64.03平方米,分摊面积,17.15平方米,户内面积,--平方米,分摊面积--平方米,建筑面积,--平方米
项目楼栋情况,信城缙华府2栋,座号,--,合同号,--,拟售价格,62522.75元/平方米(按建筑面积计)楼层,25,房号,2503,用途,住宅,,建筑面积81.18平方米,户内面积,64.03平方米,分摊面积,17.15平方米,户内面积,--平方米,分摊面积--平方米,建筑面积,--平方米
项目楼栋情况,信城缙华府2栋,座号,--,合同号,--,拟售价格,62954.31元/平方米(按建筑面积计)楼层,25,房号,2504,用途,住宅,,建筑面积81.18平方米,户内面积,64.03平方米,分摊面积,17.15平方米,户内面积,--平方米,分摊面积--平方米,建筑面积,--平方米
项目楼栋情况,信城缙华府2栋,座号,--,合同号,--,拟售价格,63074.32元/平方米(按建筑面积计)楼层,25,房号,2505,用途,住宅,,建筑面积81.18平方米,户内面积,64.03平方米,分摊面积,17.15平方米,户内面积,--平方米,分摊面积--平方米,建筑面积,--平方米
项目楼栋情况,信城缙华府2栋,座号,--,合同号,--,拟售价格,58159.31元/平方米(按建筑面积计)楼层,25,房号,2506,用途,住宅,,建筑面积95.5平方米,户内面积,75.32平方米,分摊面积,20.18平方米,户内面积,--平方米,分摊面积--平方米,建筑面积,--平方米
项目楼栋情况,信城缙华府2栋,座号,--,合同号,--,拟售价格,59220.57元/平方米(按建筑面积计)楼层,24,房号,2401,用途,住宅,,建筑面积95.5平方米,户内面积,75.32平方米,分摊面积,20.18平方米,户内面积,--平方米,分摊面积--平方米,建筑面积,--平方米
项目楼栋情况,信城缙华府2栋,座号,--,合同号,--,拟售价格,62412.75元/平方米(按建筑面积计)楼层,24,房号,2402,用途,住宅,,建筑面积81.18平方米,户内面积,64.03平方米,分摊面积,17.15平方米,户内面积,--平方米,分摊面积--平方米,建筑面积,--平方米
项目楼栋情况,信城缙华府2栋,座号,--,合同号,--,拟售价格,62442.74元/平方米(按建筑面积计)楼层,24,房号,2403,用途,住宅,,建筑面积81.18平方米,户内面积,64.03平方米,分摊面积,17.15平方米,户内面积,--平方米,分摊面积--平方米,建筑面积,--平方米
项目楼栋情况,信城缙华府2栋,座号,--,合同号,--,拟售价格,62874.32元/平方米(按建筑面积计)楼层,24,房号,2404,用途,住宅,,建筑面积81.18平方米,户内面积,64.03平方米,分摊面积,17.15平方米,户内面积,--平方米,分摊面积--平方米,建筑面积,--平方米
项目楼栋情况,信城缙华府2栋,座号,--,合同号,--,拟售价格,62994.31元/平方米(按建筑面积计)楼层,24,房号,2405,用途,住宅,,建筑面积81.18平方米,户内面积,64.03平方米,分摊面积,17.15平方米,户内面积,--平方米,分摊面积--平方米,建筑面积,--平方米
项目楼栋情况,信城缙华府2栋,座号,--,合同号,--,拟售价格,58079.31元/平方米(按建筑面积计)楼层,24,房号,2406,用途,住宅,,建筑面积95.5平方米,户内面积,75.32平方米,分摊面积,20.18平方米,户内面积,--平方米,分摊面积--平方米,建筑面积,--平方米
项目楼栋情况,信城缙华府2栋,座号,--,合同号,--,拟售价格,59140.57元/平方米(按建筑面积计)楼层,23,房号,2301,用途,住宅,,建筑面积95.5平方米,户内面积,75.32平方米,分摊面积,20.18平方米,户内面积,--平方米,分摊面积--平方米,建筑面积,--平方米
项目楼栋情况,信城缙华府2栋,座号,--,合同号,--,拟售价格,62332.75元/平方米(按建筑面积计)楼层,23,房号,2302,用途,住宅,,建筑面积81.18平方米,户内面积,64.03平方米,分摊面积,17.15平方米,户内面积,--平方米,分摊面积--平方米,建筑面积,--平方米
项目楼栋情况,信城缙华府2栋,座号,--,合同号,--,拟售价格,62362.75元/平方米(按建筑面积计)楼层,23,房号,2303,用途,住宅,,建筑面积81.18平方米,户内面积,64.03平方米,分摊面积,17.15平方米,户内面积,--平方米,分摊面积--平方米,建筑面积,--平方米
项目楼栋情况,信城缙华府2栋,座号,--,合同号,--,拟售价格,62794.31元/平方米(按建筑面积计)楼层,23,房号,2304,用途,住宅,,建筑面积81.18平方米,户内面积,64.03平方米,分摊面积,17.15平方米,户内面积,--平方米,分摊面积--平方米,建筑面积,--平方米
项目楼栋情况,信城缙华府2栋,座号,--,合同号,--,拟售价格,62914.31元/平方米(按建筑面积计)楼层,23,房号,2305,用途,住宅,,建筑面积81.18平方米,户内面积,64.03平方米,分摊面积,17.15平方米,户内面积,--平方米,分摊面积--平方米,建筑面积,--平方米
项目楼栋情况,信城缙华府2栋,座号,--,合同号,--,拟售价格,57999.31元/平方米(按建筑面积计)楼层,23,房号,2306,用途,住宅,,建筑面积95.5平方米,户内面积,75.32平方米,分摊面积,20.18平方米,户内面积,--平方米,分摊面积--平方米,建筑面积,--平方米
项目楼栋情况,信城缙华府2栋,座号,--,合同号,--,拟售价格,59060.57元/平方米(按建筑面积计)楼层,22,房号,2201,用途,住宅,,建筑面积95.5平方米,户内面积,75.32平方米,分摊面积,20.18平方米,户内面积,--平方米,分摊面积--平方米,建筑面积,--平方米
项目楼栋情况,信城缙华府2栋,座号,--,合同号,--,拟售价格,62252.75元/平方米(按建筑面积计)楼层,22,房号,2202,用途,住宅,,建筑面积81.18平方米,户内面积,64.03平方米,分摊面积,17.15平方米,户内面积,--平方米,分摊面积--平方米,建筑面积,--平方米
项目楼栋情况,信城缙华府2栋,座号,--,合同号,--,拟售价格,62282.75元/平方米(按建筑面积计)楼层,22,房号,2203,用途,住宅,,建筑面积81.18平方米,户内面积,64.03平方米,分摊面积,17.15平方米,户内面积,--平方米,分摊面积--平方米,建筑面积,--平方米
项目楼栋情况,信城缙华府2栋,座号,--,合同号,--,拟售价格,62714.31元/平方米(按建筑面积计)楼层,22,房号,2204,用途,住宅,,建筑面积81.18平方米,户内面积,64.03平方米,分摊面积,17.15平方米,户内面积,--平方米,分摊面积--平方米,建筑面积,--平方米
项目楼栋情况,信城缙华府2栋,座号,--,合同号,--,拟售价格,62834.31元/平方米(按建筑面积计)楼层,22,房号,2205,用途,住宅,,建筑面积81.18平方米,户内面积,64.03平方米,分摊面积,17.15平方米,户内面积,--平方米,分摊面积--平方米,建筑面积,--平方米
项目楼栋情况,信城缙华府2栋,座号,--,合同号,--,拟售价格,57919.31元/平方米(按建筑面积计)楼层,22,房号,2206,用途,住宅,,建筑面积95.5平方米,户内面积,75.32平方米,分摊面积,20.18平方米,户内面积,--平方米,分摊面积--平方米,建筑面积,--平方米
项目楼栋情况,信城缙华府2栋,座号,--,合同号,--,拟售价格,58980.57元/平方米(按建筑面积计)楼层,21,房号,2101,用途,住宅,,建筑面积95.5平方米,户内面积,75.32平方米,分摊面积,20.18平方米,户内面积,--平方米,分摊面积--平方米,建筑面积,--平方米
项目楼栋情况,信城缙华府2栋,座号,--,合同号,--,拟售价格,62172.75元/平方米(按建筑面积计)楼层,21,房号,2102,用途,住宅,,建筑面积81.18平方米,户内面积,64.03平方米,分摊面积,17.15平方米,户内面积,--平方米,分摊面积--平方米,建筑面积,--平方米
项目楼栋情况,信城缙华府2栋,座号,--,合同号,--,拟售价格,62202.75元/平方米(按建筑面积计)楼层,21,房号,2103,用途,住宅,,建筑面积81.18平方米,户内面积,64.03平方米,分摊面积,17.15平方米,户内面积,--平方米,分摊面积--平方米,建筑面积,--平方米
项目楼栋情况,信城缙华府2栋,座号,--,合同号,--,拟售价格,62634.31元/平方米(按建筑面积计)楼层,21,房号,2104,用途,住宅,,建筑面积81.18平方米,户内面积,64.03平方米,分摊面积,17.15平方米,户内面积,--平方米,分摊面积--平方米,建筑面积,--平方米
项目楼栋情况,信城缙华府2栋,座号,--,合同号,--,拟售价格,62754.31元/平方米(按建筑面积计)楼层,21,房号,2105,用途,住宅,,建筑面积81.18平方米,户内面积,64.03平方米,分摊面积,17.15平方米,户内面积,--平方米,分摊面积--平方米,建筑面积,--平方米
项目楼栋情况,信城缙华府2栋,座号,--,合同号,--,拟售价格,57839.31元/平方米(按建筑面积计)楼层,21,房号,2106,用途,住宅,,建筑面积95.5平方米,户内面积,75.32平方米,分摊面积,20.18平方米,户内面积,--平方米,分摊面积--平方米,建筑面积,--平方米
项目楼栋情况,信城缙华府2栋,座号,--,合同号,--,拟售价格,58900.57元/平方米(按建筑面积计)楼层,20,房号,2001,用途,住宅,,建筑面积95.5平方米,户内面积,75.32平方米,分摊面积,20.18平方米,户内面积,--平方米,分摊面积--平方米,建筑面积,--平方米
项目楼栋情况,信城缙华府2栋,座号,--,合同号,--,拟售价格,62092.74元/平方米(按建筑面积计)楼层,20,房号,2002,用途,住宅,,建筑面积81.18平方米,户内面积,64.03平方米,分摊面积,17.15平方米,户内面积,--平方米,分摊面积--平方米,建筑面积,--平方米
项目楼栋情况,信城缙华府2栋,座号,--,合同号,--,拟售价格,62122.75元/平方米(按建筑面积计)楼层,20,房号,2003,用途,住宅,,建筑面积81.18平方米,户内面积,64.03平方米,分摊面积,17.15平方米,户内面积,--平方米,分摊面积--平方米,建筑面积,--平方米
项目楼栋情况,信城缙华府2栋,座号,--,合同号,--,拟售价格,62554.31元/平方米(按建筑面积计)楼层,20,房号,2004,用途,住宅,,建筑面积81.18平方米,户内面积,64.03平方米,分摊面积,17.15平方米,户内面积,--平方米,分摊面积--平方米,建筑面积,--平方米
项目楼栋情况,信城缙华府2栋,座号,--,合同号,--,拟售价格,62674.32元/平方米(按建筑面积计)楼层,20,房号,2005,用途,住宅,,建筑面积81.18平方米,户内面积,64.03平方米,分摊面积,17.15平方米,户内面积,--平方米,分摊面积--平方米,建筑面积,--平方米
项目楼栋情况,信城缙华府2栋,座号,--,合同号,--,拟售价格,57759.31元/平方米(按建筑面积计)楼层,20,房号,2006,用途,住宅,,建筑面积95.5平方米,户内面积,75.32平方米,分摊面积,20.18平方米,户内面积,--平方米,分摊面积--平方米,建筑面积,--平方米
项目楼栋情况,信城缙华府2栋,座号,--,合同号,--,拟售价格,58820.57元/平方米(按建筑面积计)楼层,19,房号,1901,用途,住宅,,建筑面积95.5平方米,户内面积,75.32平方米,分摊面积,20.18平方米,户内面积,--平方米,分摊面积--平方米,建筑面积,--平方米
项目楼栋情况,信城缙华府2栋,座号,--,合同号,--,拟售价格,62012.75元/平方米(按建筑面积计)楼层,19,房号,1902,用途,住宅,,建筑面积81.18平方米,户内面积,64.03平方米,分摊面积,17.15平方米,户内面积,--平方米,分摊面积--平方米,建筑面积,--平方米
项目楼栋情况,信城缙华府2栋,座号,--,合同号,--,拟售价格,62042.74元/平方米(按建筑面积计)楼层,19,房号,1903,用途,住宅,,建筑面积81.18平方米,户内面积,64.03平方米,分摊面积,17.15平方米,户内面积,--平方米,分摊面积--平方米,建筑面积,--平方米
项目楼栋情况,信城缙华府2栋,座号,--,合同号,--,拟售价格,62474.32元/平方米(按建筑面积计)楼层,19,房号,1904,用途,住宅,,建筑面积81.18平方米,户内面积,64.03平方米,分摊面积,17.15平方米,户内面积,--平方米,分摊面积--平方米,建筑面积,--平方米
项目楼栋情况,信城缙华府2栋,座号,--,合同号,--,拟售价格,62594.31元/平方米(按建筑面积计)楼层,19,房号,1905,用途,住宅,,建筑面积81.18平方米,户内面积,64.03平方米,分摊面积,17.15平方米,户内面积,--平方米,分摊面积--平方米,建筑面积,--平方米
项目楼栋情况,信城缙华府2栋,座号,--,合同号,--,拟售价格,57679.31元/平方米(按建筑面积计)楼层,19,房号,1906,用途,住宅,,建筑面积95.5平方米,户内面积,75.32平方米,分摊面积,20.18平方米,户内面积,--平方米,分摊面积--平方米,建筑面积,--平方米
项目楼栋情况,信城缙华府2栋,座号,--,合同号,--,拟售价格,58740.57元/平方米(按建筑面积计)楼层,18,房号,1801,用途,住宅,,建筑面积95.5平方米,户内面积,75.32平方米,分摊面积,20.18平方米,户内面积,--平方米,分摊面积--平方米,建筑面积,--平方米
项目楼栋情况,信城缙华府2栋,座号,--,合同号,--,拟售价格,61932.75元/平方米(按建筑面积计)楼层,18,房号,1802,用途,住宅,,建筑面积81.18平方米,户内面积,64.03平方米,分摊面积,17.15平方米,户内面积,--平方米,分摊面积--平方米,建筑面积,--平方米
项目楼栋情况,信城缙华府2栋,座号,--,合同号,--,拟售价格,61962.75元/平方米(按建筑面积计)楼层,18,房号,1803,用途,住宅,,建筑面积81.18平方米,户内面积,64.03平方米,分摊面积,17.15平方米,户内面积,--平方米,分摊面积--平方米,建筑面积,--平方米
项目楼栋情况,信城缙华府2栋,座号,--,合同号,--,拟售价格,62394.31元/平方米(按建筑面积计)楼层,18,房号,1804,用途,住宅,,建筑面积81.18平方米,户内面积,64.03平方米,分摊面积,17.15平方米,户内面积,--平方米,分摊面积--平方米,建筑面积,--平方米
项目楼栋情况,信城缙华府2栋,座号,--,合同号,--,拟售价格,62514.31元/平方米(按建筑面积计)楼层,18,房号,1805,用途,住宅,,建筑面积81.18平方米,户内面积,64.03平方米,分摊面积,17.15平方米,户内面积,--平方米,分摊面积--平方米,建筑面积,--平方米
项目楼栋情况,信城缙华府2栋,座号,--,合同号,--,拟售价格,57599.31元/平方米(按建筑面积计)楼层,18,房号,1806,用途,住宅,,建筑面积95.5平方米,户内面积,75.32平方米,分摊面积,20.18平方米,户内面积,--平方米,分摊面积--平方米,建筑面积,--平方米
项目楼栋情况,信城缙华府2栋,座号,--,合同号,--,拟售价格,58660.57元/平方米(按建筑面积计)楼层,17,房号,1701,用途,住宅,,建筑面积95.5平方米,户内面积,75.32平方米,分摊面积,20.18平方米,户内面积,--平方米,分摊面积--平方米,建筑面积,--平方米
项目楼栋情况,信城缙华府2栋,座号,--,合同号,--,拟售价格,61852.75元/平方米(按建筑面积计)楼层,17,房号,1702,用途,住宅,,建筑面积81.18平方米,户内面积,64.03平方米,分摊面积,17.15平方米,户内面积,--平方米,分摊面积--平方米,建筑面积,--平方米
项目楼栋情况,信城缙华府2栋,座号,--,合同号,--,拟售价格,61882.75元/平方米(按建筑面积计)楼层,17,房号,1703,用途,住宅,,建筑面积81.18平方米,户内面积,64.03平方米,分摊面积,17.15平方米,户内面积,--平方米,分摊面积--平方米,建筑面积,--平方米
项目楼栋情况,信城缙华府2栋,座号,--,合同号,--,拟售价格,62314.31元/平方米(按建筑面积计)楼层,17,房号,1704,用途,住宅,,建筑面积81.18平方米,户内面积,64.03平方米,分摊面积,17.15平方米,户内面积,--平方米,分摊面积--平方米,建筑面积,--平方米
项目楼栋情况,信城缙华府2栋,座号,--,合同号,--,拟售价格,62434.31元/平方米(按建筑面积计)楼层,17,房号,1705,用途,住宅,,建筑面积81.18平方米,户内面积,64.03平方米,分摊面积,17.15平方米,户内面积,--平方米,分摊面积--平方米,建筑面积,--平方米
项目楼栋情况,信城缙华府2栋,座号,--,合同号,--,拟售价格,57519.31元/平方米(按建筑面积计)楼层,17,房号,1706,用途,住宅,,建筑面积95.5平方米,户内面积,75.32平方米,分摊面积,20.18平方米,户内面积,--平方米,分摊面积--平方米,建筑面积,--平方米
项目楼栋情况,信城缙华府2栋,座号,--,合同号,--,拟售价格,58580.57元/平方米(按建筑面积计)楼层,16,房号,1601,用途,住宅,,建筑面积95.5平方米,户内面积,75.32平方米,分摊面积,20.18平方米,户内面积,--平方米,分摊面积--平方米,建筑面积,--平方米
项目楼栋情况,信城缙华府2栋,座号,--,合同号,--,拟售价格,61772.75元/平方米(按建筑面积计)楼层,16,房号,1602,用途,住宅,,建筑面积81.18平方米,户内面积,64.03平方米,分摊面积,17.15平方米,户内面积,--平方米,分摊面积--平方米,建筑面积,--平方米
项目楼栋情况,信城缙华府2栋,座号,--,合同号,--,拟售价格,61802.75元/平方米(按建筑面积计)楼层,16,房号,1603,用途,住宅,,建筑面积81.18平方米,户内面积,64.03平方米,分摊面积,17.15平方米,户内面积,--平方米,分摊面积--平方米,建筑面积,--平方米
项目楼栋情况,信城缙华府2栋,座号,--,合同号,--,拟售价格,62234.31元/平方米(按建筑面积计)楼层,16,房号,1604,用途,住宅,,建筑面积81.18平方米,户内面积,64.03平方米,分摊面积,17.15平方米,户内面积,--平方米,分摊面积--平方米,建筑面积,--平方米
项目楼栋情况,信城缙华府2栋,座号,--,合同号,--,拟售价格,62354.31元/平方米(按建筑面积计)楼层,16,房号,1605,用途,住宅,,建筑面积81.18平方米,户内面积,64.03平方米,分摊面积,17.15平方米,户内面积,--平方米,分摊面积--平方米,建筑面积,--平方米
项目楼栋情况,信城缙华府2栋,座号,--,合同号,--,拟售价格,57439.31元/平方米(按建筑面积计)楼层,16,房号,1606,用途,住宅,,建筑面积95.5平方米,户内面积,75.32平方米,分摊面积,20.18平方米,户内面积,--平方米,分摊面积--平方米,建筑面积,--平方米
项目楼栋情况,信城缙华府2栋,座号,--,合同号,--,拟售价格,58500.57元/平方米(按建筑面积计)楼层,15,房号,1501,用途,住宅,,建筑面积95.5平方米,户内面积,75.32平方米,分摊面积,20.18平方米,户内面积,--平方米,分摊面积--平方米,建筑面积,--平方米
项目楼栋情况,信城缙华府2栋,座号,--,合同号,--,拟售价格,61692.74元/平方米(按建筑面积计)楼层,15,房号,1502,用途,住宅,,建筑面积81.18平方米,户内面积,64.03平方米,分摊面积,17.15平方米,户内面积,--平方米,分摊面积--平方米,建筑面积,--平方米
项目楼栋情况,信城缙华府2栋,座号,--,合同号,--,拟售价格,61722.75元/平方米(按建筑面积计)楼层,15,房号,1503,用途,住宅,,建筑面积81.18平方米,户内面积,64.03平方米,分摊面积,17.15平方米,户内面积,--平方米,分摊面积--平方米,建筑面积,--平方米
项目楼栋情况,信城缙华府2栋,座号,--,合同号,--,拟售价格,62154.31元/平方米(按建筑面积计)楼层,15,房号,1504,用途,住宅,,建筑面积81.18平方米,户内面积,64.03平方米,分摊面积,17.15平方米,户内面积,--平方米,分摊面积--平方米,建筑面积,--平方米
项目楼栋情况,信城缙华府2栋,座号,--,合同号,--,拟售价格,62274.32元/平方米(按建筑面积计)楼层,15,房号,1505,用途,住宅,,建筑面积81.18平方米,户内面积,64.03平方米,分摊面积,17.15平方米,户内面积,--平方米,分摊面积--平方米,建筑面积,--平方米
项目楼栋情况,信城缙华府2栋,座号,--,合同号,--,拟售价格,57359.31元/平方米(按建筑面积计)楼层,15,房号,1506,用途,住宅,,建筑面积95.5平方米,户内面积,75.32平方米,分摊面积,20.18平方米,户内面积,--平方米,分摊面积--平方米,建筑面积,--平方米
项目楼栋情况,信城缙华府2栋,座号,--,合同号,--,拟售价格,58420.57元/平方米(按建筑面积计)楼层,14,房号,1401,用途,住宅,,建筑面积95.5平方米,户内面积,75.32平方米,分摊面积,20.18平方米,户内面积,--平方米,分摊面积--平方米,建筑面积,--平方米
项目楼栋情况,信城缙华府2栋,座号,--,合同号,--,拟售价格,61612.75元/平方米(按建筑面积计)楼层,14,房号,1402,用途,住宅,,建筑面积81.18平方米,户内面积,64.03平方米,分摊面积,17.15平方米,户内面积,--平方米,分摊面积--平方米,建筑面积,--平方米
项目楼栋情况,信城缙华府2栋,座号,--,合同号,--,拟售价格,61642.74元/平方米(按建筑面积计)楼层,14,房号,1403,用途,住宅,,建筑面积81.18平方米,户内面积,64.03平方米,分摊面积,17.15平方米,户内面积,--平方米,分摊面积--平方米,建筑面积,--平方米
项目楼栋情况,信城缙华府2栋,座号,--,合同号,--,拟售价格,62074.32元/平方米(按建筑面积计)楼层,14,房号,1404,用途,住宅,,建筑面积81.18平方米,户内面积,64.03平方米,分摊面积,17.15平方米,户内面积,--平方米,分摊面积--平方米,建筑面积,--平方米
项目楼栋情况,信城缙华府2栋,座号,--,合同号,--,拟售价格,62194.31元/平方米(按建筑面积计)楼层,14,房号,1405,用途,住宅,,建筑面积81.18平方米,户内面积,64.03平方米,分摊面积,17.15平方米,户内面积,--平方米,分摊面积--平方米,建筑面积,--平方米
项目楼栋情况,信城缙华府2栋,座号,--,合同号,--,拟售价格,57179.31元/平方米(按建筑面积计)楼层,14,房号,1406,用途,住宅,,建筑面积95.5平方米,户内面积,75.32平方米,分摊面积,20.18平方米,户内面积,--平方米,分摊面积--平方米,建筑面积,--平方米
项目楼栋情况,信城缙华府2栋,座号,--,合同号,--,拟售价格,58340.57元/平方米(按建筑面积计)楼层,13,房号,1301,用途,住宅,,建筑面积95.5平方米,户内面积,75.32平方米,分摊面积,20.18平方米,户内面积,--平方米,分摊面积--平方米,建筑面积,--平方米
项目楼栋情况,信城缙华府2栋,座号,--,合同号,--,拟售价格,61532.75元/平方米(按建筑面积计)楼层,13,房号,1302,用途,住宅,,建筑面积81.18平方米,户内面积,64.03平方米,分摊面积,17.15平方米,户内面积,--平方米,分摊面积--平方米,建筑面积,--平方米
项目楼栋情况,信城缙华府2栋,座号,--,合同号,--,拟售价格,61562.75元/平方米(按建筑面积计)楼层,13,房号,1303,用途,住宅,,建筑面积81.18平方米,户内面积,64.03平方米,分摊面积,17.15平方米,户内面积,--平方米,分摊面积--平方米,建筑面积,--平方米
项目楼栋情况,信城缙华府2栋,座号,--,合同号,--,拟售价格,61994.31元/平方米(按建筑面积计)楼层,13,房号,1304,用途,住宅,,建筑面积81.18平方米,户内面积,64.03平方米,分摊面积,17.15平方米,户内面积,--平方米,分摊面积--平方米,建筑面积,--平方米
项目楼栋情况,信城缙华府2栋,座号,--,合同号,--,拟售价格,62114.31元/平方米(按建筑面积计)楼层,13,房号,1305,用途,住宅,,建筑面积81.18平方米,户内面积,64.03平方米,分摊面积,17.15平方米,户内面积,--平方米,分摊面积--平方米,建筑面积,--平方米
项目楼栋情况,信城缙华府2栋,座号,--,合同号,--,拟售价格,57099.31元/平方米(按建筑面积计)楼层,13,房号,1306,用途,住宅,,建筑面积95.5平方米,户内面积,75.32平方米,分摊面积,20.18平方米,户内面积,--平方米,分摊面积--平方米,建筑面积,--平方米
项目楼栋情况,信城缙华府2栋,座号,--,合同号,--,拟售价格,58260.57元/平方米(按建筑面积计)楼层,12,房号,1201,用途,住宅,,建筑面积95.5平方米,户内面积,75.32平方米,分摊面积,20.18平方米,户内面积,--平方米,分摊面积--平方米,建筑面积,--平方米
项目楼栋情况,信城缙华府2栋,座号,--,合同号,--,拟售价格,61452.75元/平方米(按建筑面积计)楼层,12,房号,1202,用途,住宅,,建筑面积81.18平方米,户内面积,64.03平方米,分摊面积,17.15平方米,户内面积,--平方米,分摊面积--平方米,建筑面积,--平方米
项目楼栋情况,信城缙华府2栋,座号,--,合同号,--,拟售价格,61482.75元/平方米(按建筑面积计)楼层,12,房号,1203,用途,住宅,,建筑面积81.18平方米,户内面积,64.03平方米,分摊面积,17.15平方米,户内面积,--平方米,分摊面积--平方米,建筑面积,--平方米
项目楼栋情况,信城缙华府2栋,座号,--,合同号,--,拟售价格,61914.31元/平方米(按建筑面积计)楼层,12,房号,1204,用途,住宅,,建筑面积81.18平方米,户内面积,64.03平方米,分摊面积,17.15平方米,户内面积,--平方米,分摊面积--平方米,建筑面积,--平方米
项目楼栋情况,信城缙华府2栋,座号,--,合同号,--,拟售价格,62034.31元/平方米(按建筑面积计)楼层,12,房号,1205,用途,住宅,,建筑面积81.18平方米,户内面积,64.03平方米,分摊面积,17.15平方米,户内面积,--平方米,分摊面积--平方米,建筑面积,--平方米
项目楼栋情况,信城缙华府2栋,座号,--,合同号,--,拟售价格,57019.31元/平方米(按建筑面积计)楼层,12,房号,1206,用途,住宅,,建筑面积95.5平方米,户内面积,75.32平方米,分摊面积,20.18平方米,户内面积,--平方米,分摊面积--平方米,建筑面积,--平方米
项目楼栋情况,信城缙华府2栋,座号,--,合同号,--,拟售价格,58180.57元/平方米(按建筑面积计)楼层,11,房号,1101,用途,住宅,,建筑面积95.5平方米,户内面积,75.32平方米,分摊面积,20.18平方米,户内面积,--平方米,分摊面积--平方米,建筑面积,--平方米
项目楼栋情况,信城缙华府2栋,座号,--,合同号,--,拟售价格,61372.75元/平方米(按建筑面积计)楼层,11,房号,1102,用途,住宅,,建筑面积81.18平方米,户内面积,64.03平方米,分摊面积,17.15平方米,户内面积,--平方米,分摊面积--平方米,建筑面积,--平方米
项目楼栋情况,信城缙华府2栋,座号,--,合同号,--,拟售价格,61402.75元/平方米(按建筑面积计)楼层,11,房号,1103,用途,住宅,,建筑面积81.18平方米,户内面积,64.03平方米,分摊面积,17.15平方米,户内面积,--平方米,分摊面积--平方米,建筑面积,--平方米
项目楼栋情况,信城缙华府2栋,座号,--,合同号,--,拟售价格,61834.31元/平方米(按建筑面积计)楼层,11,房号,1104,用途,住宅,,建筑面积81.18平方米,户内面积,64.03平方米,分摊面积,17.15平方米,户内面积,--平方米,分摊面积--平方米,建筑面积,--平方米
项目楼栋情况,信城缙华府2栋,座号,--,合同号,--,拟售价格,61954.31元/平方米(按建筑面积计)楼层,11,房号,1105,用途,住宅,,建筑面积81.18平方米,户内面积,64.03平方米,分摊面积,17.15平方米,户内面积,--平方米,分摊面积--平方米,建筑面积,--平方米
项目楼栋情况,信城缙华府2栋,座号,--,合同号,--,拟售价格,56939.31元/平方米(按建筑面积计)楼层,11,房号,1106,用途,住宅,,建筑面积95.5平方米,户内面积,75.32平方米,分摊面积,20.18平方米,户内面积,--平方米,分摊面积--平方米,建筑面积,--平方米
项目楼栋情况,信城缙华府2栋,座号,--,合同号,--,拟售价格,58100.57元/平方米(按建筑面积计)楼层,10,房号,1001,用途,住宅,,建筑面积95.5平方米,户内面积,75.32平方米,分摊面积,20.18平方米,户内面积,--平方米,分摊面积--平方米,建筑面积,--平方米
项目楼栋情况,信城缙华府2栋,座号,--,合同号,--,拟售价格,61242.74元/平方米(按建筑面积计)楼层,10,房号,1002,用途,住宅,,建筑面积81.18平方米,户内面积,64.03平方米,分摊面积,17.15平方米,户内面积,--平方米,分摊面积--平方米,建筑面积,--平方米
项目楼栋情况,信城缙华府2栋,座号,--,合同号,--,拟售价格,61272.75元/平方米(按建筑面积计)楼层,10,房号,1003,用途,住宅,,建筑面积81.18平方米,户内面积,64.03平方米,分摊面积,17.15平方米,户内面积,--平方米,分摊面积--平方米,建筑面积,--平方米
项目楼栋情况,信城缙华府2栋,座号,--,合同号,--,拟售价格,61754.31元/平方米(按建筑面积计)楼层,10,房号,1004,用途,住宅,,建筑面积81.18平方米,户内面积,64.03平方米,分摊面积,17.15平方米,户内面积,--平方米,分摊面积--平方米,建筑面积,--平方米
项目楼栋情况,信城缙华府2栋,座号,--,合同号,--,拟售价格,61874.32元/平方米(按建筑面积计)楼层,10,房号,1005,用途,住宅,,建筑面积81.18平方米,户内面积,64.03平方米,分摊面积,17.15平方米,户内面积,--平方米,分摊面积--平方米,建筑面积,--平方米
项目楼栋情况,信城缙华府2栋,座号,--,合同号,--,拟售价格,56859.31元/平方米(按建筑面积计)楼层,10,房号,1006,用途,住宅,,建筑面积95.5平方米,户内面积,75.32平方米,分摊面积,20.18平方米,户内面积,--平方米,分摊面积--平方米,建筑面积,--平方米
项目楼栋情况,信城缙华府2栋,座号,--,合同号,--,拟售价格,58020.57元/平方米(按建筑面积计)楼层,9,房号,901,用途,住宅,,建筑面积95.5平方米,户内面积,75.32平方米,分摊面积,20.18平方米,户内面积,--平方米,分摊面积--平方米,建筑面积,--平方米
项目楼栋情况,信城缙华府2栋,座号,--,合同号,--,拟售价格,61162.75元/平方米(按建筑面积计)楼层,9,房号,902,用途,住宅,,建筑面积81.18平方米,户内面积,64.03平方米,分摊面积,17.15平方米,户内面积,--平方米,分摊面积--平方米,建筑面积,--平方米
项目楼栋情况,信城缙华府2栋,座号,--,合同号,--,拟售价格,61192.74元/平方米(按建筑面积计)楼层,9,房号,903,用途,住宅,,建筑面积81.18平方米,户内面积,64.03平方米,分摊面积,17.15平方米,户内面积,--平方米,分摊面积--平方米,建筑面积,--平方米
项目楼栋情况,信城缙华府2栋,座号,--,合同号,--,拟售价格,61674.32元/平方米(按建筑面积计)楼层,9,房号,904,用途,住宅,,建筑面积81.18平方米,户内面积,64.03平方米,分摊面积,17.15平方米,户内面积,--平方米,分摊面积--平方米,建筑面积,--平方米
项目楼栋情况,信城缙华府2栋,座号,--,合同号,--,拟售价格,61794.31元/平方米(按建筑面积计)楼层,9,房号,905,用途,住宅,,建筑面积81.18平方米,户内面积,64.03平方米,分摊面积,17.15平方米,户内面积,--平方米,分摊面积--平方米,建筑面积,--平方米
项目楼栋情况,信城缙华府2栋,座号,--,合同号,--,拟售价格,56779.31元/平方米(按建筑面积计)楼层,9,房号,906,用途,住宅,,建筑面积95.5平方米,户内面积,75.32平方米,分摊面积,20.18平方米,户内面积,--平方米,分摊面积--平方米,建筑面积,--平方米
项目楼栋情况,信城缙华府2栋,座号,--,合同号,--,拟售价格,57840.57元/平方米(按建筑面积计)楼层,8,房号,801,用途,住宅,,建筑面积95.5平方米,户内面积,75.32平方米,分摊面积,20.18平方米,户内面积,--平方米,分摊面积--平方米,建筑面积,--平方米
项目楼栋情况,信城缙华府2栋,座号,--,合同号,--,拟售价格,61082.75元/平方米(按建筑面积计)楼层,8,房号,802,用途,住宅,,建筑面积81.18平方米,户内面积,64.03平方米,分摊面积,17.15平方米,户内面积,--平方米,分摊面积--平方米,建筑面积,--平方米
项目楼栋情况,信城缙华府2栋,座号,--,合同号,--,拟售价格,61112.75元/平方米(按建筑面积计)楼层,8,房号,803,用途,住宅,,建筑面积81.18平方米,户内面积,64.03平方米,分摊面积,17.15平方米,户内面积,--平方米,分摊面积--平方米,建筑面积,--平方米
项目楼栋情况,信城缙华府2栋,座号,--,合同号,--,拟售价格,61594.31元/平方米(按建筑面积计)楼层,8,房号,804,用途,住宅,,建筑面积81.18平方米,户内面积,64.03平方米,分摊面积,17.15平方米,户内面积,--平方米,分摊面积--平方米,建筑面积,--平方米
项目楼栋情况,信城缙华府2栋,座号,--,合同号,--,拟售价格,61714.31元/平方米(按建筑面积计)楼层,8,房号,805,用途,住宅,,建筑面积81.18平方米,户内面积,64.03平方米,分摊面积,17.15平方米,户内面积,--平方米,分摊面积--平方米,建筑面积,--平方米
项目楼栋情况,信城缙华府2栋,座号,--,合同号,--,拟售价格,56699.31元/平方米(按建筑面积计)楼层,8,房号,806,用途,住宅,,建筑面积95.5平方米,户内面积,75.32平方米,分摊面积,20.18平方米,户内面积,--平方米,分摊面积--平方米,建筑面积,--平方米
项目楼栋情况,信城缙华府2栋,座号,--,合同号,--,拟售价格,57760.57元/平方米(按建筑面积计)楼层,7,房号,701,用途,住宅,,建筑面积95.5平方米,户内面积,75.32平方米,分摊面积,20.18平方米,户内面积,--平方米,分摊面积--平方米,建筑面积,--平方米
项目楼栋情况,信城缙华府2栋,座号,--,合同号,--,拟售价格,61002.75元/平方米(按建筑面积计)楼层,7,房号,702,用途,住宅,,建筑面积81.18平方米,户内面积,64.03平方米,分摊面积,17.15平方米,户内面积,--平方米,分摊面积--平方米,建筑面积,--平方米
项目楼栋情况,信城缙华府2栋,座号,--,合同号,--,拟售价格,61032.75元/平方米(按建筑面积计)楼层,7,房号,703,用途,住宅,,建筑面积81.18平方米,户内面积,64.03平方米,分摊面积,17.15平方米,户内面积,--平方米,分摊面积--平方米,建筑面积,--平方米
项目楼栋情况,信城缙华府2栋,座号,--,合同号,--,拟售价格,61514.31元/平方米(按建筑面积计)楼层,7,房号,704,用途,住宅,,建筑面积81.18平方米,户内面积,64.03平方米,分摊面积,17.15平方米,户内面积,--平方米,分摊面积--平方米,建筑面积,--平方米
项目楼栋情况,信城缙华府2栋,座号,--,合同号,--,拟售价格,61634.31元/平方米(按建筑面积计)楼层,7,房号,705,用途,住宅,,建筑面积81.18平方米,户内面积,64.03平方米,分摊面积,17.15平方米,户内面积,--平方米,分摊面积--平方米,建筑面积,--平方米
项目楼栋情况,信城缙华府2栋,座号,--,合同号,--,拟售价格,56619.31元/平方米(按建筑面积计)楼层,7,房号,706,用途,住宅,,建筑面积95.5平方米,户内面积,75.32平方米,分摊面积,20.18平方米,户内面积,--平方米,分摊面积--平方米,建筑面积,--平方米
项目楼栋情况,信城缙华府2栋,座号,--,合同号,--,拟售价格,57680.57元/平方米(按建筑面积计)楼层,6,房号,601,用途,住宅,,建筑面积95.5平方米,户内面积,75.32平方米,分摊面积,20.18平方米,户内面积,--平方米,分摊面积--平方米,建筑面积,--平方米
项目楼栋情况,信城缙华府2栋,座号,--,合同号,--,拟售价格,60922.75元/平方米(按建筑面积计)楼层,6,房号,602,用途,住宅,,建筑面积81.18平方米,户内面积,64.03平方米,分摊面积,17.15平方米,户内面积,--平方米,分摊面积--平方米,建筑面积,--平方米
项目楼栋情况,信城缙华府2栋,座号,--,合同号,--,拟售价格,60952.75元/平方米(按建筑面积计)楼层,6,房号,603,用途,住宅,,建筑面积81.18平方米,户内面积,64.03平方米,分摊面积,17.15平方米,户内面积,--平方米,分摊面积--平方米,建筑面积,--平方米
项目楼栋情况,信城缙华府2栋,座号,--,合同号,--,拟售价格,61334.31元/平方米(按建筑面积计)楼层,6,房号,604,用途,住宅,,建筑面积81.18平方米,户内面积,64.03平方米,分摊面积,17.15平方米,户内面积,--平方米,分摊面积--平方米,建筑面积,--平方米
项目楼栋情况,信城缙华府2栋,座号,--,合同号,--,拟售价格,61454.31元/平方米(按建筑面积计)楼层,6,房号,605,用途,住宅,,建筑面积81.18平方米,户内面积,64.03平方米,分摊面积,17.15平方米,户内面积,--平方米,分摊面积--平方米,建筑面积,--平方米
项目楼栋情况,信城缙华府2栋,座号,--,合同号,--,拟售价格,56539.31元/平方米(按建筑面积计)楼层,6,房号,606,用途,住宅,,建筑面积95.5平方米,户内面积,75.32平方米,分摊面积,20.18平方米,户内面积,--平方米,分摊面积--平方米,建筑面积,--平方米
项目楼栋情况,信城缙华府2栋,座号,--,合同号,--,拟售价格,57600.57元/平方米(按建筑面积计)楼层,5,房号,501,用途,住宅,,建筑面积95.5平方米,户内面积,75.32平方米,分摊面积,20.18平方米,户内面积,--平方米,分摊面积--平方米,建筑面积,--平方米
项目楼栋情况,信城缙华府2栋,座号,--,合同号,--,拟售价格,60642.74元/平方米(按建筑面积计)楼层,5,房号,502,用途,住宅,,建筑面积81.18平方米,户内面积,64.03平方米,分摊面积,17.15平方米,户内面积,--平方米,分摊面积--平方米,建筑面积,--平方米
项目楼栋情况,信城缙华府2栋,座号,--,合同号,--,拟售价格,60572.75元/平方米(按建筑面积计)楼层,5,房号,503,用途,住宅,,建筑面积81.18平方米,户内面积,64.03平方米,分摊面积,17.15平方米,户内面积,--平方米,分摊面积--平方米,建筑面积,--平方米
项目楼栋情况,信城缙华府2栋,座号,--,合同号,--,拟售价格,61254.31元/平方米(按建筑面积计)楼层,5,房号,504,用途,住宅,,建筑面积81.18平方米,户内面积,64.03平方米,分摊面积,17.15平方米,户内面积,--平方米,分摊面积--平方米,建筑面积,--平方米
项目楼栋情况,信城缙华府2栋,座号,--,合同号,--,拟售价格,61374.32元/平方米(按建筑面积计)楼层,5,房号,505,用途,住宅,,建筑面积81.18平方米,户内面积,64.03平方米,分摊面积,17.15平方米,户内面积,--平方米,分摊面积--平方米,建筑面积,--平方米
项目楼栋情况,信城缙华府2栋,座号,--,合同号,--,拟售价格,56459.31元/平方米(按建筑面积计)楼层,5,房号,506,用途,住宅,,建筑面积95.5平方米,户内面积,75.32平方米,分摊面积,20.18平方米,户内面积,--平方米,分摊面积--平方米,建筑面积,--平方米
项目楼栋情况,信城缙华府2栋,座号,--,合同号,--,拟售价格,55520.57元/平方米(按建筑面积计)楼层,4,房号,401,用途,住宅,,建筑面积95.5平方米,户内面积,75.32平方米,分摊面积,20.18平方米,户内面积,--平方米,分摊面积--平方米,建筑面积,--平方米
项目楼栋情况,信城缙华府2栋,座号,--,合同号,--,拟售价格,58562.75元/平方米(按建筑面积计)楼层,4,房号,402,用途,住宅,,建筑面积81.18平方米,户内面积,64.03平方米,分摊面积,17.15平方米,户内面积,--平方米,分摊面积--平方米,建筑面积,--平方米
项目楼栋情况,信城缙华府2栋,座号,--,合同号,--,拟售价格,58492.74元/平方米(按建筑面积计)楼层,4,房号,403,用途,住宅,,建筑面积81.18平方米,户内面积,64.03平方米,分摊面积,17.15平方米,户内面积,--平方米,分摊面积--平方米,建筑面积,--平方米
项目楼栋情况,信城缙华府2栋,座号,--,合同号,--,拟售价格,59174.32元/平方米(按建筑面积计)楼层,4,房号,404,用途,住宅,,建筑面积81.18平方米,户内面积,64.03平方米,分摊面积,17.15平方米,户内面积,--平方米,分摊面积--平方米,建筑面积,--平方米
项目楼栋情况,信城缙华府2栋,座号,--,合同号,--,拟售价格,59294.31元/平方米(按建筑面积计)楼层,4,房号,405,用途,住宅,,建筑面积81.18平方米,户内面积,64.03平方米,分摊面积,17.15平方米,户内面积,--平方米,分摊面积--平方米,建筑面积,--平方米
项目楼栋情况,信城缙华府2栋,座号,--,合同号,--,拟售价格,54379.31元/平方米(按建筑面积计)楼层,4,房号,406,用途,住宅,,建筑面积95.5平方米,户内面积,75.32平方米,分摊面积,20.18平方米,户内面积,--平方米,分摊面积--平方米,建筑面积,--平方米
项目楼栋情况,信城缙华府2栋,座号,--,合同号,--,拟售价格,55520.57元/平方米(按建筑面积计)楼层,3,房号,301,用途,住宅,,建筑面积95.5平方米,户内面积,75.32平方米,分摊面积,20.18平方米,户内面积,--平方米,分摊面积--平方米,建筑面积,--平方米
项目楼栋情况,信城缙华府2栋,座号,--,合同号,--,拟售价格,58262.75元/平方米(按建筑面积计)楼层,3,房号,302,用途,住宅,,建筑面积81.18平方米,户内面积,64.03平方米,分摊面积,17.15平方米,户内面积,--平方米,分摊面积--平方米,建筑面积,--平方米
项目楼栋情况,信城缙华府2栋,座号,--,合同号,--,拟售价格,57792.74元/平方米(按建筑面积计)楼层,3,房号,303,用途,住宅,,建筑面积81.18平方米,户内面积,64.03平方米,分摊面积,17.15平方米,户内面积,--平方米,分摊面积--平方米,建筑面积,--平方米
项目楼栋情况,信城缙华府2栋,座号,--,合同号,--,拟售价格,59174.32元/平方米(按建筑面积计)楼层,3,房号,304,用途,住宅,,建筑面积81.18平方米,户内面积,64.03平方米,分摊面积,17.15平方米,户内面积,--平方米,分摊面积--平方米,建筑面积,--平方米
项目楼栋情况,信城缙华府2栋,座号,--,合同号,--,拟售价格,59294.31元/平方米(按建筑面积计)楼层,3,房号,305,用途,住宅,,建筑面积81.18平方米,户内面积,64.03平方米,分摊面积,17.15平方米,户内面积,--平方米,分摊面积--平方米,建筑面积,--平方米
项目楼栋情况,信城缙华府2栋,座号,--,合同号,--,拟售价格,54379.31元/平方米(按建筑面积计)楼层,3,房号,306,用途,住宅,,建筑面积95.5平方米,户内面积,75.32平方米,分摊面积,20.18平方米,户内面积,--平方米,分摊面积--平方米,建筑面积,--平方米
项目楼栋情况,信城缙华府2栋,座号,--,合同号,--,拟售价格,55520.57元/平方米(按建筑面积计)楼层,2,房号,201,用途,住宅,,建筑面积95.5平方米,户内面积,75.32平方米,分摊面积,20.18平方米,户内面积,--平方米,分摊面积--平方米,建筑面积,--平方米
项目楼栋情况,信城缙华府2栋,座号,--,合同号,--,拟售价格,58262.75元/平方米(按建筑面积计)楼层,2,房号,202,用途,住宅,,建筑面积81.18平方米,户内面积,64.03平方米,分摊面积,17.15平方米,户内面积,--平方米,分摊面积--平方米,建筑面积,--平方米
项目楼栋情况,信城缙华府2栋,座号,--,合同号,--,拟售价格,57792.74元/平方米(按建筑面积计)楼层,2,房号,203,用途,住宅,,建筑面积81.18平方米,户内面积,64.03平方米,分摊面积,17.15平方米,户内面积,--平方米,分摊面积--平方米,建筑面积,--平方米
项目楼栋情况,信城缙华府2栋,座号,--,合同号,--,拟售价格,59174.32元/平方米(按建筑面积计)楼层,2,房号,204,用途,住宅,,建筑面积81.18平方米,户内面积,64.03平方米,分摊面积,17.15平方米,户内面积,--平方米,分摊面积--平方米,建筑面积,--平方米
项目楼栋情况,信城缙华府2栋,座号,--,合同号,--,拟售价格,59294.31元/平方米(按建筑面积计)楼层,2,房号,205,用途,住宅,,建筑面积81.18平方米,户内面积,64.03平方米,分摊面积,17.15平方米,户内面积,--平方米,分摊面积--平方米,建筑面积,--平方米
项目楼栋情况,信城缙华府2栋,座号,--,合同号,--,拟售价格,54379.31元/平方米(按建筑面积计)楼层,2,房号,206,用途,住宅,,建筑面积95.5平方米,户内面积,75.32平方米,分摊面积,20.18平方米,户内面积,--平方米,分摊面积--平方米,建筑面积,--平方米
项目楼栋情况,信城缙华府3栋,座号,--,合同号,--,拟售价格,125303.84元/平方米(按建筑面积计)楼层,半地下01,房号,101,用途,商铺,,建筑面积69.72平方米,户内面积,68.62平方米,分摊面积,1.1平方米,户内面积,--平方米,分摊面积--平方米,建筑面积,--平方米
项目楼栋情况,信城缙华府3栋,座号,--,合同号,--,拟售价格,123303.84元/平方米(按建筑面积计)楼层,半地下01,房号,102,用途,商铺,,建筑面积79.58平方米,户内面积,78.33平方米,分摊面积,1.25平方米,户内面积,--平方米,分摊面积--平方米,建筑面积,--平方米
项目楼栋情况,信城缙华府3栋,座号,--,合同号,--,拟售价格,127303.84元/平方米(按建筑面积计)楼层,半地下01,房号,103,用途,商铺,,建筑面积51.57平方米,户内面积,50.76平方米,分摊面积,.81平方米,户内面积,--平方米,分摊面积--平方米,建筑面积,--平方米
项目楼栋情况,信城缙华府3栋,座号,--,合同号,--,拟售价格,125303.84元/平方米(按建筑面积计)楼层,半地下01,房号,104,用途,商铺,,建筑面积64.74平方米,户内面积,63.72平方米,分摊面积,1.02平方米,户内面积,--平方米,分摊面积--平方米,建筑面积,--平方米
项目楼栋情况,信城缙华府3栋,座号,--,合同号,--,拟售价格,127303.84元/平方米(按建筑面积计)楼层,半地下01,房号,105,用途,商铺,,建筑面积53.68平方米,户内面积,52.84平方米,分摊面积,.84平方米,户内面积,--平方米,分摊面积--平方米,建筑面积,--平方米
项目楼栋情况,信城缙华府3栋,座号,--,合同号,--,拟售价格,121303.84元/平方米(按建筑面积计)楼层,半地下01,房号,106,用途,商铺,,建筑面积91.4平方米,户内面积,89.96平方米,分摊面积,1.44平方米,户内面积,--平方米,分摊面积--平方米,建筑面积,--平方米
项目楼栋情况,信城缙华府3栋,座号,--,合同号,--,拟售价格,121303.84元/平方米(按建筑面积计)楼层,半地下01,房号,107,用途,商铺,,建筑面积90.41平方米,户内面积,88.99平方米,分摊面积,1.42平方米,户内面积,--平方米,分摊面积--平方米,建筑面积,--平方米
项目楼栋情况,信城缙华府3栋,座号,--,合同号,--,拟售价格,125303.84元/平方米(按建筑面积计)楼层,半地下01,房号,108,用途,商铺,,建筑面积64.74平方米,户内面积,63.72平方米,分摊面积,1.02平方米,户内面积,--平方米,分摊面积--平方米,建筑面积,--平方米
项目楼栋情况,信城缙华府3栋,座号,--,合同号,--,拟售价格,125303.84元/平方米(按建筑面积计)楼层,半地下01,房号,109,用途,商铺,,建筑面积64.74平方米,户内面积,63.72平方米,分摊面积,1.02平方米,户内面积,--平方米,分摊面积--平方米,建筑面积,--平方米
项目楼栋情况,信城缙华府3栋,座号,--,合同号,--,拟售价格,125303.84元/平方米(按建筑面积计)楼层,半地下01,房号,110,用途,商铺,,建筑面积64.74平方米,户内面积,63.72平方米,分摊面积,1.02平方米,户内面积,--平方米,分摊面积--平方米,建筑面积,--平方米
项目楼栋情况,信城缙华府3栋,座号,--,合同号,--,拟售价格,125303.84元/平方米(按建筑面积计)楼层,半地下01,房号,111,用途,商铺,,建筑面积64.74平方米,户内面积,63.72平方米,分摊面积,1.02平方米,户内面积,--平方米,分摊面积--平方米,建筑面积,--平方米
项目楼栋情况,信城缙华府3栋,座号,--,合同号,--,拟售价格,125303.84元/平方米(按建筑面积计)楼层,半地下01,房号,112,用途,商铺,,建筑面积64.74平方米,户内面积,63.72平方米,分摊面积,1.02平方米,户内面积,--平方米,分摊面积--平方米,建筑面积,--平方米
项目楼栋情况,信城缙华府3栋,座号,--,合同号,--,拟售价格,119303.84元/平方米(按建筑面积计)楼层,半地下01,房号,113,用途,商铺,,建筑面积98.31平方米,户内面积,96.76平方米,分摊面积,1.55平方米,户内面积,--平方米,分摊面积--平方米,建筑面积,--平方米
项目楼栋情况,信城缙华府3栋,座号,--,合同号,--,拟售价格,131303.84元/平方米(按建筑面积计)楼层,半地下01,房号,114,用途,商铺,,建筑面积37.33平方米,户内面积,36.74平方米,分摊面积,.59平方米,户内面积,--平方米,分摊面积--平方米,建筑面积,--平方米
项目楼栋情况,信城缙华府3栋,座号,--,合同号,--,拟售价格,129303.84元/平方米(按建筑面积计)楼层,半地下01,房号,115,用途,商铺,,建筑面积50.17平方米,户内面积,49.38平方米,分摊面积,.79平方米,户内面积,--平方米,分摊面积--平方米,建筑面积,--平方米
项目楼栋情况,信城缙华府3栋,座号,--,合同号,--,拟售价格,91912.69元/平方米(按建筑面积计)楼层,1,房号,101,用途,商铺,,建筑面积144.84平方米,户内面积,142.56平方米,分摊面积,2.28平方米,户内面积,--平方米,分摊面积--平方米,建筑面积,--平方米
项目楼栋情况,信城缙华府3栋,座号,--,合同号,--,拟售价格,91912.69元/平方米(按建筑面积计)楼层,1,房号,102,用途,商铺,,建筑面积144.84平方米,户内面积,142.56平方米,分摊面积,2.28平方米,户内面积,--平方米,分摊面积--平方米,建筑面积,--平方米
项目楼栋情况,信城缙华府3栋,座号,--,合同号,--,拟售价格,84912.69元/平方米(按建筑面积计)楼层,1,房号,103,用途,商铺,,建筑面积176.08平方米,户内面积,173.32平方米,分摊面积,2.76平方米,户内面积,--平方米,分摊面积--平方米,建筑面积,--平方米
项目楼栋情况,信城缙华府3栋,座号,--,合同号,--,拟售价格,84912.69元/平方米(按建筑面积计)楼层,1,房号,104,用途,商铺,,建筑面积176.08平方米,户内面积,173.32平方米,分摊面积,2.76平方米,户内面积,--平方米,分摊面积--平方米,建筑面积,--平方米
项目楼栋情况,信城缙华府3栋,座号,--,合同号,--,拟售价格,91912.69元/平方米(按建筑面积计)楼层,1,房号,105,用途,商铺,,建筑面积144.84平方米,户内面积,142.56平方米,分摊面积,2.28平方米,户内面积,--平方米,分摊面积--平方米,建筑面积,--平方米
项目楼栋情况,信城缙华府3栋,座号,--,合同号,--,拟售价格,91912.69元/平方米(按建筑面积计)楼层,1,房号,106,用途,商铺,,建筑面积144.84平方米,户内面积,142.56平方米,分摊面积,2.28平方米,户内面积,--平方米,分摊面积--平方米,建筑面积,--平方米
项目楼栋情况,信城缙华府3栋,座号,--,合同号,--,拟售价格,91912.69元/平方米(按建筑面积计)楼层,1,房号,107,用途,商铺,,建筑面积144.84平方米,户内面积,142.56平方米,分摊面积,2.28平方米,户内面积,--平方米,分摊面积--平方米,建筑面积,--平方米
项目楼栋情况,信城缙华府3栋,座号,--,合同号,--,拟售价格,91912.69元/平方米(按建筑面积计)楼层,1,房号,108,用途,商铺,,建筑面积144.84平方米,户内面积,142.56平方米,分摊面积,2.28平方米,户内面积,--平方米,分摊面积--平方米,建筑面积,--平方米
项目楼栋情况,信城缙华府3栋,座号,--,合同号,--,拟售价格,91912.69元/平方米(按建筑面积计)楼层,1,房号,109,用途,商铺,,建筑面积144.84平方米,户内面积,142.56平方米,分摊面积,2.28平方米,户内面积,--平方米,分摊面积--平方米,建筑面积,--平方米
项目楼栋情况,信城缙华府3栋,座号,--,合同号,--,拟售价格,91912.69元/平方米(按建筑面积计)楼层,1,房号,110,用途,商铺,,建筑面积144.84平方米,户内面积,142.56平方米,分摊面积,2.28平方米,户内面积,--平方米,分摊面积--平方米,建筑面积,--平方米
项目楼栋情况,信城缙华府4栋,座号,--,合同号,--,拟售价格,91912.69元/平方米(按建筑面积计)楼层,1,房号,101,用途,商业,,建筑面积145.2平方米,户内面积,142.56平方米,分摊面积,2.64平方米,户内面积,--平方米,分摊面积--平方米,建筑面积,--平方米
项目楼栋情况,信城缙华府4栋,座号,--,合同号,--,拟售价格,91912.69元/平方米(按建筑面积计)楼层,1,房号,102,用途,商业,,建筑面积145.2平方米,户内面积,142.56平方米,分摊面积,2.64平方米,户内面积,--平方米,分摊面积--平方米,建筑面积,--平方米
项目楼栋情况,信城缙华府4栋,座号,--,合同号,--,拟售价格,91912.69元/平方米(按建筑面积计)楼层,1,房号,103,用途,商业,,建筑面积145.2平方米,户内面积,142.56平方米,分摊面积,2.64平方米,户内面积,--平方米,分摊面积--平方米,建筑面积,--平方米
项目楼栋情况,信城缙华府4栋,座号,--,合同号,--,拟售价格,91912.69元/平方米(按建筑面积计)楼层,1,房号,104,用途,商业,,建筑面积145.2平方米,户内面积,142.56平方米,分摊面积,2.64平方米,户内面积,--平方米,分摊面积--平方米,建筑面积,--平方米
项目楼栋情况,信城缙华府4栋,座号,--,合同号,--,拟售价格,91912.69元/平方米(按建筑面积计)楼层,1,房号,105,用途,商业,,建筑面积145.2平方米,户内面积,142.56平方米,分摊面积,2.64平方米,户内面积,--平方米,分摊面积--平方米,建筑面积,--平方米
项目楼栋情况,信城缙华府4栋,座号,--,合同号,--,拟售价格,91912.69元/平方米(按建筑面积计)楼层,1,房号,106,用途,商业,,建筑面积145.2平方米,户内面积,142.56平方米,分摊面积,2.64平方米,户内面积,--平方米,分摊面积--平方米,建筑面积,--平方米
项目楼栋情况,信城缙华府4栋,座号,--,合同号,--,拟售价格,91912.69元/平方米(按建筑面积计)楼层,1,房号,107,用途,商业,,建筑面积145.2平方米,户内面积,142.56平方米,分摊面积,2.64平方米,户内面积,--平方米,分摊面积--平方米,建筑面积,--平方米
项目楼栋情况,信城缙华府4栋,座号,--,合同号,--,拟售价格,91912.69元/平方米(按建筑面积计)楼层,1,房号,108,用途,商业,,建筑面积145.2平方米,户内面积,142.56平方米,分摊面积,2.64平方米,户内面积,--平方米,分摊面积--平方米,建筑面积,--平方米
项目楼栋情况,信城缙华府4栋,座号,--,合同号,--,拟售价格,91912.69元/平方米(按建筑面积计)楼层,1,房号,109,用途,商业,,建筑面积145.2平方米,户内面积,142.56平方米,分摊面积,2.64平方米,户内面积,--平方米,分摊面积--平方米,建筑面积,--平方米
项目楼栋情况,信城缙华府4栋,座号,--,合同号,--,拟售价格,91912.69元/平方米(按建筑面积计)楼层,1,房号,110,用途,商业,,建筑面积145.2平方米,户内面积,142.56平方米,分摊面积,2.64平方米,户内面积,--平方米,分摊面积--平方米,建筑面积,--平方米
项目楼栋情况,信城缙华府4栋,座号,--,合同号,--,拟售价格,91912.69元/平方米(按建筑面积计)楼层,1,房号,111,用途,商业,,建筑面积145.2平方米,户内面积,142.56平方米,分摊面积,2.64平方米,户内面积,--平方米,分摊面积--平方米,建筑面积,--平方米
