项目楼栋情况,联发天境雅居1栋,座号,--,合同号,--,拟售价格,93533.52元/平方米(按建筑面积计)楼层,半地下商业半地下室01,房号,101,用途,商业,,建筑面积82.66平方米,户内面积,80.86平方米,分摊面积,1.8平方米,户内面积,--平方米,分摊面积--平方米,建筑面积,--平方米
项目楼栋情况,联发天境雅居1栋,座号,--,合同号,--,拟售价格,85030.56元/平方米(按建筑面积计)楼层,半地下商业半地下室01,房号,102,用途,商业,,建筑面积100.6平方米,户内面积,98.4平方米,分摊面积,2.2平方米,户内面积,--平方米,分摊面积--平方米,建筑面积,--平方米
项目楼栋情况,联发天境雅居1栋,座号,--,合同号,--,拟售价格,93533.53元/平方米(按建筑面积计)楼层,半地下商业半地下室01,房号,103,用途,商业,,建筑面积100.6平方米,户内面积,98.4平方米,分摊面积,2.2平方米,户内面积,--平方米,分摊面积--平方米,建筑面积,--平方米
项目楼栋情况,联发天境雅居1栋,座号,--,合同号,--,拟售价格,93533.53元/平方米(按建筑面积计)楼层,半地下商业半地下室01,房号,104,用途,商业,,建筑面积100.6平方米,户内面积,98.4平方米,分摊面积,2.2平方米,户内面积,--平方米,分摊面积--平方米,建筑面积,--平方米
项目楼栋情况,联发天境雅居1栋,座号,--,合同号,--,拟售价格,102036.51元/平方米(按建筑面积计)楼层,半地下商业半地下室01,房号,105,用途,商业,,建筑面积100.6平方米,户内面积,98.4平方米,分摊面积,2.2平方米,户内面积,--平方米,分摊面积--平方米,建筑面积,--平方米
项目楼栋情况,联发天境雅居2栋,座号,--,合同号,--,拟售价格,102036.51元/平方米(按建筑面积计)楼层,半地下商业半地下01,房号,201,用途,商业,,建筑面积106.28平方米,户内面积,103.32平方米,分摊面积,2.96平方米,户内面积,--平方米,分摊面积--平方米,建筑面积,--平方米
项目楼栋情况,联发天境雅居2栋,座号,--,合同号,--,拟售价格,93533.53元/平方米(按建筑面积计)楼层,半地下商业半地下01,房号,202,用途,商业,,建筑面积101.22平方米,户内面积,98.4平方米,分摊面积,2.82平方米,户内面积,--平方米,分摊面积--平方米,建筑面积,--平方米
项目楼栋情况,联发天境雅居2栋,座号,--,合同号,--,拟售价格,93533.53元/平方米(按建筑面积计)楼层,半地下商业半地下01,房号,203,用途,商业,,建筑面积101.22平方米,户内面积,98.4平方米,分摊面积,2.82平方米,户内面积,--平方米,分摊面积--平方米,建筑面积,--平方米
项目楼栋情况,联发天境雅居2栋,座号,--,合同号,--,拟售价格,93533.53元/平方米(按建筑面积计)楼层,半地下商业半地下01,房号,204,用途,商业,,建筑面积101.22平方米,户内面积,98.4平方米,分摊面积,2.82平方米,户内面积,--平方米,分摊面积--平方米,建筑面积,--平方米
项目楼栋情况,联发天境雅居2栋,座号,--,合同号,--,拟售价格,123627.71元/平方米(按建筑面积计)楼层,半地下商业半地下01,房号,205,用途,商业,,建筑面积50.19平方米,户内面积,49.2平方米,分摊面积,.99平方米,户内面积,--平方米,分摊面积--平方米,建筑面积,--平方米
项目楼栋情况,联发天境雅居2栋,座号,--,合同号,--,拟售价格,131354.39元/平方米(按建筑面积计)楼层,半地下商业半地下01,房号,206,用途,商业,,建筑面积50.19平方米,户内面积,49.2平方米,分摊面积,.99平方米,户内面积,--平方米,分摊面积--平方米,建筑面积,--平方米
项目楼栋情况,联发天境雅居2栋,座号,--,合同号,--,拟售价格,131354.4元/平方米(按建筑面积计)楼层,半地下商业半地下01,房号,207,用途,商业,,建筑面积43.51平方米,户内面积,42.65平方米,分摊面积,.86平方米,户内面积,--平方米,分摊面积--平方米,建筑面积,--平方米
项目楼栋情况,联发天境雅居2栋,座号,--,合同号,--,拟售价格,185441.19元/平方米(按建筑面积计)楼层,半地下商业半地下01,房号,208,用途,商业,,建筑面积28.33平方米,户内面积,27.77平方米,分摊面积,.56平方米,户内面积,--平方米,分摊面积--平方米,建筑面积,--平方米
项目楼栋情况,联发天境雅居2栋,座号,--,合同号,--,拟售价格,200894.53元/平方米(按建筑面积计)楼层,半地下商业半地下01,房号,209,用途,商业,,建筑面积17平方米,户内面积,16.66平方米,分摊面积,.34平方米,户内面积,--平方米,分摊面积--平方米,建筑面积,--平方米
项目楼栋情况,联发天境雅居2栋,座号,--,合同号,--,拟售价格,200894.55元/平方米(按建筑面积计)楼层,半地下商业半地下01,房号,210,用途,商业,,建筑面积18.73平方米,户内面积,18.36平方米,分摊面积,.37平方米,户内面积,--平方米,分摊面积--平方米,建筑面积,--平方米
项目楼栋情况,联发天境雅居2栋,座号,--,合同号,--,拟售价格,189304.55元/平方米(按建筑面积计)楼层,半地下商业半地下01,房号,211,用途,商业,,建筑面积28.37平方米,户内面积,27.81平方米,分摊面积,.56平方米,户内面积,--平方米,分摊面积--平方米,建筑面积,--平方米
项目楼栋情况,联发天境雅居2栋,座号,--,合同号,--,拟售价格,154534.45元/平方米(按建筑面积计)楼层,半地下商业半地下01,房号,212,用途,商业,,建筑面积42.93平方米,户内面积,42.08平方米,分摊面积,.85平方米,户内面积,--平方米,分摊面积--平方米,建筑面积,--平方米
项目楼栋情况,联发天境雅居2栋,座号,--,合同号,--,拟售价格,108174.34元/平方米(按建筑面积计)楼层,半地下商业半地下01,房号,213,用途,商业,,建筑面积56.71平方米,户内面积,55.59平方米,分摊面积,1.12平方米,户内面积,--平方米,分摊面积--平方米,建筑面积,--平方米
项目楼栋情况,联发天境雅居2栋,座号,--,合同号,--,拟售价格,123627.7元/平方米(按建筑面积计)楼层,半地下商业半地下01,房号,214,用途,商业,,建筑面积45.48平方米,户内面积,44.58平方米,分摊面积,.9平方米,户内面积,--平方米,分摊面积--平方米,建筑面积,--平方米
项目楼栋情况,联发天境雅居2栋,座号,--,合同号,--,拟售价格,123627.71元/平方米(按建筑面积计)楼层,半地下商业半地下01,房号,215,用途,商业,,建筑面积45.91平方米,户内面积,45平方米,分摊面积,.91平方米,户内面积,--平方米,分摊面积--平方米,建筑面积,--平方米
项目楼栋情况,联发天境雅居2栋,座号,--,合同号,--,拟售价格,123627.71元/平方米(按建筑面积计)楼层,半地下商业半地下01,房号,216,用途,商业,,建筑面积45.91平方米,户内面积,45平方米,分摊面积,.91平方米,户内面积,--平方米,分摊面积--平方米,建筑面积,--平方米
项目楼栋情况,联发天境雅居2栋,座号,--,合同号,--,拟售价格,108174.33元/平方米(按建筑面积计)楼层,半地下商业半地下01,房号,217,用途,商业,,建筑面积45.46平方米,户内面积,44.56平方米,分摊面积,.9平方米,户内面积,--平方米,分摊面积--平方米,建筑面积,--平方米
项目楼栋情况,联发天境雅居2栋,座号,--,合同号,--,拟售价格,123627.71元/平方米(按建筑面积计)楼层,半地下商业半地下01,房号,218,用途,商业,,建筑面积48.07平方米,户内面积,47.13平方米,分摊面积,.94平方米,户内面积,--平方米,分摊面积--平方米,建筑面积,--平方米
项目楼栋情况,联发天境雅居2栋,座号,--,合同号,--,拟售价格,123627.71元/平方米(按建筑面积计)楼层,半地下商业半地下01,房号,219,用途,商业,,建筑面积47.63平方米,户内面积,46.69平方米,分摊面积,.94平方米,户内面积,--平方米,分摊面积--平方米,建筑面积,--平方米
项目楼栋情况,联发天境雅居2栋,座号,--,合同号,--,拟售价格,123627.71元/平方米(按建筑面积计)楼层,半地下商业半地下01,房号,220,用途,商业,,建筑面积45.91平方米,户内面积,45平方米,分摊面积,.91平方米,户内面积,--平方米,分摊面积--平方米,建筑面积,--平方米
项目楼栋情况,联发天境雅居2栋,座号,--,合同号,--,拟售价格,92720.96元/平方米(按建筑面积计)楼层,半地下商业半地下01,房号,221,用途,商业,,建筑面积45.46平方米,户内面积,44.56平方米,分摊面积,.9平方米,户内面积,--平方米,分摊面积--平方米,建筑面积,--平方米
项目楼栋情况,联发天境雅居2栋,座号,--,合同号,--,拟售价格,68784.68元/平方米(按建筑面积计)楼层,01,房号,222,用途,商业,,建筑面积103.97平方米,户内面积,100.24平方米,分摊面积,3.73平方米,户内面积,--平方米,分摊面积--平方米,建筑面积,--平方米
项目楼栋情况,联发天境雅居2栋,座号,--,合同号,--,拟售价格,68784.68元/平方米(按建筑面积计)楼层,01,房号,223,用途,商业,,建筑面积103.97平方米,户内面积,100.24平方米,分摊面积,3.73平方米,户内面积,--平方米,分摊面积--平方米,建筑面积,--平方米
项目楼栋情况,联发天境雅居3栋,座号,--,合同号,--,拟售价格,62915.75元/平方米(按建筑面积计)楼层,31,房号,3101,用途,住宅,,建筑面积平方米,户内面积,平方米,分摊面积,平方米,户内面积,平方米,分摊面积平方米,建筑面积,平方米
项目楼栋情况,联发天境雅居3栋,座号,--,合同号,--,拟售价格,63115.75元/平方米(按建筑面积计)楼层,31,房号,3102,用途,住宅,,建筑面积平方米,户内面积,平方米,分摊面积,平方米,户内面积,平方米,分摊面积平方米,建筑面积,平方米
项目楼栋情况,联发天境雅居3栋,座号,--,合同号,--,拟售价格,63215.75元/平方米(按建筑面积计)楼层,31,房号,3103,用途,住宅,,建筑面积平方米,户内面积,平方米,分摊面积,平方米,户内面积,平方米,分摊面积平方米,建筑面积,平方米
项目楼栋情况,联发天境雅居3栋,座号,--,合同号,--,拟售价格,61715.75元/平方米(按建筑面积计)楼层,31,房号,3104,用途,住宅,,建筑面积平方米,户内面积,平方米,分摊面积,平方米,户内面积,平方米,分摊面积平方米,建筑面积,平方米
项目楼栋情况,联发天境雅居3栋,座号,--,合同号,--,拟售价格,61915.75元/平方米(按建筑面积计)楼层,31,房号,3105,用途,住宅,,建筑面积111.7平方米,户内面积,89.9平方米,分摊面积,21.8平方米,户内面积,--平方米,分摊面积--平方米,建筑面积,--平方米
项目楼栋情况,联发天境雅居3栋,座号,--,合同号,--,拟售价格,62315.75元/平方米(按建筑面积计)楼层,31,房号,3106,用途,住宅,,建筑面积111.7平方米,户内面积,89.9平方米,分摊面积,21.8平方米,户内面积,--平方米,分摊面积--平方米,建筑面积,--平方米
项目楼栋情况,联发天境雅居3栋,座号,--,合同号,--,拟售价格,63515.75元/平方米(按建筑面积计)楼层,30,房号,3001,用途,住宅,,建筑面积平方米,户内面积,平方米,分摊面积,平方米,户内面积,平方米,分摊面积平方米,建筑面积,平方米
项目楼栋情况,联发天境雅居3栋,座号,--,合同号,--,拟售价格,63715.75元/平方米(按建筑面积计)楼层,30,房号,3002,用途,住宅,,建筑面积平方米,户内面积,平方米,分摊面积,平方米,户内面积,平方米,分摊面积平方米,建筑面积,平方米
项目楼栋情况,联发天境雅居3栋,座号,--,合同号,--,拟售价格,63815.75元/平方米(按建筑面积计)楼层,30,房号,3003,用途,住宅,,建筑面积平方米,户内面积,平方米,分摊面积,平方米,户内面积,平方米,分摊面积平方米,建筑面积,平方米
项目楼栋情况,联发天境雅居3栋,座号,--,合同号,--,拟售价格,62315.75元/平方米(按建筑面积计)楼层,30,房号,3004,用途,住宅,,建筑面积平方米,户内面积,平方米,分摊面积,平方米,户内面积,平方米,分摊面积平方米,建筑面积,平方米
项目楼栋情况,联发天境雅居3栋,座号,--,合同号,--,拟售价格,62515.75元/平方米(按建筑面积计)楼层,30,房号,3005,用途,住宅,,建筑面积111.7平方米,户内面积,89.9平方米,分摊面积,21.8平方米,户内面积,--平方米,分摊面积--平方米,建筑面积,--平方米
项目楼栋情况,联发天境雅居3栋,座号,--,合同号,--,拟售价格,62915.75元/平方米(按建筑面积计)楼层,30,房号,3006,用途,住宅,,建筑面积111.7平方米,户内面积,89.9平方米,分摊面积,21.8平方米,户内面积,--平方米,分摊面积--平方米,建筑面积,--平方米
项目楼栋情况,联发天境雅居3栋,座号,--,合同号,--,拟售价格,63415.75元/平方米(按建筑面积计)楼层,29,房号,2901,用途,住宅,,建筑面积平方米,户内面积,平方米,分摊面积,平方米,户内面积,平方米,分摊面积平方米,建筑面积,平方米
项目楼栋情况,联发天境雅居3栋,座号,--,合同号,--,拟售价格,63615.75元/平方米(按建筑面积计)楼层,29,房号,2902,用途,住宅,,建筑面积平方米,户内面积,平方米,分摊面积,平方米,户内面积,平方米,分摊面积平方米,建筑面积,平方米
项目楼栋情况,联发天境雅居3栋,座号,--,合同号,--,拟售价格,63715.75元/平方米(按建筑面积计)楼层,29,房号,2903,用途,住宅,,建筑面积平方米,户内面积,平方米,分摊面积,平方米,户内面积,平方米,分摊面积平方米,建筑面积,平方米
项目楼栋情况,联发天境雅居3栋,座号,--,合同号,--,拟售价格,62215.75元/平方米(按建筑面积计)楼层,29,房号,2904,用途,住宅,,建筑面积平方米,户内面积,平方米,分摊面积,平方米,户内面积,平方米,分摊面积平方米,建筑面积,平方米
项目楼栋情况,联发天境雅居3栋,座号,--,合同号,--,拟售价格,62415.75元/平方米(按建筑面积计)楼层,29,房号,2905,用途,住宅,,建筑面积111.7平方米,户内面积,89.9平方米,分摊面积,21.8平方米,户内面积,--平方米,分摊面积--平方米,建筑面积,--平方米
项目楼栋情况,联发天境雅居3栋,座号,--,合同号,--,拟售价格,62815.75元/平方米(按建筑面积计)楼层,29,房号,2906,用途,住宅,,建筑面积111.7平方米,户内面积,89.9平方米,分摊面积,21.8平方米,户内面积,--平方米,分摊面积--平方米,建筑面积,--平方米
项目楼栋情况,联发天境雅居3栋,座号,--,合同号,--,拟售价格,63315.75元/平方米(按建筑面积计)楼层,28,房号,2801,用途,住宅,,建筑面积平方米,户内面积,平方米,分摊面积,平方米,户内面积,平方米,分摊面积平方米,建筑面积,平方米
项目楼栋情况,联发天境雅居3栋,座号,--,合同号,--,拟售价格,63515.75元/平方米(按建筑面积计)楼层,28,房号,2802,用途,住宅,,建筑面积平方米,户内面积,平方米,分摊面积,平方米,户内面积,平方米,分摊面积平方米,建筑面积,平方米
项目楼栋情况,联发天境雅居3栋,座号,--,合同号,--,拟售价格,63615.75元/平方米(按建筑面积计)楼层,28,房号,2803,用途,住宅,,建筑面积平方米,户内面积,平方米,分摊面积,平方米,户内面积,平方米,分摊面积平方米,建筑面积,平方米
项目楼栋情况,联发天境雅居3栋,座号,--,合同号,--,拟售价格,62115.75元/平方米(按建筑面积计)楼层,28,房号,2804,用途,住宅,,建筑面积平方米,户内面积,平方米,分摊面积,平方米,户内面积,平方米,分摊面积平方米,建筑面积,平方米
项目楼栋情况,联发天境雅居3栋,座号,--,合同号,--,拟售价格,62315.75元/平方米(按建筑面积计)楼层,28,房号,2805,用途,住宅,,建筑面积111.7平方米,户内面积,89.9平方米,分摊面积,21.8平方米,户内面积,--平方米,分摊面积--平方米,建筑面积,--平方米
项目楼栋情况,联发天境雅居3栋,座号,--,合同号,--,拟售价格,62715.75元/平方米(按建筑面积计)楼层,28,房号,2806,用途,住宅,,建筑面积111.7平方米,户内面积,89.9平方米,分摊面积,21.8平方米,户内面积,--平方米,分摊面积--平方米,建筑面积,--平方米
项目楼栋情况,联发天境雅居3栋,座号,--,合同号,--,拟售价格,63215.75元/平方米(按建筑面积计)楼层,27,房号,2701,用途,住宅,,建筑面积平方米,户内面积,平方米,分摊面积,平方米,户内面积,平方米,分摊面积平方米,建筑面积,平方米
项目楼栋情况,联发天境雅居3栋,座号,--,合同号,--,拟售价格,63415.75元/平方米(按建筑面积计)楼层,27,房号,2702,用途,住宅,,建筑面积平方米,户内面积,平方米,分摊面积,平方米,户内面积,平方米,分摊面积平方米,建筑面积,平方米
项目楼栋情况,联发天境雅居3栋,座号,--,合同号,--,拟售价格,63515.75元/平方米(按建筑面积计)楼层,27,房号,2703,用途,住宅,,建筑面积平方米,户内面积,平方米,分摊面积,平方米,户内面积,平方米,分摊面积平方米,建筑面积,平方米
项目楼栋情况,联发天境雅居3栋,座号,--,合同号,--,拟售价格,62015.75元/平方米(按建筑面积计)楼层,27,房号,2704,用途,住宅,,建筑面积平方米,户内面积,平方米,分摊面积,平方米,户内面积,平方米,分摊面积平方米,建筑面积,平方米
项目楼栋情况,联发天境雅居3栋,座号,--,合同号,--,拟售价格,62215.75元/平方米(按建筑面积计)楼层,27,房号,2705,用途,住宅,,建筑面积111.7平方米,户内面积,89.9平方米,分摊面积,21.8平方米,户内面积,--平方米,分摊面积--平方米,建筑面积,--平方米
项目楼栋情况,联发天境雅居3栋,座号,--,合同号,--,拟售价格,62615.75元/平方米(按建筑面积计)楼层,27,房号,2706,用途,住宅,,建筑面积111.7平方米,户内面积,89.9平方米,分摊面积,21.8平方米,户内面积,--平方米,分摊面积--平方米,建筑面积,--平方米
项目楼栋情况,联发天境雅居3栋,座号,--,合同号,--,拟售价格,63115.75元/平方米(按建筑面积计)楼层,26,房号,2601,用途,住宅,,建筑面积平方米,户内面积,平方米,分摊面积,平方米,户内面积,平方米,分摊面积平方米,建筑面积,平方米
项目楼栋情况,联发天境雅居3栋,座号,--,合同号,--,拟售价格,63315.75元/平方米(按建筑面积计)楼层,26,房号,2602,用途,住宅,,建筑面积平方米,户内面积,平方米,分摊面积,平方米,户内面积,平方米,分摊面积平方米,建筑面积,平方米
项目楼栋情况,联发天境雅居3栋,座号,--,合同号,--,拟售价格,63415.75元/平方米(按建筑面积计)楼层,26,房号,2603,用途,住宅,,建筑面积平方米,户内面积,平方米,分摊面积,平方米,户内面积,平方米,分摊面积平方米,建筑面积,平方米
项目楼栋情况,联发天境雅居3栋,座号,--,合同号,--,拟售价格,61915.75元/平方米(按建筑面积计)楼层,26,房号,2604,用途,住宅,,建筑面积平方米,户内面积,平方米,分摊面积,平方米,户内面积,平方米,分摊面积平方米,建筑面积,平方米
项目楼栋情况,联发天境雅居3栋,座号,--,合同号,--,拟售价格,62115.75元/平方米(按建筑面积计)楼层,26,房号,2605,用途,住宅,,建筑面积111.7平方米,户内面积,89.9平方米,分摊面积,21.8平方米,户内面积,--平方米,分摊面积--平方米,建筑面积,--平方米
项目楼栋情况,联发天境雅居3栋,座号,--,合同号,--,拟售价格,62515.75元/平方米(按建筑面积计)楼层,26,房号,2606,用途,住宅,,建筑面积111.7平方米,户内面积,89.9平方米,分摊面积,21.8平方米,户内面积,--平方米,分摊面积--平方米,建筑面积,--平方米
项目楼栋情况,联发天境雅居3栋,座号,--,合同号,--,拟售价格,63015.75元/平方米(按建筑面积计)楼层,25,房号,2501,用途,住宅,,建筑面积平方米,户内面积,平方米,分摊面积,平方米,户内面积,平方米,分摊面积平方米,建筑面积,平方米
项目楼栋情况,联发天境雅居3栋,座号,--,合同号,--,拟售价格,63215.75元/平方米(按建筑面积计)楼层,25,房号,2502,用途,住宅,,建筑面积平方米,户内面积,平方米,分摊面积,平方米,户内面积,平方米,分摊面积平方米,建筑面积,平方米
项目楼栋情况,联发天境雅居3栋,座号,--,合同号,--,拟售价格,63315.75元/平方米(按建筑面积计)楼层,25,房号,2503,用途,住宅,,建筑面积平方米,户内面积,平方米,分摊面积,平方米,户内面积,平方米,分摊面积平方米,建筑面积,平方米
项目楼栋情况,联发天境雅居3栋,座号,--,合同号,--,拟售价格,61815.75元/平方米(按建筑面积计)楼层,25,房号,2504,用途,住宅,,建筑面积平方米,户内面积,平方米,分摊面积,平方米,户内面积,平方米,分摊面积平方米,建筑面积,平方米
项目楼栋情况,联发天境雅居3栋,座号,--,合同号,--,拟售价格,62015.75元/平方米(按建筑面积计)楼层,25,房号,2505,用途,住宅,,建筑面积111.7平方米,户内面积,89.9平方米,分摊面积,21.8平方米,户内面积,--平方米,分摊面积--平方米,建筑面积,--平方米
项目楼栋情况,联发天境雅居3栋,座号,--,合同号,--,拟售价格,62415.75元/平方米(按建筑面积计)楼层,25,房号,2506,用途,住宅,,建筑面积111.7平方米,户内面积,89.9平方米,分摊面积,21.8平方米,户内面积,--平方米,分摊面积--平方米,建筑面积,--平方米
项目楼栋情况,联发天境雅居3栋,座号,--,合同号,--,拟售价格,62915.75元/平方米(按建筑面积计)楼层,24,房号,2401,用途,住宅,,建筑面积平方米,户内面积,平方米,分摊面积,平方米,户内面积,平方米,分摊面积平方米,建筑面积,平方米
项目楼栋情况,联发天境雅居3栋,座号,--,合同号,--,拟售价格,63115.75元/平方米(按建筑面积计)楼层,24,房号,2402,用途,住宅,,建筑面积平方米,户内面积,平方米,分摊面积,平方米,户内面积,平方米,分摊面积平方米,建筑面积,平方米
项目楼栋情况,联发天境雅居3栋,座号,--,合同号,--,拟售价格,63215.75元/平方米(按建筑面积计)楼层,24,房号,2403,用途,住宅,,建筑面积平方米,户内面积,平方米,分摊面积,平方米,户内面积,平方米,分摊面积平方米,建筑面积,平方米
项目楼栋情况,联发天境雅居3栋,座号,--,合同号,--,拟售价格,61715.75元/平方米(按建筑面积计)楼层,24,房号,2404,用途,住宅,,建筑面积平方米,户内面积,平方米,分摊面积,平方米,户内面积,平方米,分摊面积平方米,建筑面积,平方米
项目楼栋情况,联发天境雅居3栋,座号,--,合同号,--,拟售价格,61915.75元/平方米(按建筑面积计)楼层,24,房号,2405,用途,住宅,,建筑面积111.7平方米,户内面积,89.9平方米,分摊面积,21.8平方米,户内面积,--平方米,分摊面积--平方米,建筑面积,--平方米
项目楼栋情况,联发天境雅居3栋,座号,--,合同号,--,拟售价格,62315.75元/平方米(按建筑面积计)楼层,24,房号,2406,用途,住宅,,建筑面积111.7平方米,户内面积,89.9平方米,分摊面积,21.8平方米,户内面积,--平方米,分摊面积--平方米,建筑面积,--平方米
项目楼栋情况,联发天境雅居3栋,座号,--,合同号,--,拟售价格,62815.75元/平方米(按建筑面积计)楼层,23,房号,2301,用途,住宅,,建筑面积平方米,户内面积,平方米,分摊面积,平方米,户内面积,平方米,分摊面积平方米,建筑面积,平方米
项目楼栋情况,联发天境雅居3栋,座号,--,合同号,--,拟售价格,63015.75元/平方米(按建筑面积计)楼层,23,房号,2302,用途,住宅,,建筑面积平方米,户内面积,平方米,分摊面积,平方米,户内面积,平方米,分摊面积平方米,建筑面积,平方米
项目楼栋情况,联发天境雅居3栋,座号,--,合同号,--,拟售价格,63115.75元/平方米(按建筑面积计)楼层,23,房号,2303,用途,住宅,,建筑面积平方米,户内面积,平方米,分摊面积,平方米,户内面积,平方米,分摊面积平方米,建筑面积,平方米
项目楼栋情况,联发天境雅居3栋,座号,--,合同号,--,拟售价格,61615.75元/平方米(按建筑面积计)楼层,23,房号,2304,用途,住宅,,建筑面积平方米,户内面积,平方米,分摊面积,平方米,户内面积,平方米,分摊面积平方米,建筑面积,平方米
项目楼栋情况,联发天境雅居3栋,座号,--,合同号,--,拟售价格,61815.75元/平方米(按建筑面积计)楼层,23,房号,2305,用途,住宅,,建筑面积111.7平方米,户内面积,89.9平方米,分摊面积,21.8平方米,户内面积,--平方米,分摊面积--平方米,建筑面积,--平方米
项目楼栋情况,联发天境雅居3栋,座号,--,合同号,--,拟售价格,62215.75元/平方米(按建筑面积计)楼层,23,房号,2306,用途,住宅,,建筑面积111.7平方米,户内面积,89.9平方米,分摊面积,21.8平方米,户内面积,--平方米,分摊面积--平方米,建筑面积,--平方米
项目楼栋情况,联发天境雅居3栋,座号,--,合同号,--,拟售价格,62715.75元/平方米(按建筑面积计)楼层,22,房号,2201,用途,住宅,,建筑面积平方米,户内面积,平方米,分摊面积,平方米,户内面积,平方米,分摊面积平方米,建筑面积,平方米
项目楼栋情况,联发天境雅居3栋,座号,--,合同号,--,拟售价格,62915.75元/平方米(按建筑面积计)楼层,22,房号,2202,用途,住宅,,建筑面积平方米,户内面积,平方米,分摊面积,平方米,户内面积,平方米,分摊面积平方米,建筑面积,平方米
项目楼栋情况,联发天境雅居3栋,座号,--,合同号,--,拟售价格,63015.75元/平方米(按建筑面积计)楼层,22,房号,2203,用途,住宅,,建筑面积平方米,户内面积,平方米,分摊面积,平方米,户内面积,平方米,分摊面积平方米,建筑面积,平方米
项目楼栋情况,联发天境雅居3栋,座号,--,合同号,--,拟售价格,61515.75元/平方米(按建筑面积计)楼层,22,房号,2204,用途,住宅,,建筑面积平方米,户内面积,平方米,分摊面积,平方米,户内面积,平方米,分摊面积平方米,建筑面积,平方米
项目楼栋情况,联发天境雅居3栋,座号,--,合同号,--,拟售价格,61715.75元/平方米(按建筑面积计)楼层,22,房号,2205,用途,住宅,,建筑面积111.7平方米,户内面积,89.9平方米,分摊面积,21.8平方米,户内面积,--平方米,分摊面积--平方米,建筑面积,--平方米
项目楼栋情况,联发天境雅居3栋,座号,--,合同号,--,拟售价格,62115.75元/平方米(按建筑面积计)楼层,22,房号,2206,用途,住宅,,建筑面积111.7平方米,户内面积,89.9平方米,分摊面积,21.8平方米,户内面积,--平方米,分摊面积--平方米,建筑面积,--平方米
项目楼栋情况,联发天境雅居3栋,座号,--,合同号,--,拟售价格,62565.75元/平方米(按建筑面积计)楼层,21,房号,2101,用途,住宅,,建筑面积平方米,户内面积,平方米,分摊面积,平方米,户内面积,平方米,分摊面积平方米,建筑面积,平方米
项目楼栋情况,联发天境雅居3栋,座号,--,合同号,--,拟售价格,62765.75元/平方米(按建筑面积计)楼层,21,房号,2102,用途,住宅,,建筑面积平方米,户内面积,平方米,分摊面积,平方米,户内面积,平方米,分摊面积平方米,建筑面积,平方米
项目楼栋情况,联发天境雅居3栋,座号,--,合同号,--,拟售价格,62865.75元/平方米(按建筑面积计)楼层,21,房号,2103,用途,住宅,,建筑面积平方米,户内面积,平方米,分摊面积,平方米,户内面积,平方米,分摊面积平方米,建筑面积,平方米
项目楼栋情况,联发天境雅居3栋,座号,--,合同号,--,拟售价格,61365.75元/平方米(按建筑面积计)楼层,21,房号,2104,用途,住宅,,建筑面积平方米,户内面积,平方米,分摊面积,平方米,户内面积,平方米,分摊面积平方米,建筑面积,平方米
项目楼栋情况,联发天境雅居3栋,座号,--,合同号,--,拟售价格,61565.75元/平方米(按建筑面积计)楼层,21,房号,2105,用途,住宅,,建筑面积111.7平方米,户内面积,89.9平方米,分摊面积,21.8平方米,户内面积,--平方米,分摊面积--平方米,建筑面积,--平方米
项目楼栋情况,联发天境雅居3栋,座号,--,合同号,--,拟售价格,61965.75元/平方米(按建筑面积计)楼层,21,房号,2106,用途,住宅,,建筑面积111.7平方米,户内面积,89.9平方米,分摊面积,21.8平方米,户内面积,--平方米,分摊面积--平方米,建筑面积,--平方米
项目楼栋情况,联发天境雅居3栋,座号,--,合同号,--,拟售价格,62415.75元/平方米(按建筑面积计)楼层,20,房号,2001,用途,住宅,,建筑面积平方米,户内面积,平方米,分摊面积,平方米,户内面积,平方米,分摊面积平方米,建筑面积,平方米
项目楼栋情况,联发天境雅居3栋,座号,--,合同号,--,拟售价格,62615.75元/平方米(按建筑面积计)楼层,20,房号,2002,用途,住宅,,建筑面积平方米,户内面积,平方米,分摊面积,平方米,户内面积,平方米,分摊面积平方米,建筑面积,平方米
项目楼栋情况,联发天境雅居3栋,座号,--,合同号,--,拟售价格,62715.75元/平方米(按建筑面积计)楼层,20,房号,2003,用途,住宅,,建筑面积平方米,户内面积,平方米,分摊面积,平方米,户内面积,平方米,分摊面积平方米,建筑面积,平方米
项目楼栋情况,联发天境雅居3栋,座号,--,合同号,--,拟售价格,61215.75元/平方米(按建筑面积计)楼层,20,房号,2004,用途,住宅,,建筑面积平方米,户内面积,平方米,分摊面积,平方米,户内面积,平方米,分摊面积平方米,建筑面积,平方米
项目楼栋情况,联发天境雅居3栋,座号,--,合同号,--,拟售价格,61415.75元/平方米(按建筑面积计)楼层,20,房号,2005,用途,住宅,,建筑面积111.7平方米,户内面积,89.9平方米,分摊面积,21.8平方米,户内面积,--平方米,分摊面积--平方米,建筑面积,--平方米
项目楼栋情况,联发天境雅居3栋,座号,--,合同号,--,拟售价格,61815.75元/平方米(按建筑面积计)楼层,20,房号,2006,用途,住宅,,建筑面积111.7平方米,户内面积,89.9平方米,分摊面积,21.8平方米,户内面积,--平方米,分摊面积--平方米,建筑面积,--平方米
项目楼栋情况,联发天境雅居3栋,座号,--,合同号,--,拟售价格,62265.75元/平方米(按建筑面积计)楼层,19,房号,1901,用途,住宅,,建筑面积平方米,户内面积,平方米,分摊面积,平方米,户内面积,平方米,分摊面积平方米,建筑面积,平方米
项目楼栋情况,联发天境雅居3栋,座号,--,合同号,--,拟售价格,62465.75元/平方米(按建筑面积计)楼层,19,房号,1902,用途,住宅,,建筑面积平方米,户内面积,平方米,分摊面积,平方米,户内面积,平方米,分摊面积平方米,建筑面积,平方米
项目楼栋情况,联发天境雅居3栋,座号,--,合同号,--,拟售价格,62565.75元/平方米(按建筑面积计)楼层,19,房号,1903,用途,住宅,,建筑面积平方米,户内面积,平方米,分摊面积,平方米,户内面积,平方米,分摊面积平方米,建筑面积,平方米
项目楼栋情况,联发天境雅居3栋,座号,--,合同号,--,拟售价格,61065.75元/平方米(按建筑面积计)楼层,19,房号,1904,用途,住宅,,建筑面积平方米,户内面积,平方米,分摊面积,平方米,户内面积,平方米,分摊面积平方米,建筑面积,平方米
项目楼栋情况,联发天境雅居3栋,座号,--,合同号,--,拟售价格,61265.75元/平方米(按建筑面积计)楼层,19,房号,1905,用途,住宅,,建筑面积111.7平方米,户内面积,89.9平方米,分摊面积,21.8平方米,户内面积,--平方米,分摊面积--平方米,建筑面积,--平方米
项目楼栋情况,联发天境雅居3栋,座号,--,合同号,--,拟售价格,61665.75元/平方米(按建筑面积计)楼层,19,房号,1906,用途,住宅,,建筑面积111.7平方米,户内面积,89.9平方米,分摊面积,21.8平方米,户内面积,--平方米,分摊面积--平方米,建筑面积,--平方米
项目楼栋情况,联发天境雅居3栋,座号,--,合同号,--,拟售价格,61815.75元/平方米(按建筑面积计)楼层,18,房号,1801,用途,住宅,,建筑面积平方米,户内面积,平方米,分摊面积,平方米,户内面积,平方米,分摊面积平方米,建筑面积,平方米
项目楼栋情况,联发天境雅居3栋,座号,--,合同号,--,拟售价格,62015.75元/平方米(按建筑面积计)楼层,18,房号,1802,用途,住宅,,建筑面积平方米,户内面积,平方米,分摊面积,平方米,户内面积,平方米,分摊面积平方米,建筑面积,平方米
项目楼栋情况,联发天境雅居3栋,座号,--,合同号,--,拟售价格,62115.75元/平方米(按建筑面积计)楼层,18,房号,1803,用途,住宅,,建筑面积平方米,户内面积,平方米,分摊面积,平方米,户内面积,平方米,分摊面积平方米,建筑面积,平方米
项目楼栋情况,联发天境雅居3栋,座号,--,合同号,--,拟售价格,60615.75元/平方米(按建筑面积计)楼层,18,房号,1804,用途,住宅,,建筑面积平方米,户内面积,平方米,分摊面积,平方米,户内面积,平方米,分摊面积平方米,建筑面积,平方米
项目楼栋情况,联发天境雅居3栋,座号,--,合同号,--,拟售价格,60815.75元/平方米(按建筑面积计)楼层,18,房号,1805,用途,住宅,,建筑面积111.7平方米,户内面积,89.9平方米,分摊面积,21.8平方米,户内面积,--平方米,分摊面积--平方米,建筑面积,--平方米
项目楼栋情况,联发天境雅居3栋,座号,--,合同号,--,拟售价格,61215.75元/平方米(按建筑面积计)楼层,18,房号,1806,用途,住宅,,建筑面积111.7平方米,户内面积,89.9平方米,分摊面积,21.8平方米,户内面积,--平方米,分摊面积--平方米,建筑面积,--平方米
项目楼栋情况,联发天境雅居3栋,座号,--,合同号,--,拟售价格,61965.75元/平方米(按建筑面积计)楼层,17,房号,1701,用途,住宅,,建筑面积平方米,户内面积,平方米,分摊面积,平方米,户内面积,平方米,分摊面积平方米,建筑面积,平方米
项目楼栋情况,联发天境雅居3栋,座号,--,合同号,--,拟售价格,62165.75元/平方米(按建筑面积计)楼层,17,房号,1702,用途,住宅,,建筑面积平方米,户内面积,平方米,分摊面积,平方米,户内面积,平方米,分摊面积平方米,建筑面积,平方米
项目楼栋情况,联发天境雅居3栋,座号,--,合同号,--,拟售价格,62265.75元/平方米(按建筑面积计)楼层,17,房号,1703,用途,住宅,,建筑面积平方米,户内面积,平方米,分摊面积,平方米,户内面积,平方米,分摊面积平方米,建筑面积,平方米
项目楼栋情况,联发天境雅居3栋,座号,--,合同号,--,拟售价格,60765.75元/平方米(按建筑面积计)楼层,17,房号,1704,用途,住宅,,建筑面积平方米,户内面积,平方米,分摊面积,平方米,户内面积,平方米,分摊面积平方米,建筑面积,平方米
项目楼栋情况,联发天境雅居3栋,座号,--,合同号,--,拟售价格,60965.75元/平方米(按建筑面积计)楼层,17,房号,1705,用途,住宅,,建筑面积111.7平方米,户内面积,89.9平方米,分摊面积,21.8平方米,户内面积,--平方米,分摊面积--平方米,建筑面积,--平方米
项目楼栋情况,联发天境雅居3栋,座号,--,合同号,--,拟售价格,61365.75元/平方米(按建筑面积计)楼层,17,房号,1706,用途,住宅,,建筑面积111.7平方米,户内面积,89.9平方米,分摊面积,21.8平方米,户内面积,--平方米,分摊面积--平方米,建筑面积,--平方米
项目楼栋情况,联发天境雅居3栋,座号,--,合同号,--,拟售价格,61815.75元/平方米(按建筑面积计)楼层,16,房号,1601,用途,住宅,,建筑面积平方米,户内面积,平方米,分摊面积,平方米,户内面积,平方米,分摊面积平方米,建筑面积,平方米
项目楼栋情况,联发天境雅居3栋,座号,--,合同号,--,拟售价格,62015.75元/平方米(按建筑面积计)楼层,16,房号,1602,用途,住宅,,建筑面积平方米,户内面积,平方米,分摊面积,平方米,户内面积,平方米,分摊面积平方米,建筑面积,平方米
项目楼栋情况,联发天境雅居3栋,座号,--,合同号,--,拟售价格,62115.75元/平方米(按建筑面积计)楼层,16,房号,1603,用途,住宅,,建筑面积平方米,户内面积,平方米,分摊面积,平方米,户内面积,平方米,分摊面积平方米,建筑面积,平方米
项目楼栋情况,联发天境雅居3栋,座号,--,合同号,--,拟售价格,60615.75元/平方米(按建筑面积计)楼层,16,房号,1604,用途,住宅,,建筑面积平方米,户内面积,平方米,分摊面积,平方米,户内面积,平方米,分摊面积平方米,建筑面积,平方米
项目楼栋情况,联发天境雅居3栋,座号,--,合同号,--,拟售价格,60815.75元/平方米(按建筑面积计)楼层,16,房号,1605,用途,住宅,,建筑面积111.7平方米,户内面积,89.9平方米,分摊面积,21.8平方米,户内面积,--平方米,分摊面积--平方米,建筑面积,--平方米
项目楼栋情况,联发天境雅居3栋,座号,--,合同号,--,拟售价格,61215.75元/平方米(按建筑面积计)楼层,16,房号,1606,用途,住宅,,建筑面积111.7平方米,户内面积,89.9平方米,分摊面积,21.8平方米,户内面积,--平方米,分摊面积--平方米,建筑面积,--平方米
项目楼栋情况,联发天境雅居3栋,座号,--,合同号,--,拟售价格,61665.75元/平方米(按建筑面积计)楼层,15,房号,1501,用途,住宅,,建筑面积平方米,户内面积,平方米,分摊面积,平方米,户内面积,平方米,分摊面积平方米,建筑面积,平方米
项目楼栋情况,联发天境雅居3栋,座号,--,合同号,--,拟售价格,61865.75元/平方米(按建筑面积计)楼层,15,房号,1502,用途,住宅,,建筑面积平方米,户内面积,平方米,分摊面积,平方米,户内面积,平方米,分摊面积平方米,建筑面积,平方米
项目楼栋情况,联发天境雅居3栋,座号,--,合同号,--,拟售价格,61965.75元/平方米(按建筑面积计)楼层,15,房号,1503,用途,住宅,,建筑面积平方米,户内面积,平方米,分摊面积,平方米,户内面积,平方米,分摊面积平方米,建筑面积,平方米
项目楼栋情况,联发天境雅居3栋,座号,--,合同号,--,拟售价格,60465.75元/平方米(按建筑面积计)楼层,15,房号,1504,用途,住宅,,建筑面积平方米,户内面积,平方米,分摊面积,平方米,户内面积,平方米,分摊面积平方米,建筑面积,平方米
项目楼栋情况,联发天境雅居3栋,座号,--,合同号,--,拟售价格,60665.75元/平方米(按建筑面积计)楼层,15,房号,1505,用途,住宅,,建筑面积111.7平方米,户内面积,89.9平方米,分摊面积,21.8平方米,户内面积,--平方米,分摊面积--平方米,建筑面积,--平方米
项目楼栋情况,联发天境雅居3栋,座号,--,合同号,--,拟售价格,61065.75元/平方米(按建筑面积计)楼层,15,房号,1506,用途,住宅,,建筑面积111.7平方米,户内面积,89.9平方米,分摊面积,21.8平方米,户内面积,--平方米,分摊面积--平方米,建筑面积,--平方米
项目楼栋情况,联发天境雅居3栋,座号,--,合同号,--,拟售价格,61215.75元/平方米(按建筑面积计)楼层,14,房号,1401,用途,住宅,,建筑面积平方米,户内面积,平方米,分摊面积,平方米,户内面积,平方米,分摊面积平方米,建筑面积,平方米
项目楼栋情况,联发天境雅居3栋,座号,--,合同号,--,拟售价格,61415.75元/平方米(按建筑面积计)楼层,14,房号,1402,用途,住宅,,建筑面积平方米,户内面积,平方米,分摊面积,平方米,户内面积,平方米,分摊面积平方米,建筑面积,平方米
项目楼栋情况,联发天境雅居3栋,座号,--,合同号,--,拟售价格,61515.75元/平方米(按建筑面积计)楼层,14,房号,1403,用途,住宅,,建筑面积平方米,户内面积,平方米,分摊面积,平方米,户内面积,平方米,分摊面积平方米,建筑面积,平方米
项目楼栋情况,联发天境雅居3栋,座号,--,合同号,--,拟售价格,60015.75元/平方米(按建筑面积计)楼层,14,房号,1404,用途,住宅,,建筑面积平方米,户内面积,平方米,分摊面积,平方米,户内面积,平方米,分摊面积平方米,建筑面积,平方米
项目楼栋情况,联发天境雅居3栋,座号,--,合同号,--,拟售价格,60215.75元/平方米(按建筑面积计)楼层,14,房号,1405,用途,住宅,,建筑面积111.7平方米,户内面积,89.9平方米,分摊面积,21.8平方米,户内面积,--平方米,分摊面积--平方米,建筑面积,--平方米
项目楼栋情况,联发天境雅居3栋,座号,--,合同号,--,拟售价格,60615.75元/平方米(按建筑面积计)楼层,14,房号,1406,用途,住宅,,建筑面积111.7平方米,户内面积,89.9平方米,分摊面积,21.8平方米,户内面积,--平方米,分摊面积--平方米,建筑面积,--平方米
项目楼栋情况,联发天境雅居3栋,座号,--,合同号,--,拟售价格,61365.75元/平方米(按建筑面积计)楼层,13,房号,1301,用途,住宅,,建筑面积平方米,户内面积,平方米,分摊面积,平方米,户内面积,平方米,分摊面积平方米,建筑面积,平方米
项目楼栋情况,联发天境雅居3栋,座号,--,合同号,--,拟售价格,61565.75元/平方米(按建筑面积计)楼层,13,房号,1302,用途,住宅,,建筑面积平方米,户内面积,平方米,分摊面积,平方米,户内面积,平方米,分摊面积平方米,建筑面积,平方米
项目楼栋情况,联发天境雅居3栋,座号,--,合同号,--,拟售价格,61665.75元/平方米(按建筑面积计)楼层,13,房号,1303,用途,住宅,,建筑面积平方米,户内面积,平方米,分摊面积,平方米,户内面积,平方米,分摊面积平方米,建筑面积,平方米
项目楼栋情况,联发天境雅居3栋,座号,--,合同号,--,拟售价格,60165.75元/平方米(按建筑面积计)楼层,13,房号,1304,用途,住宅,,建筑面积平方米,户内面积,平方米,分摊面积,平方米,户内面积,平方米,分摊面积平方米,建筑面积,平方米
项目楼栋情况,联发天境雅居3栋,座号,--,合同号,--,拟售价格,60365.75元/平方米(按建筑面积计)楼层,13,房号,1305,用途,住宅,,建筑面积111.7平方米,户内面积,89.9平方米,分摊面积,21.8平方米,户内面积,--平方米,分摊面积--平方米,建筑面积,--平方米
项目楼栋情况,联发天境雅居3栋,座号,--,合同号,--,拟售价格,60765.75元/平方米(按建筑面积计)楼层,13,房号,1306,用途,住宅,,建筑面积111.7平方米,户内面积,89.9平方米,分摊面积,21.8平方米,户内面积,--平方米,分摊面积--平方米,建筑面积,--平方米
项目楼栋情况,联发天境雅居3栋,座号,--,合同号,--,拟售价格,61215.75元/平方米(按建筑面积计)楼层,12,房号,1201,用途,住宅,,建筑面积平方米,户内面积,平方米,分摊面积,平方米,户内面积,平方米,分摊面积平方米,建筑面积,平方米
项目楼栋情况,联发天境雅居3栋,座号,--,合同号,--,拟售价格,61415.75元/平方米(按建筑面积计)楼层,12,房号,1202,用途,住宅,,建筑面积平方米,户内面积,平方米,分摊面积,平方米,户内面积,平方米,分摊面积平方米,建筑面积,平方米
项目楼栋情况,联发天境雅居3栋,座号,--,合同号,--,拟售价格,61515.75元/平方米(按建筑面积计)楼层,12,房号,1203,用途,住宅,,建筑面积平方米,户内面积,平方米,分摊面积,平方米,户内面积,平方米,分摊面积平方米,建筑面积,平方米
项目楼栋情况,联发天境雅居3栋,座号,--,合同号,--,拟售价格,60015.75元/平方米(按建筑面积计)楼层,12,房号,1204,用途,住宅,,建筑面积平方米,户内面积,平方米,分摊面积,平方米,户内面积,平方米,分摊面积平方米,建筑面积,平方米
项目楼栋情况,联发天境雅居3栋,座号,--,合同号,--,拟售价格,60215.75元/平方米(按建筑面积计)楼层,12,房号,1205,用途,住宅,,建筑面积111.7平方米,户内面积,89.9平方米,分摊面积,21.8平方米,户内面积,--平方米,分摊面积--平方米,建筑面积,--平方米
项目楼栋情况,联发天境雅居3栋,座号,--,合同号,--,拟售价格,60615.75元/平方米(按建筑面积计)楼层,12,房号,1206,用途,住宅,,建筑面积111.7平方米,户内面积,89.9平方米,分摊面积,21.8平方米,户内面积,--平方米,分摊面积--平方米,建筑面积,--平方米
项目楼栋情况,联发天境雅居3栋,座号,--,合同号,--,拟售价格,61065.75元/平方米(按建筑面积计)楼层,11,房号,1101,用途,住宅,,建筑面积平方米,户内面积,平方米,分摊面积,平方米,户内面积,平方米,分摊面积平方米,建筑面积,平方米
项目楼栋情况,联发天境雅居3栋,座号,--,合同号,--,拟售价格,61265.75元/平方米(按建筑面积计)楼层,11,房号,1102,用途,住宅,,建筑面积平方米,户内面积,平方米,分摊面积,平方米,户内面积,平方米,分摊面积平方米,建筑面积,平方米
项目楼栋情况,联发天境雅居3栋,座号,--,合同号,--,拟售价格,61365.75元/平方米(按建筑面积计)楼层,11,房号,1103,用途,住宅,,建筑面积平方米,户内面积,平方米,分摊面积,平方米,户内面积,平方米,分摊面积平方米,建筑面积,平方米
项目楼栋情况,联发天境雅居3栋,座号,--,合同号,--,拟售价格,59865.75元/平方米(按建筑面积计)楼层,11,房号,1104,用途,住宅,,建筑面积平方米,户内面积,平方米,分摊面积,平方米,户内面积,平方米,分摊面积平方米,建筑面积,平方米
项目楼栋情况,联发天境雅居3栋,座号,--,合同号,--,拟售价格,60065.75元/平方米(按建筑面积计)楼层,11,房号,1105,用途,住宅,,建筑面积111.7平方米,户内面积,89.9平方米,分摊面积,21.8平方米,户内面积,--平方米,分摊面积--平方米,建筑面积,--平方米
项目楼栋情况,联发天境雅居3栋,座号,--,合同号,--,拟售价格,60465.75元/平方米(按建筑面积计)楼层,11,房号,1106,用途,住宅,,建筑面积111.7平方米,户内面积,89.9平方米,分摊面积,21.8平方米,户内面积,--平方米,分摊面积--平方米,建筑面积,--平方米
项目楼栋情况,联发天境雅居3栋,座号,--,合同号,--,拟售价格,60915.75元/平方米(按建筑面积计)楼层,10,房号,1001,用途,住宅,,建筑面积平方米,户内面积,平方米,分摊面积,平方米,户内面积,平方米,分摊面积平方米,建筑面积,平方米
项目楼栋情况,联发天境雅居3栋,座号,--,合同号,--,拟售价格,61115.75元/平方米(按建筑面积计)楼层,10,房号,1002,用途,住宅,,建筑面积平方米,户内面积,平方米,分摊面积,平方米,户内面积,平方米,分摊面积平方米,建筑面积,平方米
项目楼栋情况,联发天境雅居3栋,座号,--,合同号,--,拟售价格,61215.75元/平方米(按建筑面积计)楼层,10,房号,1003,用途,住宅,,建筑面积平方米,户内面积,平方米,分摊面积,平方米,户内面积,平方米,分摊面积平方米,建筑面积,平方米
项目楼栋情况,联发天境雅居3栋,座号,--,合同号,--,拟售价格,59715.75元/平方米(按建筑面积计)楼层,10,房号,1004,用途,住宅,,建筑面积平方米,户内面积,平方米,分摊面积,平方米,户内面积,平方米,分摊面积平方米,建筑面积,平方米
项目楼栋情况,联发天境雅居3栋,座号,--,合同号,--,拟售价格,59915.75元/平方米(按建筑面积计)楼层,10,房号,1005,用途,住宅,,建筑面积111.7平方米,户内面积,89.9平方米,分摊面积,21.8平方米,户内面积,--平方米,分摊面积--平方米,建筑面积,--平方米
项目楼栋情况,联发天境雅居3栋,座号,--,合同号,--,拟售价格,60315.75元/平方米(按建筑面积计)楼层,10,房号,1006,用途,住宅,,建筑面积111.7平方米,户内面积,89.9平方米,分摊面积,21.8平方米,户内面积,--平方米,分摊面积--平方米,建筑面积,--平方米
项目楼栋情况,联发天境雅居3栋,座号,--,合同号,--,拟售价格,85161.76元/平方米(按建筑面积计)楼层,02,房号,314,用途,商业,,建筑面积77.37平方米,户内面积,66平方米,分摊面积,11.37平方米,户内面积,--平方米,分摊面积--平方米,建筑面积,--平方米
项目楼栋情况,联发天境雅居3栋,座号,--,合同号,--,拟售价格,58958.44元/平方米(按建筑面积计)楼层,02,房号,315,用途,商业,,建筑面积117.03平方米,户内面积,99.83平方米,分摊面积,17.2平方米,户内面积,--平方米,分摊面积--平方米,建筑面积,--平方米
项目楼栋情况,联发天境雅居3栋,座号,--,合同号,--,拟售价格,81886.33元/平方米(按建筑面积计)楼层,02,房号,316,用途,商业,,建筑面积70.52平方米,户内面积,60.16平方米,分摊面积,10.36平方米,户内面积,--平方米,分摊面积--平方米,建筑面积,--平方米
项目楼栋情况,联发天境雅居3栋,座号,--,合同号,--,拟售价格,65509.27元/平方米(按建筑面积计)楼层,02,房号,317,用途,商业,,建筑面积90.18平方米,户内面积,76.93平方米,分摊面积,13.25平方米,户内面积,--平方米,分摊面积--平方米,建筑面积,--平方米
项目楼栋情况,联发天境雅居3栋,座号,--,合同号,--,拟售价格,65508.94元/平方米(按建筑面积计)楼层,02,房号,318,用途,商业,,建筑面积90.24平方米,户内面积,76.98平方米,分摊面积,13.26平方米,户内面积,--平方米,分摊面积--平方米,建筑面积,--平方米
项目楼栋情况,联发天境雅居3栋,座号,--,合同号,--,拟售价格,164836.95元/平方米(按建筑面积计)楼层,01,房号,301,用途,商业,,建筑面积47.74平方米,户内面积,45平方米,分摊面积,2.74平方米,户内面积,--平方米,分摊面积--平方米,建筑面积,--平方米
项目楼栋情况,联发天境雅居3栋,座号,--,合同号,--,拟售价格,164836.95元/平方米(按建筑面积计)楼层,01,房号,302,用途,商业,,建筑面积47.74平方米,户内面积,45平方米,分摊面积,2.74平方米,户内面积,--平方米,分摊面积--平方米,建筑面积,--平方米
项目楼栋情况,联发天境雅居3栋,座号,--,合同号,--,拟售价格,144232.45元/平方米(按建筑面积计)楼层,01,房号,303,用途,商业,,建筑面积52.92平方米,户内面积,49.89平方米,分摊面积,3.03平方米,户内面积,--平方米,分摊面积--平方米,建筑面积,--平方米
项目楼栋情况,联发天境雅居3栋,座号,--,合同号,--,拟售价格,164836.94元/平方米(按建筑面积计)楼层,01,房号,304,用途,商业,,建筑面积53.92平方米,户内面积,50.83平方米,分摊面积,3.09平方米,户内面积,--平方米,分摊面积--平方米,建筑面积,--平方米
项目楼栋情况,联发天境雅居3栋,座号,--,合同号,--,拟售价格,123627.96元/平方米(按建筑面积计)楼层,01,房号,305,用途,商业,,建筑面积63.49平方米,户内面积,59.86平方米,分摊面积,3.63平方米,户内面积,--平方米,分摊面积--平方米,建筑面积,--平方米
项目楼栋情况,联发天境雅居3栋,座号,--,合同号,--,拟售价格,144232.46元/平方米(按建筑面积计)楼层,01,房号,306,用途,商业,,建筑面积55.46平方米,户内面积,52.28平方米,分摊面积,3.18平方米,户内面积,--平方米,分摊面积--平方米,建筑面积,--平方米
项目楼栋情况,联发天境雅居3栋,座号,--,合同号,--,拟售价格,133930.21元/平方米(按建筑面积计)楼层,01,房号,307,用途,商业,,建筑面积59.16平方米,户内面积,55.77平方米,分摊面积,3.39平方米,户内面积,--平方米,分摊面积--平方米,建筑面积,--平方米
项目楼栋情况,联发天境雅居3栋,座号,--,合同号,--,拟售价格,144232.45元/平方米(按建筑面积计)楼层,01,房号,308,用途,商业,,建筑面积51.4平方米,户内面积,48.46平方米,分摊面积,2.94平方米,户内面积,--平方米,分摊面积--平方米,建筑面积,--平方米
项目楼栋情况,联发天境雅居3栋,座号,--,合同号,--,拟售价格,139081.33元/平方米(按建筑面积计)楼层,01,房号,309,用途,商业,,建筑面积83.16平方米,户内面积,78.39平方米,分摊面积,4.77平方米,户内面积,--平方米,分摊面积--平方米,建筑面积,--平方米
项目楼栋情况,联发天境雅居3栋,座号,--,合同号,--,拟售价格,154534.69元/平方米(按建筑面积计)楼层,01,房号,310,用途,商业,,建筑面积53.93平方米,户内面积,50.84平方米,分摊面积,3.09平方米,户内面积,--平方米,分摊面积--平方米,建筑面积,--平方米
项目楼栋情况,联发天境雅居3栋,座号,--,合同号,--,拟售价格,154534.7元/平方米(按建筑面积计)楼层,01,房号,311,用途,商业,,建筑面积53.78平方米,户内面积,50.7平方米,分摊面积,3.08平方米,户内面积,--平方米,分摊面积--平方米,建筑面积,--平方米
项目楼栋情况,联发天境雅居3栋,座号,--,合同号,--,拟售价格,115386.16元/平方米(按建筑面积计)楼层,01,房号,312,用途,商业,,建筑面积72.47平方米,户内面积,68.32平方米,分摊面积,4.15平方米,户内面积,--平方米,分摊面积--平方米,建筑面积,--平方米
项目楼栋情况,联发天境雅居3栋,座号,--,合同号,--,拟售价格,144232.45元/平方米(按建筑面积计)楼层,01,房号,313,用途,商业,,建筑面积49.65平方米,户内面积,46.8平方米,分摊面积,2.85平方米,户内面积,--平方米,分摊面积--平方米,建筑面积,--平方米
项目楼栋情况,联发天境雅居3栋,座号,--,合同号,--,拟售价格,60765.75元/平方米(按建筑面积计)楼层,9,房号,901,用途,住宅,,建筑面积平方米,户内面积,平方米,分摊面积,平方米,户内面积,平方米,分摊面积平方米,建筑面积,平方米
项目楼栋情况,联发天境雅居3栋,座号,--,合同号,--,拟售价格,60965.75元/平方米(按建筑面积计)楼层,9,房号,902,用途,住宅,,建筑面积平方米,户内面积,平方米,分摊面积,平方米,户内面积,平方米,分摊面积平方米,建筑面积,平方米
项目楼栋情况,联发天境雅居3栋,座号,--,合同号,--,拟售价格,61065.75元/平方米(按建筑面积计)楼层,9,房号,903,用途,住宅,,建筑面积平方米,户内面积,平方米,分摊面积,平方米,户内面积,平方米,分摊面积平方米,建筑面积,平方米
项目楼栋情况,联发天境雅居3栋,座号,--,合同号,--,拟售价格,59565.75元/平方米(按建筑面积计)楼层,9,房号,904,用途,住宅,,建筑面积平方米,户内面积,平方米,分摊面积,平方米,户内面积,平方米,分摊面积平方米,建筑面积,平方米
项目楼栋情况,联发天境雅居3栋,座号,--,合同号,--,拟售价格,59765.75元/平方米(按建筑面积计)楼层,9,房号,905,用途,住宅,,建筑面积111.7平方米,户内面积,89.9平方米,分摊面积,21.8平方米,户内面积,--平方米,分摊面积--平方米,建筑面积,--平方米
项目楼栋情况,联发天境雅居3栋,座号,--,合同号,--,拟售价格,60165.75元/平方米(按建筑面积计)楼层,9,房号,906,用途,住宅,,建筑面积111.7平方米,户内面积,89.9平方米,分摊面积,21.8平方米,户内面积,--平方米,分摊面积--平方米,建筑面积,--平方米
项目楼栋情况,联发天境雅居3栋,座号,--,合同号,--,拟售价格,60615.75元/平方米(按建筑面积计)楼层,8,房号,801,用途,住宅,,建筑面积平方米,户内面积,平方米,分摊面积,平方米,户内面积,平方米,分摊面积平方米,建筑面积,平方米
项目楼栋情况,联发天境雅居3栋,座号,--,合同号,--,拟售价格,60815.75元/平方米(按建筑面积计)楼层,8,房号,802,用途,住宅,,建筑面积平方米,户内面积,平方米,分摊面积,平方米,户内面积,平方米,分摊面积平方米,建筑面积,平方米
项目楼栋情况,联发天境雅居3栋,座号,--,合同号,--,拟售价格,60915.75元/平方米(按建筑面积计)楼层,8,房号,803,用途,住宅,,建筑面积平方米,户内面积,平方米,分摊面积,平方米,户内面积,平方米,分摊面积平方米,建筑面积,平方米
项目楼栋情况,联发天境雅居3栋,座号,--,合同号,--,拟售价格,59415.75元/平方米(按建筑面积计)楼层,8,房号,804,用途,住宅,,建筑面积平方米,户内面积,平方米,分摊面积,平方米,户内面积,平方米,分摊面积平方米,建筑面积,平方米
项目楼栋情况,联发天境雅居3栋,座号,--,合同号,--,拟售价格,59615.75元/平方米(按建筑面积计)楼层,8,房号,805,用途,住宅,,建筑面积111.7平方米,户内面积,89.9平方米,分摊面积,21.8平方米,户内面积,--平方米,分摊面积--平方米,建筑面积,--平方米
项目楼栋情况,联发天境雅居3栋,座号,--,合同号,--,拟售价格,60015.75元/平方米(按建筑面积计)楼层,8,房号,806,用途,住宅,,建筑面积111.7平方米,户内面积,89.9平方米,分摊面积,21.8平方米,户内面积,--平方米,分摊面积--平方米,建筑面积,--平方米
项目楼栋情况,联发天境雅居3栋,座号,--,合同号,--,拟售价格,60465.75元/平方米(按建筑面积计)楼层,7,房号,701,用途,住宅,,建筑面积平方米,户内面积,平方米,分摊面积,平方米,户内面积,平方米,分摊面积平方米,建筑面积,平方米
项目楼栋情况,联发天境雅居3栋,座号,--,合同号,--,拟售价格,60665.75元/平方米(按建筑面积计)楼层,7,房号,702,用途,住宅,,建筑面积平方米,户内面积,平方米,分摊面积,平方米,户内面积,平方米,分摊面积平方米,建筑面积,平方米
项目楼栋情况,联发天境雅居3栋,座号,--,合同号,--,拟售价格,60465.75元/平方米(按建筑面积计)楼层,7,房号,703,用途,住宅,,建筑面积平方米,户内面积,平方米,分摊面积,平方米,户内面积,平方米,分摊面积平方米,建筑面积,平方米
项目楼栋情况,联发天境雅居3栋,座号,--,合同号,--,拟售价格,58965.75元/平方米(按建筑面积计)楼层,7,房号,704,用途,住宅,,建筑面积平方米,户内面积,平方米,分摊面积,平方米,户内面积,平方米,分摊面积平方米,建筑面积,平方米
项目楼栋情况,联发天境雅居3栋,座号,--,合同号,--,拟售价格,59465.75元/平方米(按建筑面积计)楼层,7,房号,705,用途,住宅,,建筑面积111.7平方米,户内面积,89.9平方米,分摊面积,21.8平方米,户内面积,--平方米,分摊面积--平方米,建筑面积,--平方米
项目楼栋情况,联发天境雅居3栋,座号,--,合同号,--,拟售价格,59865.75元/平方米(按建筑面积计)楼层,7,房号,706,用途,住宅,,建筑面积111.7平方米,户内面积,89.9平方米,分摊面积,21.8平方米,户内面积,--平方米,分摊面积--平方米,建筑面积,--平方米
项目楼栋情况,联发天境雅居3栋,座号,--,合同号,--,拟售价格,59865.75元/平方米(按建筑面积计)楼层,6,房号,601,用途,住宅,,建筑面积平方米,户内面积,平方米,分摊面积,平方米,户内面积,平方米,分摊面积平方米,建筑面积,平方米
项目楼栋情况,联发天境雅居3栋,座号,--,合同号,--,拟售价格,60065.75元/平方米(按建筑面积计)楼层,6,房号,602,用途,住宅,,建筑面积平方米,户内面积,平方米,分摊面积,平方米,户内面积,平方米,分摊面积平方米,建筑面积,平方米
项目楼栋情况,联发天境雅居3栋,座号,--,合同号,--,拟售价格,60265.75元/平方米(按建筑面积计)楼层,6,房号,603,用途,住宅,,建筑面积平方米,户内面积,平方米,分摊面积,平方米,户内面积,平方米,分摊面积平方米,建筑面积,平方米
项目楼栋情况,联发天境雅居3栋,座号,--,合同号,--,拟售价格,58765.75元/平方米(按建筑面积计)楼层,6,房号,604,用途,住宅,,建筑面积平方米,户内面积,平方米,分摊面积,平方米,户内面积,平方米,分摊面积平方米,建筑面积,平方米
项目楼栋情况,联发天境雅居3栋,座号,--,合同号,--,拟售价格,59265.75元/平方米(按建筑面积计)楼层,6,房号,605,用途,住宅,,建筑面积111.7平方米,户内面积,89.9平方米,分摊面积,21.8平方米,户内面积,--平方米,分摊面积--平方米,建筑面积,--平方米
项目楼栋情况,联发天境雅居3栋,座号,--,合同号,--,拟售价格,59665.75元/平方米(按建筑面积计)楼层,6,房号,606,用途,住宅,,建筑面积111.7平方米,户内面积,89.9平方米,分摊面积,21.8平方米,户内面积,--平方米,分摊面积--平方米,建筑面积,--平方米
项目楼栋情况,联发天境雅居3栋,座号,--,合同号,--,拟售价格,59515.75元/平方米(按建筑面积计)楼层,5,房号,501,用途,住宅,,建筑面积平方米,户内面积,平方米,分摊面积,平方米,户内面积,平方米,分摊面积平方米,建筑面积,平方米
项目楼栋情况,联发天境雅居3栋,座号,--,合同号,--,拟售价格,59715.75元/平方米(按建筑面积计)楼层,5,房号,502,用途,住宅,,建筑面积平方米,户内面积,平方米,分摊面积,平方米,户内面积,平方米,分摊面积平方米,建筑面积,平方米
项目楼栋情况,联发天境雅居3栋,座号,--,合同号,--,拟售价格,60065.75元/平方米(按建筑面积计)楼层,5,房号,503,用途,住宅,,建筑面积平方米,户内面积,平方米,分摊面积,平方米,户内面积,平方米,分摊面积平方米,建筑面积,平方米
项目楼栋情况,联发天境雅居3栋,座号,--,合同号,--,拟售价格,58565.75元/平方米(按建筑面积计)楼层,5,房号,504,用途,住宅,,建筑面积平方米,户内面积,平方米,分摊面积,平方米,户内面积,平方米,分摊面积平方米,建筑面积,平方米
项目楼栋情况,联发天境雅居3栋,座号,--,合同号,--,拟售价格,59065.75元/平方米(按建筑面积计)楼层,5,房号,505,用途,住宅,,建筑面积111.7平方米,户内面积,89.9平方米,分摊面积,21.8平方米,户内面积,--平方米,分摊面积--平方米,建筑面积,--平方米
项目楼栋情况,联发天境雅居3栋,座号,--,合同号,--,拟售价格,59465.75元/平方米(按建筑面积计)楼层,5,房号,506,用途,住宅,,建筑面积111.7平方米,户内面积,89.9平方米,分摊面积,21.8平方米,户内面积,--平方米,分摊面积--平方米,建筑面积,--平方米
项目楼栋情况,联发天境雅居3栋,座号,--,合同号,--,拟售价格,59265.75元/平方米(按建筑面积计)楼层,4,房号,401,用途,住宅,,建筑面积平方米,户内面积,平方米,分摊面积,平方米,户内面积,平方米,分摊面积平方米,建筑面积,平方米
项目楼栋情况,联发天境雅居3栋,座号,--,合同号,--,拟售价格,59465.75元/平方米(按建筑面积计)楼层,4,房号,402,用途,住宅,,建筑面积平方米,户内面积,平方米,分摊面积,平方米,户内面积,平方米,分摊面积平方米,建筑面积,平方米
项目楼栋情况,联发天境雅居3栋,座号,--,合同号,--,拟售价格,59865.75元/平方米(按建筑面积计)楼层,4,房号,403,用途,住宅,,建筑面积平方米,户内面积,平方米,分摊面积,平方米,户内面积,平方米,分摊面积平方米,建筑面积,平方米
项目楼栋情况,联发天境雅居3栋,座号,--,合同号,--,拟售价格,58365.75元/平方米(按建筑面积计)楼层,4,房号,404,用途,住宅,,建筑面积平方米,户内面积,平方米,分摊面积,平方米,户内面积,平方米,分摊面积平方米,建筑面积,平方米
项目楼栋情况,联发天境雅居3栋,座号,--,合同号,--,拟售价格,58865.75元/平方米(按建筑面积计)楼层,4,房号,405,用途,住宅,,建筑面积111.7平方米,户内面积,89.9平方米,分摊面积,21.8平方米,户内面积,--平方米,分摊面积--平方米,建筑面积,--平方米
项目楼栋情况,联发天境雅居3栋,座号,--,合同号,--,拟售价格,59265.75元/平方米(按建筑面积计)楼层,4,房号,406,用途,住宅,,建筑面积111.7平方米,户内面积,89.9平方米,分摊面积,21.8平方米,户内面积,--平方米,分摊面积--平方米,建筑面积,--平方米
项目楼栋情况,联发天境雅居3栋,座号,--,合同号,--,拟售价格,58915.75元/平方米(按建筑面积计)楼层,3,房号,301,用途,住宅,,建筑面积平方米,户内面积,平方米,分摊面积,平方米,户内面积,平方米,分摊面积平方米,建筑面积,平方米
项目楼栋情况,联发天境雅居3栋,座号,--,合同号,--,拟售价格,59115.75元/平方米(按建筑面积计)楼层,3,房号,302,用途,住宅,,建筑面积平方米,户内面积,平方米,分摊面积,平方米,户内面积,平方米,分摊面积平方米,建筑面积,平方米
项目楼栋情况,联发天境雅居3栋,座号,--,合同号,--,拟售价格,59665.75元/平方米(按建筑面积计)楼层,3,房号,303,用途,住宅,,建筑面积平方米,户内面积,平方米,分摊面积,平方米,户内面积,平方米,分摊面积平方米,建筑面积,平方米
项目楼栋情况,联发天境雅居3栋,座号,--,合同号,--,拟售价格,58165.75元/平方米(按建筑面积计)楼层,3,房号,304,用途,住宅,,建筑面积平方米,户内面积,平方米,分摊面积,平方米,户内面积,平方米,分摊面积平方米,建筑面积,平方米
项目楼栋情况,联发天境雅居3栋,座号,--,合同号,--,拟售价格,58365.75元/平方米(按建筑面积计)楼层,3,房号,305,用途,住宅,,建筑面积111.7平方米,户内面积,89.9平方米,分摊面积,21.8平方米,户内面积,--平方米,分摊面积--平方米,建筑面积,--平方米
项目楼栋情况,联发天境雅居3栋,座号,--,合同号,--,拟售价格,58765.75元/平方米(按建筑面积计)楼层,3,房号,306,用途,住宅,,建筑面积111.7平方米,户内面积,89.9平方米,分摊面积,21.8平方米,户内面积,--平方米,分摊面积--平方米,建筑面积,--平方米
项目楼栋情况,联发天境雅居3栋,座号,--,合同号,--,拟售价格,58565.75元/平方米(按建筑面积计)楼层,2,房号,201,用途,住宅,,建筑面积平方米,户内面积,平方米,分摊面积,平方米,户内面积,平方米,分摊面积平方米,建筑面积,平方米
项目楼栋情况,联发天境雅居3栋,座号,--,合同号,--,拟售价格,58765.75元/平方米(按建筑面积计)楼层,2,房号,202,用途,住宅,,建筑面积平方米,户内面积,平方米,分摊面积,平方米,户内面积,平方米,分摊面积平方米,建筑面积,平方米
项目楼栋情况,联发天境雅居5栋,座号,--,合同号,--,拟售价格,64615.75元/平方米(按建筑面积计)楼层,30,房号,3001,用途,住宅,,建筑面积平方米,户内面积,平方米,分摊面积,平方米,户内面积,平方米,分摊面积平方米,建筑面积,平方米
项目楼栋情况,联发天境雅居5栋,座号,--,合同号,--,拟售价格,64715.75元/平方米(按建筑面积计)楼层,30,房号,3002,用途,住宅,,建筑面积平方米,户内面积,平方米,分摊面积,平方米,户内面积,平方米,分摊面积平方米,建筑面积,平方米
项目楼栋情况,联发天境雅居5栋,座号,--,合同号,--,拟售价格,65015.75元/平方米(按建筑面积计)楼层,30,房号,3003,用途,住宅,,建筑面积平方米,户内面积,平方米,分摊面积,平方米,户内面积,平方米,分摊面积平方米,建筑面积,平方米
项目楼栋情况,联发天境雅居5栋,座号,--,合同号,--,拟售价格,64815.75元/平方米(按建筑面积计)楼层,30,房号,3004,用途,住宅,,建筑面积平方米,户内面积,平方米,分摊面积,平方米,户内面积,平方米,分摊面积平方米,建筑面积,平方米
项目楼栋情况,联发天境雅居5栋,座号,--,合同号,--,拟售价格,65415.75元/平方米(按建筑面积计)楼层,30,房号,3005,用途,住宅,,建筑面积111.07平方米,户内面积,89.9平方米,分摊面积,21.17平方米,户内面积,--平方米,分摊面积--平方米,建筑面积,--平方米
项目楼栋情况,联发天境雅居5栋,座号,--,合同号,--,拟售价格,64315.75元/平方米(按建筑面积计)楼层,30,房号,3006,用途,住宅,,建筑面积111.07平方米,户内面积,89.9平方米,分摊面积,21.17平方米,户内面积,--平方米,分摊面积--平方米,建筑面积,--平方米
项目楼栋情况,联发天境雅居5栋,座号,--,合同号,--,拟售价格,65215.75元/平方米(按建筑面积计)楼层,29,房号,2901,用途,住宅,,建筑面积平方米,户内面积,平方米,分摊面积,平方米,户内面积,平方米,分摊面积平方米,建筑面积,平方米
项目楼栋情况,联发天境雅居5栋,座号,--,合同号,--,拟售价格,65315.75元/平方米(按建筑面积计)楼层,29,房号,2902,用途,住宅,,建筑面积平方米,户内面积,平方米,分摊面积,平方米,户内面积,平方米,分摊面积平方米,建筑面积,平方米
项目楼栋情况,联发天境雅居5栋,座号,--,合同号,--,拟售价格,65615.75元/平方米(按建筑面积计)楼层,29,房号,2903,用途,住宅,,建筑面积平方米,户内面积,平方米,分摊面积,平方米,户内面积,平方米,分摊面积平方米,建筑面积,平方米
项目楼栋情况,联发天境雅居5栋,座号,--,合同号,--,拟售价格,65415.75元/平方米(按建筑面积计)楼层,29,房号,2904,用途,住宅,,建筑面积平方米,户内面积,平方米,分摊面积,平方米,户内面积,平方米,分摊面积平方米,建筑面积,平方米
项目楼栋情况,联发天境雅居5栋,座号,--,合同号,--,拟售价格,66015.75元/平方米(按建筑面积计)楼层,29,房号,2905,用途,住宅,,建筑面积111.07平方米,户内面积,89.9平方米,分摊面积,21.17平方米,户内面积,--平方米,分摊面积--平方米,建筑面积,--平方米
项目楼栋情况,联发天境雅居5栋,座号,--,合同号,--,拟售价格,64915.75元/平方米(按建筑面积计)楼层,29,房号,2906,用途,住宅,,建筑面积111.07平方米,户内面积,89.9平方米,分摊面积,21.17平方米,户内面积,--平方米,分摊面积--平方米,建筑面积,--平方米
项目楼栋情况,联发天境雅居5栋,座号,--,合同号,--,拟售价格,65115.75元/平方米(按建筑面积计)楼层,28,房号,2801,用途,住宅,,建筑面积平方米,户内面积,平方米,分摊面积,平方米,户内面积,平方米,分摊面积平方米,建筑面积,平方米
项目楼栋情况,联发天境雅居5栋,座号,--,合同号,--,拟售价格,65215.75元/平方米(按建筑面积计)楼层,28,房号,2802,用途,住宅,,建筑面积平方米,户内面积,平方米,分摊面积,平方米,户内面积,平方米,分摊面积平方米,建筑面积,平方米
项目楼栋情况,联发天境雅居5栋,座号,--,合同号,--,拟售价格,65515.75元/平方米(按建筑面积计)楼层,28,房号,2803,用途,住宅,,建筑面积平方米,户内面积,平方米,分摊面积,平方米,户内面积,平方米,分摊面积平方米,建筑面积,平方米
项目楼栋情况,联发天境雅居5栋,座号,--,合同号,--,拟售价格,65315.75元/平方米(按建筑面积计)楼层,28,房号,2804,用途,住宅,,建筑面积平方米,户内面积,平方米,分摊面积,平方米,户内面积,平方米,分摊面积平方米,建筑面积,平方米
项目楼栋情况,联发天境雅居5栋,座号,--,合同号,--,拟售价格,65915.75元/平方米(按建筑面积计)楼层,28,房号,2805,用途,住宅,,建筑面积111.07平方米,户内面积,89.9平方米,分摊面积,21.17平方米,户内面积,--平方米,分摊面积--平方米,建筑面积,--平方米
项目楼栋情况,联发天境雅居5栋,座号,--,合同号,--,拟售价格,64815.75元/平方米(按建筑面积计)楼层,28,房号,2806,用途,住宅,,建筑面积111.07平方米,户内面积,89.9平方米,分摊面积,21.17平方米,户内面积,--平方米,分摊面积--平方米,建筑面积,--平方米
项目楼栋情况,联发天境雅居5栋,座号,--,合同号,--,拟售价格,65015.75元/平方米(按建筑面积计)楼层,27,房号,2701,用途,住宅,,建筑面积平方米,户内面积,平方米,分摊面积,平方米,户内面积,平方米,分摊面积平方米,建筑面积,平方米
项目楼栋情况,联发天境雅居5栋,座号,--,合同号,--,拟售价格,65115.75元/平方米(按建筑面积计)楼层,27,房号,2702,用途,住宅,,建筑面积平方米,户内面积,平方米,分摊面积,平方米,户内面积,平方米,分摊面积平方米,建筑面积,平方米
项目楼栋情况,联发天境雅居5栋,座号,--,合同号,--,拟售价格,65415.75元/平方米(按建筑面积计)楼层,27,房号,2703,用途,住宅,,建筑面积平方米,户内面积,平方米,分摊面积,平方米,户内面积,平方米,分摊面积平方米,建筑面积,平方米
项目楼栋情况,联发天境雅居5栋,座号,--,合同号,--,拟售价格,65215.75元/平方米(按建筑面积计)楼层,27,房号,2704,用途,住宅,,建筑面积平方米,户内面积,平方米,分摊面积,平方米,户内面积,平方米,分摊面积平方米,建筑面积,平方米
项目楼栋情况,联发天境雅居5栋,座号,--,合同号,--,拟售价格,65815.75元/平方米(按建筑面积计)楼层,27,房号,2705,用途,住宅,,建筑面积111.07平方米,户内面积,89.9平方米,分摊面积,21.17平方米,户内面积,--平方米,分摊面积--平方米,建筑面积,--平方米
项目楼栋情况,联发天境雅居5栋,座号,--,合同号,--,拟售价格,64715.75元/平方米(按建筑面积计)楼层,27,房号,2706,用途,住宅,,建筑面积111.07平方米,户内面积,89.9平方米,分摊面积,21.17平方米,户内面积,--平方米,分摊面积--平方米,建筑面积,--平方米
项目楼栋情况,联发天境雅居5栋,座号,--,合同号,--,拟售价格,64915.75元/平方米(按建筑面积计)楼层,26,房号,2601,用途,住宅,,建筑面积平方米,户内面积,平方米,分摊面积,平方米,户内面积,平方米,分摊面积平方米,建筑面积,平方米
项目楼栋情况,联发天境雅居5栋,座号,--,合同号,--,拟售价格,65015.75元/平方米(按建筑面积计)楼层,26,房号,2602,用途,住宅,,建筑面积平方米,户内面积,平方米,分摊面积,平方米,户内面积,平方米,分摊面积平方米,建筑面积,平方米
项目楼栋情况,联发天境雅居5栋,座号,--,合同号,--,拟售价格,65315.75元/平方米(按建筑面积计)楼层,26,房号,2603,用途,住宅,,建筑面积平方米,户内面积,平方米,分摊面积,平方米,户内面积,平方米,分摊面积平方米,建筑面积,平方米
项目楼栋情况,联发天境雅居5栋,座号,--,合同号,--,拟售价格,65115.75元/平方米(按建筑面积计)楼层,26,房号,2604,用途,住宅,,建筑面积平方米,户内面积,平方米,分摊面积,平方米,户内面积,平方米,分摊面积平方米,建筑面积,平方米
项目楼栋情况,联发天境雅居5栋,座号,--,合同号,--,拟售价格,65715.75元/平方米(按建筑面积计)楼层,26,房号,2605,用途,住宅,,建筑面积111.07平方米,户内面积,89.9平方米,分摊面积,21.17平方米,户内面积,--平方米,分摊面积--平方米,建筑面积,--平方米
项目楼栋情况,联发天境雅居5栋,座号,--,合同号,--,拟售价格,64615.75元/平方米(按建筑面积计)楼层,26,房号,2606,用途,住宅,,建筑面积111.07平方米,户内面积,89.9平方米,分摊面积,21.17平方米,户内面积,--平方米,分摊面积--平方米,建筑面积,--平方米
项目楼栋情况,联发天境雅居5栋,座号,--,合同号,--,拟售价格,64815.75元/平方米(按建筑面积计)楼层,25,房号,2501,用途,住宅,,建筑面积平方米,户内面积,平方米,分摊面积,平方米,户内面积,平方米,分摊面积平方米,建筑面积,平方米
项目楼栋情况,联发天境雅居5栋,座号,--,合同号,--,拟售价格,64915.75元/平方米(按建筑面积计)楼层,25,房号,2502,用途,住宅,,建筑面积平方米,户内面积,平方米,分摊面积,平方米,户内面积,平方米,分摊面积平方米,建筑面积,平方米
项目楼栋情况,联发天境雅居5栋,座号,--,合同号,--,拟售价格,65215.75元/平方米(按建筑面积计)楼层,25,房号,2503,用途,住宅,,建筑面积平方米,户内面积,平方米,分摊面积,平方米,户内面积,平方米,分摊面积平方米,建筑面积,平方米
项目楼栋情况,联发天境雅居5栋,座号,--,合同号,--,拟售价格,65015.75元/平方米(按建筑面积计)楼层,25,房号,2504,用途,住宅,,建筑面积平方米,户内面积,平方米,分摊面积,平方米,户内面积,平方米,分摊面积平方米,建筑面积,平方米
项目楼栋情况,联发天境雅居5栋,座号,--,合同号,--,拟售价格,65615.75元/平方米(按建筑面积计)楼层,25,房号,2505,用途,住宅,,建筑面积111.07平方米,户内面积,89.9平方米,分摊面积,21.17平方米,户内面积,--平方米,分摊面积--平方米,建筑面积,--平方米
项目楼栋情况,联发天境雅居5栋,座号,--,合同号,--,拟售价格,64515.75元/平方米(按建筑面积计)楼层,25,房号,2506,用途,住宅,,建筑面积111.07平方米,户内面积,89.9平方米,分摊面积,21.17平方米,户内面积,--平方米,分摊面积--平方米,建筑面积,--平方米
项目楼栋情况,联发天境雅居5栋,座号,--,合同号,--,拟售价格,64715.75元/平方米(按建筑面积计)楼层,24,房号,2401,用途,住宅,,建筑面积平方米,户内面积,平方米,分摊面积,平方米,户内面积,平方米,分摊面积平方米,建筑面积,平方米
项目楼栋情况,联发天境雅居5栋,座号,--,合同号,--,拟售价格,64815.75元/平方米(按建筑面积计)楼层,24,房号,2402,用途,住宅,,建筑面积平方米,户内面积,平方米,分摊面积,平方米,户内面积,平方米,分摊面积平方米,建筑面积,平方米
项目楼栋情况,联发天境雅居5栋,座号,--,合同号,--,拟售价格,65115.75元/平方米(按建筑面积计)楼层,24,房号,2403,用途,住宅,,建筑面积平方米,户内面积,平方米,分摊面积,平方米,户内面积,平方米,分摊面积平方米,建筑面积,平方米
项目楼栋情况,联发天境雅居5栋,座号,--,合同号,--,拟售价格,64915.75元/平方米(按建筑面积计)楼层,24,房号,2404,用途,住宅,,建筑面积平方米,户内面积,平方米,分摊面积,平方米,户内面积,平方米,分摊面积平方米,建筑面积,平方米
项目楼栋情况,联发天境雅居5栋,座号,--,合同号,--,拟售价格,65515.75元/平方米(按建筑面积计)楼层,24,房号,2405,用途,住宅,,建筑面积111.07平方米,户内面积,89.9平方米,分摊面积,21.17平方米,户内面积,--平方米,分摊面积--平方米,建筑面积,--平方米
项目楼栋情况,联发天境雅居5栋,座号,--,合同号,--,拟售价格,64415.75元/平方米(按建筑面积计)楼层,24,房号,2406,用途,住宅,,建筑面积111.07平方米,户内面积,89.9平方米,分摊面积,21.17平方米,户内面积,--平方米,分摊面积--平方米,建筑面积,--平方米
项目楼栋情况,联发天境雅居5栋,座号,--,合同号,--,拟售价格,64615.75元/平方米(按建筑面积计)楼层,23,房号,2301,用途,住宅,,建筑面积平方米,户内面积,平方米,分摊面积,平方米,户内面积,平方米,分摊面积平方米,建筑面积,平方米
项目楼栋情况,联发天境雅居5栋,座号,--,合同号,--,拟售价格,64715.75元/平方米(按建筑面积计)楼层,23,房号,2302,用途,住宅,,建筑面积平方米,户内面积,平方米,分摊面积,平方米,户内面积,平方米,分摊面积平方米,建筑面积,平方米
项目楼栋情况,联发天境雅居5栋,座号,--,合同号,--,拟售价格,65015.75元/平方米(按建筑面积计)楼层,23,房号,2303,用途,住宅,,建筑面积平方米,户内面积,平方米,分摊面积,平方米,户内面积,平方米,分摊面积平方米,建筑面积,平方米
项目楼栋情况,联发天境雅居5栋,座号,--,合同号,--,拟售价格,64815.75元/平方米(按建筑面积计)楼层,23,房号,2304,用途,住宅,,建筑面积平方米,户内面积,平方米,分摊面积,平方米,户内面积,平方米,分摊面积平方米,建筑面积,平方米
项目楼栋情况,联发天境雅居5栋,座号,--,合同号,--,拟售价格,65415.75元/平方米(按建筑面积计)楼层,23,房号,2305,用途,住宅,,建筑面积111.07平方米,户内面积,89.9平方米,分摊面积,21.17平方米,户内面积,--平方米,分摊面积--平方米,建筑面积,--平方米
项目楼栋情况,联发天境雅居5栋,座号,--,合同号,--,拟售价格,64315.75元/平方米(按建筑面积计)楼层,23,房号,2306,用途,住宅,,建筑面积111.07平方米,户内面积,89.9平方米,分摊面积,21.17平方米,户内面积,--平方米,分摊面积--平方米,建筑面积,--平方米
项目楼栋情况,联发天境雅居5栋,座号,--,合同号,--,拟售价格,64515.75元/平方米(按建筑面积计)楼层,22,房号,2201,用途,住宅,,建筑面积平方米,户内面积,平方米,分摊面积,平方米,户内面积,平方米,分摊面积平方米,建筑面积,平方米
项目楼栋情况,联发天境雅居5栋,座号,--,合同号,--,拟售价格,64615.75元/平方米(按建筑面积计)楼层,22,房号,2202,用途,住宅,,建筑面积平方米,户内面积,平方米,分摊面积,平方米,户内面积,平方米,分摊面积平方米,建筑面积,平方米
项目楼栋情况,联发天境雅居5栋,座号,--,合同号,--,拟售价格,64915.75元/平方米(按建筑面积计)楼层,22,房号,2203,用途,住宅,,建筑面积平方米,户内面积,平方米,分摊面积,平方米,户内面积,平方米,分摊面积平方米,建筑面积,平方米
项目楼栋情况,联发天境雅居5栋,座号,--,合同号,--,拟售价格,64715.75元/平方米(按建筑面积计)楼层,22,房号,2204,用途,住宅,,建筑面积平方米,户内面积,平方米,分摊面积,平方米,户内面积,平方米,分摊面积平方米,建筑面积,平方米
项目楼栋情况,联发天境雅居5栋,座号,--,合同号,--,拟售价格,65315.75元/平方米(按建筑面积计)楼层,22,房号,2205,用途,住宅,,建筑面积111.07平方米,户内面积,89.9平方米,分摊面积,21.17平方米,户内面积,--平方米,分摊面积--平方米,建筑面积,--平方米
项目楼栋情况,联发天境雅居5栋,座号,--,合同号,--,拟售价格,64215.75元/平方米(按建筑面积计)楼层,22,房号,2206,用途,住宅,,建筑面积111.07平方米,户内面积,89.9平方米,分摊面积,21.17平方米,户内面积,--平方米,分摊面积--平方米,建筑面积,--平方米
项目楼栋情况,联发天境雅居5栋,座号,--,合同号,--,拟售价格,64365.75元/平方米(按建筑面积计)楼层,21,房号,2101,用途,住宅,,建筑面积平方米,户内面积,平方米,分摊面积,平方米,户内面积,平方米,分摊面积平方米,建筑面积,平方米
项目楼栋情况,联发天境雅居5栋,座号,--,合同号,--,拟售价格,64465.75元/平方米(按建筑面积计)楼层,21,房号,2102,用途,住宅,,建筑面积平方米,户内面积,平方米,分摊面积,平方米,户内面积,平方米,分摊面积平方米,建筑面积,平方米
项目楼栋情况,联发天境雅居5栋,座号,--,合同号,--,拟售价格,64765.75元/平方米(按建筑面积计)楼层,21,房号,2103,用途,住宅,,建筑面积平方米,户内面积,平方米,分摊面积,平方米,户内面积,平方米,分摊面积平方米,建筑面积,平方米
项目楼栋情况,联发天境雅居5栋,座号,--,合同号,--,拟售价格,64565.75元/平方米(按建筑面积计)楼层,21,房号,2104,用途,住宅,,建筑面积平方米,户内面积,平方米,分摊面积,平方米,户内面积,平方米,分摊面积平方米,建筑面积,平方米
项目楼栋情况,联发天境雅居5栋,座号,--,合同号,--,拟售价格,65165.75元/平方米(按建筑面积计)楼层,21,房号,2105,用途,住宅,,建筑面积111.07平方米,户内面积,89.9平方米,分摊面积,21.17平方米,户内面积,--平方米,分摊面积--平方米,建筑面积,--平方米
项目楼栋情况,联发天境雅居5栋,座号,--,合同号,--,拟售价格,64065.75元/平方米(按建筑面积计)楼层,21,房号,2106,用途,住宅,,建筑面积111.07平方米,户内面积,89.9平方米,分摊面积,21.17平方米,户内面积,--平方米,分摊面积--平方米,建筑面积,--平方米
项目楼栋情况,联发天境雅居5栋,座号,--,合同号,--,拟售价格,64215.75元/平方米(按建筑面积计)楼层,20,房号,2001,用途,住宅,,建筑面积平方米,户内面积,平方米,分摊面积,平方米,户内面积,平方米,分摊面积平方米,建筑面积,平方米
项目楼栋情况,联发天境雅居5栋,座号,--,合同号,--,拟售价格,64315.75元/平方米(按建筑面积计)楼层,20,房号,2002,用途,住宅,,建筑面积平方米,户内面积,平方米,分摊面积,平方米,户内面积,平方米,分摊面积平方米,建筑面积,平方米
项目楼栋情况,联发天境雅居5栋,座号,--,合同号,--,拟售价格,64615.75元/平方米(按建筑面积计)楼层,20,房号,2003,用途,住宅,,建筑面积平方米,户内面积,平方米,分摊面积,平方米,户内面积,平方米,分摊面积平方米,建筑面积,平方米
项目楼栋情况,联发天境雅居5栋,座号,--,合同号,--,拟售价格,64415.75元/平方米(按建筑面积计)楼层,20,房号,2004,用途,住宅,,建筑面积平方米,户内面积,平方米,分摊面积,平方米,户内面积,平方米,分摊面积平方米,建筑面积,平方米
项目楼栋情况,联发天境雅居5栋,座号,--,合同号,--,拟售价格,65015.75元/平方米(按建筑面积计)楼层,20,房号,2005,用途,住宅,,建筑面积111.07平方米,户内面积,89.9平方米,分摊面积,21.17平方米,户内面积,--平方米,分摊面积--平方米,建筑面积,--平方米
项目楼栋情况,联发天境雅居5栋,座号,--,合同号,--,拟售价格,63915.75元/平方米(按建筑面积计)楼层,20,房号,2006,用途,住宅,,建筑面积111.07平方米,户内面积,89.9平方米,分摊面积,21.17平方米,户内面积,--平方米,分摊面积--平方米,建筑面积,--平方米
项目楼栋情况,联发天境雅居5栋,座号,--,合同号,--,拟售价格,64065.75元/平方米(按建筑面积计)楼层,19,房号,1901,用途,住宅,,建筑面积平方米,户内面积,平方米,分摊面积,平方米,户内面积,平方米,分摊面积平方米,建筑面积,平方米
项目楼栋情况,联发天境雅居5栋,座号,--,合同号,--,拟售价格,64165.75元/平方米(按建筑面积计)楼层,19,房号,1902,用途,住宅,,建筑面积平方米,户内面积,平方米,分摊面积,平方米,户内面积,平方米,分摊面积平方米,建筑面积,平方米
项目楼栋情况,联发天境雅居5栋,座号,--,合同号,--,拟售价格,64465.75元/平方米(按建筑面积计)楼层,19,房号,1903,用途,住宅,,建筑面积平方米,户内面积,平方米,分摊面积,平方米,户内面积,平方米,分摊面积平方米,建筑面积,平方米
项目楼栋情况,联发天境雅居5栋,座号,--,合同号,--,拟售价格,64265.75元/平方米(按建筑面积计)楼层,19,房号,1904,用途,住宅,,建筑面积平方米,户内面积,平方米,分摊面积,平方米,户内面积,平方米,分摊面积平方米,建筑面积,平方米
项目楼栋情况,联发天境雅居5栋,座号,--,合同号,--,拟售价格,64865.75元/平方米(按建筑面积计)楼层,19,房号,1905,用途,住宅,,建筑面积111.07平方米,户内面积,89.9平方米,分摊面积,21.17平方米,户内面积,--平方米,分摊面积--平方米,建筑面积,--平方米
项目楼栋情况,联发天境雅居5栋,座号,--,合同号,--,拟售价格,63765.75元/平方米(按建筑面积计)楼层,19,房号,1906,用途,住宅,,建筑面积111.07平方米,户内面积,89.9平方米,分摊面积,21.17平方米,户内面积,--平方米,分摊面积--平方米,建筑面积,--平方米
项目楼栋情况,联发天境雅居5栋,座号,--,合同号,--,拟售价格,63615.75元/平方米(按建筑面积计)楼层,18,房号,1801,用途,住宅,,建筑面积平方米,户内面积,平方米,分摊面积,平方米,户内面积,平方米,分摊面积平方米,建筑面积,平方米
项目楼栋情况,联发天境雅居5栋,座号,--,合同号,--,拟售价格,63715.75元/平方米(按建筑面积计)楼层,18,房号,1802,用途,住宅,,建筑面积平方米,户内面积,平方米,分摊面积,平方米,户内面积,平方米,分摊面积平方米,建筑面积,平方米
项目楼栋情况,联发天境雅居5栋,座号,--,合同号,--,拟售价格,64015.75元/平方米(按建筑面积计)楼层,18,房号,1803,用途,住宅,,建筑面积平方米,户内面积,平方米,分摊面积,平方米,户内面积,平方米,分摊面积平方米,建筑面积,平方米
项目楼栋情况,联发天境雅居5栋,座号,--,合同号,--,拟售价格,64415.75元/平方米(按建筑面积计)楼层,18,房号,1805,用途,住宅,,建筑面积111.07平方米,户内面积,89.9平方米,分摊面积,21.17平方米,户内面积,--平方米,分摊面积--平方米,建筑面积,--平方米
项目楼栋情况,联发天境雅居5栋,座号,--,合同号,--,拟售价格,63315.75元/平方米(按建筑面积计)楼层,18,房号,1806,用途,住宅,,建筑面积111.07平方米,户内面积,89.9平方米,分摊面积,21.17平方米,户内面积,--平方米,分摊面积--平方米,建筑面积,--平方米
项目楼栋情况,联发天境雅居5栋,座号,--,合同号,--,拟售价格,63765.75元/平方米(按建筑面积计)楼层,17,房号,1701,用途,住宅,,建筑面积平方米,户内面积,平方米,分摊面积,平方米,户内面积,平方米,分摊面积平方米,建筑面积,平方米
项目楼栋情况,联发天境雅居5栋,座号,--,合同号,--,拟售价格,63865.75元/平方米(按建筑面积计)楼层,17,房号,1702,用途,住宅,,建筑面积平方米,户内面积,平方米,分摊面积,平方米,户内面积,平方米,分摊面积平方米,建筑面积,平方米
项目楼栋情况,联发天境雅居5栋,座号,--,合同号,--,拟售价格,64165.75元/平方米(按建筑面积计)楼层,17,房号,1703,用途,住宅,,建筑面积平方米,户内面积,平方米,分摊面积,平方米,户内面积,平方米,分摊面积平方米,建筑面积,平方米
项目楼栋情况,联发天境雅居5栋,座号,--,合同号,--,拟售价格,63965.75元/平方米(按建筑面积计)楼层,17,房号,1704,用途,住宅,,建筑面积平方米,户内面积,平方米,分摊面积,平方米,户内面积,平方米,分摊面积平方米,建筑面积,平方米
项目楼栋情况,联发天境雅居5栋,座号,--,合同号,--,拟售价格,64565.75元/平方米(按建筑面积计)楼层,17,房号,1705,用途,住宅,,建筑面积111.07平方米,户内面积,89.9平方米,分摊面积,21.17平方米,户内面积,--平方米,分摊面积--平方米,建筑面积,--平方米
项目楼栋情况,联发天境雅居5栋,座号,--,合同号,--,拟售价格,63465.75元/平方米(按建筑面积计)楼层,17,房号,1706,用途,住宅,,建筑面积111.07平方米,户内面积,89.9平方米,分摊面积,21.17平方米,户内面积,--平方米,分摊面积--平方米,建筑面积,--平方米
项目楼栋情况,联发天境雅居5栋,座号,--,合同号,--,拟售价格,63615.75元/平方米(按建筑面积计)楼层,16,房号,1601,用途,住宅,,建筑面积平方米,户内面积,平方米,分摊面积,平方米,户内面积,平方米,分摊面积平方米,建筑面积,平方米
项目楼栋情况,联发天境雅居5栋,座号,--,合同号,--,拟售价格,63715.75元/平方米(按建筑面积计)楼层,16,房号,1602,用途,住宅,,建筑面积平方米,户内面积,平方米,分摊面积,平方米,户内面积,平方米,分摊面积平方米,建筑面积,平方米
项目楼栋情况,联发天境雅居5栋,座号,--,合同号,--,拟售价格,64015.75元/平方米(按建筑面积计)楼层,16,房号,1603,用途,住宅,,建筑面积平方米,户内面积,平方米,分摊面积,平方米,户内面积,平方米,分摊面积平方米,建筑面积,平方米
项目楼栋情况,联发天境雅居5栋,座号,--,合同号,--,拟售价格,63815.75元/平方米(按建筑面积计)楼层,16,房号,1604,用途,住宅,,建筑面积平方米,户内面积,平方米,分摊面积,平方米,户内面积,平方米,分摊面积平方米,建筑面积,平方米
项目楼栋情况,联发天境雅居5栋,座号,--,合同号,--,拟售价格,64415.75元/平方米(按建筑面积计)楼层,16,房号,1605,用途,住宅,,建筑面积111.07平方米,户内面积,89.9平方米,分摊面积,21.17平方米,户内面积,--平方米,分摊面积--平方米,建筑面积,--平方米
项目楼栋情况,联发天境雅居5栋,座号,--,合同号,--,拟售价格,63315.75元/平方米(按建筑面积计)楼层,16,房号,1606,用途,住宅,,建筑面积111.07平方米,户内面积,89.9平方米,分摊面积,21.17平方米,户内面积,--平方米,分摊面积--平方米,建筑面积,--平方米
项目楼栋情况,联发天境雅居5栋,座号,--,合同号,--,拟售价格,63465.75元/平方米(按建筑面积计)楼层,15,房号,1501,用途,住宅,,建筑面积平方米,户内面积,平方米,分摊面积,平方米,户内面积,平方米,分摊面积平方米,建筑面积,平方米
项目楼栋情况,联发天境雅居5栋,座号,--,合同号,--,拟售价格,63565.75元/平方米(按建筑面积计)楼层,15,房号,1502,用途,住宅,,建筑面积平方米,户内面积,平方米,分摊面积,平方米,户内面积,平方米,分摊面积平方米,建筑面积,平方米
项目楼栋情况,联发天境雅居5栋,座号,--,合同号,--,拟售价格,63865.75元/平方米(按建筑面积计)楼层,15,房号,1503,用途,住宅,,建筑面积平方米,户内面积,平方米,分摊面积,平方米,户内面积,平方米,分摊面积平方米,建筑面积,平方米
项目楼栋情况,联发天境雅居5栋,座号,--,合同号,--,拟售价格,63665.75元/平方米(按建筑面积计)楼层,15,房号,1504,用途,住宅,,建筑面积平方米,户内面积,平方米,分摊面积,平方米,户内面积,平方米,分摊面积平方米,建筑面积,平方米
项目楼栋情况,联发天境雅居5栋,座号,--,合同号,--,拟售价格,64265.75元/平方米(按建筑面积计)楼层,15,房号,1505,用途,住宅,,建筑面积111.07平方米,户内面积,89.9平方米,分摊面积,21.17平方米,户内面积,--平方米,分摊面积--平方米,建筑面积,--平方米
项目楼栋情况,联发天境雅居5栋,座号,--,合同号,--,拟售价格,63165.75元/平方米(按建筑面积计)楼层,15,房号,1506,用途,住宅,,建筑面积111.07平方米,户内面积,89.9平方米,分摊面积,21.17平方米,户内面积,--平方米,分摊面积--平方米,建筑面积,--平方米
项目楼栋情况,联发天境雅居5栋,座号,--,合同号,--,拟售价格,63015.75元/平方米(按建筑面积计)楼层,14,房号,1401,用途,住宅,,建筑面积平方米,户内面积,平方米,分摊面积,平方米,户内面积,平方米,分摊面积平方米,建筑面积,平方米
项目楼栋情况,联发天境雅居5栋,座号,--,合同号,--,拟售价格,63115.75元/平方米(按建筑面积计)楼层,14,房号,1402,用途,住宅,,建筑面积平方米,户内面积,平方米,分摊面积,平方米,户内面积,平方米,分摊面积平方米,建筑面积,平方米
项目楼栋情况,联发天境雅居5栋,座号,--,合同号,--,拟售价格,63415.75元/平方米(按建筑面积计)楼层,14,房号,1403,用途,住宅,,建筑面积平方米,户内面积,平方米,分摊面积,平方米,户内面积,平方米,分摊面积平方米,建筑面积,平方米
项目楼栋情况,联发天境雅居5栋,座号,--,合同号,--,拟售价格,63215.75元/平方米(按建筑面积计)楼层,14,房号,1404,用途,住宅,,建筑面积平方米,户内面积,平方米,分摊面积,平方米,户内面积,平方米,分摊面积平方米,建筑面积,平方米
项目楼栋情况,联发天境雅居5栋,座号,--,合同号,--,拟售价格,63815.75元/平方米(按建筑面积计)楼层,14,房号,1405,用途,住宅,,建筑面积111.07平方米,户内面积,89.9平方米,分摊面积,21.17平方米,户内面积,--平方米,分摊面积--平方米,建筑面积,--平方米
项目楼栋情况,联发天境雅居5栋,座号,--,合同号,--,拟售价格,62715.75元/平方米(按建筑面积计)楼层,14,房号,1406,用途,住宅,,建筑面积111.07平方米,户内面积,89.9平方米,分摊面积,21.17平方米,户内面积,--平方米,分摊面积--平方米,建筑面积,--平方米
项目楼栋情况,联发天境雅居5栋,座号,--,合同号,--,拟售价格,63165.75元/平方米(按建筑面积计)楼层,13,房号,1301,用途,住宅,,建筑面积平方米,户内面积,平方米,分摊面积,平方米,户内面积,平方米,分摊面积平方米,建筑面积,平方米
项目楼栋情况,联发天境雅居5栋,座号,--,合同号,--,拟售价格,63265.75元/平方米(按建筑面积计)楼层,13,房号,1302,用途,住宅,,建筑面积平方米,户内面积,平方米,分摊面积,平方米,户内面积,平方米,分摊面积平方米,建筑面积,平方米
项目楼栋情况,联发天境雅居5栋,座号,--,合同号,--,拟售价格,63565.75元/平方米(按建筑面积计)楼层,13,房号,1303,用途,住宅,,建筑面积平方米,户内面积,平方米,分摊面积,平方米,户内面积,平方米,分摊面积平方米,建筑面积,平方米
项目楼栋情况,联发天境雅居5栋,座号,--,合同号,--,拟售价格,63365.75元/平方米(按建筑面积计)楼层,13,房号,1304,用途,住宅,,建筑面积平方米,户内面积,平方米,分摊面积,平方米,户内面积,平方米,分摊面积平方米,建筑面积,平方米
项目楼栋情况,联发天境雅居5栋,座号,--,合同号,--,拟售价格,63965.75元/平方米(按建筑面积计)楼层,13,房号,1305,用途,住宅,,建筑面积111.07平方米,户内面积,89.9平方米,分摊面积,21.17平方米,户内面积,--平方米,分摊面积--平方米,建筑面积,--平方米
项目楼栋情况,联发天境雅居5栋,座号,--,合同号,--,拟售价格,62865.75元/平方米(按建筑面积计)楼层,13,房号,1306,用途,住宅,,建筑面积111.07平方米,户内面积,89.9平方米,分摊面积,21.17平方米,户内面积,--平方米,分摊面积--平方米,建筑面积,--平方米
项目楼栋情况,联发天境雅居5栋,座号,--,合同号,--,拟售价格,63015.75元/平方米(按建筑面积计)楼层,12,房号,1201,用途,住宅,,建筑面积平方米,户内面积,平方米,分摊面积,平方米,户内面积,平方米,分摊面积平方米,建筑面积,平方米
项目楼栋情况,联发天境雅居5栋,座号,--,合同号,--,拟售价格,63115.75元/平方米(按建筑面积计)楼层,12,房号,1202,用途,住宅,,建筑面积平方米,户内面积,平方米,分摊面积,平方米,户内面积,平方米,分摊面积平方米,建筑面积,平方米
项目楼栋情况,联发天境雅居5栋,座号,--,合同号,--,拟售价格,63415.75元/平方米(按建筑面积计)楼层,12,房号,1203,用途,住宅,,建筑面积平方米,户内面积,平方米,分摊面积,平方米,户内面积,平方米,分摊面积平方米,建筑面积,平方米
项目楼栋情况,联发天境雅居5栋,座号,--,合同号,--,拟售价格,63215.75元/平方米(按建筑面积计)楼层,12,房号,1204,用途,住宅,,建筑面积平方米,户内面积,平方米,分摊面积,平方米,户内面积,平方米,分摊面积平方米,建筑面积,平方米
项目楼栋情况,联发天境雅居5栋,座号,--,合同号,--,拟售价格,63815.75元/平方米(按建筑面积计)楼层,12,房号,1205,用途,住宅,,建筑面积111.07平方米,户内面积,89.9平方米,分摊面积,21.17平方米,户内面积,--平方米,分摊面积--平方米,建筑面积,--平方米
项目楼栋情况,联发天境雅居5栋,座号,--,合同号,--,拟售价格,62715.75元/平方米(按建筑面积计)楼层,12,房号,1206,用途,住宅,,建筑面积111.07平方米,户内面积,89.9平方米,分摊面积,21.17平方米,户内面积,--平方米,分摊面积--平方米,建筑面积,--平方米
项目楼栋情况,联发天境雅居5栋,座号,--,合同号,--,拟售价格,62865.75元/平方米(按建筑面积计)楼层,11,房号,1101,用途,住宅,,建筑面积平方米,户内面积,平方米,分摊面积,平方米,户内面积,平方米,分摊面积平方米,建筑面积,平方米
项目楼栋情况,联发天境雅居5栋,座号,--,合同号,--,拟售价格,62965.75元/平方米(按建筑面积计)楼层,11,房号,1102,用途,住宅,,建筑面积平方米,户内面积,平方米,分摊面积,平方米,户内面积,平方米,分摊面积平方米,建筑面积,平方米
项目楼栋情况,联发天境雅居5栋,座号,--,合同号,--,拟售价格,63265.75元/平方米(按建筑面积计)楼层,11,房号,1103,用途,住宅,,建筑面积平方米,户内面积,平方米,分摊面积,平方米,户内面积,平方米,分摊面积平方米,建筑面积,平方米
项目楼栋情况,联发天境雅居5栋,座号,--,合同号,--,拟售价格,63065.75元/平方米(按建筑面积计)楼层,11,房号,1104,用途,住宅,,建筑面积平方米,户内面积,平方米,分摊面积,平方米,户内面积,平方米,分摊面积平方米,建筑面积,平方米
项目楼栋情况,联发天境雅居5栋,座号,--,合同号,--,拟售价格,63665.75元/平方米(按建筑面积计)楼层,11,房号,1105,用途,住宅,,建筑面积111.07平方米,户内面积,89.9平方米,分摊面积,21.17平方米,户内面积,--平方米,分摊面积--平方米,建筑面积,--平方米
项目楼栋情况,联发天境雅居5栋,座号,--,合同号,--,拟售价格,62565.75元/平方米(按建筑面积计)楼层,11,房号,1106,用途,住宅,,建筑面积111.07平方米,户内面积,89.9平方米,分摊面积,21.17平方米,户内面积,--平方米,分摊面积--平方米,建筑面积,--平方米
项目楼栋情况,联发天境雅居5栋,座号,--,合同号,--,拟售价格,62715.75元/平方米(按建筑面积计)楼层,10,房号,1001,用途,住宅,,建筑面积平方米,户内面积,平方米,分摊面积,平方米,户内面积,平方米,分摊面积平方米,建筑面积,平方米
项目楼栋情况,联发天境雅居5栋,座号,--,合同号,--,拟售价格,62815.75元/平方米(按建筑面积计)楼层,10,房号,1002,用途,住宅,,建筑面积平方米,户内面积,平方米,分摊面积,平方米,户内面积,平方米,分摊面积平方米,建筑面积,平方米
项目楼栋情况,联发天境雅居5栋,座号,--,合同号,--,拟售价格,63115.75元/平方米(按建筑面积计)楼层,10,房号,1003,用途,住宅,,建筑面积平方米,户内面积,平方米,分摊面积,平方米,户内面积,平方米,分摊面积平方米,建筑面积,平方米
项目楼栋情况,联发天境雅居5栋,座号,--,合同号,--,拟售价格,62915.75元/平方米(按建筑面积计)楼层,10,房号,1004,用途,住宅,,建筑面积平方米,户内面积,平方米,分摊面积,平方米,户内面积,平方米,分摊面积平方米,建筑面积,平方米
项目楼栋情况,联发天境雅居5栋,座号,--,合同号,--,拟售价格,63515.75元/平方米(按建筑面积计)楼层,10,房号,1005,用途,住宅,,建筑面积111.07平方米,户内面积,89.9平方米,分摊面积,21.17平方米,户内面积,--平方米,分摊面积--平方米,建筑面积,--平方米
项目楼栋情况,联发天境雅居5栋,座号,--,合同号,--,拟售价格,62415.75元/平方米(按建筑面积计)楼层,10,房号,1006,用途,住宅,,建筑面积111.07平方米,户内面积,89.9平方米,分摊面积,21.17平方米,户内面积,--平方米,分摊面积--平方米,建筑面积,--平方米
项目楼栋情况,联发天境雅居5栋,座号,--,合同号,--,拟售价格,62565.75元/平方米(按建筑面积计)楼层,9,房号,901,用途,住宅,,建筑面积平方米,户内面积,平方米,分摊面积,平方米,户内面积,平方米,分摊面积平方米,建筑面积,平方米
项目楼栋情况,联发天境雅居5栋,座号,--,合同号,--,拟售价格,62665.75元/平方米(按建筑面积计)楼层,9,房号,902,用途,住宅,,建筑面积平方米,户内面积,平方米,分摊面积,平方米,户内面积,平方米,分摊面积平方米,建筑面积,平方米
项目楼栋情况,联发天境雅居5栋,座号,--,合同号,--,拟售价格,62965.75元/平方米(按建筑面积计)楼层,9,房号,903,用途,住宅,,建筑面积平方米,户内面积,平方米,分摊面积,平方米,户内面积,平方米,分摊面积平方米,建筑面积,平方米
项目楼栋情况,联发天境雅居5栋,座号,--,合同号,--,拟售价格,62765.75元/平方米(按建筑面积计)楼层,9,房号,904,用途,住宅,,建筑面积平方米,户内面积,平方米,分摊面积,平方米,户内面积,平方米,分摊面积平方米,建筑面积,平方米
项目楼栋情况,联发天境雅居5栋,座号,--,合同号,--,拟售价格,63365.75元/平方米(按建筑面积计)楼层,9,房号,905,用途,住宅,,建筑面积111.07平方米,户内面积,89.9平方米,分摊面积,21.17平方米,户内面积,--平方米,分摊面积--平方米,建筑面积,--平方米
项目楼栋情况,联发天境雅居5栋,座号,--,合同号,--,拟售价格,62265.75元/平方米(按建筑面积计)楼层,9,房号,906,用途,住宅,,建筑面积111.07平方米,户内面积,89.9平方米,分摊面积,21.17平方米,户内面积,--平方米,分摊面积--平方米,建筑面积,--平方米
项目楼栋情况,联发天境雅居5栋,座号,--,合同号,--,拟售价格,62415.75元/平方米(按建筑面积计)楼层,8,房号,801,用途,住宅,,建筑面积平方米,户内面积,平方米,分摊面积,平方米,户内面积,平方米,分摊面积平方米,建筑面积,平方米
项目楼栋情况,联发天境雅居5栋,座号,--,合同号,--,拟售价格,62515.75元/平方米(按建筑面积计)楼层,8,房号,802,用途,住宅,,建筑面积平方米,户内面积,平方米,分摊面积,平方米,户内面积,平方米,分摊面积平方米,建筑面积,平方米
项目楼栋情况,联发天境雅居5栋,座号,--,合同号,--,拟售价格,62815.75元/平方米(按建筑面积计)楼层,8,房号,803,用途,住宅,,建筑面积平方米,户内面积,平方米,分摊面积,平方米,户内面积,平方米,分摊面积平方米,建筑面积,平方米
项目楼栋情况,联发天境雅居5栋,座号,--,合同号,--,拟售价格,62615.75元/平方米(按建筑面积计)楼层,8,房号,804,用途,住宅,,建筑面积平方米,户内面积,平方米,分摊面积,平方米,户内面积,平方米,分摊面积平方米,建筑面积,平方米
项目楼栋情况,联发天境雅居5栋,座号,--,合同号,--,拟售价格,63215.75元/平方米(按建筑面积计)楼层,8,房号,805,用途,住宅,,建筑面积111.07平方米,户内面积,89.9平方米,分摊面积,21.17平方米,户内面积,--平方米,分摊面积--平方米,建筑面积,--平方米
项目楼栋情况,联发天境雅居5栋,座号,--,合同号,--,拟售价格,62115.75元/平方米(按建筑面积计)楼层,8,房号,806,用途,住宅,,建筑面积111.07平方米,户内面积,89.9平方米,分摊面积,21.17平方米,户内面积,--平方米,分摊面积--平方米,建筑面积,--平方米
项目楼栋情况,联发天境雅居5栋,座号,--,合同号,--,拟售价格,62265.75元/平方米(按建筑面积计)楼层,7,房号,701,用途,住宅,,建筑面积平方米,户内面积,平方米,分摊面积,平方米,户内面积,平方米,分摊面积平方米,建筑面积,平方米
项目楼栋情况,联发天境雅居5栋,座号,--,合同号,--,拟售价格,62365.75元/平方米(按建筑面积计)楼层,7,房号,702,用途,住宅,,建筑面积平方米,户内面积,平方米,分摊面积,平方米,户内面积,平方米,分摊面积平方米,建筑面积,平方米
项目楼栋情况,联发天境雅居5栋,座号,--,合同号,--,拟售价格,62665.75元/平方米(按建筑面积计)楼层,7,房号,703,用途,住宅,,建筑面积平方米,户内面积,平方米,分摊面积,平方米,户内面积,平方米,分摊面积平方米,建筑面积,平方米
项目楼栋情况,联发天境雅居5栋,座号,--,合同号,--,拟售价格,62465.75元/平方米(按建筑面积计)楼层,7,房号,704,用途,住宅,,建筑面积平方米,户内面积,平方米,分摊面积,平方米,户内面积,平方米,分摊面积平方米,建筑面积,平方米
项目楼栋情况,联发天境雅居5栋,座号,--,合同号,--,拟售价格,63065.75元/平方米(按建筑面积计)楼层,7,房号,705,用途,住宅,,建筑面积111.07平方米,户内面积,89.9平方米,分摊面积,21.17平方米,户内面积,--平方米,分摊面积--平方米,建筑面积,--平方米
项目楼栋情况,联发天境雅居5栋,座号,--,合同号,--,拟售价格,61965.75元/平方米(按建筑面积计)楼层,7,房号,706,用途,住宅,,建筑面积111.07平方米,户内面积,89.9平方米,分摊面积,21.17平方米,户内面积,--平方米,分摊面积--平方米,建筑面积,--平方米
项目楼栋情况,联发天境雅居5栋,座号,--,合同号,--,拟售价格,62065.75元/平方米(按建筑面积计)楼层,6,房号,601,用途,住宅,,建筑面积平方米,户内面积,平方米,分摊面积,平方米,户内面积,平方米,分摊面积平方米,建筑面积,平方米
项目楼栋情况,联发天境雅居5栋,座号,--,合同号,--,拟售价格,62165.75元/平方米(按建筑面积计)楼层,6,房号,602,用途,住宅,,建筑面积平方米,户内面积,平方米,分摊面积,平方米,户内面积,平方米,分摊面积平方米,建筑面积,平方米
项目楼栋情况,联发天境雅居5栋,座号,--,合同号,--,拟售价格,62465.75元/平方米(按建筑面积计)楼层,6,房号,603,用途,住宅,,建筑面积平方米,户内面积,平方米,分摊面积,平方米,户内面积,平方米,分摊面积平方米,建筑面积,平方米
项目楼栋情况,联发天境雅居5栋,座号,--,合同号,--,拟售价格,62265.75元/平方米(按建筑面积计)楼层,6,房号,604,用途,住宅,,建筑面积平方米,户内面积,平方米,分摊面积,平方米,户内面积,平方米,分摊面积平方米,建筑面积,平方米
项目楼栋情况,联发天境雅居5栋,座号,--,合同号,--,拟售价格,62865.75元/平方米(按建筑面积计)楼层,6,房号,605,用途,住宅,,建筑面积111.07平方米,户内面积,89.9平方米,分摊面积,21.17平方米,户内面积,--平方米,分摊面积--平方米,建筑面积,--平方米
项目楼栋情况,联发天境雅居5栋,座号,--,合同号,--,拟售价格,61765.75元/平方米(按建筑面积计)楼层,6,房号,606,用途,住宅,,建筑面积111.07平方米,户内面积,89.9平方米,分摊面积,21.17平方米,户内面积,--平方米,分摊面积--平方米,建筑面积,--平方米
项目楼栋情况,联发天境雅居5栋,座号,--,合同号,--,拟售价格,61865.75元/平方米(按建筑面积计)楼层,5,房号,501,用途,住宅,,建筑面积平方米,户内面积,平方米,分摊面积,平方米,户内面积,平方米,分摊面积平方米,建筑面积,平方米
项目楼栋情况,联发天境雅居5栋,座号,--,合同号,--,拟售价格,61965.75元/平方米(按建筑面积计)楼层,5,房号,502,用途,住宅,,建筑面积平方米,户内面积,平方米,分摊面积,平方米,户内面积,平方米,分摊面积平方米,建筑面积,平方米
项目楼栋情况,联发天境雅居5栋,座号,--,合同号,--,拟售价格,62265.75元/平方米(按建筑面积计)楼层,5,房号,503,用途,住宅,,建筑面积平方米,户内面积,平方米,分摊面积,平方米,户内面积,平方米,分摊面积平方米,建筑面积,平方米
项目楼栋情况,联发天境雅居5栋,座号,--,合同号,--,拟售价格,62065.75元/平方米(按建筑面积计)楼层,5,房号,504,用途,住宅,,建筑面积平方米,户内面积,平方米,分摊面积,平方米,户内面积,平方米,分摊面积平方米,建筑面积,平方米
项目楼栋情况,联发天境雅居5栋,座号,--,合同号,--,拟售价格,62665.75元/平方米(按建筑面积计)楼层,5,房号,505,用途,住宅,,建筑面积111.07平方米,户内面积,89.9平方米,分摊面积,21.17平方米,户内面积,--平方米,分摊面积--平方米,建筑面积,--平方米
项目楼栋情况,联发天境雅居5栋,座号,--,合同号,--,拟售价格,61565.75元/平方米(按建筑面积计)楼层,5,房号,506,用途,住宅,,建筑面积111.07平方米,户内面积,89.9平方米,分摊面积,21.17平方米,户内面积,--平方米,分摊面积--平方米,建筑面积,--平方米
项目楼栋情况,联发天境雅居5栋,座号,--,合同号,--,拟售价格,61665.75元/平方米(按建筑面积计)楼层,4,房号,401,用途,住宅,,建筑面积平方米,户内面积,平方米,分摊面积,平方米,户内面积,平方米,分摊面积平方米,建筑面积,平方米
项目楼栋情况,联发天境雅居5栋,座号,--,合同号,--,拟售价格,61765.75元/平方米(按建筑面积计)楼层,4,房号,402,用途,住宅,,建筑面积平方米,户内面积,平方米,分摊面积,平方米,户内面积,平方米,分摊面积平方米,建筑面积,平方米
项目楼栋情况,联发天境雅居5栋,座号,--,合同号,--,拟售价格,61765.75元/平方米(按建筑面积计)楼层,4,房号,403,用途,住宅,,建筑面积平方米,户内面积,平方米,分摊面积,平方米,户内面积,平方米,分摊面积平方米,建筑面积,平方米
项目楼栋情况,联发天境雅居5栋,座号,--,合同号,--,拟售价格,61565.75元/平方米(按建筑面积计)楼层,4,房号,404,用途,住宅,,建筑面积平方米,户内面积,平方米,分摊面积,平方米,户内面积,平方米,分摊面积平方米,建筑面积,平方米
项目楼栋情况,联发天境雅居5栋,座号,--,合同号,--,拟售价格,62465.75元/平方米(按建筑面积计)楼层,4,房号,405,用途,住宅,,建筑面积111.07平方米,户内面积,89.9平方米,分摊面积,21.17平方米,户内面积,--平方米,分摊面积--平方米,建筑面积,--平方米
项目楼栋情况,联发天境雅居5栋,座号,--,合同号,--,拟售价格,61365.75元/平方米(按建筑面积计)楼层,4,房号,406,用途,住宅,,建筑面积111.07平方米,户内面积,89.9平方米,分摊面积,21.17平方米,户内面积,--平方米,分摊面积--平方米,建筑面积,--平方米
项目楼栋情况,联发天境雅居5栋,座号,--,合同号,--,拟售价格,61465.75元/平方米(按建筑面积计)楼层,3,房号,301,用途,住宅,,建筑面积平方米,户内面积,平方米,分摊面积,平方米,户内面积,平方米,分摊面积平方米,建筑面积,平方米
项目楼栋情况,联发天境雅居5栋,座号,--,合同号,--,拟售价格,61565.75元/平方米(按建筑面积计)楼层,3,房号,302,用途,住宅,,建筑面积平方米,户内面积,平方米,分摊面积,平方米,户内面积,平方米,分摊面积平方米,建筑面积,平方米
项目楼栋情况,联发天境雅居5栋,座号,--,合同号,--,拟售价格,61565.75元/平方米(按建筑面积计)楼层,3,房号,303,用途,住宅,,建筑面积平方米,户内面积,平方米,分摊面积,平方米,户内面积,平方米,分摊面积平方米,建筑面积,平方米
项目楼栋情况,联发天境雅居5栋,座号,--,合同号,--,拟售价格,61365.75元/平方米(按建筑面积计)楼层,3,房号,304,用途,住宅,,建筑面积平方米,户内面积,平方米,分摊面积,平方米,户内面积,平方米,分摊面积平方米,建筑面积,平方米
项目楼栋情况,联发天境雅居5栋,座号,--,合同号,--,拟售价格,62265.75元/平方米(按建筑面积计)楼层,3,房号,305,用途,住宅,,建筑面积111.07平方米,户内面积,89.9平方米,分摊面积,21.17平方米,户内面积,--平方米,分摊面积--平方米,建筑面积,--平方米
项目楼栋情况,联发天境雅居5栋,座号,--,合同号,--,拟售价格,61165.75元/平方米(按建筑面积计)楼层,3,房号,306,用途,住宅,,建筑面积111.07平方米,户内面积,89.9平方米,分摊面积,21.17平方米,户内面积,--平方米,分摊面积--平方米,建筑面积,--平方米
项目楼栋情况,联发天境雅居5栋,座号,--,合同号,--,拟售价格,60965.75元/平方米(按建筑面积计)楼层,2,房号,201,用途,住宅,,建筑面积平方米,户内面积,平方米,分摊面积,平方米,户内面积,平方米,分摊面积平方米,建筑面积,平方米
项目楼栋情况,联发天境雅居5栋,座号,--,合同号,--,拟售价格,61065.75元/平方米(按建筑面积计)楼层,2,房号,202,用途,住宅,,建筑面积平方米,户内面积,平方米,分摊面积,平方米,户内面积,平方米,分摊面积平方米,建筑面积,平方米
项目楼栋情况,联发天境雅居5栋,座号,--,合同号,--,拟售价格,61365.75元/平方米(按建筑面积计)楼层,2,房号,203,用途,住宅,,建筑面积平方米,户内面积,平方米,分摊面积,平方米,户内面积,平方米,分摊面积平方米,建筑面积,平方米
项目楼栋情况,联发天境雅居5栋,座号,--,合同号,--,拟售价格,61165.75元/平方米(按建筑面积计)楼层,2,房号,204,用途,住宅,,建筑面积平方米,户内面积,平方米,分摊面积,平方米,户内面积,平方米,分摊面积平方米,建筑面积,平方米
项目楼栋情况,联发天境雅居5栋,座号,--,合同号,--,拟售价格,61765.75元/平方米(按建筑面积计)楼层,2,房号,205,用途,住宅,,建筑面积111.07平方米,户内面积,89.9平方米,分摊面积,21.17平方米,户内面积,--平方米,分摊面积--平方米,建筑面积,--平方米
项目楼栋情况,联发天境雅居5栋,座号,--,合同号,--,拟售价格,60665.75元/平方米(按建筑面积计)楼层,2,房号,206,用途,住宅,,建筑面积111.07平方米,户内面积,89.9平方米,分摊面积,21.17平方米,户内面积,--平方米,分摊面积--平方米,建筑面积,--平方米
项目楼栋情况,联发天境雅居6栋,座号,--,合同号,--,拟售价格,62115.75元/平方米(按建筑面积计)楼层,31,房号,3101,用途,住宅,,建筑面积平方米,户内面积,平方米,分摊面积,平方米,户内面积,平方米,分摊面积平方米,建筑面积,平方米
项目楼栋情况,联发天境雅居6栋,座号,--,合同号,--,拟售价格,61715.75元/平方米(按建筑面积计)楼层,31,房号,3102,用途,住宅,,建筑面积平方米,户内面积,平方米,分摊面积,平方米,户内面积,平方米,分摊面积平方米,建筑面积,平方米
项目楼栋情况,联发天境雅居6栋,座号,--,合同号,--,拟售价格,64115.75元/平方米(按建筑面积计)楼层,31,房号,3103,用途,住宅,,建筑面积平方米,户内面积,平方米,分摊面积,平方米,户内面积,平方米,分摊面积平方米,建筑面积,平方米
项目楼栋情况,联发天境雅居6栋,座号,--,合同号,--,拟售价格,63915.76元/平方米(按建筑面积计)楼层,31,房号,3104,用途,住宅,,建筑面积平方米,户内面积,平方米,分摊面积,平方米,户内面积,平方米,分摊面积平方米,建筑面积,平方米
项目楼栋情况,联发天境雅居6栋,座号,--,合同号,--,拟售价格,64515.75元/平方米(按建筑面积计)楼层,31,房号,3105,用途,住宅,,建筑面积111.46平方米,户内面积,89.9平方米,分摊面积,21.56平方米,户内面积,--平方米,分摊面积--平方米,建筑面积,--平方米
项目楼栋情况,联发天境雅居6栋,座号,--,合同号,--,拟售价格,62314.87元/平方米(按建筑面积计)楼层,31,房号,3106,用途,住宅,,建筑面积111.46平方米,户内面积,89.9平方米,分摊面积,21.56平方米,户内面积,--平方米,分摊面积--平方米,建筑面积,--平方米
项目楼栋情况,联发天境雅居6栋,座号,--,合同号,--,拟售价格,62715.75元/平方米(按建筑面积计)楼层,30,房号,3001,用途,住宅,,建筑面积平方米,户内面积,平方米,分摊面积,平方米,户内面积,平方米,分摊面积平方米,建筑面积,平方米
项目楼栋情况,联发天境雅居6栋,座号,--,合同号,--,拟售价格,62315.75元/平方米(按建筑面积计)楼层,30,房号,3002,用途,住宅,,建筑面积平方米,户内面积,平方米,分摊面积,平方米,户内面积,平方米,分摊面积平方米,建筑面积,平方米
项目楼栋情况,联发天境雅居6栋,座号,--,合同号,--,拟售价格,64715.75元/平方米(按建筑面积计)楼层,30,房号,3003,用途,住宅,,建筑面积平方米,户内面积,平方米,分摊面积,平方米,户内面积,平方米,分摊面积平方米,建筑面积,平方米
项目楼栋情况,联发天境雅居6栋,座号,--,合同号,--,拟售价格,64515.75元/平方米(按建筑面积计)楼层,30,房号,3004,用途,住宅,,建筑面积平方米,户内面积,平方米,分摊面积,平方米,户内面积,平方米,分摊面积平方米,建筑面积,平方米
项目楼栋情况,联发天境雅居6栋,座号,--,合同号,--,拟售价格,65115.75元/平方米(按建筑面积计)楼层,30,房号,3005,用途,住宅,,建筑面积111.46平方米,户内面积,89.9平方米,分摊面积,21.56平方米,户内面积,--平方米,分摊面积--平方米,建筑面积,--平方米
项目楼栋情况,联发天境雅居6栋,座号,--,合同号,--,拟售价格,62915.75元/平方米(按建筑面积计)楼层,30,房号,3006,用途,住宅,,建筑面积111.46平方米,户内面积,89.9平方米,分摊面积,21.56平方米,户内面积,--平方米,分摊面积--平方米,建筑面积,--平方米
项目楼栋情况,联发天境雅居6栋,座号,--,合同号,--,拟售价格,62615.75元/平方米(按建筑面积计)楼层,29,房号,2901,用途,住宅,,建筑面积平方米,户内面积,平方米,分摊面积,平方米,户内面积,平方米,分摊面积平方米,建筑面积,平方米
项目楼栋情况,联发天境雅居6栋,座号,--,合同号,--,拟售价格,62215.75元/平方米(按建筑面积计)楼层,29,房号,2902,用途,住宅,,建筑面积平方米,户内面积,平方米,分摊面积,平方米,户内面积,平方米,分摊面积平方米,建筑面积,平方米
项目楼栋情况,联发天境雅居6栋,座号,--,合同号,--,拟售价格,64615.75元/平方米(按建筑面积计)楼层,29,房号,2903,用途,住宅,,建筑面积平方米,户内面积,平方米,分摊面积,平方米,户内面积,平方米,分摊面积平方米,建筑面积,平方米
项目楼栋情况,联发天境雅居6栋,座号,--,合同号,--,拟售价格,64415.75元/平方米(按建筑面积计)楼层,29,房号,2904,用途,住宅,,建筑面积平方米,户内面积,平方米,分摊面积,平方米,户内面积,平方米,分摊面积平方米,建筑面积,平方米
项目楼栋情况,联发天境雅居6栋,座号,--,合同号,--,拟售价格,65015.75元/平方米(按建筑面积计)楼层,29,房号,2905,用途,住宅,,建筑面积111.46平方米,户内面积,89.9平方米,分摊面积,21.56平方米,户内面积,--平方米,分摊面积--平方米,建筑面积,--平方米
项目楼栋情况,联发天境雅居6栋,座号,--,合同号,--,拟售价格,62815.75元/平方米(按建筑面积计)楼层,29,房号,2906,用途,住宅,,建筑面积111.46平方米,户内面积,89.9平方米,分摊面积,21.56平方米,户内面积,--平方米,分摊面积--平方米,建筑面积,--平方米
项目楼栋情况,联发天境雅居6栋,座号,--,合同号,--,拟售价格,62515.75元/平方米(按建筑面积计)楼层,28,房号,2801,用途,住宅,,建筑面积平方米,户内面积,平方米,分摊面积,平方米,户内面积,平方米,分摊面积平方米,建筑面积,平方米
项目楼栋情况,联发天境雅居6栋,座号,--,合同号,--,拟售价格,62115.75元/平方米(按建筑面积计)楼层,28,房号,2802,用途,住宅,,建筑面积平方米,户内面积,平方米,分摊面积,平方米,户内面积,平方米,分摊面积平方米,建筑面积,平方米
项目楼栋情况,联发天境雅居6栋,座号,--,合同号,--,拟售价格,64515.75元/平方米(按建筑面积计)楼层,28,房号,2803,用途,住宅,,建筑面积平方米,户内面积,平方米,分摊面积,平方米,户内面积,平方米,分摊面积平方米,建筑面积,平方米
项目楼栋情况,联发天境雅居6栋,座号,--,合同号,--,拟售价格,64315.75元/平方米(按建筑面积计)楼层,28,房号,2804,用途,住宅,,建筑面积平方米,户内面积,平方米,分摊面积,平方米,户内面积,平方米,分摊面积平方米,建筑面积,平方米
项目楼栋情况,联发天境雅居6栋,座号,--,合同号,--,拟售价格,64915.75元/平方米(按建筑面积计)楼层,28,房号,2805,用途,住宅,,建筑面积111.46平方米,户内面积,89.9平方米,分摊面积,21.56平方米,户内面积,--平方米,分摊面积--平方米,建筑面积,--平方米
项目楼栋情况,联发天境雅居6栋,座号,--,合同号,--,拟售价格,62715.75元/平方米(按建筑面积计)楼层,28,房号,2806,用途,住宅,,建筑面积111.46平方米,户内面积,89.9平方米,分摊面积,21.56平方米,户内面积,--平方米,分摊面积--平方米,建筑面积,--平方米
项目楼栋情况,联发天境雅居6栋,座号,--,合同号,--,拟售价格,62415.75元/平方米(按建筑面积计)楼层,27,房号,2701,用途,住宅,,建筑面积平方米,户内面积,平方米,分摊面积,平方米,户内面积,平方米,分摊面积平方米,建筑面积,平方米
项目楼栋情况,联发天境雅居6栋,座号,--,合同号,--,拟售价格,62015.75元/平方米(按建筑面积计)楼层,27,房号,2702,用途,住宅,,建筑面积平方米,户内面积,平方米,分摊面积,平方米,户内面积,平方米,分摊面积平方米,建筑面积,平方米
项目楼栋情况,联发天境雅居6栋,座号,--,合同号,--,拟售价格,64415.75元/平方米(按建筑面积计)楼层,27,房号,2703,用途,住宅,,建筑面积平方米,户内面积,平方米,分摊面积,平方米,户内面积,平方米,分摊面积平方米,建筑面积,平方米
项目楼栋情况,联发天境雅居6栋,座号,--,合同号,--,拟售价格,64215.75元/平方米(按建筑面积计)楼层,27,房号,2704,用途,住宅,,建筑面积平方米,户内面积,平方米,分摊面积,平方米,户内面积,平方米,分摊面积平方米,建筑面积,平方米
项目楼栋情况,联发天境雅居6栋,座号,--,合同号,--,拟售价格,64815.75元/平方米(按建筑面积计)楼层,27,房号,2705,用途,住宅,,建筑面积111.46平方米,户内面积,89.9平方米,分摊面积,21.56平方米,户内面积,--平方米,分摊面积--平方米,建筑面积,--平方米
项目楼栋情况,联发天境雅居6栋,座号,--,合同号,--,拟售价格,62615.75元/平方米(按建筑面积计)楼层,27,房号,2706,用途,住宅,,建筑面积111.46平方米,户内面积,89.9平方米,分摊面积,21.56平方米,户内面积,--平方米,分摊面积--平方米,建筑面积,--平方米
项目楼栋情况,联发天境雅居6栋,座号,--,合同号,--,拟售价格,62315.75元/平方米(按建筑面积计)楼层,26,房号,2601,用途,住宅,,建筑面积平方米,户内面积,平方米,分摊面积,平方米,户内面积,平方米,分摊面积平方米,建筑面积,平方米
项目楼栋情况,联发天境雅居6栋,座号,--,合同号,--,拟售价格,61915.75元/平方米(按建筑面积计)楼层,26,房号,2602,用途,住宅,,建筑面积平方米,户内面积,平方米,分摊面积,平方米,户内面积,平方米,分摊面积平方米,建筑面积,平方米
项目楼栋情况,联发天境雅居6栋,座号,--,合同号,--,拟售价格,64315.75元/平方米(按建筑面积计)楼层,26,房号,2603,用途,住宅,,建筑面积平方米,户内面积,平方米,分摊面积,平方米,户内面积,平方米,分摊面积平方米,建筑面积,平方米
项目楼栋情况,联发天境雅居6栋,座号,--,合同号,--,拟售价格,64115.75元/平方米(按建筑面积计)楼层,26,房号,2604,用途,住宅,,建筑面积平方米,户内面积,平方米,分摊面积,平方米,户内面积,平方米,分摊面积平方米,建筑面积,平方米
项目楼栋情况,联发天境雅居6栋,座号,--,合同号,--,拟售价格,64715.75元/平方米(按建筑面积计)楼层,26,房号,2605,用途,住宅,,建筑面积111.46平方米,户内面积,89.9平方米,分摊面积,21.56平方米,户内面积,--平方米,分摊面积--平方米,建筑面积,--平方米
项目楼栋情况,联发天境雅居6栋,座号,--,合同号,--,拟售价格,62515.75元/平方米(按建筑面积计)楼层,26,房号,2606,用途,住宅,,建筑面积111.46平方米,户内面积,89.9平方米,分摊面积,21.56平方米,户内面积,--平方米,分摊面积--平方米,建筑面积,--平方米
项目楼栋情况,联发天境雅居6栋,座号,--,合同号,--,拟售价格,62215.75元/平方米(按建筑面积计)楼层,25,房号,2501,用途,住宅,,建筑面积平方米,户内面积,平方米,分摊面积,平方米,户内面积,平方米,分摊面积平方米,建筑面积,平方米
项目楼栋情况,联发天境雅居6栋,座号,--,合同号,--,拟售价格,61815.75元/平方米(按建筑面积计)楼层,25,房号,2502,用途,住宅,,建筑面积平方米,户内面积,平方米,分摊面积,平方米,户内面积,平方米,分摊面积平方米,建筑面积,平方米
项目楼栋情况,联发天境雅居6栋,座号,--,合同号,--,拟售价格,64215.75元/平方米(按建筑面积计)楼层,25,房号,2503,用途,住宅,,建筑面积平方米,户内面积,平方米,分摊面积,平方米,户内面积,平方米,分摊面积平方米,建筑面积,平方米
项目楼栋情况,联发天境雅居6栋,座号,--,合同号,--,拟售价格,64015.75元/平方米(按建筑面积计)楼层,25,房号,2504,用途,住宅,,建筑面积平方米,户内面积,平方米,分摊面积,平方米,户内面积,平方米,分摊面积平方米,建筑面积,平方米
项目楼栋情况,联发天境雅居6栋,座号,--,合同号,--,拟售价格,64615.75元/平方米(按建筑面积计)楼层,25,房号,2505,用途,住宅,,建筑面积111.46平方米,户内面积,89.9平方米,分摊面积,21.56平方米,户内面积,--平方米,分摊面积--平方米,建筑面积,--平方米
项目楼栋情况,联发天境雅居6栋,座号,--,合同号,--,拟售价格,62415.75元/平方米(按建筑面积计)楼层,25,房号,2506,用途,住宅,,建筑面积111.46平方米,户内面积,89.9平方米,分摊面积,21.56平方米,户内面积,--平方米,分摊面积--平方米,建筑面积,--平方米
项目楼栋情况,联发天境雅居6栋,座号,--,合同号,--,拟售价格,62115.75元/平方米(按建筑面积计)楼层,24,房号,2401,用途,住宅,,建筑面积平方米,户内面积,平方米,分摊面积,平方米,户内面积,平方米,分摊面积平方米,建筑面积,平方米
项目楼栋情况,联发天境雅居6栋,座号,--,合同号,--,拟售价格,61715.75元/平方米(按建筑面积计)楼层,24,房号,2402,用途,住宅,,建筑面积平方米,户内面积,平方米,分摊面积,平方米,户内面积,平方米,分摊面积平方米,建筑面积,平方米
项目楼栋情况,联发天境雅居6栋,座号,--,合同号,--,拟售价格,64115.75元/平方米(按建筑面积计)楼层,24,房号,2403,用途,住宅,,建筑面积平方米,户内面积,平方米,分摊面积,平方米,户内面积,平方米,分摊面积平方米,建筑面积,平方米
项目楼栋情况,联发天境雅居6栋,座号,--,合同号,--,拟售价格,63915.75元/平方米(按建筑面积计)楼层,24,房号,2404,用途,住宅,,建筑面积平方米,户内面积,平方米,分摊面积,平方米,户内面积,平方米,分摊面积平方米,建筑面积,平方米
项目楼栋情况,联发天境雅居6栋,座号,--,合同号,--,拟售价格,64515.75元/平方米(按建筑面积计)楼层,24,房号,2405,用途,住宅,,建筑面积111.46平方米,户内面积,89.9平方米,分摊面积,21.56平方米,户内面积,--平方米,分摊面积--平方米,建筑面积,--平方米
项目楼栋情况,联发天境雅居6栋,座号,--,合同号,--,拟售价格,62315.75元/平方米(按建筑面积计)楼层,24,房号,2406,用途,住宅,,建筑面积111.46平方米,户内面积,89.9平方米,分摊面积,21.56平方米,户内面积,--平方米,分摊面积--平方米,建筑面积,--平方米
项目楼栋情况,联发天境雅居6栋,座号,--,合同号,--,拟售价格,62015.75元/平方米(按建筑面积计)楼层,23,房号,2301,用途,住宅,,建筑面积平方米,户内面积,平方米,分摊面积,平方米,户内面积,平方米,分摊面积平方米,建筑面积,平方米
项目楼栋情况,联发天境雅居6栋,座号,--,合同号,--,拟售价格,61615.75元/平方米(按建筑面积计)楼层,23,房号,2302,用途,住宅,,建筑面积平方米,户内面积,平方米,分摊面积,平方米,户内面积,平方米,分摊面积平方米,建筑面积,平方米
项目楼栋情况,联发天境雅居6栋,座号,--,合同号,--,拟售价格,64015.75元/平方米(按建筑面积计)楼层,23,房号,2303,用途,住宅,,建筑面积平方米,户内面积,平方米,分摊面积,平方米,户内面积,平方米,分摊面积平方米,建筑面积,平方米
项目楼栋情况,联发天境雅居6栋,座号,--,合同号,--,拟售价格,63815.75元/平方米(按建筑面积计)楼层,23,房号,2304,用途,住宅,,建筑面积平方米,户内面积,平方米,分摊面积,平方米,户内面积,平方米,分摊面积平方米,建筑面积,平方米
项目楼栋情况,联发天境雅居6栋,座号,--,合同号,--,拟售价格,64415.75元/平方米(按建筑面积计)楼层,23,房号,2305,用途,住宅,,建筑面积111.46平方米,户内面积,89.9平方米,分摊面积,21.56平方米,户内面积,--平方米,分摊面积--平方米,建筑面积,--平方米
项目楼栋情况,联发天境雅居6栋,座号,--,合同号,--,拟售价格,62215.75元/平方米(按建筑面积计)楼层,23,房号,2306,用途,住宅,,建筑面积111.46平方米,户内面积,89.9平方米,分摊面积,21.56平方米,户内面积,--平方米,分摊面积--平方米,建筑面积,--平方米
项目楼栋情况,联发天境雅居6栋,座号,--,合同号,--,拟售价格,61915.75元/平方米(按建筑面积计)楼层,22,房号,2201,用途,住宅,,建筑面积平方米,户内面积,平方米,分摊面积,平方米,户内面积,平方米,分摊面积平方米,建筑面积,平方米
项目楼栋情况,联发天境雅居6栋,座号,--,合同号,--,拟售价格,61515.75元/平方米(按建筑面积计)楼层,22,房号,2202,用途,住宅,,建筑面积平方米,户内面积,平方米,分摊面积,平方米,户内面积,平方米,分摊面积平方米,建筑面积,平方米
项目楼栋情况,联发天境雅居6栋,座号,--,合同号,--,拟售价格,63915.75元/平方米(按建筑面积计)楼层,22,房号,2203,用途,住宅,,建筑面积平方米,户内面积,平方米,分摊面积,平方米,户内面积,平方米,分摊面积平方米,建筑面积,平方米
项目楼栋情况,联发天境雅居6栋,座号,--,合同号,--,拟售价格,63715.75元/平方米(按建筑面积计)楼层,22,房号,2204,用途,住宅,,建筑面积平方米,户内面积,平方米,分摊面积,平方米,户内面积,平方米,分摊面积平方米,建筑面积,平方米
项目楼栋情况,联发天境雅居6栋,座号,--,合同号,--,拟售价格,64315.75元/平方米(按建筑面积计)楼层,22,房号,2205,用途,住宅,,建筑面积111.46平方米,户内面积,89.9平方米,分摊面积,21.56平方米,户内面积,--平方米,分摊面积--平方米,建筑面积,--平方米
项目楼栋情况,联发天境雅居6栋,座号,--,合同号,--,拟售价格,62115.75元/平方米(按建筑面积计)楼层,22,房号,2206,用途,住宅,,建筑面积111.46平方米,户内面积,89.9平方米,分摊面积,21.56平方米,户内面积,--平方米,分摊面积--平方米,建筑面积,--平方米
项目楼栋情况,联发天境雅居6栋,座号,--,合同号,--,拟售价格,61765.75元/平方米(按建筑面积计)楼层,21,房号,2101,用途,住宅,,建筑面积平方米,户内面积,平方米,分摊面积,平方米,户内面积,平方米,分摊面积平方米,建筑面积,平方米
项目楼栋情况,联发天境雅居6栋,座号,--,合同号,--,拟售价格,61365.75元/平方米(按建筑面积计)楼层,21,房号,2102,用途,住宅,,建筑面积平方米,户内面积,平方米,分摊面积,平方米,户内面积,平方米,分摊面积平方米,建筑面积,平方米
项目楼栋情况,联发天境雅居6栋,座号,--,合同号,--,拟售价格,63765.75元/平方米(按建筑面积计)楼层,21,房号,2103,用途,住宅,,建筑面积平方米,户内面积,平方米,分摊面积,平方米,户内面积,平方米,分摊面积平方米,建筑面积,平方米
项目楼栋情况,联发天境雅居6栋,座号,--,合同号,--,拟售价格,63565.75元/平方米(按建筑面积计)楼层,21,房号,2104,用途,住宅,,建筑面积平方米,户内面积,平方米,分摊面积,平方米,户内面积,平方米,分摊面积平方米,建筑面积,平方米
项目楼栋情况,联发天境雅居6栋,座号,--,合同号,--,拟售价格,64165.75元/平方米(按建筑面积计)楼层,21,房号,2105,用途,住宅,,建筑面积111.46平方米,户内面积,89.9平方米,分摊面积,21.56平方米,户内面积,--平方米,分摊面积--平方米,建筑面积,--平方米
项目楼栋情况,联发天境雅居6栋,座号,--,合同号,--,拟售价格,61965.75元/平方米(按建筑面积计)楼层,21,房号,2106,用途,住宅,,建筑面积111.46平方米,户内面积,89.9平方米,分摊面积,21.56平方米,户内面积,--平方米,分摊面积--平方米,建筑面积,--平方米
项目楼栋情况,联发天境雅居6栋,座号,--,合同号,--,拟售价格,61615.75元/平方米(按建筑面积计)楼层,20,房号,2001,用途,住宅,,建筑面积平方米,户内面积,平方米,分摊面积,平方米,户内面积,平方米,分摊面积平方米,建筑面积,平方米
项目楼栋情况,联发天境雅居6栋,座号,--,合同号,--,拟售价格,61215.75元/平方米(按建筑面积计)楼层,20,房号,2002,用途,住宅,,建筑面积平方米,户内面积,平方米,分摊面积,平方米,户内面积,平方米,分摊面积平方米,建筑面积,平方米
项目楼栋情况,联发天境雅居6栋,座号,--,合同号,--,拟售价格,63615.75元/平方米(按建筑面积计)楼层,20,房号,2003,用途,住宅,,建筑面积平方米,户内面积,平方米,分摊面积,平方米,户内面积,平方米,分摊面积平方米,建筑面积,平方米
项目楼栋情况,联发天境雅居6栋,座号,--,合同号,--,拟售价格,63415.75元/平方米(按建筑面积计)楼层,20,房号,2004,用途,住宅,,建筑面积平方米,户内面积,平方米,分摊面积,平方米,户内面积,平方米,分摊面积平方米,建筑面积,平方米
项目楼栋情况,联发天境雅居6栋,座号,--,合同号,--,拟售价格,64015.75元/平方米(按建筑面积计)楼层,20,房号,2005,用途,住宅,,建筑面积111.46平方米,户内面积,89.9平方米,分摊面积,21.56平方米,户内面积,--平方米,分摊面积--平方米,建筑面积,--平方米
项目楼栋情况,联发天境雅居6栋,座号,--,合同号,--,拟售价格,61815.75元/平方米(按建筑面积计)楼层,20,房号,2006,用途,住宅,,建筑面积111.46平方米,户内面积,89.9平方米,分摊面积,21.56平方米,户内面积,--平方米,分摊面积--平方米,建筑面积,--平方米
项目楼栋情况,联发天境雅居6栋,座号,--,合同号,--,拟售价格,61465.75元/平方米(按建筑面积计)楼层,19,房号,1901,用途,住宅,,建筑面积平方米,户内面积,平方米,分摊面积,平方米,户内面积,平方米,分摊面积平方米,建筑面积,平方米
项目楼栋情况,联发天境雅居6栋,座号,--,合同号,--,拟售价格,61065.75元/平方米(按建筑面积计)楼层,19,房号,1902,用途,住宅,,建筑面积平方米,户内面积,平方米,分摊面积,平方米,户内面积,平方米,分摊面积平方米,建筑面积,平方米
项目楼栋情况,联发天境雅居6栋,座号,--,合同号,--,拟售价格,63465.75元/平方米(按建筑面积计)楼层,19,房号,1903,用途,住宅,,建筑面积平方米,户内面积,平方米,分摊面积,平方米,户内面积,平方米,分摊面积平方米,建筑面积,平方米
项目楼栋情况,联发天境雅居6栋,座号,--,合同号,--,拟售价格,63265.75元/平方米(按建筑面积计)楼层,19,房号,1904,用途,住宅,,建筑面积平方米,户内面积,平方米,分摊面积,平方米,户内面积,平方米,分摊面积平方米,建筑面积,平方米
项目楼栋情况,联发天境雅居6栋,座号,--,合同号,--,拟售价格,63865.75元/平方米(按建筑面积计)楼层,19,房号,1905,用途,住宅,,建筑面积111.46平方米,户内面积,89.9平方米,分摊面积,21.56平方米,户内面积,--平方米,分摊面积--平方米,建筑面积,--平方米
项目楼栋情况,联发天境雅居6栋,座号,--,合同号,--,拟售价格,61665.75元/平方米(按建筑面积计)楼层,19,房号,1906,用途,住宅,,建筑面积111.46平方米,户内面积,89.9平方米,分摊面积,21.56平方米,户内面积,--平方米,分摊面积--平方米,建筑面积,--平方米
项目楼栋情况,联发天境雅居6栋,座号,--,合同号,--,拟售价格,61015.75元/平方米(按建筑面积计)楼层,18,房号,1801,用途,住宅,,建筑面积平方米,户内面积,平方米,分摊面积,平方米,户内面积,平方米,分摊面积平方米,建筑面积,平方米
项目楼栋情况,联发天境雅居6栋,座号,--,合同号,--,拟售价格,60615.75元/平方米(按建筑面积计)楼层,18,房号,1802,用途,住宅,,建筑面积平方米,户内面积,平方米,分摊面积,平方米,户内面积,平方米,分摊面积平方米,建筑面积,平方米
项目楼栋情况,联发天境雅居6栋,座号,--,合同号,--,拟售价格,63015.75元/平方米(按建筑面积计)楼层,18,房号,1803,用途,住宅,,建筑面积平方米,户内面积,平方米,分摊面积,平方米,户内面积,平方米,分摊面积平方米,建筑面积,平方米
项目楼栋情况,联发天境雅居6栋,座号,--,合同号,--,拟售价格,62815.75元/平方米(按建筑面积计)楼层,18,房号,1804,用途,住宅,,建筑面积平方米,户内面积,平方米,分摊面积,平方米,户内面积,平方米,分摊面积平方米,建筑面积,平方米
项目楼栋情况,联发天境雅居6栋,座号,--,合同号,--,拟售价格,63415.75元/平方米(按建筑面积计)楼层,18,房号,1805,用途,住宅,,建筑面积111.46平方米,户内面积,89.9平方米,分摊面积,21.56平方米,户内面积,--平方米,分摊面积--平方米,建筑面积,--平方米
项目楼栋情况,联发天境雅居6栋,座号,--,合同号,--,拟售价格,61215.75元/平方米(按建筑面积计)楼层,18,房号,1806,用途,住宅,,建筑面积111.46平方米,户内面积,89.9平方米,分摊面积,21.56平方米,户内面积,--平方米,分摊面积--平方米,建筑面积,--平方米
项目楼栋情况,联发天境雅居6栋,座号,--,合同号,--,拟售价格,61165.75元/平方米(按建筑面积计)楼层,17,房号,1701,用途,住宅,,建筑面积平方米,户内面积,平方米,分摊面积,平方米,户内面积,平方米,分摊面积平方米,建筑面积,平方米
项目楼栋情况,联发天境雅居6栋,座号,--,合同号,--,拟售价格,60765.75元/平方米(按建筑面积计)楼层,17,房号,1702,用途,住宅,,建筑面积平方米,户内面积,平方米,分摊面积,平方米,户内面积,平方米,分摊面积平方米,建筑面积,平方米
项目楼栋情况,联发天境雅居6栋,座号,--,合同号,--,拟售价格,63165.75元/平方米(按建筑面积计)楼层,17,房号,1703,用途,住宅,,建筑面积平方米,户内面积,平方米,分摊面积,平方米,户内面积,平方米,分摊面积平方米,建筑面积,平方米
项目楼栋情况,联发天境雅居6栋,座号,--,合同号,--,拟售价格,62965.75元/平方米(按建筑面积计)楼层,17,房号,1704,用途,住宅,,建筑面积平方米,户内面积,平方米,分摊面积,平方米,户内面积,平方米,分摊面积平方米,建筑面积,平方米
项目楼栋情况,联发天境雅居6栋,座号,--,合同号,--,拟售价格,63565.75元/平方米(按建筑面积计)楼层,17,房号,1705,用途,住宅,,建筑面积111.46平方米,户内面积,89.9平方米,分摊面积,21.56平方米,户内面积,--平方米,分摊面积--平方米,建筑面积,--平方米
项目楼栋情况,联发天境雅居6栋,座号,--,合同号,--,拟售价格,61365.75元/平方米(按建筑面积计)楼层,17,房号,1706,用途,住宅,,建筑面积111.46平方米,户内面积,89.9平方米,分摊面积,21.56平方米,户内面积,--平方米,分摊面积--平方米,建筑面积,--平方米
项目楼栋情况,联发天境雅居6栋,座号,--,合同号,--,拟售价格,61015.75元/平方米(按建筑面积计)楼层,16,房号,1601,用途,住宅,,建筑面积平方米,户内面积,平方米,分摊面积,平方米,户内面积,平方米,分摊面积平方米,建筑面积,平方米
项目楼栋情况,联发天境雅居6栋,座号,--,合同号,--,拟售价格,60615.75元/平方米(按建筑面积计)楼层,16,房号,1602,用途,住宅,,建筑面积平方米,户内面积,平方米,分摊面积,平方米,户内面积,平方米,分摊面积平方米,建筑面积,平方米
项目楼栋情况,联发天境雅居6栋,座号,--,合同号,--,拟售价格,63015.75元/平方米(按建筑面积计)楼层,16,房号,1603,用途,住宅,,建筑面积平方米,户内面积,平方米,分摊面积,平方米,户内面积,平方米,分摊面积平方米,建筑面积,平方米
项目楼栋情况,联发天境雅居6栋,座号,--,合同号,--,拟售价格,62815.75元/平方米(按建筑面积计)楼层,16,房号,1604,用途,住宅,,建筑面积平方米,户内面积,平方米,分摊面积,平方米,户内面积,平方米,分摊面积平方米,建筑面积,平方米
项目楼栋情况,联发天境雅居6栋,座号,--,合同号,--,拟售价格,63415.75元/平方米(按建筑面积计)楼层,16,房号,1605,用途,住宅,,建筑面积111.46平方米,户内面积,89.9平方米,分摊面积,21.56平方米,户内面积,--平方米,分摊面积--平方米,建筑面积,--平方米
项目楼栋情况,联发天境雅居6栋,座号,--,合同号,--,拟售价格,61215.75元/平方米(按建筑面积计)楼层,16,房号,1606,用途,住宅,,建筑面积111.46平方米,户内面积,89.9平方米,分摊面积,21.56平方米,户内面积,--平方米,分摊面积--平方米,建筑面积,--平方米
项目楼栋情况,联发天境雅居6栋,座号,--,合同号,--,拟售价格,60865.75元/平方米(按建筑面积计)楼层,15,房号,1501,用途,住宅,,建筑面积平方米,户内面积,平方米,分摊面积,平方米,户内面积,平方米,分摊面积平方米,建筑面积,平方米
项目楼栋情况,联发天境雅居6栋,座号,--,合同号,--,拟售价格,60465.75元/平方米(按建筑面积计)楼层,15,房号,1502,用途,住宅,,建筑面积平方米,户内面积,平方米,分摊面积,平方米,户内面积,平方米,分摊面积平方米,建筑面积,平方米
项目楼栋情况,联发天境雅居6栋,座号,--,合同号,--,拟售价格,62865.75元/平方米(按建筑面积计)楼层,15,房号,1503,用途,住宅,,建筑面积平方米,户内面积,平方米,分摊面积,平方米,户内面积,平方米,分摊面积平方米,建筑面积,平方米
项目楼栋情况,联发天境雅居6栋,座号,--,合同号,--,拟售价格,62665.75元/平方米(按建筑面积计)楼层,15,房号,1504,用途,住宅,,建筑面积平方米,户内面积,平方米,分摊面积,平方米,户内面积,平方米,分摊面积平方米,建筑面积,平方米
项目楼栋情况,联发天境雅居6栋,座号,--,合同号,--,拟售价格,63265.75元/平方米(按建筑面积计)楼层,15,房号,1505,用途,住宅,,建筑面积111.46平方米,户内面积,89.9平方米,分摊面积,21.56平方米,户内面积,--平方米,分摊面积--平方米,建筑面积,--平方米
项目楼栋情况,联发天境雅居6栋,座号,--,合同号,--,拟售价格,61065.75元/平方米(按建筑面积计)楼层,15,房号,1506,用途,住宅,,建筑面积111.46平方米,户内面积,89.9平方米,分摊面积,21.56平方米,户内面积,--平方米,分摊面积--平方米,建筑面积,--平方米
项目楼栋情况,联发天境雅居6栋,座号,--,合同号,--,拟售价格,60415.75元/平方米(按建筑面积计)楼层,14,房号,1401,用途,住宅,,建筑面积平方米,户内面积,平方米,分摊面积,平方米,户内面积,平方米,分摊面积平方米,建筑面积,平方米
项目楼栋情况,联发天境雅居6栋,座号,--,合同号,--,拟售价格,60015.75元/平方米(按建筑面积计)楼层,14,房号,1402,用途,住宅,,建筑面积平方米,户内面积,平方米,分摊面积,平方米,户内面积,平方米,分摊面积平方米,建筑面积,平方米
项目楼栋情况,联发天境雅居6栋,座号,--,合同号,--,拟售价格,62415.75元/平方米(按建筑面积计)楼层,14,房号,1403,用途,住宅,,建筑面积平方米,户内面积,平方米,分摊面积,平方米,户内面积,平方米,分摊面积平方米,建筑面积,平方米
项目楼栋情况,联发天境雅居6栋,座号,--,合同号,--,拟售价格,62215.75元/平方米(按建筑面积计)楼层,14,房号,1404,用途,住宅,,建筑面积平方米,户内面积,平方米,分摊面积,平方米,户内面积,平方米,分摊面积平方米,建筑面积,平方米
项目楼栋情况,联发天境雅居6栋,座号,--,合同号,--,拟售价格,62815.75元/平方米(按建筑面积计)楼层,14,房号,1405,用途,住宅,,建筑面积111.46平方米,户内面积,89.9平方米,分摊面积,21.56平方米,户内面积,--平方米,分摊面积--平方米,建筑面积,--平方米
项目楼栋情况,联发天境雅居6栋,座号,--,合同号,--,拟售价格,60615.75元/平方米(按建筑面积计)楼层,14,房号,1406,用途,住宅,,建筑面积111.46平方米,户内面积,89.9平方米,分摊面积,21.56平方米,户内面积,--平方米,分摊面积--平方米,建筑面积,--平方米
项目楼栋情况,联发天境雅居6栋,座号,--,合同号,--,拟售价格,60565.75元/平方米(按建筑面积计)楼层,13,房号,1301,用途,住宅,,建筑面积平方米,户内面积,平方米,分摊面积,平方米,户内面积,平方米,分摊面积平方米,建筑面积,平方米
项目楼栋情况,联发天境雅居6栋,座号,--,合同号,--,拟售价格,60165.75元/平方米(按建筑面积计)楼层,13,房号,1302,用途,住宅,,建筑面积平方米,户内面积,平方米,分摊面积,平方米,户内面积,平方米,分摊面积平方米,建筑面积,平方米
项目楼栋情况,联发天境雅居6栋,座号,--,合同号,--,拟售价格,62565.75元/平方米(按建筑面积计)楼层,13,房号,1303,用途,住宅,,建筑面积平方米,户内面积,平方米,分摊面积,平方米,户内面积,平方米,分摊面积平方米,建筑面积,平方米
项目楼栋情况,联发天境雅居6栋,座号,--,合同号,--,拟售价格,62365.75元/平方米(按建筑面积计)楼层,13,房号,1304,用途,住宅,,建筑面积平方米,户内面积,平方米,分摊面积,平方米,户内面积,平方米,分摊面积平方米,建筑面积,平方米
项目楼栋情况,联发天境雅居6栋,座号,--,合同号,--,拟售价格,62965.75元/平方米(按建筑面积计)楼层,13,房号,1305,用途,住宅,,建筑面积111.46平方米,户内面积,89.9平方米,分摊面积,21.56平方米,户内面积,--平方米,分摊面积--平方米,建筑面积,--平方米
项目楼栋情况,联发天境雅居6栋,座号,--,合同号,--,拟售价格,60765.75元/平方米(按建筑面积计)楼层,13,房号,1306,用途,住宅,,建筑面积111.46平方米,户内面积,89.9平方米,分摊面积,21.56平方米,户内面积,--平方米,分摊面积--平方米,建筑面积,--平方米
项目楼栋情况,联发天境雅居6栋,座号,--,合同号,--,拟售价格,60415.75元/平方米(按建筑面积计)楼层,12,房号,1201,用途,住宅,,建筑面积平方米,户内面积,平方米,分摊面积,平方米,户内面积,平方米,分摊面积平方米,建筑面积,平方米
项目楼栋情况,联发天境雅居6栋,座号,--,合同号,--,拟售价格,60015.75元/平方米(按建筑面积计)楼层,12,房号,1202,用途,住宅,,建筑面积平方米,户内面积,平方米,分摊面积,平方米,户内面积,平方米,分摊面积平方米,建筑面积,平方米
项目楼栋情况,联发天境雅居6栋,座号,--,合同号,--,拟售价格,62415.75元/平方米(按建筑面积计)楼层,12,房号,1203,用途,住宅,,建筑面积平方米,户内面积,平方米,分摊面积,平方米,户内面积,平方米,分摊面积平方米,建筑面积,平方米
项目楼栋情况,联发天境雅居6栋,座号,--,合同号,--,拟售价格,62215.75元/平方米(按建筑面积计)楼层,12,房号,1204,用途,住宅,,建筑面积平方米,户内面积,平方米,分摊面积,平方米,户内面积,平方米,分摊面积平方米,建筑面积,平方米
项目楼栋情况,联发天境雅居6栋,座号,--,合同号,--,拟售价格,62815.75元/平方米(按建筑面积计)楼层,12,房号,1205,用途,住宅,,建筑面积111.46平方米,户内面积,89.9平方米,分摊面积,21.56平方米,户内面积,--平方米,分摊面积--平方米,建筑面积,--平方米
项目楼栋情况,联发天境雅居6栋,座号,--,合同号,--,拟售价格,60615.75元/平方米(按建筑面积计)楼层,12,房号,1206,用途,住宅,,建筑面积111.46平方米,户内面积,89.9平方米,分摊面积,21.56平方米,户内面积,--平方米,分摊面积--平方米,建筑面积,--平方米
项目楼栋情况,联发天境雅居6栋,座号,--,合同号,--,拟售价格,60265.75元/平方米(按建筑面积计)楼层,11,房号,1101,用途,住宅,,建筑面积平方米,户内面积,平方米,分摊面积,平方米,户内面积,平方米,分摊面积平方米,建筑面积,平方米
项目楼栋情况,联发天境雅居6栋,座号,--,合同号,--,拟售价格,59865.75元/平方米(按建筑面积计)楼层,11,房号,1102,用途,住宅,,建筑面积平方米,户内面积,平方米,分摊面积,平方米,户内面积,平方米,分摊面积平方米,建筑面积,平方米
项目楼栋情况,联发天境雅居6栋,座号,--,合同号,--,拟售价格,62265.75元/平方米(按建筑面积计)楼层,11,房号,1103,用途,住宅,,建筑面积平方米,户内面积,平方米,分摊面积,平方米,户内面积,平方米,分摊面积平方米,建筑面积,平方米
项目楼栋情况,联发天境雅居6栋,座号,--,合同号,--,拟售价格,62065.75元/平方米(按建筑面积计)楼层,11,房号,1104,用途,住宅,,建筑面积平方米,户内面积,平方米,分摊面积,平方米,户内面积,平方米,分摊面积平方米,建筑面积,平方米
项目楼栋情况,联发天境雅居6栋,座号,--,合同号,--,拟售价格,62665.75元/平方米(按建筑面积计)楼层,11,房号,1105,用途,住宅,,建筑面积111.46平方米,户内面积,89.9平方米,分摊面积,21.56平方米,户内面积,--平方米,分摊面积--平方米,建筑面积,--平方米
项目楼栋情况,联发天境雅居6栋,座号,--,合同号,--,拟售价格,60465.75元/平方米(按建筑面积计)楼层,11,房号,1106,用途,住宅,,建筑面积111.46平方米,户内面积,89.9平方米,分摊面积,21.56平方米,户内面积,--平方米,分摊面积--平方米,建筑面积,--平方米
项目楼栋情况,联发天境雅居6栋,座号,--,合同号,--,拟售价格,60115.75元/平方米(按建筑面积计)楼层,10,房号,1001,用途,住宅,,建筑面积平方米,户内面积,平方米,分摊面积,平方米,户内面积,平方米,分摊面积平方米,建筑面积,平方米
项目楼栋情况,联发天境雅居6栋,座号,--,合同号,--,拟售价格,59715.75元/平方米(按建筑面积计)楼层,10,房号,1002,用途,住宅,,建筑面积平方米,户内面积,平方米,分摊面积,平方米,户内面积,平方米,分摊面积平方米,建筑面积,平方米
项目楼栋情况,联发天境雅居6栋,座号,--,合同号,--,拟售价格,62115.75元/平方米(按建筑面积计)楼层,10,房号,1003,用途,住宅,,建筑面积平方米,户内面积,平方米,分摊面积,平方米,户内面积,平方米,分摊面积平方米,建筑面积,平方米
项目楼栋情况,联发天境雅居6栋,座号,--,合同号,--,拟售价格,61915.75元/平方米(按建筑面积计)楼层,10,房号,1004,用途,住宅,,建筑面积平方米,户内面积,平方米,分摊面积,平方米,户内面积,平方米,分摊面积平方米,建筑面积,平方米
项目楼栋情况,联发天境雅居6栋,座号,--,合同号,--,拟售价格,62515.75元/平方米(按建筑面积计)楼层,10,房号,1005,用途,住宅,,建筑面积111.46平方米,户内面积,89.9平方米,分摊面积,21.56平方米,户内面积,--平方米,分摊面积--平方米,建筑面积,--平方米
项目楼栋情况,联发天境雅居6栋,座号,--,合同号,--,拟售价格,60315.75元/平方米(按建筑面积计)楼层,10,房号,1006,用途,住宅,,建筑面积111.46平方米,户内面积,89.9平方米,分摊面积,21.56平方米,户内面积,--平方米,分摊面积--平方米,建筑面积,--平方米
项目楼栋情况,联发天境雅居6栋,座号,--,合同号,--,拟售价格,59965.75元/平方米(按建筑面积计)楼层,9,房号,901,用途,住宅,,建筑面积平方米,户内面积,平方米,分摊面积,平方米,户内面积,平方米,分摊面积平方米,建筑面积,平方米
项目楼栋情况,联发天境雅居6栋,座号,--,合同号,--,拟售价格,59565.75元/平方米(按建筑面积计)楼层,9,房号,902,用途,住宅,,建筑面积平方米,户内面积,平方米,分摊面积,平方米,户内面积,平方米,分摊面积平方米,建筑面积,平方米
项目楼栋情况,联发天境雅居6栋,座号,--,合同号,--,拟售价格,61965.75元/平方米(按建筑面积计)楼层,9,房号,903,用途,住宅,,建筑面积平方米,户内面积,平方米,分摊面积,平方米,户内面积,平方米,分摊面积平方米,建筑面积,平方米
项目楼栋情况,联发天境雅居6栋,座号,--,合同号,--,拟售价格,61765.75元/平方米(按建筑面积计)楼层,9,房号,904,用途,住宅,,建筑面积平方米,户内面积,平方米,分摊面积,平方米,户内面积,平方米,分摊面积平方米,建筑面积,平方米
项目楼栋情况,联发天境雅居6栋,座号,--,合同号,--,拟售价格,62365.75元/平方米(按建筑面积计)楼层,9,房号,905,用途,住宅,,建筑面积111.46平方米,户内面积,89.9平方米,分摊面积,21.56平方米,户内面积,--平方米,分摊面积--平方米,建筑面积,--平方米
项目楼栋情况,联发天境雅居6栋,座号,--,合同号,--,拟售价格,60165.75元/平方米(按建筑面积计)楼层,9,房号,906,用途,住宅,,建筑面积111.46平方米,户内面积,89.9平方米,分摊面积,21.56平方米,户内面积,--平方米,分摊面积--平方米,建筑面积,--平方米
项目楼栋情况,联发天境雅居6栋,座号,--,合同号,--,拟售价格,59815.75元/平方米(按建筑面积计)楼层,8,房号,801,用途,住宅,,建筑面积平方米,户内面积,平方米,分摊面积,平方米,户内面积,平方米,分摊面积平方米,建筑面积,平方米
项目楼栋情况,联发天境雅居6栋,座号,--,合同号,--,拟售价格,59415.75元/平方米(按建筑面积计)楼层,8,房号,802,用途,住宅,,建筑面积平方米,户内面积,平方米,分摊面积,平方米,户内面积,平方米,分摊面积平方米,建筑面积,平方米
项目楼栋情况,联发天境雅居6栋,座号,--,合同号,--,拟售价格,61815.75元/平方米(按建筑面积计)楼层,8,房号,803,用途,住宅,,建筑面积平方米,户内面积,平方米,分摊面积,平方米,户内面积,平方米,分摊面积平方米,建筑面积,平方米
项目楼栋情况,联发天境雅居6栋,座号,--,合同号,--,拟售价格,61615.75元/平方米(按建筑面积计)楼层,8,房号,804,用途,住宅,,建筑面积平方米,户内面积,平方米,分摊面积,平方米,户内面积,平方米,分摊面积平方米,建筑面积,平方米
项目楼栋情况,联发天境雅居6栋,座号,--,合同号,--,拟售价格,62215.75元/平方米(按建筑面积计)楼层,8,房号,805,用途,住宅,,建筑面积111.46平方米,户内面积,89.9平方米,分摊面积,21.56平方米,户内面积,--平方米,分摊面积--平方米,建筑面积,--平方米
项目楼栋情况,联发天境雅居6栋,座号,--,合同号,--,拟售价格,60015.75元/平方米(按建筑面积计)楼层,8,房号,806,用途,住宅,,建筑面积111.46平方米,户内面积,89.9平方米,分摊面积,21.56平方米,户内面积,--平方米,分摊面积--平方米,建筑面积,--平方米
项目楼栋情况,联发天境雅居6栋,座号,--,合同号,--,拟售价格,59665.75元/平方米(按建筑面积计)楼层,7,房号,701,用途,住宅,,建筑面积平方米,户内面积,平方米,分摊面积,平方米,户内面积,平方米,分摊面积平方米,建筑面积,平方米
项目楼栋情况,联发天境雅居6栋,座号,--,合同号,--,拟售价格,59265.75元/平方米(按建筑面积计)楼层,7,房号,702,用途,住宅,,建筑面积平方米,户内面积,平方米,分摊面积,平方米,户内面积,平方米,分摊面积平方米,建筑面积,平方米
项目楼栋情况,联发天境雅居6栋,座号,--,合同号,--,拟售价格,61665.75元/平方米(按建筑面积计)楼层,7,房号,703,用途,住宅,,建筑面积平方米,户内面积,平方米,分摊面积,平方米,户内面积,平方米,分摊面积平方米,建筑面积,平方米
项目楼栋情况,联发天境雅居6栋,座号,--,合同号,--,拟售价格,61465.75元/平方米(按建筑面积计)楼层,7,房号,704,用途,住宅,,建筑面积平方米,户内面积,平方米,分摊面积,平方米,户内面积,平方米,分摊面积平方米,建筑面积,平方米
项目楼栋情况,联发天境雅居6栋,座号,--,合同号,--,拟售价格,62065.75元/平方米(按建筑面积计)楼层,7,房号,705,用途,住宅,,建筑面积111.46平方米,户内面积,89.9平方米,分摊面积,21.56平方米,户内面积,--平方米,分摊面积--平方米,建筑面积,--平方米
项目楼栋情况,联发天境雅居6栋,座号,--,合同号,--,拟售价格,59865.75元/平方米(按建筑面积计)楼层,7,房号,706,用途,住宅,,建筑面积111.46平方米,户内面积,89.9平方米,分摊面积,21.56平方米,户内面积,--平方米,分摊面积--平方米,建筑面积,--平方米
项目楼栋情况,联发天境雅居6栋,座号,--,合同号,--,拟售价格,59465.75元/平方米(按建筑面积计)楼层,6,房号,601,用途,住宅,,建筑面积平方米,户内面积,平方米,分摊面积,平方米,户内面积,平方米,分摊面积平方米,建筑面积,平方米
项目楼栋情况,联发天境雅居6栋,座号,--,合同号,--,拟售价格,59065.75元/平方米(按建筑面积计)楼层,6,房号,602,用途,住宅,,建筑面积平方米,户内面积,平方米,分摊面积,平方米,户内面积,平方米,分摊面积平方米,建筑面积,平方米
项目楼栋情况,联发天境雅居6栋,座号,--,合同号,--,拟售价格,61465.75元/平方米(按建筑面积计)楼层,6,房号,603,用途,住宅,,建筑面积平方米,户内面积,平方米,分摊面积,平方米,户内面积,平方米,分摊面积平方米,建筑面积,平方米
项目楼栋情况,联发天境雅居6栋,座号,--,合同号,--,拟售价格,61265.75元/平方米(按建筑面积计)楼层,6,房号,604,用途,住宅,,建筑面积平方米,户内面积,平方米,分摊面积,平方米,户内面积,平方米,分摊面积平方米,建筑面积,平方米
项目楼栋情况,联发天境雅居6栋,座号,--,合同号,--,拟售价格,61865.75元/平方米(按建筑面积计)楼层,6,房号,605,用途,住宅,,建筑面积111.46平方米,户内面积,89.9平方米,分摊面积,21.56平方米,户内面积,--平方米,分摊面积--平方米,建筑面积,--平方米
项目楼栋情况,联发天境雅居6栋,座号,--,合同号,--,拟售价格,59665.75元/平方米(按建筑面积计)楼层,6,房号,606,用途,住宅,,建筑面积111.46平方米,户内面积,89.9平方米,分摊面积,21.56平方米,户内面积,--平方米,分摊面积--平方米,建筑面积,--平方米
项目楼栋情况,联发天境雅居6栋,座号,--,合同号,--,拟售价格,59265.75元/平方米(按建筑面积计)楼层,5,房号,501,用途,住宅,,建筑面积平方米,户内面积,平方米,分摊面积,平方米,户内面积,平方米,分摊面积平方米,建筑面积,平方米
项目楼栋情况,联发天境雅居6栋,座号,--,合同号,--,拟售价格,58865.75元/平方米(按建筑面积计)楼层,5,房号,502,用途,住宅,,建筑面积平方米,户内面积,平方米,分摊面积,平方米,户内面积,平方米,分摊面积平方米,建筑面积,平方米
项目楼栋情况,联发天境雅居6栋,座号,--,合同号,--,拟售价格,61265.75元/平方米(按建筑面积计)楼层,5,房号,503,用途,住宅,,建筑面积平方米,户内面积,平方米,分摊面积,平方米,户内面积,平方米,分摊面积平方米,建筑面积,平方米
项目楼栋情况,联发天境雅居6栋,座号,--,合同号,--,拟售价格,61065.75元/平方米(按建筑面积计)楼层,5,房号,504,用途,住宅,,建筑面积平方米,户内面积,平方米,分摊面积,平方米,户内面积,平方米,分摊面积平方米,建筑面积,平方米
项目楼栋情况,联发天境雅居6栋,座号,--,合同号,--,拟售价格,61665.75元/平方米(按建筑面积计)楼层,5,房号,505,用途,住宅,,建筑面积111.46平方米,户内面积,89.9平方米,分摊面积,21.56平方米,户内面积,--平方米,分摊面积--平方米,建筑面积,--平方米
项目楼栋情况,联发天境雅居6栋,座号,--,合同号,--,拟售价格,59465.75元/平方米(按建筑面积计)楼层,5,房号,506,用途,住宅,,建筑面积111.46平方米,户内面积,89.9平方米,分摊面积,21.56平方米,户内面积,--平方米,分摊面积--平方米,建筑面积,--平方米
项目楼栋情况,联发天境雅居6栋,座号,--,合同号,--,拟售价格,59065.75元/平方米(按建筑面积计)楼层,4,房号,401,用途,住宅,,建筑面积平方米,户内面积,平方米,分摊面积,平方米,户内面积,平方米,分摊面积平方米,建筑面积,平方米
项目楼栋情况,联发天境雅居6栋,座号,--,合同号,--,拟售价格,58665.75元/平方米(按建筑面积计)楼层,4,房号,402,用途,住宅,,建筑面积平方米,户内面积,平方米,分摊面积,平方米,户内面积,平方米,分摊面积平方米,建筑面积,平方米
项目楼栋情况,联发天境雅居6栋,座号,--,合同号,--,拟售价格,61065.75元/平方米(按建筑面积计)楼层,4,房号,403,用途,住宅,,建筑面积平方米,户内面积,平方米,分摊面积,平方米,户内面积,平方米,分摊面积平方米,建筑面积,平方米
项目楼栋情况,联发天境雅居6栋,座号,--,合同号,--,拟售价格,60865.75元/平方米(按建筑面积计)楼层,4,房号,404,用途,住宅,,建筑面积平方米,户内面积,平方米,分摊面积,平方米,户内面积,平方米,分摊面积平方米,建筑面积,平方米
项目楼栋情况,联发天境雅居6栋,座号,--,合同号,--,拟售价格,61465.75元/平方米(按建筑面积计)楼层,4,房号,405,用途,住宅,,建筑面积111.46平方米,户内面积,89.9平方米,分摊面积,21.56平方米,户内面积,--平方米,分摊面积--平方米,建筑面积,--平方米
项目楼栋情况,联发天境雅居6栋,座号,--,合同号,--,拟售价格,59265.75元/平方米(按建筑面积计)楼层,4,房号,406,用途,住宅,,建筑面积111.46平方米,户内面积,89.9平方米,分摊面积,21.56平方米,户内面积,--平方米,分摊面积--平方米,建筑面积,--平方米
项目楼栋情况,联发天境雅居6栋,座号,--,合同号,--,拟售价格,58865.75元/平方米(按建筑面积计)楼层,3,房号,301,用途,住宅,,建筑面积平方米,户内面积,平方米,分摊面积,平方米,户内面积,平方米,分摊面积平方米,建筑面积,平方米
项目楼栋情况,联发天境雅居6栋,座号,--,合同号,--,拟售价格,58465.75元/平方米(按建筑面积计)楼层,3,房号,302,用途,住宅,,建筑面积平方米,户内面积,平方米,分摊面积,平方米,户内面积,平方米,分摊面积平方米,建筑面积,平方米
项目楼栋情况,联发天境雅居6栋,座号,--,合同号,--,拟售价格,60565.75元/平方米(按建筑面积计)楼层,3,房号,303,用途,住宅,,建筑面积平方米,户内面积,平方米,分摊面积,平方米,户内面积,平方米,分摊面积平方米,建筑面积,平方米
项目楼栋情况,联发天境雅居6栋,座号,--,合同号,--,拟售价格,60365.75元/平方米(按建筑面积计)楼层,3,房号,304,用途,住宅,,建筑面积平方米,户内面积,平方米,分摊面积,平方米,户内面积,平方米,分摊面积平方米,建筑面积,平方米
项目楼栋情况,联发天境雅居6栋,座号,--,合同号,--,拟售价格,61265.75元/平方米(按建筑面积计)楼层,3,房号,305,用途,住宅,,建筑面积111.46平方米,户内面积,89.9平方米,分摊面积,21.56平方米,户内面积,--平方米,分摊面积--平方米,建筑面积,--平方米
项目楼栋情况,联发天境雅居6栋,座号,--,合同号,--,拟售价格,56215.75元/平方米(按建筑面积计)楼层,3,房号,306,用途,住宅,,建筑面积111.46平方米,户内面积,89.9平方米,分摊面积,21.56平方米,户内面积,--平方米,分摊面积--平方米,建筑面积,--平方米
项目楼栋情况,联发天境雅居6栋,座号,--,合同号,--,拟售价格,55865.75元/平方米(按建筑面积计)楼层,2,房号,206,用途,住宅,,建筑面积111.46平方米,户内面积,89.9平方米,分摊面积,21.56平方米,户内面积,--平方米,分摊面积--平方米,建筑面积,--平方米
