项目楼栋情况,珑湾上城花园1栋,座号,B座,合同号,--,拟售价格,52252.25元/平方米(按建筑面积计)楼层,46,房号,4601,用途,住宅,,建筑面积110.69平方米,户内面积,84.24平方米,分摊面积,26.45平方米,户内面积,--平方米,分摊面积--平方米,建筑面积,--平方米
项目楼栋情况,珑湾上城花园1栋,座号,B座,合同号,--,拟售价格,55818.25元/平方米(按建筑面积计)楼层,46,房号,4602,用途,住宅,,建筑面积82.7平方米,户内面积,62.94平方米,分摊面积,19.76平方米,户内面积,--平方米,分摊面积--平方米,建筑面积,--平方米
项目楼栋情况,珑湾上城花园1栋,座号,B座,合同号,--,拟售价格,55718.24元/平方米(按建筑面积计)楼层,46,房号,4603,用途,住宅,,建筑面积91.49平方米,户内面积,69.63平方米,分摊面积,21.86平方米,户内面积,--平方米,分摊面积--平方米,建筑面积,--平方米
项目楼栋情况,珑湾上城花园1栋,座号,B座,合同号,--,拟售价格,53852.25元/平方米(按建筑面积计)楼层,46,房号,4604,用途,住宅,,建筑面积91.49平方米,户内面积,69.63平方米,分摊面积,21.86平方米,户内面积,--平方米,分摊面积--平方米,建筑面积,--平方米
项目楼栋情况,珑湾上城花园1栋,座号,B座,合同号,--,拟售价格,53752.25元/平方米(按建筑面积计)楼层,46,房号,4605,用途,住宅,,建筑面积82.7平方米,户内面积,62.94平方米,分摊面积,19.76平方米,户内面积,--平方米,分摊面积--平方米,建筑面积,--平方米
项目楼栋情况,珑湾上城花园1栋,座号,B座,合同号,--,拟售价格,53652.25元/平方米(按建筑面积计)楼层,46,房号,4606,用途,住宅,,建筑面积110.69平方米,户内面积,84.24平方米,分摊面积,26.45平方米,户内面积,--平方米,分摊面积--平方米,建筑面积,--平方米
项目楼栋情况,珑湾上城花园1栋,座号,B座,合同号,--,拟售价格,52402.25元/平方米(按建筑面积计)楼层,45,房号,4501,用途,住宅,,建筑面积110.69平方米,户内面积,84.24平方米,分摊面积,26.45平方米,户内面积,--平方米,分摊面积--平方米,建筑面积,--平方米
项目楼栋情况,珑湾上城花园1栋,座号,B座,合同号,--,拟售价格,55968.25元/平方米(按建筑面积计)楼层,45,房号,4502,用途,住宅,,建筑面积82.7平方米,户内面积,62.94平方米,分摊面积,19.76平方米,户内面积,--平方米,分摊面积--平方米,建筑面积,--平方米
项目楼栋情况,珑湾上城花园1栋,座号,B座,合同号,--,拟售价格,55868.25元/平方米(按建筑面积计)楼层,45,房号,4503,用途,住宅,,建筑面积91.49平方米,户内面积,69.63平方米,分摊面积,21.86平方米,户内面积,--平方米,分摊面积--平方米,建筑面积,--平方米
项目楼栋情况,珑湾上城花园1栋,座号,B座,合同号,--,拟售价格,54002.24元/平方米(按建筑面积计)楼层,45,房号,4504,用途,住宅,,建筑面积91.49平方米,户内面积,69.63平方米,分摊面积,21.86平方米,户内面积,--平方米,分摊面积--平方米,建筑面积,--平方米
项目楼栋情况,珑湾上城花园1栋,座号,B座,合同号,--,拟售价格,53902.25元/平方米(按建筑面积计)楼层,45,房号,4505,用途,住宅,,建筑面积82.7平方米,户内面积,62.94平方米,分摊面积,19.76平方米,户内面积,--平方米,分摊面积--平方米,建筑面积,--平方米
项目楼栋情况,珑湾上城花园1栋,座号,B座,合同号,--,拟售价格,53802.24元/平方米(按建筑面积计)楼层,45,房号,4506,用途,住宅,,建筑面积110.69平方米,户内面积,84.24平方米,分摊面积,26.45平方米,户内面积,--平方米,分摊面积--平方米,建筑面积,--平方米
项目楼栋情况,珑湾上城花园1栋,座号,B座,合同号,--,拟售价格,52352.25元/平方米(按建筑面积计)楼层,44,房号,4401,用途,住宅,,建筑面积110.69平方米,户内面积,84.24平方米,分摊面积,26.45平方米,户内面积,--平方米,分摊面积--平方米,建筑面积,--平方米
项目楼栋情况,珑湾上城花园1栋,座号,B座,合同号,--,拟售价格,55918.26元/平方米(按建筑面积计)楼层,44,房号,4402,用途,住宅,,建筑面积82.7平方米,户内面积,62.94平方米,分摊面积,19.76平方米,户内面积,--平方米,分摊面积--平方米,建筑面积,--平方米
项目楼栋情况,珑湾上城花园1栋,座号,B座,合同号,--,拟售价格,55818.25元/平方米(按建筑面积计)楼层,44,房号,4403,用途,住宅,,建筑面积91.49平方米,户内面积,69.63平方米,分摊面积,21.86平方米,户内面积,--平方米,分摊面积--平方米,建筑面积,--平方米
项目楼栋情况,珑湾上城花园1栋,座号,B座,合同号,--,拟售价格,53952.26元/平方米(按建筑面积计)楼层,44,房号,4404,用途,住宅,,建筑面积91.49平方米,户内面积,69.63平方米,分摊面积,21.86平方米,户内面积,--平方米,分摊面积--平方米,建筑面积,--平方米
项目楼栋情况,珑湾上城花园1栋,座号,B座,合同号,--,拟售价格,53852.26元/平方米(按建筑面积计)楼层,44,房号,4405,用途,住宅,,建筑面积82.7平方米,户内面积,62.94平方米,分摊面积,19.76平方米,户内面积,--平方米,分摊面积--平方米,建筑面积,--平方米
项目楼栋情况,珑湾上城花园1栋,座号,B座,合同号,--,拟售价格,53752.25元/平方米(按建筑面积计)楼层,44,房号,4406,用途,住宅,,建筑面积110.69平方米,户内面积,84.24平方米,分摊面积,26.45平方米,户内面积,--平方米,分摊面积--平方米,建筑面积,--平方米
项目楼栋情况,珑湾上城花园1栋,座号,B座,合同号,--,拟售价格,52302.25元/平方米(按建筑面积计)楼层,43,房号,4301,用途,住宅,,建筑面积110.69平方米,户内面积,84.24平方米,分摊面积,26.45平方米,户内面积,--平方米,分摊面积--平方米,建筑面积,--平方米
项目楼栋情况,珑湾上城花园1栋,座号,B座,合同号,--,拟售价格,55868.26元/平方米(按建筑面积计)楼层,43,房号,4302,用途,住宅,,建筑面积82.7平方米,户内面积,62.94平方米,分摊面积,19.76平方米,户内面积,--平方米,分摊面积--平方米,建筑面积,--平方米
项目楼栋情况,珑湾上城花园1栋,座号,B座,合同号,--,拟售价格,55768.26元/平方米(按建筑面积计)楼层,43,房号,4303,用途,住宅,,建筑面积91.49平方米,户内面积,69.63平方米,分摊面积,21.86平方米,户内面积,--平方米,分摊面积--平方米,建筑面积,--平方米
项目楼栋情况,珑湾上城花园1栋,座号,B座,合同号,--,拟售价格,53902.25元/平方米(按建筑面积计)楼层,43,房号,4304,用途,住宅,,建筑面积91.49平方米,户内面积,69.63平方米,分摊面积,21.86平方米,户内面积,--平方米,分摊面积--平方米,建筑面积,--平方米
项目楼栋情况,珑湾上城花园1栋,座号,B座,合同号,--,拟售价格,53802.26元/平方米(按建筑面积计)楼层,43,房号,4305,用途,住宅,,建筑面积82.7平方米,户内面积,62.94平方米,分摊面积,19.76平方米,户内面积,--平方米,分摊面积--平方米,建筑面积,--平方米
项目楼栋情况,珑湾上城花园1栋,座号,B座,合同号,--,拟售价格,53702.25元/平方米(按建筑面积计)楼层,43,房号,4306,用途,住宅,,建筑面积110.69平方米,户内面积,84.24平方米,分摊面积,26.45平方米,户内面积,--平方米,分摊面积--平方米,建筑面积,--平方米
项目楼栋情况,珑湾上城花园1栋,座号,B座,合同号,--,拟售价格,52252.25元/平方米(按建筑面积计)楼层,42,房号,4201,用途,住宅,,建筑面积110.69平方米,户内面积,84.24平方米,分摊面积,26.45平方米,户内面积,--平方米,分摊面积--平方米,建筑面积,--平方米
项目楼栋情况,珑湾上城花园1栋,座号,B座,合同号,--,拟售价格,55818.26元/平方米(按建筑面积计)楼层,42,房号,4202,用途,住宅,,建筑面积82.7平方米,户内面积,62.94平方米,分摊面积,19.76平方米,户内面积,--平方米,分摊面积--平方米,建筑面积,--平方米
项目楼栋情况,珑湾上城花园1栋,座号,B座,合同号,--,拟售价格,55718.25元/平方米(按建筑面积计)楼层,42,房号,4203,用途,住宅,,建筑面积91.49平方米,户内面积,69.63平方米,分摊面积,21.86平方米,户内面积,--平方米,分摊面积--平方米,建筑面积,--平方米
项目楼栋情况,珑湾上城花园1栋,座号,B座,合同号,--,拟售价格,53852.26元/平方米(按建筑面积计)楼层,42,房号,4204,用途,住宅,,建筑面积91.49平方米,户内面积,69.63平方米,分摊面积,21.86平方米,户内面积,--平方米,分摊面积--平方米,建筑面积,--平方米
项目楼栋情况,珑湾上城花园1栋,座号,B座,合同号,--,拟售价格,53752.26元/平方米(按建筑面积计)楼层,42,房号,4205,用途,住宅,,建筑面积82.7平方米,户内面积,62.94平方米,分摊面积,19.76平方米,户内面积,--平方米,分摊面积--平方米,建筑面积,--平方米
项目楼栋情况,珑湾上城花园1栋,座号,B座,合同号,--,拟售价格,53652.25元/平方米(按建筑面积计)楼层,42,房号,4206,用途,住宅,,建筑面积110.69平方米,户内面积,84.24平方米,分摊面积,26.45平方米,户内面积,--平方米,分摊面积--平方米,建筑面积,--平方米
项目楼栋情况,珑湾上城花园1栋,座号,B座,合同号,--,拟售价格,52202.25元/平方米(按建筑面积计)楼层,41,房号,4101,用途,住宅,,建筑面积110.69平方米,户内面积,84.24平方米,分摊面积,26.45平方米,户内面积,--平方米,分摊面积--平方米,建筑面积,--平方米
项目楼栋情况,珑湾上城花园1栋,座号,B座,合同号,--,拟售价格,55768.26元/平方米(按建筑面积计)楼层,41,房号,4102,用途,住宅,,建筑面积82.7平方米,户内面积,62.94平方米,分摊面积,19.76平方米,户内面积,--平方米,分摊面积--平方米,建筑面积,--平方米
项目楼栋情况,珑湾上城花园1栋,座号,B座,合同号,--,拟售价格,55668.26元/平方米(按建筑面积计)楼层,41,房号,4103,用途,住宅,,建筑面积91.49平方米,户内面积,69.63平方米,分摊面积,21.86平方米,户内面积,--平方米,分摊面积--平方米,建筑面积,--平方米
项目楼栋情况,珑湾上城花园1栋,座号,B座,合同号,--,拟售价格,53802.25元/平方米(按建筑面积计)楼层,41,房号,4104,用途,住宅,,建筑面积91.49平方米,户内面积,69.63平方米,分摊面积,21.86平方米,户内面积,--平方米,分摊面积--平方米,建筑面积,--平方米
项目楼栋情况,珑湾上城花园1栋,座号,B座,合同号,--,拟售价格,53702.26元/平方米(按建筑面积计)楼层,41,房号,4105,用途,住宅,,建筑面积82.7平方米,户内面积,62.94平方米,分摊面积,19.76平方米,户内面积,--平方米,分摊面积--平方米,建筑面积,--平方米
项目楼栋情况,珑湾上城花园1栋,座号,B座,合同号,--,拟售价格,53602.25元/平方米(按建筑面积计)楼层,41,房号,4106,用途,住宅,,建筑面积110.69平方米,户内面积,84.24平方米,分摊面积,26.45平方米,户内面积,--平方米,分摊面积--平方米,建筑面积,--平方米
项目楼栋情况,珑湾上城花园1栋,座号,B座,合同号,--,拟售价格,52152.25元/平方米(按建筑面积计)楼层,40,房号,4001,用途,住宅,,建筑面积110.69平方米,户内面积,84.24平方米,分摊面积,26.45平方米,户内面积,--平方米,分摊面积--平方米,建筑面积,--平方米
项目楼栋情况,珑湾上城花园1栋,座号,B座,合同号,--,拟售价格,55718.26元/平方米(按建筑面积计)楼层,40,房号,4002,用途,住宅,,建筑面积82.7平方米,户内面积,62.94平方米,分摊面积,19.76平方米,户内面积,--平方米,分摊面积--平方米,建筑面积,--平方米
项目楼栋情况,珑湾上城花园1栋,座号,B座,合同号,--,拟售价格,55618.25元/平方米(按建筑面积计)楼层,40,房号,4003,用途,住宅,,建筑面积91.49平方米,户内面积,69.63平方米,分摊面积,21.86平方米,户内面积,--平方米,分摊面积--平方米,建筑面积,--平方米
项目楼栋情况,珑湾上城花园1栋,座号,B座,合同号,--,拟售价格,53752.26元/平方米(按建筑面积计)楼层,40,房号,4004,用途,住宅,,建筑面积91.49平方米,户内面积,69.63平方米,分摊面积,21.86平方米,户内面积,--平方米,分摊面积--平方米,建筑面积,--平方米
项目楼栋情况,珑湾上城花园1栋,座号,B座,合同号,--,拟售价格,53652.26元/平方米(按建筑面积计)楼层,40,房号,4005,用途,住宅,,建筑面积82.7平方米,户内面积,62.94平方米,分摊面积,19.76平方米,户内面积,--平方米,分摊面积--平方米,建筑面积,--平方米
项目楼栋情况,珑湾上城花园1栋,座号,B座,合同号,--,拟售价格,53552.25元/平方米(按建筑面积计)楼层,40,房号,4006,用途,住宅,,建筑面积110.69平方米,户内面积,84.24平方米,分摊面积,26.45平方米,户内面积,--平方米,分摊面积--平方米,建筑面积,--平方米
项目楼栋情况,珑湾上城花园1栋,座号,B座,合同号,--,拟售价格,52102.25元/平方米(按建筑面积计)楼层,39,房号,3901,用途,住宅,,建筑面积110.69平方米,户内面积,84.24平方米,分摊面积,26.45平方米,户内面积,--平方米,分摊面积--平方米,建筑面积,--平方米
项目楼栋情况,珑湾上城花园1栋,座号,B座,合同号,--,拟售价格,55668.26元/平方米(按建筑面积计)楼层,39,房号,3902,用途,住宅,,建筑面积82.7平方米,户内面积,62.94平方米,分摊面积,19.76平方米,户内面积,--平方米,分摊面积--平方米,建筑面积,--平方米
项目楼栋情况,珑湾上城花园1栋,座号,B座,合同号,--,拟售价格,55568.26元/平方米(按建筑面积计)楼层,39,房号,3903,用途,住宅,,建筑面积91.49平方米,户内面积,69.63平方米,分摊面积,21.86平方米,户内面积,--平方米,分摊面积--平方米,建筑面积,--平方米
项目楼栋情况,珑湾上城花园1栋,座号,B座,合同号,--,拟售价格,53702.25元/平方米(按建筑面积计)楼层,39,房号,3904,用途,住宅,,建筑面积91.49平方米,户内面积,69.63平方米,分摊面积,21.86平方米,户内面积,--平方米,分摊面积--平方米,建筑面积,--平方米
项目楼栋情况,珑湾上城花园1栋,座号,B座,合同号,--,拟售价格,53602.26元/平方米(按建筑面积计)楼层,39,房号,3905,用途,住宅,,建筑面积82.7平方米,户内面积,62.94平方米,分摊面积,19.76平方米,户内面积,--平方米,分摊面积--平方米,建筑面积,--平方米
项目楼栋情况,珑湾上城花园1栋,座号,B座,合同号,--,拟售价格,53502.25元/平方米(按建筑面积计)楼层,39,房号,3906,用途,住宅,,建筑面积110.69平方米,户内面积,84.24平方米,分摊面积,26.45平方米,户内面积,--平方米,分摊面积--平方米,建筑面积,--平方米
项目楼栋情况,珑湾上城花园1栋,座号,B座,合同号,--,拟售价格,52052.25元/平方米(按建筑面积计)楼层,38,房号,3801,用途,住宅,,建筑面积110.69平方米,户内面积,84.24平方米,分摊面积,26.45平方米,户内面积,--平方米,分摊面积--平方米,建筑面积,--平方米
项目楼栋情况,珑湾上城花园1栋,座号,B座,合同号,--,拟售价格,55618.26元/平方米(按建筑面积计)楼层,38,房号,3802,用途,住宅,,建筑面积82.7平方米,户内面积,62.94平方米,分摊面积,19.76平方米,户内面积,--平方米,分摊面积--平方米,建筑面积,--平方米
项目楼栋情况,珑湾上城花园1栋,座号,B座,合同号,--,拟售价格,55518.25元/平方米(按建筑面积计)楼层,38,房号,3803,用途,住宅,,建筑面积91.49平方米,户内面积,69.63平方米,分摊面积,21.86平方米,户内面积,--平方米,分摊面积--平方米,建筑面积,--平方米
项目楼栋情况,珑湾上城花园1栋,座号,B座,合同号,--,拟售价格,53652.26元/平方米(按建筑面积计)楼层,38,房号,3804,用途,住宅,,建筑面积91.49平方米,户内面积,69.63平方米,分摊面积,21.86平方米,户内面积,--平方米,分摊面积--平方米,建筑面积,--平方米
项目楼栋情况,珑湾上城花园1栋,座号,B座,合同号,--,拟售价格,53552.26元/平方米(按建筑面积计)楼层,38,房号,3805,用途,住宅,,建筑面积82.7平方米,户内面积,62.94平方米,分摊面积,19.76平方米,户内面积,--平方米,分摊面积--平方米,建筑面积,--平方米
项目楼栋情况,珑湾上城花园1栋,座号,B座,合同号,--,拟售价格,53452.25元/平方米(按建筑面积计)楼层,38,房号,3806,用途,住宅,,建筑面积110.69平方米,户内面积,84.24平方米,分摊面积,26.45平方米,户内面积,--平方米,分摊面积--平方米,建筑面积,--平方米
项目楼栋情况,珑湾上城花园1栋,座号,B座,合同号,--,拟售价格,52002.25元/平方米(按建筑面积计)楼层,37,房号,3701,用途,住宅,,建筑面积110.69平方米,户内面积,84.24平方米,分摊面积,26.45平方米,户内面积,--平方米,分摊面积--平方米,建筑面积,--平方米
项目楼栋情况,珑湾上城花园1栋,座号,B座,合同号,--,拟售价格,55568.26元/平方米(按建筑面积计)楼层,37,房号,3702,用途,住宅,,建筑面积82.7平方米,户内面积,62.94平方米,分摊面积,19.76平方米,户内面积,--平方米,分摊面积--平方米,建筑面积,--平方米
项目楼栋情况,珑湾上城花园1栋,座号,B座,合同号,--,拟售价格,55468.26元/平方米(按建筑面积计)楼层,37,房号,3703,用途,住宅,,建筑面积91.49平方米,户内面积,69.63平方米,分摊面积,21.86平方米,户内面积,--平方米,分摊面积--平方米,建筑面积,--平方米
项目楼栋情况,珑湾上城花园1栋,座号,B座,合同号,--,拟售价格,53602.25元/平方米(按建筑面积计)楼层,37,房号,3704,用途,住宅,,建筑面积91.49平方米,户内面积,69.63平方米,分摊面积,21.86平方米,户内面积,--平方米,分摊面积--平方米,建筑面积,--平方米
项目楼栋情况,珑湾上城花园1栋,座号,B座,合同号,--,拟售价格,53502.26元/平方米(按建筑面积计)楼层,37,房号,3705,用途,住宅,,建筑面积82.7平方米,户内面积,62.94平方米,分摊面积,19.76平方米,户内面积,--平方米,分摊面积--平方米,建筑面积,--平方米
项目楼栋情况,珑湾上城花园1栋,座号,B座,合同号,--,拟售价格,53402.25元/平方米(按建筑面积计)楼层,37,房号,3706,用途,住宅,,建筑面积110.69平方米,户内面积,84.24平方米,分摊面积,26.45平方米,户内面积,--平方米,分摊面积--平方米,建筑面积,--平方米
项目楼栋情况,珑湾上城花园1栋,座号,B座,合同号,--,拟售价格,51952.25元/平方米(按建筑面积计)楼层,36,房号,3601,用途,住宅,,建筑面积110.69平方米,户内面积,84.24平方米,分摊面积,26.45平方米,户内面积,--平方米,分摊面积--平方米,建筑面积,--平方米
项目楼栋情况,珑湾上城花园1栋,座号,B座,合同号,--,拟售价格,55518.26元/平方米(按建筑面积计)楼层,36,房号,3602,用途,住宅,,建筑面积82.7平方米,户内面积,62.94平方米,分摊面积,19.76平方米,户内面积,--平方米,分摊面积--平方米,建筑面积,--平方米
项目楼栋情况,珑湾上城花园1栋,座号,B座,合同号,--,拟售价格,55418.25元/平方米(按建筑面积计)楼层,36,房号,3603,用途,住宅,,建筑面积91.49平方米,户内面积,69.63平方米,分摊面积,21.86平方米,户内面积,--平方米,分摊面积--平方米,建筑面积,--平方米
项目楼栋情况,珑湾上城花园1栋,座号,B座,合同号,--,拟售价格,53552.26元/平方米(按建筑面积计)楼层,36,房号,3604,用途,住宅,,建筑面积91.49平方米,户内面积,69.63平方米,分摊面积,21.86平方米,户内面积,--平方米,分摊面积--平方米,建筑面积,--平方米
项目楼栋情况,珑湾上城花园1栋,座号,B座,合同号,--,拟售价格,53452.26元/平方米(按建筑面积计)楼层,36,房号,3605,用途,住宅,,建筑面积82.7平方米,户内面积,62.94平方米,分摊面积,19.76平方米,户内面积,--平方米,分摊面积--平方米,建筑面积,--平方米
项目楼栋情况,珑湾上城花园1栋,座号,B座,合同号,--,拟售价格,53352.25元/平方米(按建筑面积计)楼层,36,房号,3606,用途,住宅,,建筑面积110.69平方米,户内面积,84.24平方米,分摊面积,26.45平方米,户内面积,--平方米,分摊面积--平方米,建筑面积,--平方米
项目楼栋情况,珑湾上城花园1栋,座号,B座,合同号,--,拟售价格,51902.25元/平方米(按建筑面积计)楼层,35,房号,3501,用途,住宅,,建筑面积110.69平方米,户内面积,84.24平方米,分摊面积,26.45平方米,户内面积,--平方米,分摊面积--平方米,建筑面积,--平方米
项目楼栋情况,珑湾上城花园1栋,座号,B座,合同号,--,拟售价格,55468.26元/平方米(按建筑面积计)楼层,35,房号,3502,用途,住宅,,建筑面积82.7平方米,户内面积,62.94平方米,分摊面积,19.76平方米,户内面积,--平方米,分摊面积--平方米,建筑面积,--平方米
项目楼栋情况,珑湾上城花园1栋,座号,B座,合同号,--,拟售价格,55368.26元/平方米(按建筑面积计)楼层,35,房号,3503,用途,住宅,,建筑面积91.49平方米,户内面积,69.63平方米,分摊面积,21.86平方米,户内面积,--平方米,分摊面积--平方米,建筑面积,--平方米
项目楼栋情况,珑湾上城花园1栋,座号,B座,合同号,--,拟售价格,53502.25元/平方米(按建筑面积计)楼层,35,房号,3504,用途,住宅,,建筑面积91.49平方米,户内面积,69.63平方米,分摊面积,21.86平方米,户内面积,--平方米,分摊面积--平方米,建筑面积,--平方米
项目楼栋情况,珑湾上城花园1栋,座号,B座,合同号,--,拟售价格,53402.26元/平方米(按建筑面积计)楼层,35,房号,3505,用途,住宅,,建筑面积82.7平方米,户内面积,62.94平方米,分摊面积,19.76平方米,户内面积,--平方米,分摊面积--平方米,建筑面积,--平方米
项目楼栋情况,珑湾上城花园1栋,座号,B座,合同号,--,拟售价格,53302.25元/平方米(按建筑面积计)楼层,35,房号,3506,用途,住宅,,建筑面积110.69平方米,户内面积,84.24平方米,分摊面积,26.45平方米,户内面积,--平方米,分摊面积--平方米,建筑面积,--平方米
项目楼栋情况,珑湾上城花园1栋,座号,B座,合同号,--,拟售价格,51852.25元/平方米(按建筑面积计)楼层,34,房号,3401,用途,住宅,,建筑面积110.69平方米,户内面积,84.24平方米,分摊面积,26.45平方米,户内面积,--平方米,分摊面积--平方米,建筑面积,--平方米
项目楼栋情况,珑湾上城花园1栋,座号,B座,合同号,--,拟售价格,54918.26元/平方米(按建筑面积计)楼层,34,房号,3402,用途,住宅,,建筑面积82.7平方米,户内面积,62.94平方米,分摊面积,19.76平方米,户内面积,--平方米,分摊面积--平方米,建筑面积,--平方米
项目楼栋情况,珑湾上城花园1栋,座号,B座,合同号,--,拟售价格,54818.25元/平方米(按建筑面积计)楼层,34,房号,3403,用途,住宅,,建筑面积91.49平方米,户内面积,69.63平方米,分摊面积,21.86平方米,户内面积,--平方米,分摊面积--平方米,建筑面积,--平方米
项目楼栋情况,珑湾上城花园1栋,座号,B座,合同号,--,拟售价格,52952.26元/平方米(按建筑面积计)楼层,34,房号,3404,用途,住宅,,建筑面积91.49平方米,户内面积,69.63平方米,分摊面积,21.86平方米,户内面积,--平方米,分摊面积--平方米,建筑面积,--平方米
项目楼栋情况,珑湾上城花园1栋,座号,B座,合同号,--,拟售价格,52852.26元/平方米(按建筑面积计)楼层,34,房号,3405,用途,住宅,,建筑面积82.7平方米,户内面积,62.94平方米,分摊面积,19.76平方米,户内面积,--平方米,分摊面积--平方米,建筑面积,--平方米
项目楼栋情况,珑湾上城花园1栋,座号,B座,合同号,--,拟售价格,52752.25元/平方米(按建筑面积计)楼层,34,房号,3406,用途,住宅,,建筑面积110.69平方米,户内面积,84.24平方米,分摊面积,26.45平方米,户内面积,--平方米,分摊面积--平方米,建筑面积,--平方米
项目楼栋情况,珑湾上城花园1栋,座号,B座,合同号,--,拟售价格,51802.25元/平方米(按建筑面积计)楼层,33,房号,3301,用途,住宅,,建筑面积110.69平方米,户内面积,84.24平方米,分摊面积,26.45平方米,户内面积,--平方米,分摊面积--平方米,建筑面积,--平方米
项目楼栋情况,珑湾上城花园1栋,座号,B座,合同号,--,拟售价格,54868.26元/平方米(按建筑面积计)楼层,33,房号,3302,用途,住宅,,建筑面积82.7平方米,户内面积,62.94平方米,分摊面积,19.76平方米,户内面积,--平方米,分摊面积--平方米,建筑面积,--平方米
项目楼栋情况,珑湾上城花园1栋,座号,B座,合同号,--,拟售价格,54768.26元/平方米(按建筑面积计)楼层,33,房号,3303,用途,住宅,,建筑面积91.49平方米,户内面积,69.63平方米,分摊面积,21.86平方米,户内面积,--平方米,分摊面积--平方米,建筑面积,--平方米
项目楼栋情况,珑湾上城花园1栋,座号,B座,合同号,--,拟售价格,52902.25元/平方米(按建筑面积计)楼层,33,房号,3304,用途,住宅,,建筑面积91.49平方米,户内面积,69.63平方米,分摊面积,21.86平方米,户内面积,--平方米,分摊面积--平方米,建筑面积,--平方米
项目楼栋情况,珑湾上城花园1栋,座号,B座,合同号,--,拟售价格,52802.26元/平方米(按建筑面积计)楼层,33,房号,3305,用途,住宅,,建筑面积82.7平方米,户内面积,62.94平方米,分摊面积,19.76平方米,户内面积,--平方米,分摊面积--平方米,建筑面积,--平方米
项目楼栋情况,珑湾上城花园1栋,座号,B座,合同号,--,拟售价格,52702.25元/平方米(按建筑面积计)楼层,33,房号,3306,用途,住宅,,建筑面积110.69平方米,户内面积,84.24平方米,分摊面积,26.45平方米,户内面积,--平方米,分摊面积--平方米,建筑面积,--平方米
项目楼栋情况,珑湾上城花园1栋,座号,B座,合同号,--,拟售价格,51702.25元/平方米(按建筑面积计)楼层,31,房号,3101,用途,住宅,,建筑面积110.88平方米,户内面积,84.38平方米,分摊面积,26.5平方米,户内面积,--平方米,分摊面积--平方米,建筑面积,--平方米
项目楼栋情况,珑湾上城花园1栋,座号,B座,合同号,--,拟售价格,54768.26元/平方米(按建筑面积计)楼层,31,房号,3102,用途,住宅,,建筑面积83.1平方米,户内面积,63.24平方米,分摊面积,19.86平方米,户内面积,--平方米,分摊面积--平方米,建筑面积,--平方米
项目楼栋情况,珑湾上城花园1栋,座号,B座,合同号,--,拟售价格,54668.25元/平方米(按建筑面积计)楼层,31,房号,3103,用途,住宅,,建筑面积91.51平方米,户内面积,69.65平方米,分摊面积,21.86平方米,户内面积,--平方米,分摊面积--平方米,建筑面积,--平方米
项目楼栋情况,珑湾上城花园1栋,座号,B座,合同号,--,拟售价格,52802.25元/平方米(按建筑面积计)楼层,31,房号,3104,用途,住宅,,建筑面积91.51平方米,户内面积,69.65平方米,分摊面积,21.86平方米,户内面积,--平方米,分摊面积--平方米,建筑面积,--平方米
项目楼栋情况,珑湾上城花园1栋,座号,B座,合同号,--,拟售价格,52702.25元/平方米(按建筑面积计)楼层,31,房号,3105,用途,住宅,,建筑面积83.1平方米,户内面积,63.24平方米,分摊面积,19.86平方米,户内面积,--平方米,分摊面积--平方米,建筑面积,--平方米
项目楼栋情况,珑湾上城花园1栋,座号,B座,合同号,--,拟售价格,52602.25元/平方米(按建筑面积计)楼层,31,房号,3106,用途,住宅,,建筑面积110.88平方米,户内面积,84.38平方米,分摊面积,26.5平方米,户内面积,--平方米,分摊面积--平方米,建筑面积,--平方米
项目楼栋情况,珑湾上城花园1栋,座号,B座,合同号,--,拟售价格,51672.26元/平方米(按建筑面积计)楼层,30,房号,3001,用途,住宅,,建筑面积110.88平方米,户内面积,84.38平方米,分摊面积,26.5平方米,户内面积,--平方米,分摊面积--平方米,建筑面积,--平方米
项目楼栋情况,珑湾上城花园1栋,座号,B座,合同号,--,拟售价格,54738.26元/平方米(按建筑面积计)楼层,30,房号,3002,用途,住宅,,建筑面积83.1平方米,户内面积,63.24平方米,分摊面积,19.86平方米,户内面积,--平方米,分摊面积--平方米,建筑面积,--平方米
项目楼栋情况,珑湾上城花园1栋,座号,B座,合同号,--,拟售价格,54638.26元/平方米(按建筑面积计)楼层,30,房号,3003,用途,住宅,,建筑面积91.51平方米,户内面积,69.65平方米,分摊面积,21.86平方米,户内面积,--平方米,分摊面积--平方米,建筑面积,--平方米
项目楼栋情况,珑湾上城花园1栋,座号,B座,合同号,--,拟售价格,52772.25元/平方米(按建筑面积计)楼层,30,房号,3004,用途,住宅,,建筑面积91.51平方米,户内面积,69.65平方米,分摊面积,21.86平方米,户内面积,--平方米,分摊面积--平方米,建筑面积,--平方米
项目楼栋情况,珑湾上城花园1栋,座号,B座,合同号,--,拟售价格,52672.25元/平方米(按建筑面积计)楼层,30,房号,3005,用途,住宅,,建筑面积83.1平方米,户内面积,63.24平方米,分摊面积,19.86平方米,户内面积,--平方米,分摊面积--平方米,建筑面积,--平方米
项目楼栋情况,珑湾上城花园1栋,座号,B座,合同号,--,拟售价格,52572.26元/平方米(按建筑面积计)楼层,30,房号,3006,用途,住宅,,建筑面积110.88平方米,户内面积,84.38平方米,分摊面积,26.5平方米,户内面积,--平方米,分摊面积--平方米,建筑面积,--平方米
项目楼栋情况,珑湾上城花园1栋,座号,B座,合同号,--,拟售价格,51642.25元/平方米(按建筑面积计)楼层,29,房号,2901,用途,住宅,,建筑面积110.88平方米,户内面积,84.38平方米,分摊面积,26.5平方米,户内面积,--平方米,分摊面积--平方米,建筑面积,--平方米
项目楼栋情况,珑湾上城花园1栋,座号,B座,合同号,--,拟售价格,54708.26元/平方米(按建筑面积计)楼层,29,房号,2902,用途,住宅,,建筑面积83.1平方米,户内面积,63.24平方米,分摊面积,19.86平方米,户内面积,--平方米,分摊面积--平方米,建筑面积,--平方米
项目楼栋情况,珑湾上城花园1栋,座号,B座,合同号,--,拟售价格,54608.25元/平方米(按建筑面积计)楼层,29,房号,2903,用途,住宅,,建筑面积91.51平方米,户内面积,69.65平方米,分摊面积,21.86平方米,户内面积,--平方米,分摊面积--平方米,建筑面积,--平方米
项目楼栋情况,珑湾上城花园1栋,座号,B座,合同号,--,拟售价格,52742.26元/平方米(按建筑面积计)楼层,29,房号,2904,用途,住宅,,建筑面积91.51平方米,户内面积,69.65平方米,分摊面积,21.86平方米,户内面积,--平方米,分摊面积--平方米,建筑面积,--平方米
项目楼栋情况,珑湾上城花园1栋,座号,B座,合同号,--,拟售价格,52642.25元/平方米(按建筑面积计)楼层,29,房号,2905,用途,住宅,,建筑面积83.1平方米,户内面积,63.24平方米,分摊面积,19.86平方米,户内面积,--平方米,分摊面积--平方米,建筑面积,--平方米
项目楼栋情况,珑湾上城花园1栋,座号,B座,合同号,--,拟售价格,52542.25元/平方米(按建筑面积计)楼层,29,房号,2906,用途,住宅,,建筑面积110.88平方米,户内面积,84.38平方米,分摊面积,26.5平方米,户内面积,--平方米,分摊面积--平方米,建筑面积,--平方米
项目楼栋情况,珑湾上城花园1栋,座号,B座,合同号,--,拟售价格,51612.26元/平方米(按建筑面积计)楼层,28,房号,2801,用途,住宅,,建筑面积110.88平方米,户内面积,84.38平方米,分摊面积,26.5平方米,户内面积,--平方米,分摊面积--平方米,建筑面积,--平方米
项目楼栋情况,珑湾上城花园1栋,座号,B座,合同号,--,拟售价格,54678.26元/平方米(按建筑面积计)楼层,28,房号,2802,用途,住宅,,建筑面积83.1平方米,户内面积,63.24平方米,分摊面积,19.86平方米,户内面积,--平方米,分摊面积--平方米,建筑面积,--平方米
项目楼栋情况,珑湾上城花园1栋,座号,B座,合同号,--,拟售价格,54578.25元/平方米(按建筑面积计)楼层,28,房号,2803,用途,住宅,,建筑面积91.51平方米,户内面积,69.65平方米,分摊面积,21.86平方米,户内面积,--平方米,分摊面积--平方米,建筑面积,--平方米
项目楼栋情况,珑湾上城花园1栋,座号,B座,合同号,--,拟售价格,52712.25元/平方米(按建筑面积计)楼层,28,房号,2804,用途,住宅,,建筑面积91.51平方米,户内面积,69.65平方米,分摊面积,21.86平方米,户内面积,--平方米,分摊面积--平方米,建筑面积,--平方米
项目楼栋情况,珑湾上城花园1栋,座号,B座,合同号,--,拟售价格,52612.25元/平方米(按建筑面积计)楼层,28,房号,2805,用途,住宅,,建筑面积83.1平方米,户内面积,63.24平方米,分摊面积,19.86平方米,户内面积,--平方米,分摊面积--平方米,建筑面积,--平方米
项目楼栋情况,珑湾上城花园1栋,座号,B座,合同号,--,拟售价格,52512.26元/平方米(按建筑面积计)楼层,28,房号,2806,用途,住宅,,建筑面积110.88平方米,户内面积,84.38平方米,分摊面积,26.5平方米,户内面积,--平方米,分摊面积--平方米,建筑面积,--平方米
项目楼栋情况,珑湾上城花园1栋,座号,B座,合同号,--,拟售价格,51582.25元/平方米(按建筑面积计)楼层,27,房号,2701,用途,住宅,,建筑面积110.88平方米,户内面积,84.38平方米,分摊面积,26.5平方米,户内面积,--平方米,分摊面积--平方米,建筑面积,--平方米
项目楼栋情况,珑湾上城花园1栋,座号,B座,合同号,--,拟售价格,54648.26元/平方米(按建筑面积计)楼层,27,房号,2702,用途,住宅,,建筑面积83.1平方米,户内面积,63.24平方米,分摊面积,19.86平方米,户内面积,--平方米,分摊面积--平方米,建筑面积,--平方米
项目楼栋情况,珑湾上城花园1栋,座号,B座,合同号,--,拟售价格,54548.26元/平方米(按建筑面积计)楼层,27,房号,2703,用途,住宅,,建筑面积91.51平方米,户内面积,69.65平方米,分摊面积,21.86平方米,户内面积,--平方米,分摊面积--平方米,建筑面积,--平方米
项目楼栋情况,珑湾上城花园1栋,座号,B座,合同号,--,拟售价格,52682.25元/平方米(按建筑面积计)楼层,27,房号,2704,用途,住宅,,建筑面积91.51平方米,户内面积,69.65平方米,分摊面积,21.86平方米,户内面积,--平方米,分摊面积--平方米,建筑面积,--平方米
项目楼栋情况,珑湾上城花园1栋,座号,B座,合同号,--,拟售价格,52582.25元/平方米(按建筑面积计)楼层,27,房号,2705,用途,住宅,,建筑面积83.1平方米,户内面积,63.24平方米,分摊面积,19.86平方米,户内面积,--平方米,分摊面积--平方米,建筑面积,--平方米
项目楼栋情况,珑湾上城花园1栋,座号,B座,合同号,--,拟售价格,52482.25元/平方米(按建筑面积计)楼层,27,房号,2706,用途,住宅,,建筑面积110.88平方米,户内面积,84.38平方米,分摊面积,26.5平方米,户内面积,--平方米,分摊面积--平方米,建筑面积,--平方米
项目楼栋情况,珑湾上城花园1栋,座号,B座,合同号,--,拟售价格,51552.25元/平方米(按建筑面积计)楼层,26,房号,2601,用途,住宅,,建筑面积110.88平方米,户内面积,84.38平方米,分摊面积,26.5平方米,户内面积,--平方米,分摊面积--平方米,建筑面积,--平方米
项目楼栋情况,珑湾上城花园1栋,座号,B座,合同号,--,拟售价格,54618.26元/平方米(按建筑面积计)楼层,26,房号,2602,用途,住宅,,建筑面积83.1平方米,户内面积,63.24平方米,分摊面积,19.86平方米,户内面积,--平方米,分摊面积--平方米,建筑面积,--平方米
项目楼栋情况,珑湾上城花园1栋,座号,B座,合同号,--,拟售价格,54518.26元/平方米(按建筑面积计)楼层,26,房号,2603,用途,住宅,,建筑面积91.51平方米,户内面积,69.65平方米,分摊面积,21.86平方米,户内面积,--平方米,分摊面积--平方米,建筑面积,--平方米
项目楼栋情况,珑湾上城花园1栋,座号,B座,合同号,--,拟售价格,52652.26元/平方米(按建筑面积计)楼层,26,房号,2604,用途,住宅,,建筑面积91.51平方米,户内面积,69.65平方米,分摊面积,21.86平方米,户内面积,--平方米,分摊面积--平方米,建筑面积,--平方米
项目楼栋情况,珑湾上城花园1栋,座号,B座,合同号,--,拟售价格,52552.25元/平方米(按建筑面积计)楼层,26,房号,2605,用途,住宅,,建筑面积83.1平方米,户内面积,63.24平方米,分摊面积,19.86平方米,户内面积,--平方米,分摊面积--平方米,建筑面积,--平方米
项目楼栋情况,珑湾上城花园1栋,座号,B座,合同号,--,拟售价格,52452.25元/平方米(按建筑面积计)楼层,26,房号,2606,用途,住宅,,建筑面积110.88平方米,户内面积,84.38平方米,分摊面积,26.5平方米,户内面积,--平方米,分摊面积--平方米,建筑面积,--平方米
项目楼栋情况,珑湾上城花园1栋,座号,B座,合同号,--,拟售价格,51522.26元/平方米(按建筑面积计)楼层,25,房号,2501,用途,住宅,,建筑面积110.88平方米,户内面积,84.38平方米,分摊面积,26.5平方米,户内面积,--平方米,分摊面积--平方米,建筑面积,--平方米
项目楼栋情况,珑湾上城花园1栋,座号,B座,合同号,--,拟售价格,54588.26元/平方米(按建筑面积计)楼层,25,房号,2502,用途,住宅,,建筑面积83.1平方米,户内面积,63.24平方米,分摊面积,19.86平方米,户内面积,--平方米,分摊面积--平方米,建筑面积,--平方米
项目楼栋情况,珑湾上城花园1栋,座号,B座,合同号,--,拟售价格,54488.25元/平方米(按建筑面积计)楼层,25,房号,2503,用途,住宅,,建筑面积91.51平方米,户内面积,69.65平方米,分摊面积,21.86平方米,户内面积,--平方米,分摊面积--平方米,建筑面积,--平方米
项目楼栋情况,珑湾上城花园1栋,座号,B座,合同号,--,拟售价格,52622.26元/平方米(按建筑面积计)楼层,25,房号,2504,用途,住宅,,建筑面积91.51平方米,户内面积,69.65平方米,分摊面积,21.86平方米,户内面积,--平方米,分摊面积--平方米,建筑面积,--平方米
项目楼栋情况,珑湾上城花园1栋,座号,B座,合同号,--,拟售价格,52522.25元/平方米(按建筑面积计)楼层,25,房号,2505,用途,住宅,,建筑面积83.1平方米,户内面积,63.24平方米,分摊面积,19.86平方米,户内面积,--平方米,分摊面积--平方米,建筑面积,--平方米
项目楼栋情况,珑湾上城花园1栋,座号,B座,合同号,--,拟售价格,52422.26元/平方米(按建筑面积计)楼层,25,房号,2506,用途,住宅,,建筑面积110.88平方米,户内面积,84.38平方米,分摊面积,26.5平方米,户内面积,--平方米,分摊面积--平方米,建筑面积,--平方米
项目楼栋情况,珑湾上城花园1栋,座号,B座,合同号,--,拟售价格,51492.25元/平方米(按建筑面积计)楼层,24,房号,2401,用途,住宅,,建筑面积110.88平方米,户内面积,84.38平方米,分摊面积,26.5平方米,户内面积,--平方米,分摊面积--平方米,建筑面积,--平方米
项目楼栋情况,珑湾上城花园1栋,座号,B座,合同号,--,拟售价格,54558.26元/平方米(按建筑面积计)楼层,24,房号,2402,用途,住宅,,建筑面积83.1平方米,户内面积,63.24平方米,分摊面积,19.86平方米,户内面积,--平方米,分摊面积--平方米,建筑面积,--平方米
项目楼栋情况,珑湾上城花园1栋,座号,B座,合同号,--,拟售价格,54458.26元/平方米(按建筑面积计)楼层,24,房号,2403,用途,住宅,,建筑面积91.51平方米,户内面积,69.65平方米,分摊面积,21.86平方米,户内面积,--平方米,分摊面积--平方米,建筑面积,--平方米
项目楼栋情况,珑湾上城花园1栋,座号,B座,合同号,--,拟售价格,52592.25元/平方米(按建筑面积计)楼层,24,房号,2404,用途,住宅,,建筑面积91.51平方米,户内面积,69.65平方米,分摊面积,21.86平方米,户内面积,--平方米,分摊面积--平方米,建筑面积,--平方米
项目楼栋情况,珑湾上城花园1栋,座号,B座,合同号,--,拟售价格,52492.25元/平方米(按建筑面积计)楼层,24,房号,2405,用途,住宅,,建筑面积83.1平方米,户内面积,63.24平方米,分摊面积,19.86平方米,户内面积,--平方米,分摊面积--平方米,建筑面积,--平方米
项目楼栋情况,珑湾上城花园1栋,座号,B座,合同号,--,拟售价格,52392.25元/平方米(按建筑面积计)楼层,24,房号,2406,用途,住宅,,建筑面积110.88平方米,户内面积,84.38平方米,分摊面积,26.5平方米,户内面积,--平方米,分摊面积--平方米,建筑面积,--平方米
项目楼栋情况,珑湾上城花园1栋,座号,B座,合同号,--,拟售价格,51462.26元/平方米(按建筑面积计)楼层,23,房号,2301,用途,住宅,,建筑面积110.88平方米,户内面积,84.38平方米,分摊面积,26.5平方米,户内面积,--平方米,分摊面积--平方米,建筑面积,--平方米
项目楼栋情况,珑湾上城花园1栋,座号,B座,合同号,--,拟售价格,54528.26元/平方米(按建筑面积计)楼层,23,房号,2302,用途,住宅,,建筑面积83.1平方米,户内面积,63.24平方米,分摊面积,19.86平方米,户内面积,--平方米,分摊面积--平方米,建筑面积,--平方米
项目楼栋情况,珑湾上城花园1栋,座号,B座,合同号,--,拟售价格,54428.26元/平方米(按建筑面积计)楼层,23,房号,2303,用途,住宅,,建筑面积91.51平方米,户内面积,69.65平方米,分摊面积,21.86平方米,户内面积,--平方米,分摊面积--平方米,建筑面积,--平方米
项目楼栋情况,珑湾上城花园1栋,座号,B座,合同号,--,拟售价格,52562.26元/平方米(按建筑面积计)楼层,23,房号,2304,用途,住宅,,建筑面积91.51平方米,户内面积,69.65平方米,分摊面积,21.86平方米,户内面积,--平方米,分摊面积--平方米,建筑面积,--平方米
项目楼栋情况,珑湾上城花园1栋,座号,B座,合同号,--,拟售价格,52462.25元/平方米(按建筑面积计)楼层,23,房号,2305,用途,住宅,,建筑面积83.1平方米,户内面积,63.24平方米,分摊面积,19.86平方米,户内面积,--平方米,分摊面积--平方米,建筑面积,--平方米
项目楼栋情况,珑湾上城花园1栋,座号,B座,合同号,--,拟售价格,52362.26元/平方米(按建筑面积计)楼层,23,房号,2306,用途,住宅,,建筑面积110.88平方米,户内面积,84.38平方米,分摊面积,26.5平方米,户内面积,--平方米,分摊面积--平方米,建筑面积,--平方米
项目楼栋情况,珑湾上城花园1栋,座号,B座,合同号,--,拟售价格,51432.25元/平方米(按建筑面积计)楼层,22,房号,2201,用途,住宅,,建筑面积110.88平方米,户内面积,84.38平方米,分摊面积,26.5平方米,户内面积,--平方米,分摊面积--平方米,建筑面积,--平方米
项目楼栋情况,珑湾上城花园1栋,座号,B座,合同号,--,拟售价格,54498.26元/平方米(按建筑面积计)楼层,22,房号,2202,用途,住宅,,建筑面积83.1平方米,户内面积,63.24平方米,分摊面积,19.86平方米,户内面积,--平方米,分摊面积--平方米,建筑面积,--平方米
项目楼栋情况,珑湾上城花园1栋,座号,B座,合同号,--,拟售价格,54398.25元/平方米(按建筑面积计)楼层,22,房号,2203,用途,住宅,,建筑面积91.51平方米,户内面积,69.65平方米,分摊面积,21.86平方米,户内面积,--平方米,分摊面积--平方米,建筑面积,--平方米
项目楼栋情况,珑湾上城花园1栋,座号,B座,合同号,--,拟售价格,52532.26元/平方米(按建筑面积计)楼层,22,房号,2204,用途,住宅,,建筑面积91.51平方米,户内面积,69.65平方米,分摊面积,21.86平方米,户内面积,--平方米,分摊面积--平方米,建筑面积,--平方米
项目楼栋情况,珑湾上城花园1栋,座号,B座,合同号,--,拟售价格,52432.25元/平方米(按建筑面积计)楼层,22,房号,2205,用途,住宅,,建筑面积83.1平方米,户内面积,63.24平方米,分摊面积,19.86平方米,户内面积,--平方米,分摊面积--平方米,建筑面积,--平方米
项目楼栋情况,珑湾上城花园1栋,座号,B座,合同号,--,拟售价格,52332.25元/平方米(按建筑面积计)楼层,22,房号,2206,用途,住宅,,建筑面积110.88平方米,户内面积,84.38平方米,分摊面积,26.5平方米,户内面积,--平方米,分摊面积--平方米,建筑面积,--平方米
项目楼栋情况,珑湾上城花园1栋,座号,B座,合同号,--,拟售价格,51402.25元/平方米(按建筑面积计)楼层,21,房号,2101,用途,住宅,,建筑面积110.88平方米,户内面积,84.38平方米,分摊面积,26.5平方米,户内面积,--平方米,分摊面积--平方米,建筑面积,--平方米
项目楼栋情况,珑湾上城花园1栋,座号,B座,合同号,--,拟售价格,54468.26元/平方米(按建筑面积计)楼层,21,房号,2102,用途,住宅,,建筑面积83.1平方米,户内面积,63.24平方米,分摊面积,19.86平方米,户内面积,--平方米,分摊面积--平方米,建筑面积,--平方米
项目楼栋情况,珑湾上城花园1栋,座号,B座,合同号,--,拟售价格,54368.25元/平方米(按建筑面积计)楼层,21,房号,2103,用途,住宅,,建筑面积91.51平方米,户内面积,69.65平方米,分摊面积,21.86平方米,户内面积,--平方米,分摊面积--平方米,建筑面积,--平方米
项目楼栋情况,珑湾上城花园1栋,座号,B座,合同号,--,拟售价格,52502.25元/平方米(按建筑面积计)楼层,21,房号,2104,用途,住宅,,建筑面积91.51平方米,户内面积,69.65平方米,分摊面积,21.86平方米,户内面积,--平方米,分摊面积--平方米,建筑面积,--平方米
项目楼栋情况,珑湾上城花园1栋,座号,B座,合同号,--,拟售价格,52402.25元/平方米(按建筑面积计)楼层,21,房号,2105,用途,住宅,,建筑面积83.1平方米,户内面积,63.24平方米,分摊面积,19.86平方米,户内面积,--平方米,分摊面积--平方米,建筑面积,--平方米
项目楼栋情况,珑湾上城花园1栋,座号,B座,合同号,--,拟售价格,52302.25元/平方米(按建筑面积计)楼层,21,房号,2106,用途,住宅,,建筑面积110.88平方米,户内面积,84.38平方米,分摊面积,26.5平方米,户内面积,--平方米,分摊面积--平方米,建筑面积,--平方米
项目楼栋情况,珑湾上城花园1栋,座号,B座,合同号,--,拟售价格,51372.26元/平方米(按建筑面积计)楼层,20,房号,2001,用途,住宅,,建筑面积110.88平方米,户内面积,84.38平方米,分摊面积,26.5平方米,户内面积,--平方米,分摊面积--平方米,建筑面积,--平方米
项目楼栋情况,珑湾上城花园1栋,座号,B座,合同号,--,拟售价格,54438.26元/平方米(按建筑面积计)楼层,20,房号,2002,用途,住宅,,建筑面积83.1平方米,户内面积,63.24平方米,分摊面积,19.86平方米,户内面积,--平方米,分摊面积--平方米,建筑面积,--平方米
项目楼栋情况,珑湾上城花园1栋,座号,B座,合同号,--,拟售价格,54338.26元/平方米(按建筑面积计)楼层,20,房号,2003,用途,住宅,,建筑面积91.51平方米,户内面积,69.65平方米,分摊面积,21.86平方米,户内面积,--平方米,分摊面积--平方米,建筑面积,--平方米
项目楼栋情况,珑湾上城花园1栋,座号,B座,合同号,--,拟售价格,52472.25元/平方米(按建筑面积计)楼层,20,房号,2004,用途,住宅,,建筑面积91.51平方米,户内面积,69.65平方米,分摊面积,21.86平方米,户内面积,--平方米,分摊面积--平方米,建筑面积,--平方米
项目楼栋情况,珑湾上城花园1栋,座号,B座,合同号,--,拟售价格,52372.25元/平方米(按建筑面积计)楼层,20,房号,2005,用途,住宅,,建筑面积83.1平方米,户内面积,63.24平方米,分摊面积,19.86平方米,户内面积,--平方米,分摊面积--平方米,建筑面积,--平方米
项目楼栋情况,珑湾上城花园1栋,座号,B座,合同号,--,拟售价格,52272.26元/平方米(按建筑面积计)楼层,20,房号,2006,用途,住宅,,建筑面积110.88平方米,户内面积,84.38平方米,分摊面积,26.5平方米,户内面积,--平方米,分摊面积--平方米,建筑面积,--平方米
项目楼栋情况,珑湾上城花园1栋,座号,B座,合同号,--,拟售价格,51342.25元/平方米(按建筑面积计)楼层,19,房号,1901,用途,住宅,,建筑面积110.88平方米,户内面积,84.38平方米,分摊面积,26.5平方米,户内面积,--平方米,分摊面积--平方米,建筑面积,--平方米
项目楼栋情况,珑湾上城花园1栋,座号,B座,合同号,--,拟售价格,54408.26元/平方米(按建筑面积计)楼层,19,房号,1902,用途,住宅,,建筑面积83.1平方米,户内面积,63.24平方米,分摊面积,19.86平方米,户内面积,--平方米,分摊面积--平方米,建筑面积,--平方米
项目楼栋情况,珑湾上城花园1栋,座号,B座,合同号,--,拟售价格,54308.25元/平方米(按建筑面积计)楼层,19,房号,1903,用途,住宅,,建筑面积91.51平方米,户内面积,69.65平方米,分摊面积,21.86平方米,户内面积,--平方米,分摊面积--平方米,建筑面积,--平方米
项目楼栋情况,珑湾上城花园1栋,座号,B座,合同号,--,拟售价格,52442.26元/平方米(按建筑面积计)楼层,19,房号,1904,用途,住宅,,建筑面积91.51平方米,户内面积,69.65平方米,分摊面积,21.86平方米,户内面积,--平方米,分摊面积--平方米,建筑面积,--平方米
项目楼栋情况,珑湾上城花园1栋,座号,B座,合同号,--,拟售价格,52342.25元/平方米(按建筑面积计)楼层,19,房号,1905,用途,住宅,,建筑面积83.1平方米,户内面积,63.24平方米,分摊面积,19.86平方米,户内面积,--平方米,分摊面积--平方米,建筑面积,--平方米
项目楼栋情况,珑湾上城花园1栋,座号,B座,合同号,--,拟售价格,52242.25元/平方米(按建筑面积计)楼层,19,房号,1906,用途,住宅,,建筑面积110.88平方米,户内面积,84.38平方米,分摊面积,26.5平方米,户内面积,--平方米,分摊面积--平方米,建筑面积,--平方米
项目楼栋情况,珑湾上城花园1栋,座号,B座,合同号,--,拟售价格,51312.26元/平方米(按建筑面积计)楼层,18,房号,1801,用途,住宅,,建筑面积110.88平方米,户内面积,84.38平方米,分摊面积,26.5平方米,户内面积,--平方米,分摊面积--平方米,建筑面积,--平方米
项目楼栋情况,珑湾上城花园1栋,座号,B座,合同号,--,拟售价格,54378.26元/平方米(按建筑面积计)楼层,18,房号,1802,用途,住宅,,建筑面积83.1平方米,户内面积,63.24平方米,分摊面积,19.86平方米,户内面积,--平方米,分摊面积--平方米,建筑面积,--平方米
项目楼栋情况,珑湾上城花园1栋,座号,B座,合同号,--,拟售价格,54278.25元/平方米(按建筑面积计)楼层,18,房号,1803,用途,住宅,,建筑面积91.51平方米,户内面积,69.65平方米,分摊面积,21.86平方米,户内面积,--平方米,分摊面积--平方米,建筑面积,--平方米
项目楼栋情况,珑湾上城花园1栋,座号,B座,合同号,--,拟售价格,52412.25元/平方米(按建筑面积计)楼层,18,房号,1804,用途,住宅,,建筑面积91.51平方米,户内面积,69.65平方米,分摊面积,21.86平方米,户内面积,--平方米,分摊面积--平方米,建筑面积,--平方米
项目楼栋情况,珑湾上城花园1栋,座号,B座,合同号,--,拟售价格,52312.25元/平方米(按建筑面积计)楼层,18,房号,1805,用途,住宅,,建筑面积83.1平方米,户内面积,63.24平方米,分摊面积,19.86平方米,户内面积,--平方米,分摊面积--平方米,建筑面积,--平方米
项目楼栋情况,珑湾上城花园1栋,座号,B座,合同号,--,拟售价格,52212.26元/平方米(按建筑面积计)楼层,18,房号,1806,用途,住宅,,建筑面积110.88平方米,户内面积,84.38平方米,分摊面积,26.5平方米,户内面积,--平方米,分摊面积--平方米,建筑面积,--平方米
项目楼栋情况,珑湾上城花园1栋,座号,B座,合同号,--,拟售价格,50782.25元/平方米(按建筑面积计)楼层,17,房号,1701,用途,住宅,,建筑面积110.88平方米,户内面积,84.38平方米,分摊面积,26.5平方米,户内面积,--平方米,分摊面积--平方米,建筑面积,--平方米
项目楼栋情况,珑湾上城花园1栋,座号,B座,合同号,--,拟售价格,54348.26元/平方米(按建筑面积计)楼层,17,房号,1702,用途,住宅,,建筑面积83.1平方米,户内面积,63.24平方米,分摊面积,19.86平方米,户内面积,--平方米,分摊面积--平方米,建筑面积,--平方米
项目楼栋情况,珑湾上城花园1栋,座号,B座,合同号,--,拟售价格,54248.26元/平方米(按建筑面积计)楼层,17,房号,1703,用途,住宅,,建筑面积91.51平方米,户内面积,69.65平方米,分摊面积,21.86平方米,户内面积,--平方米,分摊面积--平方米,建筑面积,--平方米
项目楼栋情况,珑湾上城花园1栋,座号,B座,合同号,--,拟售价格,52382.25元/平方米(按建筑面积计)楼层,17,房号,1704,用途,住宅,,建筑面积91.51平方米,户内面积,69.65平方米,分摊面积,21.86平方米,户内面积,--平方米,分摊面积--平方米,建筑面积,--平方米
项目楼栋情况,珑湾上城花园1栋,座号,B座,合同号,--,拟售价格,52282.25元/平方米(按建筑面积计)楼层,17,房号,1705,用途,住宅,,建筑面积83.1平方米,户内面积,63.24平方米,分摊面积,19.86平方米,户内面积,--平方米,分摊面积--平方米,建筑面积,--平方米
项目楼栋情况,珑湾上城花园1栋,座号,B座,合同号,--,拟售价格,52182.25元/平方米(按建筑面积计)楼层,17,房号,1706,用途,住宅,,建筑面积110.88平方米,户内面积,84.38平方米,分摊面积,26.5平方米,户内面积,--平方米,分摊面积--平方米,建筑面积,--平方米
项目楼栋情况,珑湾上城花园1栋,座号,B座,合同号,--,拟售价格,50502.26元/平方米(按建筑面积计)楼层,15,房号,1501,用途,住宅,,建筑面积111.15平方米,户内面积,84.58平方米,分摊面积,26.57平方米,户内面积,--平方米,分摊面积--平方米,建筑面积,--平方米
项目楼栋情况,珑湾上城花园1栋,座号,B座,合同号,--,拟售价格,54268.26元/平方米(按建筑面积计)楼层,15,房号,1502,用途,住宅,,建筑面积82.88平方米,户内面积,63.07平方米,分摊面积,19.81平方米,户内面积,--平方米,分摊面积--平方米,建筑面积,--平方米
项目楼栋情况,珑湾上城花园1栋,座号,B座,合同号,--,拟售价格,54168.26元/平方米(按建筑面积计)楼层,15,房号,1503,用途,住宅,,建筑面积91.84平方米,户内面积,69.89平方米,分摊面积,21.95平方米,户内面积,--平方米,分摊面积--平方米,建筑面积,--平方米
项目楼栋情况,珑湾上城花园1栋,座号,B座,合同号,--,拟售价格,52102.25元/平方米(按建筑面积计)楼层,15,房号,1504,用途,住宅,,建筑面积91.84平方米,户内面积,69.89平方米,分摊面积,21.95平方米,户内面积,--平方米,分摊面积--平方米,建筑面积,--平方米
项目楼栋情况,珑湾上城花园1栋,座号,B座,合同号,--,拟售价格,52002.26元/平方米(按建筑面积计)楼层,15,房号,1505,用途,住宅,,建筑面积82.88平方米,户内面积,63.07平方米,分摊面积,19.81平方米,户内面积,--平方米,分摊面积--平方米,建筑面积,--平方米
项目楼栋情况,珑湾上城花园1栋,座号,B座,合同号,--,拟售价格,52102.26元/平方米(按建筑面积计)楼层,15,房号,1506,用途,住宅,,建筑面积111.15平方米,户内面积,84.58平方米,分摊面积,26.57平方米,户内面积,--平方米,分摊面积--平方米,建筑面积,--平方米
项目楼栋情况,珑湾上城花园1栋,座号,B座,合同号,--,拟售价格,50452.25元/平方米(按建筑面积计)楼层,14,房号,1401,用途,住宅,,建筑面积111.15平方米,户内面积,84.58平方米,分摊面积,26.57平方米,户内面积,--平方米,分摊面积--平方米,建筑面积,--平方米
项目楼栋情况,珑湾上城花园1栋,座号,B座,合同号,--,拟售价格,54218.26元/平方米(按建筑面积计)楼层,14,房号,1402,用途,住宅,,建筑面积82.88平方米,户内面积,63.07平方米,分摊面积,19.81平方米,户内面积,--平方米,分摊面积--平方米,建筑面积,--平方米
项目楼栋情况,珑湾上城花园1栋,座号,B座,合同号,--,拟售价格,54118.26元/平方米(按建筑面积计)楼层,14,房号,1403,用途,住宅,,建筑面积91.84平方米,户内面积,69.89平方米,分摊面积,21.95平方米,户内面积,--平方米,分摊面积--平方米,建筑面积,--平方米
项目楼栋情况,珑湾上城花园1栋,座号,B座,合同号,--,拟售价格,52052.25元/平方米(按建筑面积计)楼层,14,房号,1404,用途,住宅,,建筑面积91.84平方米,户内面积,69.89平方米,分摊面积,21.95平方米,户内面积,--平方米,分摊面积--平方米,建筑面积,--平方米
项目楼栋情况,珑湾上城花园1栋,座号,B座,合同号,--,拟售价格,51952.26元/平方米(按建筑面积计)楼层,14,房号,1405,用途,住宅,,建筑面积82.88平方米,户内面积,63.07平方米,分摊面积,19.81平方米,户内面积,--平方米,分摊面积--平方米,建筑面积,--平方米
项目楼栋情况,珑湾上城花园1栋,座号,B座,合同号,--,拟售价格,52052.25元/平方米(按建筑面积计)楼层,14,房号,1406,用途,住宅,,建筑面积111.15平方米,户内面积,84.58平方米,分摊面积,26.57平方米,户内面积,--平方米,分摊面积--平方米,建筑面积,--平方米
项目楼栋情况,珑湾上城花园1栋,座号,B座,合同号,--,拟售价格,50402.26元/平方米(按建筑面积计)楼层,13,房号,1301,用途,住宅,,建筑面积111.15平方米,户内面积,84.58平方米,分摊面积,26.57平方米,户内面积,--平方米,分摊面积--平方米,建筑面积,--平方米
项目楼栋情况,珑湾上城花园1栋,座号,B座,合同号,--,拟售价格,54168.26元/平方米(按建筑面积计)楼层,13,房号,1302,用途,住宅,,建筑面积82.88平方米,户内面积,63.07平方米,分摊面积,19.81平方米,户内面积,--平方米,分摊面积--平方米,建筑面积,--平方米
项目楼栋情况,珑湾上城花园1栋,座号,B座,合同号,--,拟售价格,54068.26元/平方米(按建筑面积计)楼层,13,房号,1303,用途,住宅,,建筑面积91.84平方米,户内面积,69.89平方米,分摊面积,21.95平方米,户内面积,--平方米,分摊面积--平方米,建筑面积,--平方米
项目楼栋情况,珑湾上城花园1栋,座号,B座,合同号,--,拟售价格,52002.25元/平方米(按建筑面积计)楼层,13,房号,1304,用途,住宅,,建筑面积91.84平方米,户内面积,69.89平方米,分摊面积,21.95平方米,户内面积,--平方米,分摊面积--平方米,建筑面积,--平方米
项目楼栋情况,珑湾上城花园1栋,座号,B座,合同号,--,拟售价格,51902.26元/平方米(按建筑面积计)楼层,13,房号,1305,用途,住宅,,建筑面积82.88平方米,户内面积,63.07平方米,分摊面积,19.81平方米,户内面积,--平方米,分摊面积--平方米,建筑面积,--平方米
项目楼栋情况,珑湾上城花园1栋,座号,B座,合同号,--,拟售价格,52002.26元/平方米(按建筑面积计)楼层,13,房号,1306,用途,住宅,,建筑面积111.15平方米,户内面积,84.58平方米,分摊面积,26.57平方米,户内面积,--平方米,分摊面积--平方米,建筑面积,--平方米
项目楼栋情况,珑湾上城花园1栋,座号,B座,合同号,--,拟售价格,50352.25元/平方米(按建筑面积计)楼层,12,房号,1201,用途,住宅,,建筑面积111.15平方米,户内面积,84.58平方米,分摊面积,26.57平方米,户内面积,--平方米,分摊面积--平方米,建筑面积,--平方米
项目楼栋情况,珑湾上城花园1栋,座号,B座,合同号,--,拟售价格,54118.26元/平方米(按建筑面积计)楼层,12,房号,1202,用途,住宅,,建筑面积82.88平方米,户内面积,63.07平方米,分摊面积,19.81平方米,户内面积,--平方米,分摊面积--平方米,建筑面积,--平方米
项目楼栋情况,珑湾上城花园1栋,座号,B座,合同号,--,拟售价格,54018.26元/平方米(按建筑面积计)楼层,12,房号,1203,用途,住宅,,建筑面积91.84平方米,户内面积,69.89平方米,分摊面积,21.95平方米,户内面积,--平方米,分摊面积--平方米,建筑面积,--平方米
项目楼栋情况,珑湾上城花园1栋,座号,B座,合同号,--,拟售价格,51952.25元/平方米(按建筑面积计)楼层,12,房号,1204,用途,住宅,,建筑面积91.84平方米,户内面积,69.89平方米,分摊面积,21.95平方米,户内面积,--平方米,分摊面积--平方米,建筑面积,--平方米
项目楼栋情况,珑湾上城花园1栋,座号,B座,合同号,--,拟售价格,51852.26元/平方米(按建筑面积计)楼层,12,房号,1205,用途,住宅,,建筑面积82.88平方米,户内面积,63.07平方米,分摊面积,19.81平方米,户内面积,--平方米,分摊面积--平方米,建筑面积,--平方米
项目楼栋情况,珑湾上城花园1栋,座号,B座,合同号,--,拟售价格,51952.25元/平方米(按建筑面积计)楼层,12,房号,1206,用途,住宅,,建筑面积111.15平方米,户内面积,84.58平方米,分摊面积,26.57平方米,户内面积,--平方米,分摊面积--平方米,建筑面积,--平方米
项目楼栋情况,珑湾上城花园1栋,座号,B座,合同号,--,拟售价格,50302.26元/平方米(按建筑面积计)楼层,11,房号,1101,用途,住宅,,建筑面积111.15平方米,户内面积,84.58平方米,分摊面积,26.57平方米,户内面积,--平方米,分摊面积--平方米,建筑面积,--平方米
项目楼栋情况,珑湾上城花园1栋,座号,B座,合同号,--,拟售价格,54068.26元/平方米(按建筑面积计)楼层,11,房号,1102,用途,住宅,,建筑面积82.88平方米,户内面积,63.07平方米,分摊面积,19.81平方米,户内面积,--平方米,分摊面积--平方米,建筑面积,--平方米
项目楼栋情况,珑湾上城花园1栋,座号,B座,合同号,--,拟售价格,53968.26元/平方米(按建筑面积计)楼层,11,房号,1103,用途,住宅,,建筑面积91.84平方米,户内面积,69.89平方米,分摊面积,21.95平方米,户内面积,--平方米,分摊面积--平方米,建筑面积,--平方米
项目楼栋情况,珑湾上城花园1栋,座号,B座,合同号,--,拟售价格,51902.25元/平方米(按建筑面积计)楼层,11,房号,1104,用途,住宅,,建筑面积91.84平方米,户内面积,69.89平方米,分摊面积,21.95平方米,户内面积,--平方米,分摊面积--平方米,建筑面积,--平方米
项目楼栋情况,珑湾上城花园1栋,座号,B座,合同号,--,拟售价格,51802.26元/平方米(按建筑面积计)楼层,11,房号,1105,用途,住宅,,建筑面积82.88平方米,户内面积,63.07平方米,分摊面积,19.81平方米,户内面积,--平方米,分摊面积--平方米,建筑面积,--平方米
项目楼栋情况,珑湾上城花园1栋,座号,B座,合同号,--,拟售价格,51902.26元/平方米(按建筑面积计)楼层,11,房号,1106,用途,住宅,,建筑面积111.15平方米,户内面积,84.58平方米,分摊面积,26.57平方米,户内面积,--平方米,分摊面积--平方米,建筑面积,--平方米
项目楼栋情况,珑湾上城花园1栋,座号,B座,合同号,--,拟售价格,50252.25元/平方米(按建筑面积计)楼层,10,房号,1001,用途,住宅,,建筑面积111.15平方米,户内面积,84.58平方米,分摊面积,26.57平方米,户内面积,--平方米,分摊面积--平方米,建筑面积,--平方米
项目楼栋情况,珑湾上城花园1栋,座号,B座,合同号,--,拟售价格,54018.26元/平方米(按建筑面积计)楼层,10,房号,1002,用途,住宅,,建筑面积82.88平方米,户内面积,63.07平方米,分摊面积,19.81平方米,户内面积,--平方米,分摊面积--平方米,建筑面积,--平方米
项目楼栋情况,珑湾上城花园1栋,座号,B座,合同号,--,拟售价格,53918.26元/平方米(按建筑面积计)楼层,10,房号,1003,用途,住宅,,建筑面积91.84平方米,户内面积,69.89平方米,分摊面积,21.95平方米,户内面积,--平方米,分摊面积--平方米,建筑面积,--平方米
项目楼栋情况,珑湾上城花园1栋,座号,B座,合同号,--,拟售价格,51852.25元/平方米(按建筑面积计)楼层,10,房号,1004,用途,住宅,,建筑面积91.84平方米,户内面积,69.89平方米,分摊面积,21.95平方米,户内面积,--平方米,分摊面积--平方米,建筑面积,--平方米
项目楼栋情况,珑湾上城花园1栋,座号,B座,合同号,--,拟售价格,51752.26元/平方米(按建筑面积计)楼层,10,房号,1005,用途,住宅,,建筑面积82.88平方米,户内面积,63.07平方米,分摊面积,19.81平方米,户内面积,--平方米,分摊面积--平方米,建筑面积,--平方米
项目楼栋情况,珑湾上城花园1栋,座号,B座,合同号,--,拟售价格,51852.25元/平方米(按建筑面积计)楼层,10,房号,1006,用途,住宅,,建筑面积111.15平方米,户内面积,84.58平方米,分摊面积,26.57平方米,户内面积,--平方米,分摊面积--平方米,建筑面积,--平方米
项目楼栋情况,珑湾上城花园1栋,座号,B座,合同号,--,拟售价格,50202.26元/平方米(按建筑面积计)楼层,9,房号,901,用途,住宅,,建筑面积111.15平方米,户内面积,84.58平方米,分摊面积,26.57平方米,户内面积,--平方米,分摊面积--平方米,建筑面积,--平方米
项目楼栋情况,珑湾上城花园1栋,座号,B座,合同号,--,拟售价格,53968.26元/平方米(按建筑面积计)楼层,9,房号,902,用途,住宅,,建筑面积82.88平方米,户内面积,63.07平方米,分摊面积,19.81平方米,户内面积,--平方米,分摊面积--平方米,建筑面积,--平方米
项目楼栋情况,珑湾上城花园1栋,座号,B座,合同号,--,拟售价格,53868.26元/平方米(按建筑面积计)楼层,9,房号,903,用途,住宅,,建筑面积91.84平方米,户内面积,69.89平方米,分摊面积,21.95平方米,户内面积,--平方米,分摊面积--平方米,建筑面积,--平方米
项目楼栋情况,珑湾上城花园1栋,座号,B座,合同号,--,拟售价格,51802.25元/平方米(按建筑面积计)楼层,9,房号,904,用途,住宅,,建筑面积91.84平方米,户内面积,69.89平方米,分摊面积,21.95平方米,户内面积,--平方米,分摊面积--平方米,建筑面积,--平方米
项目楼栋情况,珑湾上城花园1栋,座号,B座,合同号,--,拟售价格,51702.26元/平方米(按建筑面积计)楼层,9,房号,905,用途,住宅,,建筑面积82.88平方米,户内面积,63.07平方米,分摊面积,19.81平方米,户内面积,--平方米,分摊面积--平方米,建筑面积,--平方米
项目楼栋情况,珑湾上城花园1栋,座号,B座,合同号,--,拟售价格,51802.26元/平方米(按建筑面积计)楼层,9,房号,906,用途,住宅,,建筑面积111.15平方米,户内面积,84.58平方米,分摊面积,26.57平方米,户内面积,--平方米,分摊面积--平方米,建筑面积,--平方米
项目楼栋情况,珑湾上城花园1栋,座号,B座,合同号,--,拟售价格,50152.25元/平方米(按建筑面积计)楼层,8,房号,801,用途,住宅,,建筑面积111.15平方米,户内面积,84.58平方米,分摊面积,26.57平方米,户内面积,--平方米,分摊面积--平方米,建筑面积,--平方米
项目楼栋情况,珑湾上城花园1栋,座号,B座,合同号,--,拟售价格,53718.26元/平方米(按建筑面积计)楼层,8,房号,802,用途,住宅,,建筑面积82.88平方米,户内面积,63.07平方米,分摊面积,19.81平方米,户内面积,--平方米,分摊面积--平方米,建筑面积,--平方米
项目楼栋情况,珑湾上城花园1栋,座号,B座,合同号,--,拟售价格,53818.26元/平方米(按建筑面积计)楼层,8,房号,803,用途,住宅,,建筑面积91.84平方米,户内面积,69.89平方米,分摊面积,21.95平方米,户内面积,--平方米,分摊面积--平方米,建筑面积,--平方米
项目楼栋情况,珑湾上城花园1栋,座号,B座,合同号,--,拟售价格,51752.25元/平方米(按建筑面积计)楼层,8,房号,804,用途,住宅,,建筑面积91.84平方米,户内面积,69.89平方米,分摊面积,21.95平方米,户内面积,--平方米,分摊面积--平方米,建筑面积,--平方米
项目楼栋情况,珑湾上城花园1栋,座号,B座,合同号,--,拟售价格,51652.26元/平方米(按建筑面积计)楼层,8,房号,805,用途,住宅,,建筑面积82.88平方米,户内面积,63.07平方米,分摊面积,19.81平方米,户内面积,--平方米,分摊面积--平方米,建筑面积,--平方米
项目楼栋情况,珑湾上城花园1栋,座号,B座,合同号,--,拟售价格,51752.25元/平方米(按建筑面积计)楼层,8,房号,806,用途,住宅,,建筑面积111.15平方米,户内面积,84.58平方米,分摊面积,26.57平方米,户内面积,--平方米,分摊面积--平方米,建筑面积,--平方米
项目楼栋情况,珑湾上城花园1栋,座号,B座,合同号,--,拟售价格,50102.26元/平方米(按建筑面积计)楼层,7,房号,701,用途,住宅,,建筑面积111.15平方米,户内面积,84.58平方米,分摊面积,26.57平方米,户内面积,--平方米,分摊面积--平方米,建筑面积,--平方米
项目楼栋情况,珑湾上城花园1栋,座号,B座,合同号,--,拟售价格,53668.26元/平方米(按建筑面积计)楼层,7,房号,702,用途,住宅,,建筑面积82.88平方米,户内面积,63.07平方米,分摊面积,19.81平方米,户内面积,--平方米,分摊面积--平方米,建筑面积,--平方米
项目楼栋情况,珑湾上城花园1栋,座号,B座,合同号,--,拟售价格,53768.26元/平方米(按建筑面积计)楼层,7,房号,703,用途,住宅,,建筑面积91.84平方米,户内面积,69.89平方米,分摊面积,21.95平方米,户内面积,--平方米,分摊面积--平方米,建筑面积,--平方米
项目楼栋情况,珑湾上城花园1栋,座号,B座,合同号,--,拟售价格,51702.25元/平方米(按建筑面积计)楼层,7,房号,704,用途,住宅,,建筑面积91.84平方米,户内面积,69.89平方米,分摊面积,21.95平方米,户内面积,--平方米,分摊面积--平方米,建筑面积,--平方米
项目楼栋情况,珑湾上城花园1栋,座号,B座,合同号,--,拟售价格,51602.26元/平方米(按建筑面积计)楼层,7,房号,705,用途,住宅,,建筑面积82.88平方米,户内面积,63.07平方米,分摊面积,19.81平方米,户内面积,--平方米,分摊面积--平方米,建筑面积,--平方米
项目楼栋情况,珑湾上城花园1栋,座号,B座,合同号,--,拟售价格,51702.26元/平方米(按建筑面积计)楼层,7,房号,706,用途,住宅,,建筑面积111.15平方米,户内面积,84.58平方米,分摊面积,26.57平方米,户内面积,--平方米,分摊面积--平方米,建筑面积,--平方米
项目楼栋情况,珑湾上城花园1栋,座号,B座,合同号,--,拟售价格,50052.25元/平方米(按建筑面积计)楼层,6,房号,601,用途,住宅,,建筑面积111.15平方米,户内面积,84.58平方米,分摊面积,26.57平方米,户内面积,--平方米,分摊面积--平方米,建筑面积,--平方米
项目楼栋情况,珑湾上城花园1栋,座号,B座,合同号,--,拟售价格,53618.26元/平方米(按建筑面积计)楼层,6,房号,602,用途,住宅,,建筑面积82.88平方米,户内面积,63.07平方米,分摊面积,19.81平方米,户内面积,--平方米,分摊面积--平方米,建筑面积,--平方米
项目楼栋情况,珑湾上城花园1栋,座号,B座,合同号,--,拟售价格,53718.26元/平方米(按建筑面积计)楼层,6,房号,603,用途,住宅,,建筑面积91.84平方米,户内面积,69.89平方米,分摊面积,21.95平方米,户内面积,--平方米,分摊面积--平方米,建筑面积,--平方米
项目楼栋情况,珑湾上城花园1栋,座号,B座,合同号,--,拟售价格,51652.25元/平方米(按建筑面积计)楼层,6,房号,604,用途,住宅,,建筑面积91.84平方米,户内面积,69.89平方米,分摊面积,21.95平方米,户内面积,--平方米,分摊面积--平方米,建筑面积,--平方米
项目楼栋情况,珑湾上城花园1栋,座号,B座,合同号,--,拟售价格,51552.26元/平方米(按建筑面积计)楼层,6,房号,605,用途,住宅,,建筑面积82.88平方米,户内面积,63.07平方米,分摊面积,19.81平方米,户内面积,--平方米,分摊面积--平方米,建筑面积,--平方米
项目楼栋情况,珑湾上城花园1栋,座号,B座,合同号,--,拟售价格,51652.25元/平方米(按建筑面积计)楼层,6,房号,606,用途,住宅,,建筑面积111.15平方米,户内面积,84.58平方米,分摊面积,26.57平方米,户内面积,--平方米,分摊面积--平方米,建筑面积,--平方米
项目楼栋情况,珑湾上城花园1栋,座号,B座,合同号,--,拟售价格,50002.26元/平方米(按建筑面积计)楼层,5,房号,501,用途,住宅,,建筑面积111.15平方米,户内面积,84.58平方米,分摊面积,26.57平方米,户内面积,--平方米,分摊面积--平方米,建筑面积,--平方米
项目楼栋情况,珑湾上城花园1栋,座号,B座,合同号,--,拟售价格,53568.26元/平方米(按建筑面积计)楼层,5,房号,502,用途,住宅,,建筑面积82.88平方米,户内面积,63.07平方米,分摊面积,19.81平方米,户内面积,--平方米,分摊面积--平方米,建筑面积,--平方米
项目楼栋情况,珑湾上城花园1栋,座号,B座,合同号,--,拟售价格,53668.26元/平方米(按建筑面积计)楼层,5,房号,503,用途,住宅,,建筑面积91.84平方米,户内面积,69.89平方米,分摊面积,21.95平方米,户内面积,--平方米,分摊面积--平方米,建筑面积,--平方米
项目楼栋情况,珑湾上城花园1栋,座号,B座,合同号,--,拟售价格,51602.25元/平方米(按建筑面积计)楼层,5,房号,504,用途,住宅,,建筑面积91.84平方米,户内面积,69.89平方米,分摊面积,21.95平方米,户内面积,--平方米,分摊面积--平方米,建筑面积,--平方米
项目楼栋情况,珑湾上城花园1栋,座号,B座,合同号,--,拟售价格,51502.26元/平方米(按建筑面积计)楼层,5,房号,505,用途,住宅,,建筑面积82.88平方米,户内面积,63.07平方米,分摊面积,19.81平方米,户内面积,--平方米,分摊面积--平方米,建筑面积,--平方米
项目楼栋情况,珑湾上城花园1栋,座号,B座,合同号,--,拟售价格,51602.26元/平方米(按建筑面积计)楼层,5,房号,506,用途,住宅,,建筑面积111.15平方米,户内面积,84.58平方米,分摊面积,26.57平方米,户内面积,--平方米,分摊面积--平方米,建筑面积,--平方米
项目楼栋情况,珑湾上城花园1栋,座号,B座,合同号,--,拟售价格,49952.25元/平方米(按建筑面积计)楼层,4,房号,401,用途,住宅,,建筑面积111.15平方米,户内面积,84.58平方米,分摊面积,26.57平方米,户内面积,--平方米,分摊面积--平方米,建筑面积,--平方米
项目楼栋情况,珑湾上城花园1栋,座号,B座,合同号,--,拟售价格,53518.26元/平方米(按建筑面积计)楼层,4,房号,402,用途,住宅,,建筑面积82.88平方米,户内面积,63.07平方米,分摊面积,19.81平方米,户内面积,--平方米,分摊面积--平方米,建筑面积,--平方米
项目楼栋情况,珑湾上城花园1栋,座号,B座,合同号,--,拟售价格,53618.26元/平方米(按建筑面积计)楼层,4,房号,403,用途,住宅,,建筑面积91.84平方米,户内面积,69.89平方米,分摊面积,21.95平方米,户内面积,--平方米,分摊面积--平方米,建筑面积,--平方米
项目楼栋情况,珑湾上城花园1栋,座号,B座,合同号,--,拟售价格,51552.25元/平方米(按建筑面积计)楼层,4,房号,404,用途,住宅,,建筑面积91.84平方米,户内面积,69.89平方米,分摊面积,21.95平方米,户内面积,--平方米,分摊面积--平方米,建筑面积,--平方米
项目楼栋情况,珑湾上城花园1栋,座号,B座,合同号,--,拟售价格,51452.26元/平方米(按建筑面积计)楼层,4,房号,405,用途,住宅,,建筑面积82.88平方米,户内面积,63.07平方米,分摊面积,19.81平方米,户内面积,--平方米,分摊面积--平方米,建筑面积,--平方米
项目楼栋情况,珑湾上城花园1栋,座号,B座,合同号,--,拟售价格,51552.25元/平方米(按建筑面积计)楼层,4,房号,406,用途,住宅,,建筑面积111.15平方米,户内面积,84.58平方米,分摊面积,26.57平方米,户内面积,--平方米,分摊面积--平方米,建筑面积,--平方米
项目楼栋情况,珑湾上城花园1栋,座号,B座,合同号,--,拟售价格,49702.26元/平方米(按建筑面积计)楼层,3,房号,301,用途,住宅,,建筑面积111.14平方米,户内面积,84.58平方米,分摊面积,26.56平方米,户内面积,--平方米,分摊面积--平方米,建筑面积,--平方米
项目楼栋情况,珑湾上城花园1栋,座号,B座,合同号,--,拟售价格,53268.25元/平方米(按建筑面积计)楼层,3,房号,302,用途,住宅,,建筑面积83.06平方米,户内面积,63.21平方米,分摊面积,19.85平方米,户内面积,--平方米,分摊面积--平方米,建筑面积,--平方米
项目楼栋情况,珑湾上城花园1栋,座号,B座,合同号,--,拟售价格,53368.26元/平方米(按建筑面积计)楼层,3,房号,303,用途,住宅,,建筑面积91.92平方米,户内面积,69.95平方米,分摊面积,21.97平方米,户内面积,--平方米,分摊面积--平方米,建筑面积,--平方米
项目楼栋情况,珑湾上城花园1栋,座号,B座,合同号,--,拟售价格,51302.25元/平方米(按建筑面积计)楼层,3,房号,304,用途,住宅,,建筑面积91.92平方米,户内面积,69.95平方米,分摊面积,21.97平方米,户内面积,--平方米,分摊面积--平方米,建筑面积,--平方米
项目楼栋情况,珑湾上城花园1栋,座号,B座,合同号,--,拟售价格,51202.25元/平方米(按建筑面积计)楼层,3,房号,305,用途,住宅,,建筑面积83.06平方米,户内面积,63.2平方米,分摊面积,19.86平方米,户内面积,--平方米,分摊面积--平方米,建筑面积,--平方米
项目楼栋情况,珑湾上城花园1栋,座号,B座,合同号,--,拟售价格,51302.26元/平方米(按建筑面积计)楼层,3,房号,306,用途,住宅,,建筑面积111.14平方米,户内面积,84.58平方米,分摊面积,26.56平方米,户内面积,--平方米,分摊面积--平方米,建筑面积,--平方米
项目楼栋情况,珑湾上城花园1栋,座号,B座,合同号,--,拟售价格,48152.25元/平方米(按建筑面积计)楼层,2,房号,201,用途,住宅,,建筑面积110.83平方米,户内面积,84.34平方米,分摊面积,26.49平方米,户内面积,--平方米,分摊面积--平方米,建筑面积,--平方米
项目楼栋情况,珑湾上城花园1栋,座号,B座,合同号,--,拟售价格,51718.26元/平方米(按建筑面积计)楼层,2,房号,202,用途,住宅,,建筑面积82.86平方米,户内面积,63.06平方米,分摊面积,19.8平方米,户内面积,--平方米,分摊面积--平方米,建筑面积,--平方米
项目楼栋情况,珑湾上城花园1栋,座号,B座,合同号,--,拟售价格,51818.26元/平方米(按建筑面积计)楼层,2,房号,203,用途,住宅,,建筑面积91.58平方米,户内面积,69.69平方米,分摊面积,21.89平方米,户内面积,--平方米,分摊面积--平方米,建筑面积,--平方米
项目楼栋情况,珑湾上城花园1栋,座号,B座,合同号,--,拟售价格,49752.26元/平方米(按建筑面积计)楼层,2,房号,204,用途,住宅,,建筑面积91.58平方米,户内面积,69.69平方米,分摊面积,21.89平方米,户内面积,--平方米,分摊面积--平方米,建筑面积,--平方米
项目楼栋情况,珑湾上城花园1栋,座号,B座,合同号,--,拟售价格,49652.25元/平方米(按建筑面积计)楼层,2,房号,205,用途,住宅,,建筑面积82.96平方米,户内面积,63.13平方米,分摊面积,19.83平方米,户内面积,--平方米,分摊面积--平方米,建筑面积,--平方米
项目楼栋情况,珑湾上城花园1栋,座号,B座,合同号,--,拟售价格,49752.25元/平方米(按建筑面积计)楼层,2,房号,206,用途,住宅,,建筑面积110.83平方米,户内面积,84.34平方米,分摊面积,26.49平方米,户内面积,--平方米,分摊面积--平方米,建筑面积,--平方米
项目楼栋情况,珑湾上城花园2栋,座号,C座,合同号,--,拟售价格,52902.24元/平方米(按建筑面积计)楼层,7,房号,705,用途,住宅,,建筑面积112.77平方米,户内面积,87.33平方米,分摊面积,25.44平方米,户内面积,--平方米,分摊面积--平方米,建筑面积,--平方米
项目楼栋情况,珑湾上城花园2栋,座号,C座,合同号,--,拟售价格,50432.25元/平方米(按建筑面积计)楼层,6,房号,601,用途,住宅,,建筑面积77.71平方米,户内面积,60.18平方米,分摊面积,17.53平方米,户内面积,--平方米,分摊面积--平方米,建筑面积,--平方米
项目楼栋情况,珑湾上城花园2栋,座号,C座,合同号,--,拟售价格,51432.24元/平方米(按建筑面积计)楼层,6,房号,602,用途,住宅,,建筑面积89.51平方米,户内面积,69.32平方米,分摊面积,20.19平方米,户内面积,--平方米,分摊面积--平方米,建筑面积,--平方米
项目楼栋情况,珑湾上城花园2栋,座号,C座,合同号,--,拟售价格,51632.24元/平方米(按建筑面积计)楼层,6,房号,603,用途,住宅,,建筑面积平方米,户内面积,平方米,分摊面积,平方米,户内面积,平方米,分摊面积平方米,建筑面积,平方米
项目楼栋情况,珑湾上城花园2栋,座号,C座,合同号,--,拟售价格,51332.24元/平方米(按建筑面积计)楼层,6,房号,604,用途,住宅,,建筑面积平方米,户内面积,平方米,分摊面积,平方米,户内面积,平方米,分摊面积平方米,建筑面积,平方米
项目楼栋情况,珑湾上城花园2栋,座号,C座,合同号,--,拟售价格,52832.24元/平方米(按建筑面积计)楼层,6,房号,605,用途,住宅,,建筑面积112.77平方米,户内面积,87.33平方米,分摊面积,25.44平方米,户内面积,--平方米,分摊面积--平方米,建筑面积,--平方米
项目楼栋情况,珑湾上城花园2栋,座号,C座,合同号,--,拟售价格,50362.24元/平方米(按建筑面积计)楼层,5,房号,501,用途,住宅,,建筑面积77.71平方米,户内面积,60.18平方米,分摊面积,17.53平方米,户内面积,--平方米,分摊面积--平方米,建筑面积,--平方米
项目楼栋情况,珑湾上城花园2栋,座号,C座,合同号,--,拟售价格,51362.24元/平方米(按建筑面积计)楼层,5,房号,502,用途,住宅,,建筑面积89.51平方米,户内面积,69.32平方米,分摊面积,20.19平方米,户内面积,--平方米,分摊面积--平方米,建筑面积,--平方米
项目楼栋情况,珑湾上城花园2栋,座号,C座,合同号,--,拟售价格,51562.25元/平方米(按建筑面积计)楼层,5,房号,503,用途,住宅,,建筑面积平方米,户内面积,平方米,分摊面积,平方米,户内面积,平方米,分摊面积平方米,建筑面积,平方米
项目楼栋情况,珑湾上城花园2栋,座号,C座,合同号,--,拟售价格,51262.25元/平方米(按建筑面积计)楼层,5,房号,504,用途,住宅,,建筑面积平方米,户内面积,平方米,分摊面积,平方米,户内面积,平方米,分摊面积平方米,建筑面积,平方米
项目楼栋情况,珑湾上城花园2栋,座号,C座,合同号,--,拟售价格,52762.24元/平方米(按建筑面积计)楼层,5,房号,505,用途,住宅,,建筑面积112.77平方米,户内面积,87.33平方米,分摊面积,25.44平方米,户内面积,--平方米,分摊面积--平方米,建筑面积,--平方米
项目楼栋情况,珑湾上城花园2栋,座号,C座,合同号,--,拟售价格,50292.24元/平方米(按建筑面积计)楼层,4,房号,401,用途,住宅,,建筑面积77.71平方米,户内面积,60.18平方米,分摊面积,17.53平方米,户内面积,--平方米,分摊面积--平方米,建筑面积,--平方米
项目楼栋情况,珑湾上城花园2栋,座号,C座,合同号,--,拟售价格,51292.25元/平方米(按建筑面积计)楼层,4,房号,402,用途,住宅,,建筑面积89.51平方米,户内面积,69.32平方米,分摊面积,20.19平方米,户内面积,--平方米,分摊面积--平方米,建筑面积,--平方米
项目楼栋情况,珑湾上城花园2栋,座号,C座,合同号,--,拟售价格,51492.24元/平方米(按建筑面积计)楼层,4,房号,403,用途,住宅,,建筑面积平方米,户内面积,平方米,分摊面积,平方米,户内面积,平方米,分摊面积平方米,建筑面积,平方米
项目楼栋情况,珑湾上城花园2栋,座号,C座,合同号,--,拟售价格,51192.24元/平方米(按建筑面积计)楼层,4,房号,404,用途,住宅,,建筑面积平方米,户内面积,平方米,分摊面积,平方米,户内面积,平方米,分摊面积平方米,建筑面积,平方米
项目楼栋情况,珑湾上城花园2栋,座号,C座,合同号,--,拟售价格,52692.24元/平方米(按建筑面积计)楼层,4,房号,405,用途,住宅,,建筑面积112.77平方米,户内面积,87.33平方米,分摊面积,25.44平方米,户内面积,--平方米,分摊面积--平方米,建筑面积,--平方米
项目楼栋情况,珑湾上城花园2栋,座号,C座,合同号,--,拟售价格,50022.25元/平方米(按建筑面积计)楼层,3,房号,301,用途,住宅,,建筑面积77.71平方米,户内面积,60.18平方米,分摊面积,17.53平方米,户内面积,--平方米,分摊面积--平方米,建筑面积,--平方米
项目楼栋情况,珑湾上城花园2栋,座号,C座,合同号,--,拟售价格,51022.24元/平方米(按建筑面积计)楼层,3,房号,302,用途,住宅,,建筑面积89.51平方米,户内面积,69.32平方米,分摊面积,20.19平方米,户内面积,--平方米,分摊面积--平方米,建筑面积,--平方米
项目楼栋情况,珑湾上城花园2栋,座号,C座,合同号,--,拟售价格,51222.24元/平方米(按建筑面积计)楼层,3,房号,303,用途,住宅,,建筑面积平方米,户内面积,平方米,分摊面积,平方米,户内面积,平方米,分摊面积平方米,建筑面积,平方米
项目楼栋情况,珑湾上城花园2栋,座号,C座,合同号,--,拟售价格,50922.24元/平方米(按建筑面积计)楼层,3,房号,304,用途,住宅,,建筑面积平方米,户内面积,平方米,分摊面积,平方米,户内面积,平方米,分摊面积平方米,建筑面积,平方米
项目楼栋情况,珑湾上城花园2栋,座号,C座,合同号,--,拟售价格,52422.25元/平方米(按建筑面积计)楼层,3,房号,305,用途,住宅,,建筑面积112.77平方米,户内面积,87.33平方米,分摊面积,25.44平方米,户内面积,--平方米,分摊面积--平方米,建筑面积,--平方米
项目楼栋情况,珑湾上城花园2栋,座号,C座,合同号,--,拟售价格,48452.25元/平方米(按建筑面积计)楼层,2,房号,201,用途,住宅,,建筑面积77.71平方米,户内面积,60.18平方米,分摊面积,17.53平方米,户内面积,--平方米,分摊面积--平方米,建筑面积,--平方米
项目楼栋情况,珑湾上城花园2栋,座号,C座,合同号,--,拟售价格,49452.24元/平方米(按建筑面积计)楼层,2,房号,202,用途,住宅,,建筑面积89.51平方米,户内面积,69.32平方米,分摊面积,20.19平方米,户内面积,--平方米,分摊面积--平方米,建筑面积,--平方米
项目楼栋情况,珑湾上城花园2栋,座号,C座,合同号,--,拟售价格,49652.25元/平方米(按建筑面积计)楼层,2,房号,203,用途,住宅,,建筑面积平方米,户内面积,平方米,分摊面积,平方米,户内面积,平方米,分摊面积平方米,建筑面积,平方米
项目楼栋情况,珑湾上城花园2栋,座号,C座,合同号,--,拟售价格,49352.25元/平方米(按建筑面积计)楼层,2,房号,204,用途,住宅,,建筑面积平方米,户内面积,平方米,分摊面积,平方米,户内面积,平方米,分摊面积平方米,建筑面积,平方米
项目楼栋情况,珑湾上城花园2栋,座号,C座,合同号,--,拟售价格,50852.25元/平方米(按建筑面积计)楼层,2,房号,205,用途,住宅,,建筑面积112.77平方米,户内面积,87.33平方米,分摊面积,25.44平方米,户内面积,--平方米,分摊面积--平方米,建筑面积,--平方米
项目楼栋情况,珑湾上城花园2栋,座号,B座,合同号,--,拟售价格,54252.25元/平方米(按建筑面积计)楼层,17,房号,1701,用途,住宅,,建筑面积117.92平方米,户内面积,95.97平方米,分摊面积,21.95平方米,户内面积,--平方米,分摊面积--平方米,建筑面积,--平方米
项目楼栋情况,珑湾上城花园2栋,座号,B座,合同号,--,拟售价格,54252.25元/平方米(按建筑面积计)楼层,17,房号,1702,用途,住宅,,建筑面积118.46平方米,户内面积,96.41平方米,分摊面积,22.05平方米,户内面积,--平方米,分摊面积--平方米,建筑面积,--平方米
项目楼栋情况,珑湾上城花园2栋,座号,B座,合同号,--,拟售价格,55152.25元/平方米(按建筑面积计)楼层,17,房号,1703,用途,住宅,,建筑面积平方米,户内面积,平方米,分摊面积,平方米,户内面积,平方米,分摊面积平方米,建筑面积,平方米
项目楼栋情况,珑湾上城花园2栋,座号,B座,合同号,--,拟售价格,54332.24元/平方米(按建筑面积计)楼层,16,房号,1601,用途,住宅,,建筑面积117.92平方米,户内面积,95.97平方米,分摊面积,21.95平方米,户内面积,--平方米,分摊面积--平方米,建筑面积,--平方米
项目楼栋情况,珑湾上城花园2栋,座号,B座,合同号,--,拟售价格,54332.25元/平方米(按建筑面积计)楼层,16,房号,1602,用途,住宅,,建筑面积118.46平方米,户内面积,96.41平方米,分摊面积,22.05平方米,户内面积,--平方米,分摊面积--平方米,建筑面积,--平方米
项目楼栋情况,珑湾上城花园2栋,座号,B座,合同号,--,拟售价格,55232.24元/平方米(按建筑面积计)楼层,16,房号,1603,用途,住宅,,建筑面积平方米,户内面积,平方米,分摊面积,平方米,户内面积,平方米,分摊面积平方米,建筑面积,平方米
项目楼栋情况,珑湾上城花园2栋,座号,B座,合同号,--,拟售价格,54212.25元/平方米(按建筑面积计)楼层,15,房号,1501,用途,住宅,,建筑面积117.92平方米,户内面积,95.97平方米,分摊面积,21.95平方米,户内面积,--平方米,分摊面积--平方米,建筑面积,--平方米
项目楼栋情况,珑湾上城花园2栋,座号,B座,合同号,--,拟售价格,54212.25元/平方米(按建筑面积计)楼层,15,房号,1502,用途,住宅,,建筑面积118.46平方米,户内面积,96.41平方米,分摊面积,22.05平方米,户内面积,--平方米,分摊面积--平方米,建筑面积,--平方米
项目楼栋情况,珑湾上城花园2栋,座号,B座,合同号,--,拟售价格,55112.25元/平方米(按建筑面积计)楼层,15,房号,1503,用途,住宅,,建筑面积平方米,户内面积,平方米,分摊面积,平方米,户内面积,平方米,分摊面积平方米,建筑面积,平方米
项目楼栋情况,珑湾上城花园2栋,座号,B座,合同号,--,拟售价格,54092.25元/平方米(按建筑面积计)楼层,14,房号,1401,用途,住宅,,建筑面积117.92平方米,户内面积,95.97平方米,分摊面积,21.95平方米,户内面积,--平方米,分摊面积--平方米,建筑面积,--平方米
项目楼栋情况,珑湾上城花园2栋,座号,B座,合同号,--,拟售价格,54092.24元/平方米(按建筑面积计)楼层,14,房号,1402,用途,住宅,,建筑面积118.46平方米,户内面积,96.41平方米,分摊面积,22.05平方米,户内面积,--平方米,分摊面积--平方米,建筑面积,--平方米
项目楼栋情况,珑湾上城花园2栋,座号,B座,合同号,--,拟售价格,54992.25元/平方米(按建筑面积计)楼层,14,房号,1403,用途,住宅,,建筑面积平方米,户内面积,平方米,分摊面积,平方米,户内面积,平方米,分摊面积平方米,建筑面积,平方米
项目楼栋情况,珑湾上城花园2栋,座号,B座,合同号,--,拟售价格,53972.24元/平方米(按建筑面积计)楼层,13,房号,1301,用途,住宅,,建筑面积117.92平方米,户内面积,95.97平方米,分摊面积,21.95平方米,户内面积,--平方米,分摊面积--平方米,建筑面积,--平方米
项目楼栋情况,珑湾上城花园2栋,座号,B座,合同号,--,拟售价格,53972.24元/平方米(按建筑面积计)楼层,13,房号,1302,用途,住宅,,建筑面积118.46平方米,户内面积,96.41平方米,分摊面积,22.05平方米,户内面积,--平方米,分摊面积--平方米,建筑面积,--平方米
项目楼栋情况,珑湾上城花园2栋,座号,B座,合同号,--,拟售价格,54872.24元/平方米(按建筑面积计)楼层,13,房号,1303,用途,住宅,,建筑面积平方米,户内面积,平方米,分摊面积,平方米,户内面积,平方米,分摊面积平方米,建筑面积,平方米
项目楼栋情况,珑湾上城花园2栋,座号,B座,合同号,--,拟售价格,53852.25元/平方米(按建筑面积计)楼层,12,房号,1201,用途,住宅,,建筑面积117.92平方米,户内面积,95.97平方米,分摊面积,21.95平方米,户内面积,--平方米,分摊面积--平方米,建筑面积,--平方米
项目楼栋情况,珑湾上城花园2栋,座号,B座,合同号,--,拟售价格,53852.25元/平方米(按建筑面积计)楼层,12,房号,1202,用途,住宅,,建筑面积118.46平方米,户内面积,96.41平方米,分摊面积,22.05平方米,户内面积,--平方米,分摊面积--平方米,建筑面积,--平方米
项目楼栋情况,珑湾上城花园2栋,座号,B座,合同号,--,拟售价格,54752.25元/平方米(按建筑面积计)楼层,12,房号,1203,用途,住宅,,建筑面积平方米,户内面积,平方米,分摊面积,平方米,户内面积,平方米,分摊面积平方米,建筑面积,平方米
项目楼栋情况,珑湾上城花园2栋,座号,B座,合同号,--,拟售价格,53732.24元/平方米(按建筑面积计)楼层,11,房号,1101,用途,住宅,,建筑面积117.92平方米,户内面积,95.97平方米,分摊面积,21.95平方米,户内面积,--平方米,分摊面积--平方米,建筑面积,--平方米
项目楼栋情况,珑湾上城花园2栋,座号,B座,合同号,--,拟售价格,53732.25元/平方米(按建筑面积计)楼层,11,房号,1102,用途,住宅,,建筑面积118.46平方米,户内面积,96.41平方米,分摊面积,22.05平方米,户内面积,--平方米,分摊面积--平方米,建筑面积,--平方米
项目楼栋情况,珑湾上城花园2栋,座号,B座,合同号,--,拟售价格,54632.24元/平方米(按建筑面积计)楼层,11,房号,1103,用途,住宅,,建筑面积平方米,户内面积,平方米,分摊面积,平方米,户内面积,平方米,分摊面积平方米,建筑面积,平方米
项目楼栋情况,珑湾上城花园2栋,座号,B座,合同号,--,拟售价格,53612.25元/平方米(按建筑面积计)楼层,10,房号,1001,用途,住宅,,建筑面积117.92平方米,户内面积,95.97平方米,分摊面积,21.95平方米,户内面积,--平方米,分摊面积--平方米,建筑面积,--平方米
项目楼栋情况,珑湾上城花园2栋,座号,B座,合同号,--,拟售价格,53612.25元/平方米(按建筑面积计)楼层,10,房号,1002,用途,住宅,,建筑面积118.46平方米,户内面积,96.41平方米,分摊面积,22.05平方米,户内面积,--平方米,分摊面积--平方米,建筑面积,--平方米
项目楼栋情况,珑湾上城花园2栋,座号,B座,合同号,--,拟售价格,54512.25元/平方米(按建筑面积计)楼层,10,房号,1003,用途,住宅,,建筑面积平方米,户内面积,平方米,分摊面积,平方米,户内面积,平方米,分摊面积平方米,建筑面积,平方米
项目楼栋情况,珑湾上城花园2栋,座号,B座,合同号,--,拟售价格,53492.25元/平方米(按建筑面积计)楼层,9,房号,901,用途,住宅,,建筑面积117.92平方米,户内面积,95.97平方米,分摊面积,21.95平方米,户内面积,--平方米,分摊面积--平方米,建筑面积,--平方米
项目楼栋情况,珑湾上城花园2栋,座号,B座,合同号,--,拟售价格,53492.24元/平方米(按建筑面积计)楼层,9,房号,902,用途,住宅,,建筑面积118.46平方米,户内面积,96.41平方米,分摊面积,22.05平方米,户内面积,--平方米,分摊面积--平方米,建筑面积,--平方米
项目楼栋情况,珑湾上城花园2栋,座号,B座,合同号,--,拟售价格,54392.25元/平方米(按建筑面积计)楼层,9,房号,903,用途,住宅,,建筑面积平方米,户内面积,平方米,分摊面积,平方米,户内面积,平方米,分摊面积平方米,建筑面积,平方米
项目楼栋情况,珑湾上城花园2栋,座号,B座,合同号,--,拟售价格,53172.24元/平方米(按建筑面积计)楼层,8,房号,801,用途,住宅,,建筑面积117.92平方米,户内面积,95.97平方米,分摊面积,21.95平方米,户内面积,--平方米,分摊面积--平方米,建筑面积,--平方米
项目楼栋情况,珑湾上城花园2栋,座号,B座,合同号,--,拟售价格,53372.24元/平方米(按建筑面积计)楼层,8,房号,802,用途,住宅,,建筑面积118.46平方米,户内面积,96.41平方米,分摊面积,22.05平方米,户内面积,--平方米,分摊面积--平方米,建筑面积,--平方米
项目楼栋情况,珑湾上城花园2栋,座号,B座,合同号,--,拟售价格,54072.24元/平方米(按建筑面积计)楼层,8,房号,803,用途,住宅,,建筑面积平方米,户内面积,平方米,分摊面积,平方米,户内面积,平方米,分摊面积平方米,建筑面积,平方米
项目楼栋情况,珑湾上城花园2栋,座号,B座,合同号,--,拟售价格,53052.25元/平方米(按建筑面积计)楼层,7,房号,701,用途,住宅,,建筑面积117.92平方米,户内面积,95.97平方米,分摊面积,21.95平方米,户内面积,--平方米,分摊面积--平方米,建筑面积,--平方米
项目楼栋情况,珑湾上城花园2栋,座号,B座,合同号,--,拟售价格,53252.25元/平方米(按建筑面积计)楼层,7,房号,702,用途,住宅,,建筑面积118.46平方米,户内面积,96.41平方米,分摊面积,22.05平方米,户内面积,--平方米,分摊面积--平方米,建筑面积,--平方米
项目楼栋情况,珑湾上城花园2栋,座号,B座,合同号,--,拟售价格,53952.25元/平方米(按建筑面积计)楼层,7,房号,703,用途,住宅,,建筑面积平方米,户内面积,平方米,分摊面积,平方米,户内面积,平方米,分摊面积平方米,建筑面积,平方米
项目楼栋情况,珑湾上城花园2栋,座号,B座,合同号,--,拟售价格,52932.24元/平方米(按建筑面积计)楼层,6,房号,601,用途,住宅,,建筑面积117.92平方米,户内面积,95.97平方米,分摊面积,21.95平方米,户内面积,--平方米,分摊面积--平方米,建筑面积,--平方米
项目楼栋情况,珑湾上城花园2栋,座号,B座,合同号,--,拟售价格,53132.25元/平方米(按建筑面积计)楼层,6,房号,602,用途,住宅,,建筑面积118.46平方米,户内面积,96.41平方米,分摊面积,22.05平方米,户内面积,--平方米,分摊面积--平方米,建筑面积,--平方米
项目楼栋情况,珑湾上城花园2栋,座号,B座,合同号,--,拟售价格,53832.24元/平方米(按建筑面积计)楼层,6,房号,603,用途,住宅,,建筑面积平方米,户内面积,平方米,分摊面积,平方米,户内面积,平方米,分摊面积平方米,建筑面积,平方米
项目楼栋情况,珑湾上城花园2栋,座号,B座,合同号,--,拟售价格,52812.25元/平方米(按建筑面积计)楼层,5,房号,501,用途,住宅,,建筑面积117.92平方米,户内面积,95.97平方米,分摊面积,21.95平方米,户内面积,--平方米,分摊面积--平方米,建筑面积,--平方米
项目楼栋情况,珑湾上城花园2栋,座号,B座,合同号,--,拟售价格,53012.25元/平方米(按建筑面积计)楼层,5,房号,502,用途,住宅,,建筑面积118.46平方米,户内面积,96.41平方米,分摊面积,22.05平方米,户内面积,--平方米,分摊面积--平方米,建筑面积,--平方米
项目楼栋情况,珑湾上城花园2栋,座号,B座,合同号,--,拟售价格,53712.25元/平方米(按建筑面积计)楼层,5,房号,503,用途,住宅,,建筑面积平方米,户内面积,平方米,分摊面积,平方米,户内面积,平方米,分摊面积平方米,建筑面积,平方米
项目楼栋情况,珑湾上城花园2栋,座号,B座,合同号,--,拟售价格,52692.25元/平方米(按建筑面积计)楼层,4,房号,401,用途,住宅,,建筑面积117.92平方米,户内面积,95.97平方米,分摊面积,21.95平方米,户内面积,--平方米,分摊面积--平方米,建筑面积,--平方米
项目楼栋情况,珑湾上城花园2栋,座号,B座,合同号,--,拟售价格,52892.24元/平方米(按建筑面积计)楼层,4,房号,402,用途,住宅,,建筑面积118.46平方米,户内面积,96.41平方米,分摊面积,22.05平方米,户内面积,--平方米,分摊面积--平方米,建筑面积,--平方米
项目楼栋情况,珑湾上城花园2栋,座号,B座,合同号,--,拟售价格,53592.25元/平方米(按建筑面积计)楼层,4,房号,403,用途,住宅,,建筑面积平方米,户内面积,平方米,分摊面积,平方米,户内面积,平方米,分摊面积平方米,建筑面积,平方米
项目楼栋情况,珑湾上城花园2栋,座号,B座,合同号,--,拟售价格,52372.24元/平方米(按建筑面积计)楼层,3,房号,301,用途,住宅,,建筑面积117.92平方米,户内面积,95.97平方米,分摊面积,21.95平方米,户内面积,--平方米,分摊面积--平方米,建筑面积,--平方米
项目楼栋情况,珑湾上城花园2栋,座号,B座,合同号,--,拟售价格,52572.24元/平方米(按建筑面积计)楼层,3,房号,302,用途,住宅,,建筑面积118.46平方米,户内面积,96.41平方米,分摊面积,22.05平方米,户内面积,--平方米,分摊面积--平方米,建筑面积,--平方米
项目楼栋情况,珑湾上城花园2栋,座号,B座,合同号,--,拟售价格,53272.24元/平方米(按建筑面积计)楼层,3,房号,303,用途,住宅,,建筑面积平方米,户内面积,平方米,分摊面积,平方米,户内面积,平方米,分摊面积平方米,建筑面积,平方米
项目楼栋情况,珑湾上城花园2栋,座号,B座,合同号,--,拟售价格,50752.25元/平方米(按建筑面积计)楼层,2,房号,201,用途,住宅,,建筑面积117.92平方米,户内面积,95.97平方米,分摊面积,21.95平方米,户内面积,--平方米,分摊面积--平方米,建筑面积,--平方米
项目楼栋情况,珑湾上城花园2栋,座号,B座,合同号,--,拟售价格,50952.25元/平方米(按建筑面积计)楼层,2,房号,202,用途,住宅,,建筑面积118.46平方米,户内面积,96.41平方米,分摊面积,22.05平方米,户内面积,--平方米,分摊面积--平方米,建筑面积,--平方米
项目楼栋情况,珑湾上城花园2栋,座号,B座,合同号,--,拟售价格,51652.25元/平方米(按建筑面积计)楼层,2,房号,203,用途,住宅,,建筑面积平方米,户内面积,平方米,分摊面积,平方米,户内面积,平方米,分摊面积平方米,建筑面积,平方米
项目楼栋情况,珑湾上城花园2栋,座号,D座,合同号,--,拟售价格,54262.24元/平方米(按建筑面积计)楼层,33,房号,3301,用途,住宅,,建筑面积116.69平方米,户内面积,87.33平方米,分摊面积,29.36平方米,户内面积,--平方米,分摊面积--平方米,建筑面积,--平方米
项目楼栋情况,珑湾上城花园2栋,座号,D座,合同号,--,拟售价格,53962.25元/平方米(按建筑面积计)楼层,33,房号,3302,用途,住宅,,建筑面积平方米,户内面积,平方米,分摊面积,平方米,户内面积,平方米,分摊面积平方米,建筑面积,平方米
项目楼栋情况,珑湾上城花园2栋,座号,D座,合同号,--,拟售价格,53762.25元/平方米(按建筑面积计)楼层,33,房号,3303,用途,住宅,,建筑面积平方米,户内面积,平方米,分摊面积,平方米,户内面积,平方米,分摊面积平方米,建筑面积,平方米
项目楼栋情况,珑湾上城花园2栋,座号,D座,合同号,--,拟售价格,52162.22元/平方米(按建筑面积计)楼层,33,房号,3304,用途,住宅,,建筑面积89.57平方米,户内面积,67.04平方米,分摊面积,22.53平方米,户内面积,--平方米,分摊面积--平方米,建筑面积,--平方米
项目楼栋情况,珑湾上城花园2栋,座号,D座,合同号,--,拟售价格,54362.24元/平方米(按建筑面积计)楼层,32,房号,3201,用途,住宅,,建筑面积116.69平方米,户内面积,87.33平方米,分摊面积,29.36平方米,户内面积,--平方米,分摊面积--平方米,建筑面积,--平方米
项目楼栋情况,珑湾上城花园2栋,座号,D座,合同号,--,拟售价格,54062.25元/平方米(按建筑面积计)楼层,32,房号,3202,用途,住宅,,建筑面积平方米,户内面积,平方米,分摊面积,平方米,户内面积,平方米,分摊面积平方米,建筑面积,平方米
项目楼栋情况,珑湾上城花园2栋,座号,D座,合同号,--,拟售价格,53862.25元/平方米(按建筑面积计)楼层,32,房号,3203,用途,住宅,,建筑面积平方米,户内面积,平方米,分摊面积,平方米,户内面积,平方米,分摊面积平方米,建筑面积,平方米
项目楼栋情况,珑湾上城花园2栋,座号,D座,合同号,--,拟售价格,52262.24元/平方米(按建筑面积计)楼层,32,房号,3204,用途,住宅,,建筑面积89.57平方米,户内面积,67.04平方米,分摊面积,22.53平方米,户内面积,--平方米,分摊面积--平方米,建筑面积,--平方米
项目楼栋情况,珑湾上城花园2栋,座号,D座,合同号,--,拟售价格,54262.24元/平方米(按建筑面积计)楼层,31,房号,3101,用途,住宅,,建筑面积116.69平方米,户内面积,87.33平方米,分摊面积,29.36平方米,户内面积,--平方米,分摊面积--平方米,建筑面积,--平方米
项目楼栋情况,珑湾上城花园2栋,座号,D座,合同号,--,拟售价格,53962.25元/平方米(按建筑面积计)楼层,31,房号,3102,用途,住宅,,建筑面积平方米,户内面积,平方米,分摊面积,平方米,户内面积,平方米,分摊面积平方米,建筑面积,平方米
项目楼栋情况,珑湾上城花园2栋,座号,D座,合同号,--,拟售价格,53762.25元/平方米(按建筑面积计)楼层,31,房号,3103,用途,住宅,,建筑面积平方米,户内面积,平方米,分摊面积,平方米,户内面积,平方米,分摊面积平方米,建筑面积,平方米
项目楼栋情况,珑湾上城花园2栋,座号,D座,合同号,--,拟售价格,52162.24元/平方米(按建筑面积计)楼层,31,房号,3104,用途,住宅,,建筑面积89.57平方米,户内面积,67.04平方米,分摊面积,22.53平方米,户内面积,--平方米,分摊面积--平方米,建筑面积,--平方米
项目楼栋情况,珑湾上城花园2栋,座号,D座,合同号,--,拟售价格,54162.24元/平方米(按建筑面积计)楼层,30,房号,3001,用途,住宅,,建筑面积116.69平方米,户内面积,87.33平方米,分摊面积,29.36平方米,户内面积,--平方米,分摊面积--平方米,建筑面积,--平方米
项目楼栋情况,珑湾上城花园2栋,座号,D座,合同号,--,拟售价格,53862.25元/平方米(按建筑面积计)楼层,30,房号,3002,用途,住宅,,建筑面积平方米,户内面积,平方米,分摊面积,平方米,户内面积,平方米,分摊面积平方米,建筑面积,平方米
项目楼栋情况,珑湾上城花园2栋,座号,D座,合同号,--,拟售价格,53662.25元/平方米(按建筑面积计)楼层,30,房号,3003,用途,住宅,,建筑面积平方米,户内面积,平方米,分摊面积,平方米,户内面积,平方米,分摊面积平方米,建筑面积,平方米
项目楼栋情况,珑湾上城花园2栋,座号,D座,合同号,--,拟售价格,52062.24元/平方米(按建筑面积计)楼层,30,房号,3004,用途,住宅,,建筑面积89.57平方米,户内面积,67.04平方米,分摊面积,22.53平方米,户内面积,--平方米,分摊面积--平方米,建筑面积,--平方米
项目楼栋情况,珑湾上城花园2栋,座号,D座,合同号,--,拟售价格,54062.24元/平方米(按建筑面积计)楼层,29,房号,2901,用途,住宅,,建筑面积116.69平方米,户内面积,87.33平方米,分摊面积,29.36平方米,户内面积,--平方米,分摊面积--平方米,建筑面积,--平方米
项目楼栋情况,珑湾上城花园2栋,座号,D座,合同号,--,拟售价格,53762.25元/平方米(按建筑面积计)楼层,29,房号,2902,用途,住宅,,建筑面积平方米,户内面积,平方米,分摊面积,平方米,户内面积,平方米,分摊面积平方米,建筑面积,平方米
项目楼栋情况,珑湾上城花园2栋,座号,D座,合同号,--,拟售价格,53562.25元/平方米(按建筑面积计)楼层,29,房号,2903,用途,住宅,,建筑面积平方米,户内面积,平方米,分摊面积,平方米,户内面积,平方米,分摊面积平方米,建筑面积,平方米
项目楼栋情况,珑湾上城花园2栋,座号,D座,合同号,--,拟售价格,51962.24元/平方米(按建筑面积计)楼层,29,房号,2904,用途,住宅,,建筑面积89.57平方米,户内面积,67.04平方米,分摊面积,22.53平方米,户内面积,--平方米,分摊面积--平方米,建筑面积,--平方米
项目楼栋情况,珑湾上城花园2栋,座号,D座,合同号,--,拟售价格,53962.24元/平方米(按建筑面积计)楼层,28,房号,2801,用途,住宅,,建筑面积116.69平方米,户内面积,87.33平方米,分摊面积,29.36平方米,户内面积,--平方米,分摊面积--平方米,建筑面积,--平方米
项目楼栋情况,珑湾上城花园2栋,座号,D座,合同号,--,拟售价格,53662.25元/平方米(按建筑面积计)楼层,28,房号,2802,用途,住宅,,建筑面积平方米,户内面积,平方米,分摊面积,平方米,户内面积,平方米,分摊面积平方米,建筑面积,平方米
项目楼栋情况,珑湾上城花园2栋,座号,D座,合同号,--,拟售价格,53462.25元/平方米(按建筑面积计)楼层,28,房号,2803,用途,住宅,,建筑面积平方米,户内面积,平方米,分摊面积,平方米,户内面积,平方米,分摊面积平方米,建筑面积,平方米
项目楼栋情况,珑湾上城花园2栋,座号,D座,合同号,--,拟售价格,51862.24元/平方米(按建筑面积计)楼层,28,房号,2804,用途,住宅,,建筑面积89.57平方米,户内面积,67.04平方米,分摊面积,22.53平方米,户内面积,--平方米,分摊面积--平方米,建筑面积,--平方米
项目楼栋情况,珑湾上城花园2栋,座号,D座,合同号,--,拟售价格,53862.24元/平方米(按建筑面积计)楼层,27,房号,2701,用途,住宅,,建筑面积116.69平方米,户内面积,87.33平方米,分摊面积,29.36平方米,户内面积,--平方米,分摊面积--平方米,建筑面积,--平方米
项目楼栋情况,珑湾上城花园2栋,座号,D座,合同号,--,拟售价格,53562.25元/平方米(按建筑面积计)楼层,27,房号,2702,用途,住宅,,建筑面积平方米,户内面积,平方米,分摊面积,平方米,户内面积,平方米,分摊面积平方米,建筑面积,平方米
项目楼栋情况,珑湾上城花园2栋,座号,D座,合同号,--,拟售价格,53362.25元/平方米(按建筑面积计)楼层,27,房号,2703,用途,住宅,,建筑面积平方米,户内面积,平方米,分摊面积,平方米,户内面积,平方米,分摊面积平方米,建筑面积,平方米
项目楼栋情况,珑湾上城花园2栋,座号,D座,合同号,--,拟售价格,51762.24元/平方米(按建筑面积计)楼层,27,房号,2704,用途,住宅,,建筑面积89.57平方米,户内面积,67.04平方米,分摊面积,22.53平方米,户内面积,--平方米,分摊面积--平方米,建筑面积,--平方米
项目楼栋情况,珑湾上城花园2栋,座号,D座,合同号,--,拟售价格,53762.24元/平方米(按建筑面积计)楼层,26,房号,2601,用途,住宅,,建筑面积116.69平方米,户内面积,87.33平方米,分摊面积,29.36平方米,户内面积,--平方米,分摊面积--平方米,建筑面积,--平方米
项目楼栋情况,珑湾上城花园2栋,座号,D座,合同号,--,拟售价格,53462.25元/平方米(按建筑面积计)楼层,26,房号,2602,用途,住宅,,建筑面积平方米,户内面积,平方米,分摊面积,平方米,户内面积,平方米,分摊面积平方米,建筑面积,平方米
项目楼栋情况,珑湾上城花园2栋,座号,D座,合同号,--,拟售价格,53262.25元/平方米(按建筑面积计)楼层,26,房号,2603,用途,住宅,,建筑面积平方米,户内面积,平方米,分摊面积,平方米,户内面积,平方米,分摊面积平方米,建筑面积,平方米
项目楼栋情况,珑湾上城花园2栋,座号,D座,合同号,--,拟售价格,51662.24元/平方米(按建筑面积计)楼层,26,房号,2604,用途,住宅,,建筑面积89.57平方米,户内面积,67.04平方米,分摊面积,22.53平方米,户内面积,--平方米,分摊面积--平方米,建筑面积,--平方米
项目楼栋情况,珑湾上城花园2栋,座号,D座,合同号,--,拟售价格,53662.24元/平方米(按建筑面积计)楼层,25,房号,2501,用途,住宅,,建筑面积116.69平方米,户内面积,87.33平方米,分摊面积,29.36平方米,户内面积,--平方米,分摊面积--平方米,建筑面积,--平方米
项目楼栋情况,珑湾上城花园2栋,座号,D座,合同号,--,拟售价格,53362.25元/平方米(按建筑面积计)楼层,25,房号,2502,用途,住宅,,建筑面积平方米,户内面积,平方米,分摊面积,平方米,户内面积,平方米,分摊面积平方米,建筑面积,平方米
项目楼栋情况,珑湾上城花园2栋,座号,D座,合同号,--,拟售价格,53162.25元/平方米(按建筑面积计)楼层,25,房号,2503,用途,住宅,,建筑面积平方米,户内面积,平方米,分摊面积,平方米,户内面积,平方米,分摊面积平方米,建筑面积,平方米
项目楼栋情况,珑湾上城花园2栋,座号,D座,合同号,--,拟售价格,51562.24元/平方米(按建筑面积计)楼层,25,房号,2504,用途,住宅,,建筑面积89.57平方米,户内面积,67.04平方米,分摊面积,22.53平方米,户内面积,--平方米,分摊面积--平方米,建筑面积,--平方米
项目楼栋情况,珑湾上城花园2栋,座号,D座,合同号,--,拟售价格,53562.24元/平方米(按建筑面积计)楼层,24,房号,2401,用途,住宅,,建筑面积116.69平方米,户内面积,87.33平方米,分摊面积,29.36平方米,户内面积,--平方米,分摊面积--平方米,建筑面积,--平方米
项目楼栋情况,珑湾上城花园2栋,座号,D座,合同号,--,拟售价格,53262.25元/平方米(按建筑面积计)楼层,24,房号,2402,用途,住宅,,建筑面积平方米,户内面积,平方米,分摊面积,平方米,户内面积,平方米,分摊面积平方米,建筑面积,平方米
项目楼栋情况,珑湾上城花园2栋,座号,D座,合同号,--,拟售价格,53062.25元/平方米(按建筑面积计)楼层,24,房号,2403,用途,住宅,,建筑面积平方米,户内面积,平方米,分摊面积,平方米,户内面积,平方米,分摊面积平方米,建筑面积,平方米
项目楼栋情况,珑湾上城花园2栋,座号,D座,合同号,--,拟售价格,51462.24元/平方米(按建筑面积计)楼层,24,房号,2404,用途,住宅,,建筑面积89.57平方米,户内面积,67.04平方米,分摊面积,22.53平方米,户内面积,--平方米,分摊面积--平方米,建筑面积,--平方米
项目楼栋情况,珑湾上城花园2栋,座号,D座,合同号,--,拟售价格,53462.24元/平方米(按建筑面积计)楼层,23,房号,2301,用途,住宅,,建筑面积116.69平方米,户内面积,87.33平方米,分摊面积,29.36平方米,户内面积,--平方米,分摊面积--平方米,建筑面积,--平方米
项目楼栋情况,珑湾上城花园2栋,座号,D座,合同号,--,拟售价格,53162.25元/平方米(按建筑面积计)楼层,23,房号,2302,用途,住宅,,建筑面积平方米,户内面积,平方米,分摊面积,平方米,户内面积,平方米,分摊面积平方米,建筑面积,平方米
项目楼栋情况,珑湾上城花园2栋,座号,D座,合同号,--,拟售价格,52962.25元/平方米(按建筑面积计)楼层,23,房号,2303,用途,住宅,,建筑面积平方米,户内面积,平方米,分摊面积,平方米,户内面积,平方米,分摊面积平方米,建筑面积,平方米
项目楼栋情况,珑湾上城花园2栋,座号,D座,合同号,--,拟售价格,51362.24元/平方米(按建筑面积计)楼层,23,房号,2304,用途,住宅,,建筑面积89.57平方米,户内面积,67.04平方米,分摊面积,22.53平方米,户内面积,--平方米,分摊面积--平方米,建筑面积,--平方米
项目楼栋情况,珑湾上城花园2栋,座号,D座,合同号,--,拟售价格,53362.24元/平方米(按建筑面积计)楼层,22,房号,2201,用途,住宅,,建筑面积116.69平方米,户内面积,87.33平方米,分摊面积,29.36平方米,户内面积,--平方米,分摊面积--平方米,建筑面积,--平方米
项目楼栋情况,珑湾上城花园2栋,座号,D座,合同号,--,拟售价格,53062.25元/平方米(按建筑面积计)楼层,22,房号,2202,用途,住宅,,建筑面积平方米,户内面积,平方米,分摊面积,平方米,户内面积,平方米,分摊面积平方米,建筑面积,平方米
项目楼栋情况,珑湾上城花园2栋,座号,D座,合同号,--,拟售价格,52862.25元/平方米(按建筑面积计)楼层,22,房号,2203,用途,住宅,,建筑面积平方米,户内面积,平方米,分摊面积,平方米,户内面积,平方米,分摊面积平方米,建筑面积,平方米
项目楼栋情况,珑湾上城花园2栋,座号,D座,合同号,--,拟售价格,51262.24元/平方米(按建筑面积计)楼层,22,房号,2204,用途,住宅,,建筑面积89.57平方米,户内面积,67.04平方米,分摊面积,22.53平方米,户内面积,--平方米,分摊面积--平方米,建筑面积,--平方米
项目楼栋情况,珑湾上城花园2栋,座号,D座,合同号,--,拟售价格,53262.24元/平方米(按建筑面积计)楼层,21,房号,2101,用途,住宅,,建筑面积116.69平方米,户内面积,87.33平方米,分摊面积,29.36平方米,户内面积,--平方米,分摊面积--平方米,建筑面积,--平方米
项目楼栋情况,珑湾上城花园2栋,座号,D座,合同号,--,拟售价格,52962.25元/平方米(按建筑面积计)楼层,21,房号,2102,用途,住宅,,建筑面积平方米,户内面积,平方米,分摊面积,平方米,户内面积,平方米,分摊面积平方米,建筑面积,平方米
项目楼栋情况,珑湾上城花园2栋,座号,D座,合同号,--,拟售价格,52762.25元/平方米(按建筑面积计)楼层,21,房号,2103,用途,住宅,,建筑面积平方米,户内面积,平方米,分摊面积,平方米,户内面积,平方米,分摊面积平方米,建筑面积,平方米
项目楼栋情况,珑湾上城花园2栋,座号,D座,合同号,--,拟售价格,51162.24元/平方米(按建筑面积计)楼层,21,房号,2104,用途,住宅,,建筑面积89.57平方米,户内面积,67.04平方米,分摊面积,22.53平方米,户内面积,--平方米,分摊面积--平方米,建筑面积,--平方米
项目楼栋情况,珑湾上城花园2栋,座号,D座,合同号,--,拟售价格,53162.24元/平方米(按建筑面积计)楼层,20,房号,2001,用途,住宅,,建筑面积116.69平方米,户内面积,87.33平方米,分摊面积,29.36平方米,户内面积,--平方米,分摊面积--平方米,建筑面积,--平方米
项目楼栋情况,珑湾上城花园2栋,座号,D座,合同号,--,拟售价格,52862.25元/平方米(按建筑面积计)楼层,20,房号,2002,用途,住宅,,建筑面积平方米,户内面积,平方米,分摊面积,平方米,户内面积,平方米,分摊面积平方米,建筑面积,平方米
项目楼栋情况,珑湾上城花园2栋,座号,D座,合同号,--,拟售价格,52662.25元/平方米(按建筑面积计)楼层,20,房号,2003,用途,住宅,,建筑面积平方米,户内面积,平方米,分摊面积,平方米,户内面积,平方米,分摊面积平方米,建筑面积,平方米
项目楼栋情况,珑湾上城花园2栋,座号,D座,合同号,--,拟售价格,51062.24元/平方米(按建筑面积计)楼层,20,房号,2004,用途,住宅,,建筑面积89.57平方米,户内面积,67.04平方米,分摊面积,22.53平方米,户内面积,--平方米,分摊面积--平方米,建筑面积,--平方米
项目楼栋情况,珑湾上城花园2栋,座号,D座,合同号,--,拟售价格,53062.24元/平方米(按建筑面积计)楼层,19,房号,1901,用途,住宅,,建筑面积116.69平方米,户内面积,87.33平方米,分摊面积,29.36平方米,户内面积,--平方米,分摊面积--平方米,建筑面积,--平方米
项目楼栋情况,珑湾上城花园2栋,座号,D座,合同号,--,拟售价格,52762.25元/平方米(按建筑面积计)楼层,19,房号,1902,用途,住宅,,建筑面积平方米,户内面积,平方米,分摊面积,平方米,户内面积,平方米,分摊面积平方米,建筑面积,平方米
项目楼栋情况,珑湾上城花园2栋,座号,D座,合同号,--,拟售价格,52562.25元/平方米(按建筑面积计)楼层,19,房号,1903,用途,住宅,,建筑面积平方米,户内面积,平方米,分摊面积,平方米,户内面积,平方米,分摊面积平方米,建筑面积,平方米
项目楼栋情况,珑湾上城花园2栋,座号,D座,合同号,--,拟售价格,50962.24元/平方米(按建筑面积计)楼层,19,房号,1904,用途,住宅,,建筑面积89.57平方米,户内面积,67.04平方米,分摊面积,22.53平方米,户内面积,--平方米,分摊面积--平方米,建筑面积,--平方米
项目楼栋情况,珑湾上城花园2栋,座号,D座,合同号,--,拟售价格,52962.24元/平方米(按建筑面积计)楼层,18,房号,1801,用途,住宅,,建筑面积116.69平方米,户内面积,87.33平方米,分摊面积,29.36平方米,户内面积,--平方米,分摊面积--平方米,建筑面积,--平方米
项目楼栋情况,珑湾上城花园2栋,座号,D座,合同号,--,拟售价格,52662.25元/平方米(按建筑面积计)楼层,18,房号,1802,用途,住宅,,建筑面积平方米,户内面积,平方米,分摊面积,平方米,户内面积,平方米,分摊面积平方米,建筑面积,平方米
项目楼栋情况,珑湾上城花园2栋,座号,D座,合同号,--,拟售价格,52462.25元/平方米(按建筑面积计)楼层,18,房号,1803,用途,住宅,,建筑面积平方米,户内面积,平方米,分摊面积,平方米,户内面积,平方米,分摊面积平方米,建筑面积,平方米
项目楼栋情况,珑湾上城花园2栋,座号,D座,合同号,--,拟售价格,50862.24元/平方米(按建筑面积计)楼层,18,房号,1804,用途,住宅,,建筑面积89.57平方米,户内面积,67.04平方米,分摊面积,22.53平方米,户内面积,--平方米,分摊面积--平方米,建筑面积,--平方米
项目楼栋情况,珑湾上城花园2栋,座号,D座,合同号,--,拟售价格,52862.24元/平方米(按建筑面积计)楼层,17,房号,1701,用途,住宅,,建筑面积116.69平方米,户内面积,87.33平方米,分摊面积,29.36平方米,户内面积,--平方米,分摊面积--平方米,建筑面积,--平方米
项目楼栋情况,珑湾上城花园2栋,座号,D座,合同号,--,拟售价格,52562.25元/平方米(按建筑面积计)楼层,17,房号,1702,用途,住宅,,建筑面积平方米,户内面积,平方米,分摊面积,平方米,户内面积,平方米,分摊面积平方米,建筑面积,平方米
项目楼栋情况,珑湾上城花园2栋,座号,D座,合同号,--,拟售价格,52362.25元/平方米(按建筑面积计)楼层,17,房号,1703,用途,住宅,,建筑面积平方米,户内面积,平方米,分摊面积,平方米,户内面积,平方米,分摊面积平方米,建筑面积,平方米
项目楼栋情况,珑湾上城花园2栋,座号,D座,合同号,--,拟售价格,50762.24元/平方米(按建筑面积计)楼层,17,房号,1704,用途,住宅,,建筑面积89.57平方米,户内面积,67.04平方米,分摊面积,22.53平方米,户内面积,--平方米,分摊面积--平方米,建筑面积,--平方米
项目楼栋情况,珑湾上城花园2栋,座号,D座,合同号,--,拟售价格,52762.24元/平方米(按建筑面积计)楼层,16,房号,1601,用途,住宅,,建筑面积116.69平方米,户内面积,87.33平方米,分摊面积,29.36平方米,户内面积,--平方米,分摊面积--平方米,建筑面积,--平方米
项目楼栋情况,珑湾上城花园2栋,座号,D座,合同号,--,拟售价格,52462.25元/平方米(按建筑面积计)楼层,16,房号,1602,用途,住宅,,建筑面积平方米,户内面积,平方米,分摊面积,平方米,户内面积,平方米,分摊面积平方米,建筑面积,平方米
项目楼栋情况,珑湾上城花园2栋,座号,D座,合同号,--,拟售价格,52262.25元/平方米(按建筑面积计)楼层,16,房号,1603,用途,住宅,,建筑面积平方米,户内面积,平方米,分摊面积,平方米,户内面积,平方米,分摊面积平方米,建筑面积,平方米
项目楼栋情况,珑湾上城花园2栋,座号,D座,合同号,--,拟售价格,50662.24元/平方米(按建筑面积计)楼层,16,房号,1604,用途,住宅,,建筑面积89.57平方米,户内面积,67.04平方米,分摊面积,22.53平方米,户内面积,--平方米,分摊面积--平方米,建筑面积,--平方米
项目楼栋情况,珑湾上城花园2栋,座号,D座,合同号,--,拟售价格,52662.24元/平方米(按建筑面积计)楼层,15,房号,1501,用途,住宅,,建筑面积116.69平方米,户内面积,87.33平方米,分摊面积,29.36平方米,户内面积,--平方米,分摊面积--平方米,建筑面积,--平方米
项目楼栋情况,珑湾上城花园2栋,座号,D座,合同号,--,拟售价格,52362.25元/平方米(按建筑面积计)楼层,15,房号,1502,用途,住宅,,建筑面积平方米,户内面积,平方米,分摊面积,平方米,户内面积,平方米,分摊面积平方米,建筑面积,平方米
项目楼栋情况,珑湾上城花园2栋,座号,D座,合同号,--,拟售价格,52162.25元/平方米(按建筑面积计)楼层,15,房号,1503,用途,住宅,,建筑面积平方米,户内面积,平方米,分摊面积,平方米,户内面积,平方米,分摊面积平方米,建筑面积,平方米
项目楼栋情况,珑湾上城花园2栋,座号,D座,合同号,--,拟售价格,50562.24元/平方米(按建筑面积计)楼层,15,房号,1504,用途,住宅,,建筑面积89.57平方米,户内面积,67.04平方米,分摊面积,22.53平方米,户内面积,--平方米,分摊面积--平方米,建筑面积,--平方米
项目楼栋情况,珑湾上城花园2栋,座号,D座,合同号,--,拟售价格,52592.24元/平方米(按建筑面积计)楼层,14,房号,1401,用途,住宅,,建筑面积116.69平方米,户内面积,87.33平方米,分摊面积,29.36平方米,户内面积,--平方米,分摊面积--平方米,建筑面积,--平方米
项目楼栋情况,珑湾上城花园2栋,座号,D座,合同号,--,拟售价格,52292.24元/平方米(按建筑面积计)楼层,14,房号,1402,用途,住宅,,建筑面积平方米,户内面积,平方米,分摊面积,平方米,户内面积,平方米,分摊面积平方米,建筑面积,平方米
项目楼栋情况,珑湾上城花园2栋,座号,D座,合同号,--,拟售价格,52092.24元/平方米(按建筑面积计)楼层,14,房号,1403,用途,住宅,,建筑面积平方米,户内面积,平方米,分摊面积,平方米,户内面积,平方米,分摊面积平方米,建筑面积,平方米
项目楼栋情况,珑湾上城花园2栋,座号,D座,合同号,--,拟售价格,50492.24元/平方米(按建筑面积计)楼层,14,房号,1404,用途,住宅,,建筑面积89.57平方米,户内面积,67.04平方米,分摊面积,22.53平方米,户内面积,--平方米,分摊面积--平方米,建筑面积,--平方米
项目楼栋情况,珑湾上城花园2栋,座号,D座,合同号,--,拟售价格,52522.25元/平方米(按建筑面积计)楼层,13,房号,1301,用途,住宅,,建筑面积116.69平方米,户内面积,87.33平方米,分摊面积,29.36平方米,户内面积,--平方米,分摊面积--平方米,建筑面积,--平方米
项目楼栋情况,珑湾上城花园2栋,座号,D座,合同号,--,拟售价格,52222.25元/平方米(按建筑面积计)楼层,13,房号,1302,用途,住宅,,建筑面积平方米,户内面积,平方米,分摊面积,平方米,户内面积,平方米,分摊面积平方米,建筑面积,平方米
项目楼栋情况,珑湾上城花园2栋,座号,D座,合同号,--,拟售价格,52022.25元/平方米(按建筑面积计)楼层,13,房号,1303,用途,住宅,,建筑面积平方米,户内面积,平方米,分摊面积,平方米,户内面积,平方米,分摊面积平方米,建筑面积,平方米
项目楼栋情况,珑湾上城花园2栋,座号,D座,合同号,--,拟售价格,50422.24元/平方米(按建筑面积计)楼层,13,房号,1304,用途,住宅,,建筑面积89.57平方米,户内面积,67.04平方米,分摊面积,22.53平方米,户内面积,--平方米,分摊面积--平方米,建筑面积,--平方米
项目楼栋情况,珑湾上城花园2栋,座号,D座,合同号,--,拟售价格,52452.24元/平方米(按建筑面积计)楼层,12,房号,1201,用途,住宅,,建筑面积116.69平方米,户内面积,87.33平方米,分摊面积,29.36平方米,户内面积,--平方米,分摊面积--平方米,建筑面积,--平方米
项目楼栋情况,珑湾上城花园2栋,座号,D座,合同号,--,拟售价格,52152.24元/平方米(按建筑面积计)楼层,12,房号,1202,用途,住宅,,建筑面积平方米,户内面积,平方米,分摊面积,平方米,户内面积,平方米,分摊面积平方米,建筑面积,平方米
项目楼栋情况,珑湾上城花园2栋,座号,D座,合同号,--,拟售价格,51952.24元/平方米(按建筑面积计)楼层,12,房号,1203,用途,住宅,,建筑面积平方米,户内面积,平方米,分摊面积,平方米,户内面积,平方米,分摊面积平方米,建筑面积,平方米
项目楼栋情况,珑湾上城花园2栋,座号,D座,合同号,--,拟售价格,50352.24元/平方米(按建筑面积计)楼层,12,房号,1204,用途,住宅,,建筑面积89.57平方米,户内面积,67.04平方米,分摊面积,22.53平方米,户内面积,--平方米,分摊面积--平方米,建筑面积,--平方米
项目楼栋情况,珑湾上城花园2栋,座号,D座,合同号,--,拟售价格,52382.24元/平方米(按建筑面积计)楼层,11,房号,1101,用途,住宅,,建筑面积116.69平方米,户内面积,87.33平方米,分摊面积,29.36平方米,户内面积,--平方米,分摊面积--平方米,建筑面积,--平方米
项目楼栋情况,珑湾上城花园2栋,座号,D座,合同号,--,拟售价格,52082.25元/平方米(按建筑面积计)楼层,11,房号,1102,用途,住宅,,建筑面积平方米,户内面积,平方米,分摊面积,平方米,户内面积,平方米,分摊面积平方米,建筑面积,平方米
项目楼栋情况,珑湾上城花园2栋,座号,D座,合同号,--,拟售价格,51882.25元/平方米(按建筑面积计)楼层,11,房号,1103,用途,住宅,,建筑面积平方米,户内面积,平方米,分摊面积,平方米,户内面积,平方米,分摊面积平方米,建筑面积,平方米
项目楼栋情况,珑湾上城花园2栋,座号,D座,合同号,--,拟售价格,50282.25元/平方米(按建筑面积计)楼层,11,房号,1104,用途,住宅,,建筑面积89.57平方米,户内面积,67.04平方米,分摊面积,22.53平方米,户内面积,--平方米,分摊面积--平方米,建筑面积,--平方米
项目楼栋情况,珑湾上城花园2栋,座号,D座,合同号,--,拟售价格,52312.25元/平方米(按建筑面积计)楼层,10,房号,1001,用途,住宅,,建筑面积116.69平方米,户内面积,87.33平方米,分摊面积,29.36平方米,户内面积,--平方米,分摊面积--平方米,建筑面积,--平方米
项目楼栋情况,珑湾上城花园2栋,座号,D座,合同号,--,拟售价格,52012.24元/平方米(按建筑面积计)楼层,10,房号,1002,用途,住宅,,建筑面积平方米,户内面积,平方米,分摊面积,平方米,户内面积,平方米,分摊面积平方米,建筑面积,平方米
项目楼栋情况,珑湾上城花园2栋,座号,D座,合同号,--,拟售价格,51812.24元/平方米(按建筑面积计)楼层,10,房号,1003,用途,住宅,,建筑面积平方米,户内面积,平方米,分摊面积,平方米,户内面积,平方米,分摊面积平方米,建筑面积,平方米
项目楼栋情况,珑湾上城花园2栋,座号,D座,合同号,--,拟售价格,50212.25元/平方米(按建筑面积计)楼层,10,房号,1004,用途,住宅,,建筑面积89.57平方米,户内面积,67.04平方米,分摊面积,22.53平方米,户内面积,--平方米,分摊面积--平方米,建筑面积,--平方米
项目楼栋情况,珑湾上城花园2栋,座号,D座,合同号,--,拟售价格,52242.25元/平方米(按建筑面积计)楼层,9,房号,901,用途,住宅,,建筑面积116.69平方米,户内面积,87.33平方米,分摊面积,29.36平方米,户内面积,--平方米,分摊面积--平方米,建筑面积,--平方米
项目楼栋情况,珑湾上城花园2栋,座号,D座,合同号,--,拟售价格,51942.25元/平方米(按建筑面积计)楼层,9,房号,902,用途,住宅,,建筑面积平方米,户内面积,平方米,分摊面积,平方米,户内面积,平方米,分摊面积平方米,建筑面积,平方米
项目楼栋情况,珑湾上城花园2栋,座号,D座,合同号,--,拟售价格,51742.25元/平方米(按建筑面积计)楼层,9,房号,903,用途,住宅,,建筑面积平方米,户内面积,平方米,分摊面积,平方米,户内面积,平方米,分摊面积平方米,建筑面积,平方米
项目楼栋情况,珑湾上城花园2栋,座号,D座,合同号,--,拟售价格,50142.25元/平方米(按建筑面积计)楼层,9,房号,904,用途,住宅,,建筑面积89.57平方米,户内面积,67.04平方米,分摊面积,22.53平方米,户内面积,--平方米,分摊面积--平方米,建筑面积,--平方米
项目楼栋情况,珑湾上城花园2栋,座号,D座,合同号,--,拟售价格,52172.24元/平方米(按建筑面积计)楼层,8,房号,801,用途,住宅,,建筑面积116.69平方米,户内面积,87.33平方米,分摊面积,29.36平方米,户内面积,--平方米,分摊面积--平方米,建筑面积,--平方米
项目楼栋情况,珑湾上城花园2栋,座号,D座,合同号,--,拟售价格,51872.24元/平方米(按建筑面积计)楼层,8,房号,802,用途,住宅,,建筑面积平方米,户内面积,平方米,分摊面积,平方米,户内面积,平方米,分摊面积平方米,建筑面积,平方米
项目楼栋情况,珑湾上城花园2栋,座号,D座,合同号,--,拟售价格,51672.24元/平方米(按建筑面积计)楼层,8,房号,803,用途,住宅,,建筑面积平方米,户内面积,平方米,分摊面积,平方米,户内面积,平方米,分摊面积平方米,建筑面积,平方米
项目楼栋情况,珑湾上城花园2栋,座号,D座,合同号,--,拟售价格,50072.25元/平方米(按建筑面积计)楼层,8,房号,804,用途,住宅,,建筑面积89.57平方米,户内面积,67.04平方米,分摊面积,22.53平方米,户内面积,--平方米,分摊面积--平方米,建筑面积,--平方米
项目楼栋情况,珑湾上城花园2栋,座号,D座,合同号,--,拟售价格,52102.25元/平方米(按建筑面积计)楼层,7,房号,701,用途,住宅,,建筑面积116.69平方米,户内面积,87.33平方米,分摊面积,29.36平方米,户内面积,--平方米,分摊面积--平方米,建筑面积,--平方米
项目楼栋情况,珑湾上城花园2栋,座号,D座,合同号,--,拟售价格,51602.25元/平方米(按建筑面积计)楼层,7,房号,702,用途,住宅,,建筑面积平方米,户内面积,平方米,分摊面积,平方米,户内面积,平方米,分摊面积平方米,建筑面积,平方米
项目楼栋情况,珑湾上城花园2栋,座号,D座,合同号,--,拟售价格,51402.25元/平方米(按建筑面积计)楼层,7,房号,703,用途,住宅,,建筑面积平方米,户内面积,平方米,分摊面积,平方米,户内面积,平方米,分摊面积平方米,建筑面积,平方米
项目楼栋情况,珑湾上城花园2栋,座号,D座,合同号,--,拟售价格,50002.24元/平方米(按建筑面积计)楼层,7,房号,704,用途,住宅,,建筑面积89.57平方米,户内面积,67.04平方米,分摊面积,22.53平方米,户内面积,--平方米,分摊面积--平方米,建筑面积,--平方米
项目楼栋情况,珑湾上城花园2栋,座号,D座,合同号,--,拟售价格,52032.25元/平方米(按建筑面积计)楼层,6,房号,601,用途,住宅,,建筑面积116.69平方米,户内面积,87.33平方米,分摊面积,29.36平方米,户内面积,--平方米,分摊面积--平方米,建筑面积,--平方米
项目楼栋情况,珑湾上城花园2栋,座号,D座,合同号,--,拟售价格,51532.24元/平方米(按建筑面积计)楼层,6,房号,602,用途,住宅,,建筑面积平方米,户内面积,平方米,分摊面积,平方米,户内面积,平方米,分摊面积平方米,建筑面积,平方米
项目楼栋情况,珑湾上城花园2栋,座号,D座,合同号,--,拟售价格,51332.24元/平方米(按建筑面积计)楼层,6,房号,603,用途,住宅,,建筑面积平方米,户内面积,平方米,分摊面积,平方米,户内面积,平方米,分摊面积平方米,建筑面积,平方米
项目楼栋情况,珑湾上城花园2栋,座号,D座,合同号,--,拟售价格,49932.24元/平方米(按建筑面积计)楼层,6,房号,604,用途,住宅,,建筑面积89.57平方米,户内面积,67.04平方米,分摊面积,22.53平方米,户内面积,--平方米,分摊面积--平方米,建筑面积,--平方米
项目楼栋情况,珑湾上城花园2栋,座号,D座,合同号,--,拟售价格,51962.24元/平方米(按建筑面积计)楼层,5,房号,501,用途,住宅,,建筑面积116.69平方米,户内面积,87.33平方米,分摊面积,29.36平方米,户内面积,--平方米,分摊面积--平方米,建筑面积,--平方米
项目楼栋情况,珑湾上城花园2栋,座号,D座,合同号,--,拟售价格,51462.25元/平方米(按建筑面积计)楼层,5,房号,502,用途,住宅,,建筑面积平方米,户内面积,平方米,分摊面积,平方米,户内面积,平方米,分摊面积平方米,建筑面积,平方米
项目楼栋情况,珑湾上城花园2栋,座号,D座,合同号,--,拟售价格,51262.25元/平方米(按建筑面积计)楼层,5,房号,503,用途,住宅,,建筑面积平方米,户内面积,平方米,分摊面积,平方米,户内面积,平方米,分摊面积平方米,建筑面积,平方米
项目楼栋情况,珑湾上城花园2栋,座号,D座,合同号,--,拟售价格,49862.24元/平方米(按建筑面积计)楼层,5,房号,504,用途,住宅,,建筑面积89.57平方米,户内面积,67.04平方米,分摊面积,22.53平方米,户内面积,--平方米,分摊面积--平方米,建筑面积,--平方米
项目楼栋情况,珑湾上城花园2栋,座号,D座,合同号,--,拟售价格,51892.24元/平方米(按建筑面积计)楼层,4,房号,401,用途,住宅,,建筑面积116.69平方米,户内面积,87.33平方米,分摊面积,29.36平方米,户内面积,--平方米,分摊面积--平方米,建筑面积,--平方米
项目楼栋情况,珑湾上城花园2栋,座号,D座,合同号,--,拟售价格,51392.24元/平方米(按建筑面积计)楼层,4,房号,402,用途,住宅,,建筑面积平方米,户内面积,平方米,分摊面积,平方米,户内面积,平方米,分摊面积平方米,建筑面积,平方米
项目楼栋情况,珑湾上城花园2栋,座号,D座,合同号,--,拟售价格,51192.24元/平方米(按建筑面积计)楼层,4,房号,403,用途,住宅,,建筑面积平方米,户内面积,平方米,分摊面积,平方米,户内面积,平方米,分摊面积平方米,建筑面积,平方米
项目楼栋情况,珑湾上城花园2栋,座号,D座,合同号,--,拟售价格,49792.24元/平方米(按建筑面积计)楼层,4,房号,404,用途,住宅,,建筑面积89.57平方米,户内面积,67.04平方米,分摊面积,22.53平方米,户内面积,--平方米,分摊面积--平方米,建筑面积,--平方米
项目楼栋情况,珑湾上城花园2栋,座号,D座,合同号,--,拟售价格,51622.25元/平方米(按建筑面积计)楼层,3,房号,301,用途,住宅,,建筑面积116.69平方米,户内面积,87.33平方米,分摊面积,29.36平方米,户内面积,--平方米,分摊面积--平方米,建筑面积,--平方米
项目楼栋情况,珑湾上城花园2栋,座号,D座,合同号,--,拟售价格,51122.25元/平方米(按建筑面积计)楼层,3,房号,302,用途,住宅,,建筑面积平方米,户内面积,平方米,分摊面积,平方米,户内面积,平方米,分摊面积平方米,建筑面积,平方米
项目楼栋情况,珑湾上城花园2栋,座号,D座,合同号,--,拟售价格,50922.25元/平方米(按建筑面积计)楼层,3,房号,303,用途,住宅,,建筑面积平方米,户内面积,平方米,分摊面积,平方米,户内面积,平方米,分摊面积平方米,建筑面积,平方米
项目楼栋情况,珑湾上城花园2栋,座号,D座,合同号,--,拟售价格,49522.24元/平方米(按建筑面积计)楼层,3,房号,304,用途,住宅,,建筑面积89.57平方米,户内面积,67.04平方米,分摊面积,22.53平方米,户内面积,--平方米,分摊面积--平方米,建筑面积,--平方米
项目楼栋情况,珑湾上城花园2栋,座号,D座,合同号,--,拟售价格,50052.24元/平方米(按建筑面积计)楼层,2,房号,201,用途,住宅,,建筑面积116.69平方米,户内面积,87.33平方米,分摊面积,29.36平方米,户内面积,--平方米,分摊面积--平方米,建筑面积,--平方米
项目楼栋情况,珑湾上城花园2栋,座号,D座,合同号,--,拟售价格,49552.24元/平方米(按建筑面积计)楼层,2,房号,202,用途,住宅,,建筑面积平方米,户内面积,平方米,分摊面积,平方米,户内面积,平方米,分摊面积平方米,建筑面积,平方米
项目楼栋情况,珑湾上城花园2栋,座号,D座,合同号,--,拟售价格,49352.24元/平方米(按建筑面积计)楼层,2,房号,203,用途,住宅,,建筑面积平方米,户内面积,平方米,分摊面积,平方米,户内面积,平方米,分摊面积平方米,建筑面积,平方米
项目楼栋情况,珑湾上城花园2栋,座号,D座,合同号,--,拟售价格,47952.24元/平方米(按建筑面积计)楼层,2,房号,204,用途,住宅,,建筑面积89.57平方米,户内面积,67.04平方米,分摊面积,22.53平方米,户内面积,--平方米,分摊面积--平方米,建筑面积,--平方米
项目楼栋情况,珑湾上城花园2栋,座号,A座,合同号,--,拟售价格,53752.24元/平方米(按建筑面积计)楼层,17,房号,1701,用途,住宅,,建筑面积平方米,户内面积,平方米,分摊面积,平方米,户内面积,平方米,分摊面积平方米,建筑面积,平方米
项目楼栋情况,珑湾上城花园2栋,座号,A座,合同号,--,拟售价格,54952.25元/平方米(按建筑面积计)楼层,17,房号,1702,用途,住宅,,建筑面积117.88平方米,户内面积,96.41平方米,分摊面积,21.47平方米,户内面积,--平方米,分摊面积--平方米,建筑面积,--平方米
项目楼栋情况,珑湾上城花园2栋,座号,A座,合同号,--,拟售价格,56152.24元/平方米(按建筑面积计)楼层,17,房号,1703,用途,住宅,,建筑面积平方米,户内面积,平方米,分摊面积,平方米,户内面积,平方米,分摊面积平方米,建筑面积,平方米
项目楼栋情况,珑湾上城花园2栋,座号,A座,合同号,--,拟售价格,53832.25元/平方米(按建筑面积计)楼层,16,房号,1601,用途,住宅,,建筑面积平方米,户内面积,平方米,分摊面积,平方米,户内面积,平方米,分摊面积平方米,建筑面积,平方米
项目楼栋情况,珑湾上城花园2栋,座号,A座,合同号,--,拟售价格,55032.24元/平方米(按建筑面积计)楼层,16,房号,1602,用途,住宅,,建筑面积117.88平方米,户内面积,96.41平方米,分摊面积,21.47平方米,户内面积,--平方米,分摊面积--平方米,建筑面积,--平方米
项目楼栋情况,珑湾上城花园2栋,座号,A座,合同号,--,拟售价格,56232.25元/平方米(按建筑面积计)楼层,16,房号,1603,用途,住宅,,建筑面积平方米,户内面积,平方米,分摊面积,平方米,户内面积,平方米,分摊面积平方米,建筑面积,平方米
项目楼栋情况,珑湾上城花园2栋,座号,A座,合同号,--,拟售价格,53712.25元/平方米(按建筑面积计)楼层,15,房号,1501,用途,住宅,,建筑面积平方米,户内面积,平方米,分摊面积,平方米,户内面积,平方米,分摊面积平方米,建筑面积,平方米
项目楼栋情况,珑湾上城花园2栋,座号,A座,合同号,--,拟售价格,54912.24元/平方米(按建筑面积计)楼层,15,房号,1502,用途,住宅,,建筑面积117.88平方米,户内面积,96.41平方米,分摊面积,21.47平方米,户内面积,--平方米,分摊面积--平方米,建筑面积,--平方米
项目楼栋情况,珑湾上城花园2栋,座号,A座,合同号,--,拟售价格,56112.25元/平方米(按建筑面积计)楼层,15,房号,1503,用途,住宅,,建筑面积平方米,户内面积,平方米,分摊面积,平方米,户内面积,平方米,分摊面积平方米,建筑面积,平方米
项目楼栋情况,珑湾上城花园2栋,座号,A座,合同号,--,拟售价格,53592.25元/平方米(按建筑面积计)楼层,14,房号,1401,用途,住宅,,建筑面积平方米,户内面积,平方米,分摊面积,平方米,户内面积,平方米,分摊面积平方米,建筑面积,平方米
项目楼栋情况,珑湾上城花园2栋,座号,A座,合同号,--,拟售价格,54792.25元/平方米(按建筑面积计)楼层,14,房号,1402,用途,住宅,,建筑面积117.88平方米,户内面积,96.41平方米,分摊面积,21.47平方米,户内面积,--平方米,分摊面积--平方米,建筑面积,--平方米
项目楼栋情况,珑湾上城花园2栋,座号,A座,合同号,--,拟售价格,55992.25元/平方米(按建筑面积计)楼层,14,房号,1403,用途,住宅,,建筑面积平方米,户内面积,平方米,分摊面积,平方米,户内面积,平方米,分摊面积平方米,建筑面积,平方米
项目楼栋情况,珑湾上城花园2栋,座号,A座,合同号,--,拟售价格,53472.24元/平方米(按建筑面积计)楼层,13,房号,1301,用途,住宅,,建筑面积平方米,户内面积,平方米,分摊面积,平方米,户内面积,平方米,分摊面积平方米,建筑面积,平方米
项目楼栋情况,珑湾上城花园2栋,座号,A座,合同号,--,拟售价格,54672.24元/平方米(按建筑面积计)楼层,13,房号,1302,用途,住宅,,建筑面积117.88平方米,户内面积,96.41平方米,分摊面积,21.47平方米,户内面积,--平方米,分摊面积--平方米,建筑面积,--平方米
项目楼栋情况,珑湾上城花园2栋,座号,A座,合同号,--,拟售价格,55872.24元/平方米(按建筑面积计)楼层,13,房号,1303,用途,住宅,,建筑面积平方米,户内面积,平方米,分摊面积,平方米,户内面积,平方米,分摊面积平方米,建筑面积,平方米
项目楼栋情况,珑湾上城花园2栋,座号,A座,合同号,--,拟售价格,53352.24元/平方米(按建筑面积计)楼层,12,房号,1201,用途,住宅,,建筑面积平方米,户内面积,平方米,分摊面积,平方米,户内面积,平方米,分摊面积平方米,建筑面积,平方米
项目楼栋情况,珑湾上城花园2栋,座号,A座,合同号,--,拟售价格,54552.25元/平方米(按建筑面积计)楼层,12,房号,1202,用途,住宅,,建筑面积117.88平方米,户内面积,96.41平方米,分摊面积,21.47平方米,户内面积,--平方米,分摊面积--平方米,建筑面积,--平方米
项目楼栋情况,珑湾上城花园2栋,座号,A座,合同号,--,拟售价格,55752.24元/平方米(按建筑面积计)楼层,12,房号,1203,用途,住宅,,建筑面积平方米,户内面积,平方米,分摊面积,平方米,户内面积,平方米,分摊面积平方米,建筑面积,平方米
项目楼栋情况,珑湾上城花园2栋,座号,A座,合同号,--,拟售价格,53232.25元/平方米(按建筑面积计)楼层,11,房号,1101,用途,住宅,,建筑面积平方米,户内面积,平方米,分摊面积,平方米,户内面积,平方米,分摊面积平方米,建筑面积,平方米
项目楼栋情况,珑湾上城花园2栋,座号,A座,合同号,--,拟售价格,54432.24元/平方米(按建筑面积计)楼层,11,房号,1102,用途,住宅,,建筑面积117.88平方米,户内面积,96.41平方米,分摊面积,21.47平方米,户内面积,--平方米,分摊面积--平方米,建筑面积,--平方米
项目楼栋情况,珑湾上城花园2栋,座号,A座,合同号,--,拟售价格,55632.25元/平方米(按建筑面积计)楼层,11,房号,1103,用途,住宅,,建筑面积平方米,户内面积,平方米,分摊面积,平方米,户内面积,平方米,分摊面积平方米,建筑面积,平方米
项目楼栋情况,珑湾上城花园2栋,座号,A座,合同号,--,拟售价格,53112.25元/平方米(按建筑面积计)楼层,10,房号,1001,用途,住宅,,建筑面积平方米,户内面积,平方米,分摊面积,平方米,户内面积,平方米,分摊面积平方米,建筑面积,平方米
项目楼栋情况,珑湾上城花园2栋,座号,A座,合同号,--,拟售价格,54312.24元/平方米(按建筑面积计)楼层,10,房号,1002,用途,住宅,,建筑面积117.88平方米,户内面积,96.41平方米,分摊面积,21.47平方米,户内面积,--平方米,分摊面积--平方米,建筑面积,--平方米
项目楼栋情况,珑湾上城花园2栋,座号,A座,合同号,--,拟售价格,55512.25元/平方米(按建筑面积计)楼层,10,房号,1003,用途,住宅,,建筑面积平方米,户内面积,平方米,分摊面积,平方米,户内面积,平方米,分摊面积平方米,建筑面积,平方米
项目楼栋情况,珑湾上城花园2栋,座号,A座,合同号,--,拟售价格,52992.25元/平方米(按建筑面积计)楼层,9,房号,901,用途,住宅,,建筑面积平方米,户内面积,平方米,分摊面积,平方米,户内面积,平方米,分摊面积平方米,建筑面积,平方米
项目楼栋情况,珑湾上城花园2栋,座号,A座,合同号,--,拟售价格,54192.25元/平方米(按建筑面积计)楼层,9,房号,902,用途,住宅,,建筑面积117.88平方米,户内面积,96.41平方米,分摊面积,21.47平方米,户内面积,--平方米,分摊面积--平方米,建筑面积,--平方米
项目楼栋情况,珑湾上城花园2栋,座号,A座,合同号,--,拟售价格,55392.25元/平方米(按建筑面积计)楼层,9,房号,903,用途,住宅,,建筑面积平方米,户内面积,平方米,分摊面积,平方米,户内面积,平方米,分摊面积平方米,建筑面积,平方米
项目楼栋情况,珑湾上城花园2栋,座号,A座,合同号,--,拟售价格,52672.24元/平方米(按建筑面积计)楼层,8,房号,801,用途,住宅,,建筑面积平方米,户内面积,平方米,分摊面积,平方米,户内面积,平方米,分摊面积平方米,建筑面积,平方米
项目楼栋情况,珑湾上城花园2栋,座号,A座,合同号,--,拟售价格,54072.24元/平方米(按建筑面积计)楼层,8,房号,802,用途,住宅,,建筑面积117.88平方米,户内面积,96.41平方米,分摊面积,21.47平方米,户内面积,--平方米,分摊面积--平方米,建筑面积,--平方米
项目楼栋情况,珑湾上城花园2栋,座号,A座,合同号,--,拟售价格,55072.24元/平方米(按建筑面积计)楼层,8,房号,803,用途,住宅,,建筑面积平方米,户内面积,平方米,分摊面积,平方米,户内面积,平方米,分摊面积平方米,建筑面积,平方米
项目楼栋情况,珑湾上城花园2栋,座号,A座,合同号,--,拟售价格,52552.24元/平方米(按建筑面积计)楼层,7,房号,701,用途,住宅,,建筑面积平方米,户内面积,平方米,分摊面积,平方米,户内面积,平方米,分摊面积平方米,建筑面积,平方米
项目楼栋情况,珑湾上城花园2栋,座号,A座,合同号,--,拟售价格,53952.25元/平方米(按建筑面积计)楼层,7,房号,702,用途,住宅,,建筑面积117.88平方米,户内面积,96.41平方米,分摊面积,21.47平方米,户内面积,--平方米,分摊面积--平方米,建筑面积,--平方米
项目楼栋情况,珑湾上城花园2栋,座号,A座,合同号,--,拟售价格,54952.24元/平方米(按建筑面积计)楼层,7,房号,703,用途,住宅,,建筑面积平方米,户内面积,平方米,分摊面积,平方米,户内面积,平方米,分摊面积平方米,建筑面积,平方米
项目楼栋情况,珑湾上城花园2栋,座号,A座,合同号,--,拟售价格,52432.25元/平方米(按建筑面积计)楼层,6,房号,601,用途,住宅,,建筑面积平方米,户内面积,平方米,分摊面积,平方米,户内面积,平方米,分摊面积平方米,建筑面积,平方米
项目楼栋情况,珑湾上城花园2栋,座号,A座,合同号,--,拟售价格,53832.24元/平方米(按建筑面积计)楼层,6,房号,602,用途,住宅,,建筑面积117.88平方米,户内面积,96.41平方米,分摊面积,21.47平方米,户内面积,--平方米,分摊面积--平方米,建筑面积,--平方米
项目楼栋情况,珑湾上城花园2栋,座号,A座,合同号,--,拟售价格,54832.25元/平方米(按建筑面积计)楼层,6,房号,603,用途,住宅,,建筑面积平方米,户内面积,平方米,分摊面积,平方米,户内面积,平方米,分摊面积平方米,建筑面积,平方米
项目楼栋情况,珑湾上城花园2栋,座号,A座,合同号,--,拟售价格,52312.25元/平方米(按建筑面积计)楼层,5,房号,501,用途,住宅,,建筑面积平方米,户内面积,平方米,分摊面积,平方米,户内面积,平方米,分摊面积平方米,建筑面积,平方米
项目楼栋情况,珑湾上城花园2栋,座号,A座,合同号,--,拟售价格,53712.24元/平方米(按建筑面积计)楼层,5,房号,502,用途,住宅,,建筑面积117.88平方米,户内面积,96.41平方米,分摊面积,21.47平方米,户内面积,--平方米,分摊面积--平方米,建筑面积,--平方米
项目楼栋情况,珑湾上城花园2栋,座号,A座,合同号,--,拟售价格,54712.25元/平方米(按建筑面积计)楼层,5,房号,503,用途,住宅,,建筑面积平方米,户内面积,平方米,分摊面积,平方米,户内面积,平方米,分摊面积平方米,建筑面积,平方米
项目楼栋情况,珑湾上城花园2栋,座号,A座,合同号,--,拟售价格,52192.25元/平方米(按建筑面积计)楼层,4,房号,401,用途,住宅,,建筑面积平方米,户内面积,平方米,分摊面积,平方米,户内面积,平方米,分摊面积平方米,建筑面积,平方米
项目楼栋情况,珑湾上城花园2栋,座号,A座,合同号,--,拟售价格,53592.25元/平方米(按建筑面积计)楼层,4,房号,402,用途,住宅,,建筑面积117.88平方米,户内面积,96.41平方米,分摊面积,21.47平方米,户内面积,--平方米,分摊面积--平方米,建筑面积,--平方米
项目楼栋情况,珑湾上城花园2栋,座号,A座,合同号,--,拟售价格,54592.25元/平方米(按建筑面积计)楼层,4,房号,403,用途,住宅,,建筑面积平方米,户内面积,平方米,分摊面积,平方米,户内面积,平方米,分摊面积平方米,建筑面积,平方米
项目楼栋情况,珑湾上城花园2栋,座号,A座,合同号,--,拟售价格,51872.24元/平方米(按建筑面积计)楼层,3,房号,301,用途,住宅,,建筑面积平方米,户内面积,平方米,分摊面积,平方米,户内面积,平方米,分摊面积平方米,建筑面积,平方米
项目楼栋情况,珑湾上城花园2栋,座号,A座,合同号,--,拟售价格,53272.24元/平方米(按建筑面积计)楼层,3,房号,302,用途,住宅,,建筑面积117.88平方米,户内面积,96.41平方米,分摊面积,21.47平方米,户内面积,--平方米,分摊面积--平方米,建筑面积,--平方米
项目楼栋情况,珑湾上城花园2栋,座号,A座,合同号,--,拟售价格,54272.24元/平方米(按建筑面积计)楼层,3,房号,303,用途,住宅,,建筑面积平方米,户内面积,平方米,分摊面积,平方米,户内面积,平方米,分摊面积平方米,建筑面积,平方米
项目楼栋情况,珑湾上城花园2栋,座号,A座,合同号,--,拟售价格,50252.24元/平方米(按建筑面积计)楼层,2,房号,201,用途,住宅,,建筑面积平方米,户内面积,平方米,分摊面积,平方米,户内面积,平方米,分摊面积平方米,建筑面积,平方米
项目楼栋情况,珑湾上城花园2栋,座号,A座,合同号,--,拟售价格,52402.25元/平方米(按建筑面积计)楼层,2,房号,202,用途,住宅,,建筑面积117.88平方米,户内面积,96.41平方米,分摊面积,21.47平方米,户内面积,--平方米,分摊面积--平方米,建筑面积,--平方米
项目楼栋情况,珑湾上城花园2栋,座号,A座,合同号,--,拟售价格,52652.24元/平方米(按建筑面积计)楼层,2,房号,203,用途,住宅,,建筑面积平方米,户内面积,平方米,分摊面积,平方米,户内面积,平方米,分摊面积平方米,建筑面积,平方米
