项目楼栋情况,锦顺名居2栋,座号,C座,合同号,--,拟售价格,51000元/平方米(按建筑面积计)楼层,40,房号,4002,用途,住宅,,建筑面积129.01平方米,户内面积,97.58平方米,分摊面积,31.43平方米,户内面积,--平方米,分摊面积--平方米,建筑面积,--平方米
项目楼栋情况,锦顺名居2栋,座号,C座,合同号,--,拟售价格,50500元/平方米(按建筑面积计)楼层,40,房号,4003,用途,住宅,,建筑面积187.17平方米,户内面积,141.58平方米,分摊面积,45.59平方米,户内面积,--平方米,分摊面积--平方米,建筑面积,--平方米
项目楼栋情况,锦顺名居2栋,座号,C座,合同号,--,拟售价格,50500元/平方米(按建筑面积计)楼层,40,房号,4004,用途,住宅,,建筑面积176.1平方米,户内面积,133.19平方米,分摊面积,42.91平方米,户内面积,--平方米,分摊面积--平方米,建筑面积,--平方米
项目楼栋情况,锦顺名居2栋,座号,C座,合同号,--,拟售价格,50500元/平方米(按建筑面积计)楼层,40,房号,4005,用途,住宅,,建筑面积157.58平方米,户内面积,119.19平方米,分摊面积,38.39平方米,户内面积,--平方米,分摊面积--平方米,建筑面积,--平方米
项目楼栋情况,锦顺名居2栋,座号,C座,合同号,深(龙华)网预买字(2021)10180号,拟售价格,--元/平方米(按建筑面积计)楼层,39,房号,3901,用途,住宅,,建筑面积129.56平方米,户内面积,97.99平方米,分摊面积,31.57平方米,户内面积,--平方米,分摊面积--平方米,建筑面积,--平方米
项目楼栋情况,锦顺名居2栋,座号,C座,合同号,深(龙华)网预买字(2021)901号,拟售价格,--元/平方米(按建筑面积计)楼层,39,房号,3902,用途,住宅,,建筑面积81.14平方米,户内面积,61.37平方米,分摊面积,19.77平方米,户内面积,--平方米,分摊面积--平方米,建筑面积,--平方米
项目楼栋情况,锦顺名居2栋,座号,C座,合同号,深(龙华)网预买字(2021)1128号,拟售价格,--元/平方米(按建筑面积计)楼层,39,房号,3903,用途,住宅,,建筑面积107.4平方米,户内面积,81.23平方米,分摊面积,26.17平方米,户内面积,--平方米,分摊面积--平方米,建筑面积,--平方米
项目楼栋情况,锦顺名居2栋,座号,C座,合同号,深(龙华)网预买字(2021)720号,拟售价格,--元/平方米(按建筑面积计)楼层,39,房号,3904,用途,住宅,,建筑面积106.57平方米,户内面积,80.61平方米,分摊面积,25.96平方米,户内面积,--平方米,分摊面积--平方米,建筑面积,--平方米
项目楼栋情况,锦顺名居2栋,座号,C座,合同号,深(龙华)网预买字(2021)1680号,拟售价格,--元/平方米(按建筑面积计)楼层,39,房号,3905,用途,住宅,,建筑面积90.7平方米,户内面积,68.6平方米,分摊面积,22.1平方米,户内面积,--平方米,分摊面积--平方米,建筑面积,--平方米
项目楼栋情况,锦顺名居2栋,座号,C座,合同号,深(龙华)网预买字(2021)1720号,拟售价格,--元/平方米(按建筑面积计)楼层,38,房号,3801,用途,住宅,,建筑面积129.56平方米,户内面积,97.99平方米,分摊面积,31.57平方米,户内面积,--平方米,分摊面积--平方米,建筑面积,--平方米
项目楼栋情况,锦顺名居2栋,座号,C座,合同号,深(龙华)网预买字(2021)900号,拟售价格,--元/平方米(按建筑面积计)楼层,38,房号,3802,用途,住宅,,建筑面积81.14平方米,户内面积,61.37平方米,分摊面积,19.77平方米,户内面积,--平方米,分摊面积--平方米,建筑面积,--平方米
项目楼栋情况,锦顺名居2栋,座号,C座,合同号,深(龙华)网预买字(2021)561号,拟售价格,--元/平方米(按建筑面积计)楼层,38,房号,3803,用途,住宅,,建筑面积107.4平方米,户内面积,81.23平方米,分摊面积,26.17平方米,户内面积,--平方米,分摊面积--平方米,建筑面积,--平方米
项目楼栋情况,锦顺名居2栋,座号,C座,合同号,深(龙华)网预买字(2021)1380号,拟售价格,--元/平方米(按建筑面积计)楼层,38,房号,3804,用途,住宅,,建筑面积106.57平方米,户内面积,80.61平方米,分摊面积,25.96平方米,户内面积,--平方米,分摊面积--平方米,建筑面积,--平方米
项目楼栋情况,锦顺名居2栋,座号,C座,合同号,深(龙华)网预买字(2021)2446号,拟售价格,--元/平方米(按建筑面积计)楼层,38,房号,3805,用途,住宅,,建筑面积90.7平方米,户内面积,68.6平方米,分摊面积,22.1平方米,户内面积,--平方米,分摊面积--平方米,建筑面积,--平方米
项目楼栋情况,锦顺名居2栋,座号,C座,合同号,深(龙华)网预买字(2021)1361号,拟售价格,--元/平方米(按建筑面积计)楼层,37,房号,3701,用途,住宅,,建筑面积129.56平方米,户内面积,97.99平方米,分摊面积,31.57平方米,户内面积,--平方米,分摊面积--平方米,建筑面积,--平方米
项目楼栋情况,锦顺名居2栋,座号,C座,合同号,--,拟售价格,55356.96元/平方米(按建筑面积计)楼层,37,房号,3702,用途,住宅,,建筑面积81.14平方米,户内面积,61.37平方米,分摊面积,19.77平方米,户内面积,--平方米,分摊面积--平方米,建筑面积,--平方米
项目楼栋情况,锦顺名居2栋,座号,C座,合同号,深(龙华)网预买字(2021)560号,拟售价格,--元/平方米(按建筑面积计)楼层,37,房号,3703,用途,住宅,,建筑面积107.4平方米,户内面积,81.23平方米,分摊面积,26.17平方米,户内面积,--平方米,分摊面积--平方米,建筑面积,--平方米
项目楼栋情况,锦顺名居2栋,座号,C座,合同号,深(龙华)网预买字(2021)1127号,拟售价格,--元/平方米(按建筑面积计)楼层,37,房号,3704,用途,住宅,,建筑面积106.57平方米,户内面积,80.61平方米,分摊面积,25.96平方米,户内面积,--平方米,分摊面积--平方米,建筑面积,--平方米
项目楼栋情况,锦顺名居2栋,座号,C座,合同号,--,拟售价格,53917.47元/平方米(按建筑面积计)楼层,37,房号,3705,用途,住宅,,建筑面积90.7平方米,户内面积,68.6平方米,分摊面积,22.1平方米,户内面积,--平方米,分摊面积--平方米,建筑面积,--平方米
项目楼栋情况,锦顺名居2栋,座号,C座,合同号,深(龙华)网预买字(2021)10320号,拟售价格,--元/平方米(按建筑面积计)楼层,36,房号,3601,用途,住宅,,建筑面积129.56平方米,户内面积,97.99平方米,分摊面积,31.57平方米,户内面积,--平方米,分摊面积--平方米,建筑面积,--平方米
项目楼栋情况,锦顺名居2栋,座号,C座,合同号,深(龙华)网预买字(2021)540号,拟售价格,--元/平方米(按建筑面积计)楼层,36,房号,3602,用途,住宅,,建筑面积81.14平方米,户内面积,61.37平方米,分摊面积,19.77平方米,户内面积,--平方米,分摊面积--平方米,建筑面积,--平方米
项目楼栋情况,锦顺名居2栋,座号,C座,合同号,深(龙华)网预买字(2021)1180号,拟售价格,--元/平方米(按建筑面积计)楼层,36,房号,3603,用途,住宅,,建筑面积107.4平方米,户内面积,81.23平方米,分摊面积,26.17平方米,户内面积,--平方米,分摊面积--平方米,建筑面积,--平方米
项目楼栋情况,锦顺名居2栋,座号,C座,合同号,深(龙华)网预买字(2021)10343号,拟售价格,--元/平方米(按建筑面积计)楼层,36,房号,3604,用途,住宅,,建筑面积106.57平方米,户内面积,80.61平方米,分摊面积,25.96平方米,户内面积,--平方米,分摊面积--平方米,建筑面积,--平方米
项目楼栋情况,锦顺名居2栋,座号,C座,合同号,深(龙华)网预买字(2021)1126号,拟售价格,--元/平方米(按建筑面积计)楼层,36,房号,3605,用途,住宅,,建筑面积90.7平方米,户内面积,68.6平方米,分摊面积,22.1平方米,户内面积,--平方米,分摊面积--平方米,建筑面积,--平方米
项目楼栋情况,锦顺名居2栋,座号,C座,合同号,深(龙华)网预买字(2021)881号,拟售价格,--元/平方米(按建筑面积计)楼层,35,房号,3501,用途,住宅,,建筑面积129.56平方米,户内面积,97.99平方米,分摊面积,31.57平方米,户内面积,--平方米,分摊面积--平方米,建筑面积,--平方米
项目楼栋情况,锦顺名居2栋,座号,C座,合同号,深(龙华)网预买字(2021)681号,拟售价格,--元/平方米(按建筑面积计)楼层,35,房号,3502,用途,住宅,,建筑面积81.14平方米,户内面积,61.37平方米,分摊面积,19.77平方米,户内面积,--平方米,分摊面积--平方米,建筑面积,--平方米
项目楼栋情况,锦顺名居2栋,座号,C座,合同号,深(龙华)网预买字(2021)2320号,拟售价格,--元/平方米(按建筑面积计)楼层,35,房号,3503,用途,住宅,,建筑面积107.4平方米,户内面积,81.23平方米,分摊面积,26.17平方米,户内面积,--平方米,分摊面积--平方米,建筑面积,--平方米
项目楼栋情况,锦顺名居2栋,座号,C座,合同号,--,拟售价格,51693.3元/平方米(按建筑面积计)楼层,35,房号,3504,用途,住宅,,建筑面积106.57平方米,户内面积,80.61平方米,分摊面积,25.96平方米,户内面积,--平方米,分摊面积--平方米,建筑面积,--平方米
项目楼栋情况,锦顺名居2栋,座号,C座,合同号,--,拟售价格,54357.47元/平方米(按建筑面积计)楼层,35,房号,3505,用途,住宅,,建筑面积90.7平方米,户内面积,68.6平方米,分摊面积,22.1平方米,户内面积,--平方米,分摊面积--平方米,建筑面积,--平方米
项目楼栋情况,锦顺名居2栋,座号,C座,合同号,--,拟售价格,55989.86元/平方米(按建筑面积计)楼层,34,房号,3401,用途,住宅,,建筑面积129.56平方米,户内面积,97.99平方米,分摊面积,31.57平方米,户内面积,--平方米,分摊面积--平方米,建筑面积,--平方米
项目楼栋情况,锦顺名居2栋,座号,C座,合同号,深(龙华)网预买字(2021)1400号,拟售价格,--元/平方米(按建筑面积计)楼层,34,房号,3402,用途,住宅,,建筑面积81.14平方米,户内面积,61.37平方米,分摊面积,19.77平方米,户内面积,--平方米,分摊面积--平方米,建筑面积,--平方米
项目楼栋情况,锦顺名居2栋,座号,C座,合同号,--,拟售价格,--元/平方米(按建筑面积计)楼层,34,房号,3403,用途,住宅,,建筑面积107.4平方米,户内面积,81.23平方米,分摊面积,26.17平方米,户内面积,--平方米,分摊面积--平方米,建筑面积,--平方米
项目楼栋情况,锦顺名居2栋,座号,C座,合同号,--,拟售价格,51894.24元/平方米(按建筑面积计)楼层,34,房号,3404,用途,住宅,,建筑面积106.57平方米,户内面积,80.61平方米,分摊面积,25.96平方米,户内面积,--平方米,分摊面积--平方米,建筑面积,--平方米
项目楼栋情况,锦顺名居2栋,座号,C座,合同号,--,拟售价格,54517.47元/平方米(按建筑面积计)楼层,34,房号,3405,用途,住宅,,建筑面积90.7平方米,户内面积,68.6平方米,分摊面积,22.1平方米,户内面积,--平方米,分摊面积--平方米,建筑面积,--平方米
项目楼栋情况,锦顺名居2栋,座号,C座,合同号,--,拟售价格,56189.86元/平方米(按建筑面积计)楼层,33,房号,3301,用途,住宅,,建筑面积129.56平方米,户内面积,97.99平方米,分摊面积,31.57平方米,户内面积,--平方米,分摊面积--平方米,建筑面积,--平方米
项目楼栋情况,锦顺名居2栋,座号,C座,合同号,深(龙华)网预买字(2021)2200号,拟售价格,--元/平方米(按建筑面积计)楼层,33,房号,3302,用途,住宅,,建筑面积81.14平方米,户内面积,61.37平方米,分摊面积,19.77平方米,户内面积,--平方米,分摊面积--平方米,建筑面积,--平方米
项目楼栋情况,锦顺名居2栋,座号,C座,合同号,深(龙华)网预买字(2021)5681号,拟售价格,--元/平方米(按建筑面积计)楼层,33,房号,3303,用途,住宅,,建筑面积107.4平方米,户内面积,81.23平方米,分摊面积,26.17平方米,户内面积,--平方米,分摊面积--平方米,建筑面积,--平方米
项目楼栋情况,锦顺名居2栋,座号,C座,合同号,--,拟售价格,52095.17元/平方米(按建筑面积计)楼层,33,房号,3304,用途,住宅,,建筑面积106.57平方米,户内面积,80.61平方米,分摊面积,25.96平方米,户内面积,--平方米,分摊面积--平方米,建筑面积,--平方米
项目楼栋情况,锦顺名居2栋,座号,C座,合同号,深(龙华)网预买字(2021)1060号,拟售价格,--元/平方米(按建筑面积计)楼层,33,房号,3305,用途,住宅,,建筑面积90.7平方米,户内面积,68.6平方米,分摊面积,22.1平方米,户内面积,--平方米,分摊面积--平方米,建筑面积,--平方米
项目楼栋情况,锦顺名居2栋,座号,C座,合同号,--,拟售价格,56589.86元/平方米(按建筑面积计)楼层,32,房号,3201,用途,住宅,,建筑面积129.56平方米,户内面积,97.99平方米,分摊面积,31.57平方米,户内面积,--平方米,分摊面积--平方米,建筑面积,--平方米
项目楼栋情况,锦顺名居2栋,座号,C座,合同号,--,拟售价格,56476.96元/平方米(按建筑面积计)楼层,32,房号,3202,用途,住宅,,建筑面积81.14平方米,户内面积,61.37平方米,分摊面积,19.77平方米,户内面积,--平方米,分摊面积--平方米,建筑面积,--平方米
项目楼栋情况,锦顺名居2栋,座号,C座,合同号,--,拟售价格,52561.36元/平方米(按建筑面积计)楼层,32,房号,3203,用途,住宅,,建筑面积107.4平方米,户内面积,81.23平方米,分摊面积,26.17平方米,户内面积,--平方米,分摊面积--平方米,建筑面积,--平方米
项目楼栋情况,锦顺名居2栋,座号,C座,合同号,--,拟售价格,52497.67元/平方米(按建筑面积计)楼层,32,房号,3204,用途,住宅,,建筑面积106.57平方米,户内面积,80.61平方米,分摊面积,25.96平方米,户内面积,--平方米,分摊面积--平方米,建筑面积,--平方米
项目楼栋情况,锦顺名居2栋,座号,C座,合同号,深(龙华)网预买字(2021)1660号,拟售价格,--元/平方米(按建筑面积计)楼层,32,房号,3205,用途,住宅,,建筑面积90.7平方米,户内面积,68.6平方米,分摊面积,22.1平方米,户内面积,--平方米,分摊面积--平方米,建筑面积,--平方米
项目楼栋情况,锦顺名居2栋,座号,C座,合同号,--,拟售价格,56989.86元/平方米(按建筑面积计)楼层,30,房号,3001,用途,住宅,,建筑面积129.56平方米,户内面积,97.99平方米,分摊面积,31.57平方米,户内面积,--平方米,分摊面积--平方米,建筑面积,--平方米
项目楼栋情况,锦顺名居2栋,座号,C座,合同号,--,拟售价格,56796.96元/平方米(按建筑面积计)楼层,30,房号,3002,用途,住宅,,建筑面积81.14平方米,户内面积,61.37平方米,分摊面积,19.77平方米,户内面积,--平方米,分摊面积--平方米,建筑面积,--平方米
项目楼栋情况,锦顺名居2栋,座号,C座,合同号,--,拟售价格,52961.36元/平方米(按建筑面积计)楼层,30,房号,3003,用途,住宅,,建筑面积107.4平方米,户内面积,81.23平方米,分摊面积,26.17平方米,户内面积,--平方米,分摊面积--平方米,建筑面积,--平方米
项目楼栋情况,锦顺名居2栋,座号,C座,合同号,--,拟售价格,52899.53元/平方米(按建筑面积计)楼层,30,房号,3004,用途,住宅,,建筑面积106.57平方米,户内面积,80.61平方米,分摊面积,25.96平方米,户内面积,--平方米,分摊面积--平方米,建筑面积,--平方米
项目楼栋情况,锦顺名居2栋,座号,C座,合同号,--,拟售价格,55057.47元/平方米(按建筑面积计)楼层,30,房号,3005,用途,住宅,,建筑面积90.7平方米,户内面积,68.6平方米,分摊面积,22.1平方米,户内面积,--平方米,分摊面积--平方米,建筑面积,--平方米
项目楼栋情况,锦顺名居2栋,座号,C座,合同号,--,拟售价格,56889.86元/平方米(按建筑面积计)楼层,29,房号,2901,用途,住宅,,建筑面积129.56平方米,户内面积,97.99平方米,分摊面积,31.57平方米,户内面积,--平方米,分摊面积--平方米,建筑面积,--平方米
项目楼栋情况,锦顺名居2栋,座号,C座,合同号,深(龙华)网预买字(2021)1162号,拟售价格,--元/平方米(按建筑面积计)楼层,29,房号,2902,用途,住宅,,建筑面积81.14平方米,户内面积,61.37平方米,分摊面积,19.77平方米,户内面积,--平方米,分摊面积--平方米,建筑面积,--平方米
项目楼栋情况,锦顺名居2栋,座号,C座,合同号,--,拟售价格,52861.36元/平方米(按建筑面积计)楼层,29,房号,2903,用途,住宅,,建筑面积107.4平方米,户内面积,81.23平方米,分摊面积,26.17平方米,户内面积,--平方米,分摊面积--平方米,建筑面积,--平方米
项目楼栋情况,锦顺名居2栋,座号,C座,合同号,--,拟售价格,52798.76元/平方米(按建筑面积计)楼层,29,房号,2904,用途,住宅,,建筑面积106.57平方米,户内面积,80.61平方米,分摊面积,25.96平方米,户内面积,--平方米,分摊面积--平方米,建筑面积,--平方米
项目楼栋情况,锦顺名居2栋,座号,C座,合同号,--,拟售价格,54937.47元/平方米(按建筑面积计)楼层,29,房号,2905,用途,住宅,,建筑面积90.7平方米,户内面积,68.6平方米,分摊面积,22.1平方米,户内面积,--平方米,分摊面积--平方米,建筑面积,--平方米
项目楼栋情况,锦顺名居2栋,座号,C座,合同号,深(龙华)网预买字(2021)2503号,拟售价格,--元/平方米(按建筑面积计)楼层,28,房号,2801,用途,住宅,,建筑面积129.56平方米,户内面积,97.99平方米,分摊面积,31.57平方米,户内面积,--平方米,分摊面积--平方米,建筑面积,--平方米
项目楼栋情况,锦顺名居2栋,座号,C座,合同号,--,拟售价格,56956.96元/平方米(按建筑面积计)楼层,28,房号,2802,用途,住宅,,建筑面积81.14平方米,户内面积,61.37平方米,分摊面积,19.77平方米,户内面积,--平方米,分摊面积--平方米,建筑面积,--平方米
项目楼栋情况,锦顺名居2栋,座号,C座,合同号,--,拟售价格,53161.36元/平方米(按建筑面积计)楼层,28,房号,2803,用途,住宅,,建筑面积107.4平方米,户内面积,81.23平方米,分摊面积,26.17平方米,户内面积,--平方米,分摊面积--平方米,建筑面积,--平方米
项目楼栋情况,锦顺名居2栋,座号,C座,合同号,--,拟售价格,53101.09元/平方米(按建筑面积计)楼层,28,房号,2804,用途,住宅,,建筑面积106.57平方米,户内面积,80.61平方米,分摊面积,25.96平方米,户内面积,--平方米,分摊面积--平方米,建筑面积,--平方米
项目楼栋情况,锦顺名居2栋,座号,C座,合同号,深(龙华)网预买字(2021)1140号,拟售价格,--元/平方米(按建筑面积计)楼层,28,房号,2805,用途,住宅,,建筑面积90.7平方米,户内面积,68.6平方米,分摊面积,22.1平方米,户内面积,--平方米,分摊面积--平方米,建筑面积,--平方米
项目楼栋情况,锦顺名居2栋,座号,C座,合同号,--,拟售价格,57089.86元/平方米(按建筑面积计)楼层,27,房号,2701,用途,住宅,,建筑面积129.56平方米,户内面积,97.99平方米,分摊面积,31.57平方米,户内面积,--平方米,分摊面积--平方米,建筑面积,--平方米
项目楼栋情况,锦顺名居2栋,座号,C座,合同号,--,拟售价格,56836.96元/平方米(按建筑面积计)楼层,27,房号,2702,用途,住宅,,建筑面积81.14平方米,户内面积,61.37平方米,分摊面积,19.77平方米,户内面积,--平方米,分摊面积--平方米,建筑面积,--平方米
项目楼栋情况,锦顺名居2栋,座号,C座,合同号,--,拟售价格,53061.36元/平方米(按建筑面积计)楼层,27,房号,2703,用途,住宅,,建筑面积107.4平方米,户内面积,81.23平方米,分摊面积,26.17平方米,户内面积,--平方米,分摊面积--平方米,建筑面积,--平方米
项目楼栋情况,锦顺名居2栋,座号,C座,合同号,深(龙华)网预买字(2021)700号,拟售价格,--元/平方米(按建筑面积计)楼层,27,房号,2704,用途,住宅,,建筑面积106.57平方米,户内面积,80.61平方米,分摊面积,25.96平方米,户内面积,--平方米,分摊面积--平方米,建筑面积,--平方米
项目楼栋情况,锦顺名居2栋,座号,C座,合同号,深(龙华)网预买字(2021)1125号,拟售价格,--元/平方米(按建筑面积计)楼层,27,房号,2705,用途,住宅,,建筑面积90.7平方米,户内面积,68.6平方米,分摊面积,22.1平方米,户内面积,--平方米,分摊面积--平方米,建筑面积,--平方米
项目楼栋情况,锦顺名居2栋,座号,C座,合同号,--,拟售价格,57389.86元/平方米(按建筑面积计)楼层,26,房号,2601,用途,住宅,,建筑面积129.56平方米,户内面积,97.99平方米,分摊面积,31.57平方米,户内面积,--平方米,分摊面积--平方米,建筑面积,--平方米
项目楼栋情况,锦顺名居2栋,座号,C座,合同号,--,拟售价格,57116.96元/平方米(按建筑面积计)楼层,26,房号,2602,用途,住宅,,建筑面积81.14平方米,户内面积,61.37平方米,分摊面积,19.77平方米,户内面积,--平方米,分摊面积--平方米,建筑面积,--平方米
项目楼栋情况,锦顺名居2栋,座号,C座,合同号,--,拟售价格,53361.36元/平方米(按建筑面积计)楼层,26,房号,2603,用途,住宅,,建筑面积107.4平方米,户内面积,81.23平方米,分摊面积,26.17平方米,户内面积,--平方米,分摊面积--平方米,建筑面积,--平方米
项目楼栋情况,锦顺名居2栋,座号,C座,合同号,--,拟售价格,52551.97元/平方米(按建筑面积计)楼层,26,房号,2604,用途,住宅,,建筑面积106.57平方米,户内面积,80.61平方米,分摊面积,25.96平方米,户内面积,--平方米,分摊面积--平方米,建筑面积,--平方米
项目楼栋情况,锦顺名居2栋,座号,C座,合同号,--,拟售价格,55077.47元/平方米(按建筑面积计)楼层,26,房号,2605,用途,住宅,,建筑面积90.7平方米,户内面积,68.6平方米,分摊面积,22.1平方米,户内面积,--平方米,分摊面积--平方米,建筑面积,--平方米
项目楼栋情况,锦顺名居2栋,座号,C座,合同号,--,拟售价格,57289.86元/平方米(按建筑面积计)楼层,25,房号,2501,用途,住宅,,建筑面积129.56平方米,户内面积,97.99平方米,分摊面积,31.57平方米,户内面积,--平方米,分摊面积--平方米,建筑面积,--平方米
项目楼栋情况,锦顺名居2栋,座号,C座,合同号,--,拟售价格,56996.96元/平方米(按建筑面积计)楼层,25,房号,2502,用途,住宅,,建筑面积81.14平方米,户内面积,61.37平方米,分摊面积,19.77平方米,户内面积,--平方米,分摊面积--平方米,建筑面积,--平方米
项目楼栋情况,锦顺名居2栋,座号,C座,合同号,--,拟售价格,53261.36元/平方米(按建筑面积计)楼层,25,房号,2503,用途,住宅,,建筑面积107.4平方米,户内面积,81.23平方米,分摊面积,26.17平方米,户内面积,--平方米,分摊面积--平方米,建筑面积,--平方米
项目楼栋情况,锦顺名居2栋,座号,C座,合同号,--,拟售价格,52451.19元/平方米(按建筑面积计)楼层,25,房号,2504,用途,住宅,,建筑面积106.57平方米,户内面积,80.61平方米,分摊面积,25.96平方米,户内面积,--平方米,分摊面积--平方米,建筑面积,--平方米
项目楼栋情况,锦顺名居2栋,座号,C座,合同号,--,拟售价格,54957.47元/平方米(按建筑面积计)楼层,25,房号,2505,用途,住宅,,建筑面积90.7平方米,户内面积,68.6平方米,分摊面积,22.1平方米,户内面积,--平方米,分摊面积--平方米,建筑面积,--平方米
项目楼栋情况,锦顺名居2栋,座号,C座,合同号,--,拟售价格,57039.86元/平方米(按建筑面积计)楼层,24,房号,2401,用途,住宅,,建筑面积129.56平方米,户内面积,97.99平方米,分摊面积,31.57平方米,户内面积,--平方米,分摊面积--平方米,建筑面积,--平方米
项目楼栋情况,锦顺名居2栋,座号,C座,合同号,--,拟售价格,56796.96元/平方米(按建筑面积计)楼层,24,房号,2402,用途,住宅,,建筑面积81.14平方米,户内面积,61.37平方米,分摊面积,19.77平方米,户内面积,--平方米,分摊面积--平方米,建筑面积,--平方米
项目楼栋情况,锦顺名居2栋,座号,C座,合同号,--,拟售价格,53011.36元/平方米(按建筑面积计)楼层,24,房号,2403,用途,住宅,,建筑面积107.4平方米,户内面积,81.23平方米,分摊面积,26.17平方米,户内面积,--平方米,分摊面积--平方米,建筑面积,--平方米
项目楼栋情况,锦顺名居2栋,座号,C座,合同号,--,拟售价格,52200.03元/平方米(按建筑面积计)楼层,24,房号,2404,用途,住宅,,建筑面积106.57平方米,户内面积,80.61平方米,分摊面积,25.96平方米,户内面积,--平方米,分摊面积--平方米,建筑面积,--平方米
项目楼栋情况,锦顺名居2栋,座号,C座,合同号,--,拟售价格,54757.47元/平方米(按建筑面积计)楼层,24,房号,2405,用途,住宅,,建筑面积90.7平方米,户内面积,68.6平方米,分摊面积,22.1平方米,户内面积,--平方米,分摊面积--平方米,建筑面积,--平方米
项目楼栋情况,锦顺名居2栋,座号,C座,合同号,--,拟售价格,56989.86元/平方米(按建筑面积计)楼层,23,房号,2301,用途,住宅,,建筑面积129.56平方米,户内面积,97.99平方米,分摊面积,31.57平方米,户内面积,--平方米,分摊面积--平方米,建筑面积,--平方米
项目楼栋情况,锦顺名居2栋,座号,C座,合同号,--,拟售价格,56796.96元/平方米(按建筑面积计)楼层,23,房号,2302,用途,住宅,,建筑面积81.14平方米,户内面积,61.37平方米,分摊面积,19.77平方米,户内面积,--平方米,分摊面积--平方米,建筑面积,--平方米
项目楼栋情况,锦顺名居2栋,座号,C座,合同号,--,拟售价格,52961.36元/平方米(按建筑面积计)楼层,23,房号,2303,用途,住宅,,建筑面积107.4平方米,户内面积,81.23平方米,分摊面积,26.17平方米,户内面积,--平方米,分摊面积--平方米,建筑面积,--平方米
项目楼栋情况,锦顺名居2栋,座号,C座,合同号,--,拟售价格,52148.85元/平方米(按建筑面积计)楼层,23,房号,2304,用途,住宅,,建筑面积106.57平方米,户内面积,80.61平方米,分摊面积,25.96平方米,户内面积,--平方米,分摊面积--平方米,建筑面积,--平方米
项目楼栋情况,锦顺名居2栋,座号,C座,合同号,--,拟售价格,54757.47元/平方米(按建筑面积计)楼层,23,房号,2305,用途,住宅,,建筑面积90.7平方米,户内面积,68.6平方米,分摊面积,22.1平方米,户内面积,--平方米,分摊面积--平方米,建筑面积,--平方米
项目楼栋情况,锦顺名居2栋,座号,C座,合同号,--,拟售价格,57039.86元/平方米(按建筑面积计)楼层,22,房号,2201,用途,住宅,,建筑面积129.56平方米,户内面积,97.99平方米,分摊面积,31.57平方米,户内面积,--平方米,分摊面积--平方米,建筑面积,--平方米
项目楼栋情况,锦顺名居2栋,座号,C座,合同号,深(龙华)网预买字(2021)1124号,拟售价格,--元/平方米(按建筑面积计)楼层,22,房号,2202,用途,住宅,,建筑面积81.14平方米,户内面积,61.37平方米,分摊面积,19.77平方米,户内面积,--平方米,分摊面积--平方米,建筑面积,--平方米
项目楼栋情况,锦顺名居2栋,座号,C座,合同号,--,拟售价格,53011.36元/平方米(按建筑面积计)楼层,22,房号,2203,用途,住宅,,建筑面积107.4平方米,户内面积,81.23平方米,分摊面积,26.17平方米,户内面积,--平方米,分摊面积--平方米,建筑面积,--平方米
项目楼栋情况,锦顺名居2栋,座号,C座,合同号,深(龙华)网预买字(2021)1161号,拟售价格,--元/平方米(按建筑面积计)楼层,22,房号,2204,用途,住宅,,建筑面积106.57平方米,户内面积,80.61平方米,分摊面积,25.96平方米,户内面积,--平方米,分摊面积--平方米,建筑面积,--平方米
项目楼栋情况,锦顺名居2栋,座号,C座,合同号,--,拟售价格,54857.47元/平方米(按建筑面积计)楼层,22,房号,2205,用途,住宅,,建筑面积90.7平方米,户内面积,68.6平方米,分摊面积,22.1平方米,户内面积,--平方米,分摊面积--平方米,建筑面积,--平方米
项目楼栋情况,锦顺名居2栋,座号,C座,合同号,--,拟售价格,56689.86元/平方米(按建筑面积计)楼层,21,房号,2101,用途,住宅,,建筑面积129.56平方米,户内面积,97.99平方米,分摊面积,31.57平方米,户内面积,--平方米,分摊面积--平方米,建筑面积,--平方米
项目楼栋情况,锦顺名居2栋,座号,C座,合同号,深(龙华)网预买字(2021)880号,拟售价格,--元/平方米(按建筑面积计)楼层,21,房号,2102,用途,住宅,,建筑面积81.14平方米,户内面积,61.37平方米,分摊面积,19.77平方米,户内面积,--平方米,分摊面积--平方米,建筑面积,--平方米
项目楼栋情况,锦顺名居2栋,座号,C座,合同号,深(龙华)网预买字(2021)1520号,拟售价格,--元/平方米(按建筑面积计)楼层,21,房号,2103,用途,住宅,,建筑面积107.4平方米,户内面积,81.23平方米,分摊面积,26.17平方米,户内面积,--平方米,分摊面积--平方米,建筑面积,--平方米
项目楼栋情况,锦顺名居2栋,座号,C座,合同号,--,拟售价格,51846.52元/平方米(按建筑面积计)楼层,21,房号,2104,用途,住宅,,建筑面积106.57平方米,户内面积,80.61平方米,分摊面积,25.96平方米,户内面积,--平方米,分摊面积--平方米,建筑面积,--平方米
项目楼栋情况,锦顺名居2栋,座号,C座,合同号,深(龙华)网预买字(2021)10242号,拟售价格,--元/平方米(按建筑面积计)楼层,21,房号,2105,用途,住宅,,建筑面积90.7平方米,户内面积,68.6平方米,分摊面积,22.1平方米,户内面积,--平方米,分摊面积--平方米,建筑面积,--平方米
项目楼栋情况,锦顺名居2栋,座号,C座,合同号,--,拟售价格,52739.86元/平方米(按建筑面积计)楼层,20,房号,2001,用途,住宅,,建筑面积129.56平方米,户内面积,97.99平方米,分摊面积,31.57平方米,户内面积,--平方米,分摊面积--平方米,建筑面积,--平方米
项目楼栋情况,锦顺名居2栋,座号,C座,合同号,--,拟售价格,52696.96元/平方米(按建筑面积计)楼层,20,房号,2002,用途,住宅,,建筑面积81.14平方米,户内面积,61.37平方米,分摊面积,19.77平方米,户内面积,--平方米,分摊面积--平方米,建筑面积,--平方米
项目楼栋情况,锦顺名居2栋,座号,C座,合同号,--,拟售价格,48711.36元/平方米(按建筑面积计)楼层,20,房号,2003,用途,住宅,,建筑面积107.4平方米,户内面积,81.23平方米,分摊面积,26.17平方米,户内面积,--平方米,分摊面积--平方米,建筑面积,--平方米
项目楼栋情况,锦顺名居2栋,座号,C座,合同号,--,拟售价格,47896.91元/平方米(按建筑面积计)楼层,20,房号,2004,用途,住宅,,建筑面积106.57平方米,户内面积,80.61平方米,分摊面积,25.96平方米,户内面积,--平方米,分摊面积--平方米,建筑面积,--平方米
项目楼栋情况,锦顺名居2栋,座号,C座,合同号,--,拟售价格,50657.47元/平方米(按建筑面积计)楼层,20,房号,2005,用途,住宅,,建筑面积90.7平方米,户内面积,68.6平方米,分摊面积,22.1平方米,户内面积,--平方米,分摊面积--平方米,建筑面积,--平方米
项目楼栋情况,锦顺名居2栋,座号,C座,合同号,深(龙华)网预买字(2021)860号,拟售价格,--元/平方米(按建筑面积计)楼层,19,房号,1901,用途,住宅,,建筑面积129.56平方米,户内面积,97.99平方米,分摊面积,31.57平方米,户内面积,--平方米,分摊面积--平方米,建筑面积,--平方米
项目楼栋情况,锦顺名居2栋,座号,C座,合同号,深(龙华)网预买字(2021)680号,拟售价格,--元/平方米(按建筑面积计)楼层,19,房号,1902,用途,住宅,,建筑面积81.14平方米,户内面积,61.37平方米,分摊面积,19.77平方米,户内面积,--平方米,分摊面积--平方米,建筑面积,--平方米
项目楼栋情况,锦顺名居2栋,座号,C座,合同号,--,拟售价格,52361.36元/平方米(按建筑面积计)楼层,19,房号,1903,用途,住宅,,建筑面积107.4平方米,户内面积,81.23平方米,分摊面积,26.17平方米,户内面积,--平方米,分摊面积--平方米,建筑面积,--平方米
项目楼栋情况,锦顺名居2栋,座号,C座,合同号,--,拟售价格,51544.18元/平方米(按建筑面积计)楼层,19,房号,1904,用途,住宅,,建筑面积106.57平方米,户内面积,80.61平方米,分摊面积,25.96平方米,户内面积,--平方米,分摊面积--平方米,建筑面积,--平方米
项目楼栋情况,锦顺名居2栋,座号,C座,合同号,深(龙华)网预买字(2021)1160号,拟售价格,--元/平方米(按建筑面积计)楼层,19,房号,1905,用途,住宅,,建筑面积90.7平方米,户内面积,68.6平方米,分摊面积,22.1平方米,户内面积,--平方米,分摊面积--平方米,建筑面积,--平方米
项目楼栋情况,锦顺名居2栋,座号,C座,合同号,--,拟售价格,56039.86元/平方米(按建筑面积计)楼层,18,房号,1801,用途,住宅,,建筑面积129.56平方米,户内面积,97.99平方米,分摊面积,31.57平方米,户内面积,--平方米,分摊面积--平方米,建筑面积,--平方米
项目楼栋情况,锦顺名居2栋,座号,C座,合同号,--,拟售价格,56096.96元/平方米(按建筑面积计)楼层,18,房号,1802,用途,住宅,,建筑面积81.14平方米,户内面积,61.37平方米,分摊面积,19.77平方米,户内面积,--平方米,分摊面积--平方米,建筑面积,--平方米
项目楼栋情况,锦顺名居2栋,座号,C座,合同号,--,拟售价格,51911.36元/平方米(按建筑面积计)楼层,18,房号,1803,用途,住宅,,建筑面积107.4平方米,户内面积,81.23平方米,分摊面积,26.17平方米,户内面积,--平方米,分摊面积--平方米,建筑面积,--平方米
项目楼栋情况,锦顺名居2栋,座号,C座,合同号,--,拟售价格,51093.02元/平方米(按建筑面积计)楼层,18,房号,1804,用途,住宅,,建筑面积106.57平方米,户内面积,80.61平方米,分摊面积,25.96平方米,户内面积,--平方米,分摊面积--平方米,建筑面积,--平方米
项目楼栋情况,锦顺名居2栋,座号,C座,合同号,深(龙华)网预买字(2021)3003号,拟售价格,--元/平方米(按建筑面积计)楼层,18,房号,1805,用途,住宅,,建筑面积90.7平方米,户内面积,68.6平方米,分摊面积,22.1平方米,户内面积,--平方米,分摊面积--平方米,建筑面积,--平方米
项目楼栋情况,锦顺名居2栋,座号,C座,合同号,深(龙华)网预买字(2021)821号,拟售价格,--元/平方米(按建筑面积计)楼层,17,房号,1701,用途,住宅,,建筑面积129.56平方米,户内面积,97.99平方米,分摊面积,31.57平方米,户内面积,--平方米,分摊面积--平方米,建筑面积,--平方米
项目楼栋情况,锦顺名居2栋,座号,C座,合同号,深(龙华)网预买字(2021)1123号,拟售价格,--元/平方米(按建筑面积计)楼层,17,房号,1702,用途,住宅,,建筑面积81.14平方米,户内面积,61.37平方米,分摊面积,19.77平方米,户内面积,--平方米,分摊面积--平方米,建筑面积,--平方米
项目楼栋情况,锦顺名居2栋,座号,C座,合同号,--,拟售价格,51861.36元/平方米(按建筑面积计)楼层,17,房号,1703,用途,住宅,,建筑面积107.4平方米,户内面积,81.23平方米,分摊面积,26.17平方米,户内面积,--平方米,分摊面积--平方米,建筑面积,--平方米
项目楼栋情况,锦顺名居2栋,座号,C座,合同号,--,拟售价格,51040.29元/平方米(按建筑面积计)楼层,17,房号,1704,用途,住宅,,建筑面积106.57平方米,户内面积,80.61平方米,分摊面积,25.96平方米,户内面积,--平方米,分摊面积--平方米,建筑面积,--平方米
项目楼栋情况,锦顺名居2栋,座号,C座,合同号,深(龙华)网预买字(2021)1502号,拟售价格,--元/平方米(按建筑面积计)楼层,17,房号,1705,用途,住宅,,建筑面积90.7平方米,户内面积,68.6平方米,分摊面积,22.1平方米,户内面积,--平方米,分摊面积--平方米,建筑面积,--平方米
项目楼栋情况,锦顺名居2栋,座号,C座,合同号,--,拟售价格,56039.86元/平方米(按建筑面积计)楼层,16,房号,1601,用途,住宅,,建筑面积129.56平方米,户内面积,97.99平方米,分摊面积,31.57平方米,户内面积,--平方米,分摊面积--平方米,建筑面积,--平方米
项目楼栋情况,锦顺名居2栋,座号,C座,合同号,深(龙华)网预买字(2021)1041号,拟售价格,--元/平方米(按建筑面积计)楼层,16,房号,1602,用途,住宅,,建筑面积81.14平方米,户内面积,61.37平方米,分摊面积,19.77平方米,户内面积,--平方米,分摊面积--平方米,建筑面积,--平方米
项目楼栋情况,锦顺名居2栋,座号,C座,合同号,深(龙华)网预买字(2021)1042号,拟售价格,--元/平方米(按建筑面积计)楼层,16,房号,1603,用途,住宅,,建筑面积107.4平方米,户内面积,81.23平方米,分摊面积,26.17平方米,户内面积,--平方米,分摊面积--平方米,建筑面积,--平方米
项目楼栋情况,锦顺名居2栋,座号,C座,合同号,深(龙华)网预买字(2021)840号,拟售价格,--元/平方米(按建筑面积计)楼层,16,房号,1604,用途,住宅,,建筑面积106.57平方米,户内面积,80.61平方米,分摊面积,25.96平方米,户内面积,--平方米,分摊面积--平方米,建筑面积,--平方米
项目楼栋情况,锦顺名居2栋,座号,C座,合同号,深(龙华)网预买字(2021)1122号,拟售价格,--元/平方米(按建筑面积计)楼层,16,房号,1605,用途,住宅,,建筑面积90.7平方米,户内面积,68.6平方米,分摊面积,22.1平方米,户内面积,--平方米,分摊面积--平方米,建筑面积,--平方米
项目楼栋情况,锦顺名居2栋,座号,C座,合同号,--,拟售价格,55689.86元/平方米(按建筑面积计)楼层,15,房号,1501,用途,住宅,,建筑面积129.56平方米,户内面积,97.99平方米,分摊面积,31.57平方米,户内面积,--平方米,分摊面积--平方米,建筑面积,--平方米
项目楼栋情况,锦顺名居2栋,座号,C座,合同号,--,拟售价格,55896.96元/平方米(按建筑面积计)楼层,15,房号,1502,用途,住宅,,建筑面积81.14平方米,户内面积,61.37平方米,分摊面积,19.77平方米,户内面积,--平方米,分摊面积--平方米,建筑面积,--平方米
项目楼栋情况,锦顺名居2栋,座号,C座,合同号,--,拟售价格,51561.36元/平方米(按建筑面积计)楼层,15,房号,1503,用途,住宅,,建筑面积107.4平方米,户内面积,81.23平方米,分摊面积,26.17平方米,户内面积,--平方米,分摊面积--平方米,建筑面积,--平方米
项目楼栋情况,锦顺名居2栋,座号,C座,合同号,--,拟售价格,50737.95元/平方米(按建筑面积计)楼层,15,房号,1504,用途,住宅,,建筑面积106.57平方米,户内面积,80.61平方米,分摊面积,25.96平方米,户内面积,--平方米,分摊面积--平方米,建筑面积,--平方米
项目楼栋情况,锦顺名居2栋,座号,C座,合同号,深(龙华)网预买字(2021)820号,拟售价格,--元/平方米(按建筑面积计)楼层,15,房号,1505,用途,住宅,,建筑面积90.7平方米,户内面积,68.6平方米,分摊面积,22.1平方米,户内面积,--平方米,分摊面积--平方米,建筑面积,--平方米
项目楼栋情况,锦顺名居2栋,座号,C座,合同号,深(龙华)网预买字(2021)4640号,拟售价格,--元/平方米(按建筑面积计)楼层,13,房号,1301,用途,住宅,,建筑面积129.56平方米,户内面积,97.99平方米,分摊面积,31.57平方米,户内面积,--平方米,分摊面积--平方米,建筑面积,--平方米
项目楼栋情况,锦顺名居2栋,座号,C座,合同号,--,拟售价格,55616.96元/平方米(按建筑面积计)楼层,13,房号,1302,用途,住宅,,建筑面积81.06平方米,户内面积,61.31平方米,分摊面积,19.75平方米,户内面积,--平方米,分摊面积--平方米,建筑面积,--平方米
项目楼栋情况,锦顺名居2栋,座号,C座,合同号,深(龙华)网预买字(2021)1040号,拟售价格,--元/平方米(按建筑面积计)楼层,13,房号,1303,用途,住宅,,建筑面积107.32平方米,户内面积,81.18平方米,分摊面积,26.14平方米,户内面积,--平方米,分摊面积--平方米,建筑面积,--平方米
项目楼栋情况,锦顺名居2栋,座号,C座,合同号,--,拟售价格,51927.1元/平方米(按建筑面积计)楼层,13,房号,1304,用途,住宅,,建筑面积106.41平方米,户内面积,80.49平方米,分摊面积,25.92平方米,户内面积,--平方米,分摊面积--平方米,建筑面积,--平方米
项目楼栋情况,锦顺名居2栋,座号,C座,合同号,深(龙华)网预买字(2021)661号,拟售价格,--元/平方米(按建筑面积计)楼层,13,房号,1305,用途,住宅,,建筑面积90.67平方米,户内面积,68.58平方米,分摊面积,22.09平方米,户内面积,--平方米,分摊面积--平方米,建筑面积,--平方米
项目楼栋情况,锦顺名居2栋,座号,C座,合同号,--,拟售价格,55439.86元/平方米(按建筑面积计)楼层,12,房号,1201,用途,住宅,,建筑面积129.56平方米,户内面积,97.99平方米,分摊面积,31.57平方米,户内面积,--平方米,分摊面积--平方米,建筑面积,--平方米
项目楼栋情况,锦顺名居2栋,座号,C座,合同号,深(龙华)网预买字(2021)1700号,拟售价格,--元/平方米(按建筑面积计)楼层,12,房号,1202,用途,住宅,,建筑面积81.06平方米,户内面积,61.31平方米,分摊面积,19.75平方米,户内面积,--平方米,分摊面积--平方米,建筑面积,--平方米
项目楼栋情况,锦顺名居2栋,座号,C座,合同号,--,拟售价格,51311.36元/平方米(按建筑面积计)楼层,12,房号,1203,用途,住宅,,建筑面积107.32平方米,户内面积,81.18平方米,分摊面积,26.14平方米,户内面积,--平方米,分摊面积--平方米,建筑面积,--平方米
项目楼栋情况,锦顺名居2栋,座号,C座,合同号,深(龙华)网预买字(2021)801号,拟售价格,--元/平方米(按建筑面积计)楼层,12,房号,1204,用途,住宅,,建筑面积106.41平方米,户内面积,80.49平方米,分摊面积,25.92平方米,户内面积,--平方米,分摊面积--平方米,建筑面积,--平方米
项目楼栋情况,锦顺名居2栋,座号,C座,合同号,深(龙华)网预买字(2021)1360号,拟售价格,--元/平方米(按建筑面积计)楼层,12,房号,1205,用途,住宅,,建筑面积90.67平方米,户内面积,68.58平方米,分摊面积,22.09平方米,户内面积,--平方米,分摊面积--平方米,建筑面积,--平方米
项目楼栋情况,锦顺名居2栋,座号,C座,合同号,--,拟售价格,55139.86元/平方米(按建筑面积计)楼层,11,房号,1101,用途,住宅,,建筑面积129.56平方米,户内面积,97.99平方米,分摊面积,31.57平方米,户内面积,--平方米,分摊面积--平方米,建筑面积,--平方米
项目楼栋情况,锦顺名居2栋,座号,C座,合同号,深(龙华)网预买字(2021)1640号,拟售价格,--元/平方米(按建筑面积计)楼层,11,房号,1102,用途,住宅,,建筑面积81.06平方米,户内面积,61.31平方米,分摊面积,19.75平方米,户内面积,--平方米,分摊面积--平方米,建筑面积,--平方米
项目楼栋情况,锦顺名居2栋,座号,C座,合同号,--,拟售价格,51011.36元/平方米(按建筑面积计)楼层,11,房号,1103,用途,住宅,,建筑面积107.32平方米,户内面积,81.18平方米,分摊面积,26.14平方米,户内面积,--平方米,分摊面积--平方米,建筑面积,--平方米
项目楼栋情况,锦顺名居2栋,座号,C座,合同号,--,拟售价格,51725.38元/平方米(按建筑面积计)楼层,11,房号,1104,用途,住宅,,建筑面积106.41平方米,户内面积,80.49平方米,分摊面积,25.92平方米,户内面积,--平方米,分摊面积--平方米,建筑面积,--平方米
项目楼栋情况,锦顺名居2栋,座号,C座,合同号,深(龙华)网预买字(2021)1460号,拟售价格,--元/平方米(按建筑面积计)楼层,11,房号,1105,用途,住宅,,建筑面积90.67平方米,户内面积,68.58平方米,分摊面积,22.09平方米,户内面积,--平方米,分摊面积--平方米,建筑面积,--平方米
项目楼栋情况,锦顺名居2栋,座号,C座,合同号,--,拟售价格,55239.86元/平方米(按建筑面积计)楼层,10,房号,1001,用途,住宅,,建筑面积129.28平方米,户内面积,97.79平方米,分摊面积,31.49平方米,户内面积,--平方米,分摊面积--平方米,建筑面积,--平方米
项目楼栋情况,锦顺名居2栋,座号,C座,合同号,深(龙华)网预买字(2021)1500号,拟售价格,--元/平方米(按建筑面积计)楼层,10,房号,1002,用途,住宅,,建筑面积80.93平方米,户内面积,61.21平方米,分摊面积,19.72平方米,户内面积,--平方米,分摊面积--平方米,建筑面积,--平方米
项目楼栋情况,锦顺名居2栋,座号,C座,合同号,--,拟售价格,51111.36元/平方米(按建筑面积计)楼层,10,房号,1003,用途,住宅,,建筑面积107.19平方米,户内面积,81.07平方米,分摊面积,26.12平方米,户内面积,--平方米,分摊面积--平方米,建筑面积,--平方米
项目楼栋情况,锦顺名居2栋,座号,C座,合同号,--,拟售价格,51957.23元/平方米(按建筑面积计)楼层,10,房号,1004,用途,住宅,,建筑面积106.02平方米,户内面积,80.19平方米,分摊面积,25.83平方米,户内面积,--平方米,分摊面积--平方米,建筑面积,--平方米
项目楼栋情况,锦顺名居2栋,座号,C座,合同号,深(龙华)网预买字(2021)1501号,拟售价格,--元/平方米(按建筑面积计)楼层,10,房号,1005,用途,住宅,,建筑面积90.71平方米,户内面积,68.61平方米,分摊面积,22.1平方米,户内面积,--平方米,分摊面积--平方米,建筑面积,--平方米
项目楼栋情况,锦顺名居2栋,座号,C座,合同号,--,拟售价格,54639.86元/平方米(按建筑面积计)楼层,9,房号,901,用途,住宅,,建筑面积129.28平方米,户内面积,97.79平方米,分摊面积,31.49平方米,户内面积,--平方米,分摊面积--平方米,建筑面积,--平方米
项目楼栋情况,锦顺名居2栋,座号,C座,合同号,深(龙华)网预买字(2021)1121号,拟售价格,--元/平方米(按建筑面积计)楼层,9,房号,902,用途,住宅,,建筑面积80.93平方米,户内面积,61.21平方米,分摊面积,19.72平方米,户内面积,--平方米,分摊面积--平方米,建筑面积,--平方米
项目楼栋情况,锦顺名居2栋,座号,C座,合同号,--,拟售价格,50611.36元/平方米(按建筑面积计)楼层,9,房号,903,用途,住宅,,建筑面积107.19平方米,户内面积,81.07平方米,分摊面积,26.12平方米,户内面积,--平方米,分摊面积--平方米,建筑面积,--平方米
项目楼栋情况,锦顺名居2栋,座号,C座,合同号,--,拟售价格,51451.71元/平方米(按建筑面积计)楼层,9,房号,904,用途,住宅,,建筑面积106.02平方米,户内面积,80.19平方米,分摊面积,25.83平方米,户内面积,--平方米,分摊面积--平方米,建筑面积,--平方米
项目楼栋情况,锦顺名居2栋,座号,C座,合同号,深(龙华)网预买字(2021)10140号,拟售价格,--元/平方米(按建筑面积计)楼层,9,房号,905,用途,住宅,,建筑面积90.71平方米,户内面积,68.61平方米,分摊面积,22.1平方米,户内面积,--平方米,分摊面积--平方米,建筑面积,--平方米
项目楼栋情况,锦顺名居2栋,座号,C座,合同号,--,拟售价格,54739.86元/平方米(按建筑面积计)楼层,8,房号,801,用途,住宅,,建筑面积129.28平方米,户内面积,97.79平方米,分摊面积,31.49平方米,户内面积,--平方米,分摊面积--平方米,建筑面积,--平方米
项目楼栋情况,锦顺名居2栋,座号,C座,合同号,--,拟售价格,55116.96元/平方米(按建筑面积计)楼层,8,房号,802,用途,住宅,,建筑面积80.93平方米,户内面积,61.21平方米,分摊面积,19.72平方米,户内面积,--平方米,分摊面积--平方米,建筑面积,--平方米
项目楼栋情况,锦顺名居2栋,座号,C座,合同号,--,拟售价格,50711.36元/平方米(按建筑面积计)楼层,8,房号,803,用途,住宅,,建筑面积107.19平方米,户内面积,81.07平方米,分摊面积,26.12平方米,户内面积,--平方米,分摊面积--平方米,建筑面积,--平方米
项目楼栋情况,锦顺名居2栋,座号,C座,合同号,--,拟售价格,51577.66元/平方米(按建筑面积计)楼层,8,房号,804,用途,住宅,,建筑面积105.97平方米,户内面积,80.15平方米,分摊面积,25.82平方米,户内面积,--平方米,分摊面积--平方米,建筑面积,--平方米
项目楼栋情况,锦顺名居2栋,座号,C座,合同号,深(龙华)网预买字(2021)800号,拟售价格,--元/平方米(按建筑面积计)楼层,8,房号,805,用途,住宅,,建筑面积90.66平方米,户内面积,68.57平方米,分摊面积,22.09平方米,户内面积,--平方米,分摊面积--平方米,建筑面积,--平方米
项目楼栋情况,锦顺名居2栋,座号,C座,合同号,--,拟售价格,54439.86元/平方米(按建筑面积计)楼层,7,房号,701,用途,住宅,,建筑面积129.28平方米,户内面积,97.79平方米,分摊面积,31.49平方米,户内面积,--平方米,分摊面积--平方米,建筑面积,--平方米
项目楼栋情况,锦顺名居2栋,座号,C座,合同号,--,拟售价格,54836.96元/平方米(按建筑面积计)楼层,7,房号,702,用途,住宅,,建筑面积80.93平方米,户内面积,61.21平方米,分摊面积,19.72平方米,户内面积,--平方米,分摊面积--平方米,建筑面积,--平方米
项目楼栋情况,锦顺名居2栋,座号,C座,合同号,--,拟售价格,50411.36元/平方米(按建筑面积计)楼层,7,房号,703,用途,住宅,,建筑面积107.19平方米,户内面积,81.07平方米,分摊面积,26.12平方米,户内面积,--平方米,分摊面积--平方米,建筑面积,--平方米
项目楼栋情况,锦顺名居2栋,座号,C座,合同号,--,拟售价格,51274.21元/平方米(按建筑面积计)楼层,7,房号,704,用途,住宅,,建筑面积105.97平方米,户内面积,80.15平方米,分摊面积,25.82平方米,户内面积,--平方米,分摊面积--平方米,建筑面积,--平方米
项目楼栋情况,锦顺名居2栋,座号,C座,合同号,深(龙华)网预买字(2021)1108号,拟售价格,--元/平方米(按建筑面积计)楼层,7,房号,705,用途,住宅,,建筑面积90.66平方米,户内面积,68.57平方米,分摊面积,22.09平方米,户内面积,--平方米,分摊面积--平方米,建筑面积,--平方米
项目楼栋情况,锦顺名居2栋,座号,C座,合同号,--,拟售价格,54539.86元/平方米(按建筑面积计)楼层,6,房号,601,用途,住宅,,建筑面积129.28平方米,户内面积,97.79平方米,分摊面积,31.49平方米,户内面积,--平方米,分摊面积--平方米,建筑面积,--平方米
项目楼栋情况,锦顺名居2栋,座号,C座,合同号,--,拟售价格,54956.96元/平方米(按建筑面积计)楼层,6,房号,602,用途,住宅,,建筑面积80.93平方米,户内面积,61.21平方米,分摊面积,19.72平方米,户内面积,--平方米,分摊面积--平方米,建筑面积,--平方米
项目楼栋情况,锦顺名居2栋,座号,C座,合同号,--,拟售价格,50511.36元/平方米(按建筑面积计)楼层,6,房号,603,用途,住宅,,建筑面积107.19平方米,户内面积,81.07平方米,分摊面积,26.12平方米,户内面积,--平方米,分摊面积--平方米,建筑面积,--平方米
项目楼栋情况,锦顺名居2栋,座号,C座,合同号,--,拟售价格,51375.36元/平方米(按建筑面积计)楼层,6,房号,604,用途,住宅,,建筑面积105.97平方米,户内面积,80.15平方米,分摊面积,25.82平方米,户内面积,--平方米,分摊面积--平方米,建筑面积,--平方米
项目楼栋情况,锦顺名居2栋,座号,C座,合同号,--,拟售价格,53417.47元/平方米(按建筑面积计)楼层,6,房号,605,用途,住宅,,建筑面积90.66平方米,户内面积,68.57平方米,分摊面积,22.09平方米,户内面积,--平方米,分摊面积--平方米,建筑面积,--平方米
项目楼栋情况,锦顺名居2栋,座号,C座,合同号,--,拟售价格,54239.86元/平方米(按建筑面积计)楼层,5,房号,501,用途,住宅,,建筑面积128.86平方米,户内面积,97.47平方米,分摊面积,31.39平方米,户内面积,--平方米,分摊面积--平方米,建筑面积,--平方米
项目楼栋情况,锦顺名居2栋,座号,C座,合同号,--,拟售价格,54676.96元/平方米(按建筑面积计)楼层,5,房号,502,用途,住宅,,建筑面积80.55平方米,户内面积,60.93平方米,分摊面积,19.62平方米,户内面积,--平方米,分摊面积--平方米,建筑面积,--平方米
项目楼栋情况,锦顺名居2栋,座号,C座,合同号,--,拟售价格,50211.36元/平方米(按建筑面积计)楼层,5,房号,503,用途,住宅,,建筑面积106.67平方米,户内面积,80.68平方米,分摊面积,25.99平方米,户内面积,--平方米,分摊面积--平方米,建筑面积,--平方米
项目楼栋情况,锦顺名居2栋,座号,C座,合同号,深(龙华)网预买字(2021)2140号,拟售价格,--元/平方米(按建筑面积计)楼层,5,房号,504,用途,住宅,,建筑面积105.6平方米,户内面积,79.87平方米,分摊面积,25.73平方米,户内面积,--平方米,分摊面积--平方米,建筑面积,--平方米
项目楼栋情况,锦顺名居2栋,座号,C座,合同号,深(龙华)网预买字(2021)1021号,拟售价格,--元/平方米(按建筑面积计)楼层,5,房号,505,用途,住宅,,建筑面积90.31平方米,户内面积,68.31平方米,分摊面积,22平方米,户内面积,--平方米,分摊面积--平方米,建筑面积,--平方米
项目楼栋情况,锦顺名居2栋,座号,C座,合同号,--,拟售价格,53539.86元/平方米(按建筑面积计)楼层,4,房号,401,用途,住宅,,建筑面积128.86平方米,户内面积,97.47平方米,分摊面积,31.39平方米,户内面积,--平方米,分摊面积--平方米,建筑面积,--平方米
项目楼栋情况,锦顺名居2栋,座号,C座,合同号,--,拟售价格,53996.96元/平方米(按建筑面积计)楼层,4,房号,402,用途,住宅,,建筑面积80.54平方米,户内面积,60.92平方米,分摊面积,19.62平方米,户内面积,--平方米,分摊面积--平方米,建筑面积,--平方米
项目楼栋情况,锦顺名居2栋,座号,C座,合同号,--,拟售价格,49511.36元/平方米(按建筑面积计)楼层,4,房号,403,用途,住宅,,建筑面积106.66平方米,户内面积,80.67平方米,分摊面积,25.99平方米,户内面积,--平方米,分摊面积--平方米,建筑面积,--平方米
项目楼栋情况,锦顺名居2栋,座号,C座,合同号,深(龙华)网预买字(2021)1620号,拟售价格,--元/平方米(按建筑面积计)楼层,4,房号,404,用途,住宅,,建筑面积105.59平方米,户内面积,79.86平方米,分摊面积,25.73平方米,户内面积,--平方米,分摊面积--平方米,建筑面积,--平方米
项目楼栋情况,锦顺名居2栋,座号,C座,合同号,--,拟售价格,52457.47元/平方米(按建筑面积计)楼层,4,房号,405,用途,住宅,,建筑面积90.3平方米,户内面积,68.3平方米,分摊面积,22平方米,户内面积,--平方米,分摊面积--平方米,建筑面积,--平方米
项目楼栋情况,锦顺名居2栋,座号,D座,合同号,--,拟售价格,52187.73元/平方米(按建筑面积计)楼层,41,房号,4104,用途,住宅,,建筑面积90.71平方米,户内面积,70.11平方米,分摊面积,20.6平方米,户内面积,--平方米,分摊面积--平方米,建筑面积,--平方米
项目楼栋情况,锦顺名居2栋,座号,D座,合同号,--,拟售价格,48359.63元/平方米(按建筑面积计)楼层,41,房号,4105,用途,住宅,,建筑面积109.68平方米,户内面积,84.78平方米,分摊面积,24.9平方米,户内面积,--平方米,分摊面积--平方米,建筑面积,--平方米
项目楼栋情况,锦顺名居2栋,座号,D座,合同号,--,拟售价格,54928.28元/平方米(按建筑面积计)楼层,41,房号,4106,用途,住宅,,建筑面积78.38平方米,户内面积,60.58平方米,分摊面积,17.8平方米,户内面积,--平方米,分摊面积--平方米,建筑面积,--平方米
项目楼栋情况,锦顺名居2栋,座号,D座,合同号,--,拟售价格,52607.73元/平方米(按建筑面积计)楼层,40,房号,4004,用途,住宅,,建筑面积90.71平方米,户内面积,70.11平方米,分摊面积,20.6平方米,户内面积,--平方米,分摊面积--平方米,建筑面积,--平方米
项目楼栋情况,锦顺名居2栋,座号,D座,合同号,--,拟售价格,48859.63元/平方米(按建筑面积计)楼层,40,房号,4005,用途,住宅,,建筑面积109.68平方米,户内面积,84.78平方米,分摊面积,24.9平方米,户内面积,--平方米,分摊面积--平方米,建筑面积,--平方米
项目楼栋情况,锦顺名居2栋,座号,D座,合同号,深(龙华)网预买字(2021)760号,拟售价格,--元/平方米(按建筑面积计)楼层,40,房号,4006,用途,住宅,,建筑面积78.38平方米,户内面积,60.58平方米,分摊面积,17.8平方米,户内面积,--平方米,分摊面积--平方米,建筑面积,--平方米
项目楼栋情况,锦顺名居2栋,座号,D座,合同号,深(龙华)网预买字(2021)740号,拟售价格,--元/平方米(按建筑面积计)楼层,39,房号,3904,用途,住宅,,建筑面积90.71平方米,户内面积,70.11平方米,分摊面积,20.6平方米,户内面积,--平方米,分摊面积--平方米,建筑面积,--平方米
项目楼栋情况,锦顺名居2栋,座号,D座,合同号,--,拟售价格,48959.63元/平方米(按建筑面积计)楼层,39,房号,3905,用途,住宅,,建筑面积109.68平方米,户内面积,84.78平方米,分摊面积,24.9平方米,户内面积,--平方米,分摊面积--平方米,建筑面积,--平方米
项目楼栋情况,锦顺名居2栋,座号,D座,合同号,--,拟售价格,--元/平方米(按建筑面积计)楼层,39,房号,3906,用途,住宅,,建筑面积78.38平方米,户内面积,60.58平方米,分摊面积,17.8平方米,户内面积,--平方米,分摊面积--平方米,建筑面积,--平方米
项目楼栋情况,锦顺名居2栋,座号,D座,合同号,深(龙华)网预买字(2021)1131号,拟售价格,--元/平方米(按建筑面积计)楼层,38,房号,3802,用途,住宅,,建筑面积79.64平方米,户内面积,61.56平方米,分摊面积,18.08平方米,户内面积,--平方米,分摊面积--平方米,建筑面积,--平方米
项目楼栋情况,锦顺名居2栋,座号,D座,合同号,--,拟售价格,53047.73元/平方米(按建筑面积计)楼层,38,房号,3804,用途,住宅,,建筑面积90.71平方米,户内面积,70.11平方米,分摊面积,20.6平方米,户内面积,--平方米,分摊面积--平方米,建筑面积,--平方米
项目楼栋情况,锦顺名居2栋,座号,D座,合同号,--,拟售价格,49459.63元/平方米(按建筑面积计)楼层,38,房号,3805,用途,住宅,,建筑面积109.68平方米,户内面积,84.78平方米,分摊面积,24.9平方米,户内面积,--平方米,分摊面积--平方米,建筑面积,--平方米
项目楼栋情况,锦顺名居2栋,座号,D座,合同号,深(龙华)网预买字(2021)10300号,拟售价格,--元/平方米(按建筑面积计)楼层,38,房号,3806,用途,住宅,,建筑面积78.38平方米,户内面积,60.58平方米,分摊面积,17.8平方米,户内面积,--平方米,分摊面积--平方米,建筑面积,--平方米
项目楼栋情况,锦顺名居2栋,座号,D座,合同号,深(龙华)网预买字(2021)10261号,拟售价格,--元/平方米(按建筑面积计)楼层,37,房号,3702,用途,住宅,,建筑面积79.64平方米,户内面积,61.56平方米,分摊面积,18.08平方米,户内面积,--平方米,分摊面积--平方米,建筑面积,--平方米
项目楼栋情况,锦顺名居2栋,座号,D座,合同号,--,拟售价格,53067.73元/平方米(按建筑面积计)楼层,37,房号,3704,用途,住宅,,建筑面积90.71平方米,户内面积,70.11平方米,分摊面积,20.6平方米,户内面积,--平方米,分摊面积--平方米,建筑面积,--平方米
项目楼栋情况,锦顺名居2栋,座号,D座,合同号,--,拟售价格,49559.63元/平方米(按建筑面积计)楼层,37,房号,3705,用途,住宅,,建筑面积109.68平方米,户内面积,84.78平方米,分摊面积,24.9平方米,户内面积,--平方米,分摊面积--平方米,建筑面积,--平方米
项目楼栋情况,锦顺名居2栋,座号,D座,合同号,深(龙华)网预买字(2021)541号,拟售价格,--元/平方米(按建筑面积计)楼层,36,房号,3602,用途,住宅,,建筑面积79.64平方米,户内面积,61.56平方米,分摊面积,18.08平方米,户内面积,--平方米,分摊面积--平方米,建筑面积,--平方米
项目楼栋情况,锦顺名居2栋,座号,D座,合同号,深(龙华)网预买字(2021)1000号,拟售价格,--元/平方米(按建筑面积计)楼层,36,房号,3604,用途,住宅,,建筑面积90.71平方米,户内面积,70.11平方米,分摊面积,20.6平方米,户内面积,--平方米,分摊面积--平方米,建筑面积,--平方米
项目楼栋情况,锦顺名居2栋,座号,D座,合同号,--,拟售价格,50059.63元/平方米(按建筑面积计)楼层,36,房号,3605,用途,住宅,,建筑面积109.68平方米,户内面积,84.78平方米,分摊面积,24.9平方米,户内面积,--平方米,分摊面积--平方米,建筑面积,--平方米
项目楼栋情况,锦顺名居2栋,座号,D座,合同号,深(龙华)网预买字(2021)980号,拟售价格,--元/平方米(按建筑面积计)楼层,35,房号,3502,用途,住宅,,建筑面积79.64平方米,户内面积,61.56平方米,分摊面积,18.08平方米,户内面积,--平方米,分摊面积--平方米,建筑面积,--平方米
项目楼栋情况,锦顺名居2栋,座号,D座,合同号,--,拟售价格,53507.73元/平方米(按建筑面积计)楼层,35,房号,3504,用途,住宅,,建筑面积90.71平方米,户内面积,70.11平方米,分摊面积,20.6平方米,户内面积,--平方米,分摊面积--平方米,建筑面积,--平方米
项目楼栋情况,锦顺名居2栋,座号,D座,合同号,--,拟售价格,50159.63元/平方米(按建筑面积计)楼层,35,房号,3505,用途,住宅,,建筑面积109.68平方米,户内面积,84.78平方米,分摊面积,24.9平方米,户内面积,--平方米,分摊面积--平方米,建筑面积,--平方米
项目楼栋情况,锦顺名居2栋,座号,D座,合同号,--,拟售价格,54770.44元/平方米(按建筑面积计)楼层,34,房号,3402,用途,住宅,,建筑面积79.64平方米,户内面积,61.56平方米,分摊面积,18.08平方米,户内面积,--平方米,分摊面积--平方米,建筑面积,--平方米
项目楼栋情况,锦顺名居2栋,座号,D座,合同号,--,拟售价格,53667.73元/平方米(按建筑面积计)楼层,34,房号,3404,用途,住宅,,建筑面积90.71平方米,户内面积,70.11平方米,分摊面积,20.6平方米,户内面积,--平方米,分摊面积--平方米,建筑面积,--平方米
项目楼栋情况,锦顺名居2栋,座号,D座,合同号,--,拟售价格,50359.63元/平方米(按建筑面积计)楼层,34,房号,3405,用途,住宅,,建筑面积109.68平方米,户内面积,84.78平方米,分摊面积,24.9平方米,户内面积,--平方米,分摊面积--平方米,建筑面积,--平方米
项目楼栋情况,锦顺名居2栋,座号,D座,合同号,深(龙华)网预买字(2021)1260号,拟售价格,--元/平方米(按建筑面积计)楼层,33,房号,3302,用途,住宅,,建筑面积79.64平方米,户内面积,61.56平方米,分摊面积,18.08平方米,户内面积,--平方米,分摊面积--平方米,建筑面积,--平方米
项目楼栋情况,锦顺名居2栋,座号,D座,合同号,--,拟售价格,53827.73元/平方米(按建筑面积计)楼层,33,房号,3304,用途,住宅,,建筑面积90.71平方米,户内面积,70.11平方米,分摊面积,20.6平方米,户内面积,--平方米,分摊面积--平方米,建筑面积,--平方米
项目楼栋情况,锦顺名居2栋,座号,D座,合同号,--,拟售价格,50559.63元/平方米(按建筑面积计)楼层,33,房号,3305,用途,住宅,,建筑面积109.68平方米,户内面积,84.78平方米,分摊面积,24.9平方米,户内面积,--平方米,分摊面积--平方米,建筑面积,--平方米
项目楼栋情况,锦顺名居2栋,座号,D座,合同号,深(龙华)网预买字(2021)2260号,拟售价格,--元/平方米(按建筑面积计)楼层,32,房号,3202,用途,住宅,,建筑面积79.64平方米,户内面积,61.56平方米,分摊面积,18.08平方米,户内面积,--平方米,分摊面积--平方米,建筑面积,--平方米
项目楼栋情况,锦顺名居2栋,座号,D座,合同号,深(龙华)网预买字(2021)2261号,拟售价格,--元/平方米(按建筑面积计)楼层,32,房号,3204,用途,住宅,,建筑面积90.71平方米,户内面积,70.11平方米,分摊面积,20.6平方米,户内面积,--平方米,分摊面积--平方米,建筑面积,--平方米
项目楼栋情况,锦顺名居2栋,座号,D座,合同号,--,拟售价格,50959.63元/平方米(按建筑面积计)楼层,32,房号,3205,用途,住宅,,建筑面积109.68平方米,户内面积,84.78平方米,分摊面积,24.9平方米,户内面积,--平方米,分摊面积--平方米,建筑面积,--平方米
项目楼栋情况,锦顺名居2栋,座号,D座,合同号,--,拟售价格,55610.44元/平方米(按建筑面积计)楼层,30,房号,3002,用途,住宅,,建筑面积79.64平方米,户内面积,61.56平方米,分摊面积,18.08平方米,户内面积,--平方米,分摊面积--平方米,建筑面积,--平方米
项目楼栋情况,锦顺名居2栋,座号,D座,合同号,--,拟售价格,54507.73元/平方米(按建筑面积计)楼层,30,房号,3004,用途,住宅,,建筑面积90.71平方米,户内面积,70.11平方米,分摊面积,20.6平方米,户内面积,--平方米,分摊面积--平方米,建筑面积,--平方米
项目楼栋情况,锦顺名居2栋,座号,D座,合同号,--,拟售价格,51359.63元/平方米(按建筑面积计)楼层,30,房号,3005,用途,住宅,,建筑面积109.68平方米,户内面积,84.78平方米,分摊面积,24.9平方米,户内面积,--平方米,分摊面积--平方米,建筑面积,--平方米
项目楼栋情况,锦顺名居2栋,座号,D座,合同号,--,拟售价格,55490.44元/平方米(按建筑面积计)楼层,29,房号,2902,用途,住宅,,建筑面积79.64平方米,户内面积,61.56平方米,分摊面积,18.08平方米,户内面积,--平方米,分摊面积--平方米,建筑面积,--平方米
项目楼栋情况,锦顺名居2栋,座号,D座,合同号,--,拟售价格,54387.73元/平方米(按建筑面积计)楼层,29,房号,2904,用途,住宅,,建筑面积90.71平方米,户内面积,70.11平方米,分摊面积,20.6平方米,户内面积,--平方米,分摊面积--平方米,建筑面积,--平方米
项目楼栋情况,锦顺名居2栋,座号,D座,合同号,--,拟售价格,51259.63元/平方米(按建筑面积计)楼层,29,房号,2905,用途,住宅,,建筑面积109.68平方米,户内面积,84.78平方米,分摊面积,24.9平方米,户内面积,--平方米,分摊面积--平方米,建筑面积,--平方米
项目楼栋情况,锦顺名居2栋,座号,D座,合同号,深(龙华)网预买字(2021)1103号,拟售价格,--元/平方米(按建筑面积计)楼层,28,房号,2802,用途,住宅,,建筑面积79.64平方米,户内面积,61.56平方米,分摊面积,18.08平方米,户内面积,--平方米,分摊面积--平方米,建筑面积,--平方米
项目楼栋情况,锦顺名居2栋,座号,D座,合同号,--,拟售价格,54667.73元/平方米(按建筑面积计)楼层,28,房号,2804,用途,住宅,,建筑面积90.71平方米,户内面积,70.11平方米,分摊面积,20.6平方米,户内面积,--平方米,分摊面积--平方米,建筑面积,--平方米
项目楼栋情况,锦顺名居2栋,座号,D座,合同号,--,拟售价格,51559.63元/平方米(按建筑面积计)楼层,28,房号,2805,用途,住宅,,建筑面积109.68平方米,户内面积,84.78平方米,分摊面积,24.9平方米,户内面积,--平方米,分摊面积--平方米,建筑面积,--平方米
项目楼栋情况,锦顺名居2栋,座号,D座,合同号,深(龙华)网预买字(2021)3502号,拟售价格,--元/平方米(按建筑面积计)楼层,27,房号,2702,用途,住宅,,建筑面积79.64平方米,户内面积,61.56平方米,分摊面积,18.08平方米,户内面积,--平方米,分摊面积--平方米,建筑面积,--平方米
项目楼栋情况,锦顺名居2栋,座号,D座,合同号,--,拟售价格,54547.73元/平方米(按建筑面积计)楼层,27,房号,2704,用途,住宅,,建筑面积90.71平方米,户内面积,70.11平方米,分摊面积,20.6平方米,户内面积,--平方米,分摊面积--平方米,建筑面积,--平方米
项目楼栋情况,锦顺名居2栋,座号,D座,合同号,--,拟售价格,51459.63元/平方米(按建筑面积计)楼层,27,房号,2705,用途,住宅,,建筑面积109.68平方米,户内面积,84.78平方米,分摊面积,24.9平方米,户内面积,--平方米,分摊面积--平方米,建筑面积,--平方米
项目楼栋情况,锦顺名居2栋,座号,D座,合同号,--,拟售价格,55930.44元/平方米(按建筑面积计)楼层,26,房号,2602,用途,住宅,,建筑面积79.64平方米,户内面积,61.56平方米,分摊面积,18.08平方米,户内面积,--平方米,分摊面积--平方米,建筑面积,--平方米
项目楼栋情况,锦顺名居2栋,座号,D座,合同号,--,拟售价格,54827.73元/平方米(按建筑面积计)楼层,26,房号,2604,用途,住宅,,建筑面积90.71平方米,户内面积,70.11平方米,分摊面积,20.6平方米,户内面积,--平方米,分摊面积--平方米,建筑面积,--平方米
项目楼栋情况,锦顺名居2栋,座号,D座,合同号,--,拟售价格,51759.63元/平方米(按建筑面积计)楼层,26,房号,2605,用途,住宅,,建筑面积109.68平方米,户内面积,84.78平方米,分摊面积,24.9平方米,户内面积,--平方米,分摊面积--平方米,建筑面积,--平方米
项目楼栋情况,锦顺名居2栋,座号,D座,合同号,深(龙华)网预买字(2021)4099号,拟售价格,--元/平方米(按建筑面积计)楼层,25,房号,2501,用途,住宅,,建筑面积123.28平方米,户内面积,95.28平方米,分摊面积,28平方米,户内面积,--平方米,分摊面积--平方米,建筑面积,--平方米
项目楼栋情况,锦顺名居2栋,座号,D座,合同号,--,拟售价格,55810.44元/平方米(按建筑面积计)楼层,25,房号,2502,用途,住宅,,建筑面积79.64平方米,户内面积,61.56平方米,分摊面积,18.08平方米,户内面积,--平方米,分摊面积--平方米,建筑面积,--平方米
项目楼栋情况,锦顺名居2栋,座号,D座,合同号,--,拟售价格,54707.73元/平方米(按建筑面积计)楼层,25,房号,2504,用途,住宅,,建筑面积90.71平方米,户内面积,70.11平方米,分摊面积,20.6平方米,户内面积,--平方米,分摊面积--平方米,建筑面积,--平方米
项目楼栋情况,锦顺名居2栋,座号,D座,合同号,--,拟售价格,51659.63元/平方米(按建筑面积计)楼层,25,房号,2505,用途,住宅,,建筑面积109.68平方米,户内面积,84.78平方米,分摊面积,24.9平方米,户内面积,--平方米,分摊面积--平方米,建筑面积,--平方米
项目楼栋情况,锦顺名居2栋,座号,D座,合同号,--,拟售价格,50829.62元/平方米(按建筑面积计)楼层,24,房号,2401,用途,住宅,,建筑面积123.28平方米,户内面积,95.28平方米,分摊面积,28平方米,户内面积,--平方米,分摊面积--平方米,建筑面积,--平方米
项目楼栋情况,锦顺名居2栋,座号,D座,合同号,--,拟售价格,55610.44元/平方米(按建筑面积计)楼层,24,房号,2402,用途,住宅,,建筑面积79.64平方米,户内面积,61.56平方米,分摊面积,18.08平方米,户内面积,--平方米,分摊面积--平方米,建筑面积,--平方米
项目楼栋情况,锦顺名居2栋,座号,D座,合同号,--,拟售价格,53679.8元/平方米(按建筑面积计)楼层,24,房号,2403,用途,住宅,,建筑面积91.66平方米,户内面积,70.85平方米,分摊面积,20.81平方米,户内面积,--平方米,分摊面积--平方米,建筑面积,--平方米
项目楼栋情况,锦顺名居2栋,座号,D座,合同号,--,拟售价格,54507.73元/平方米(按建筑面积计)楼层,24,房号,2404,用途,住宅,,建筑面积90.71平方米,户内面积,70.11平方米,分摊面积,20.6平方米,户内面积,--平方米,分摊面积--平方米,建筑面积,--平方米
项目楼栋情况,锦顺名居2栋,座号,D座,合同号,--,拟售价格,51409.63元/平方米(按建筑面积计)楼层,24,房号,2405,用途,住宅,,建筑面积109.68平方米,户内面积,84.78平方米,分摊面积,24.9平方米,户内面积,--平方米,分摊面积--平方米,建筑面积,--平方米
项目楼栋情况,锦顺名居2栋,座号,D座,合同号,--,拟售价格,50779.62元/平方米(按建筑面积计)楼层,23,房号,2301,用途,住宅,,建筑面积123.28平方米,户内面积,95.28平方米,分摊面积,28平方米,户内面积,--平方米,分摊面积--平方米,建筑面积,--平方米
项目楼栋情况,锦顺名居2栋,座号,D座,合同号,深(龙华)网预买字(2021)1580号,拟售价格,--元/平方米(按建筑面积计)楼层,23,房号,2302,用途,住宅,,建筑面积79.64平方米,户内面积,61.56平方米,分摊面积,18.08平方米,户内面积,--平方米,分摊面积--平方米,建筑面积,--平方米
项目楼栋情况,锦顺名居2栋,座号,D座,合同号,--,拟售价格,53679.8元/平方米(按建筑面积计)楼层,23,房号,2303,用途,住宅,,建筑面积91.66平方米,户内面积,70.85平方米,分摊面积,20.81平方米,户内面积,--平方米,分摊面积--平方米,建筑面积,--平方米
项目楼栋情况,锦顺名居2栋,座号,D座,合同号,--,拟售价格,54507.73元/平方米(按建筑面积计)楼层,23,房号,2304,用途,住宅,,建筑面积90.71平方米,户内面积,70.11平方米,分摊面积,20.6平方米,户内面积,--平方米,分摊面积--平方米,建筑面积,--平方米
项目楼栋情况,锦顺名居2栋,座号,D座,合同号,--,拟售价格,51359.63元/平方米(按建筑面积计)楼层,23,房号,2305,用途,住宅,,建筑面积109.68平方米,户内面积,84.78平方米,分摊面积,24.9平方米,户内面积,--平方米,分摊面积--平方米,建筑面积,--平方米
项目楼栋情况,锦顺名居2栋,座号,D座,合同号,深(龙华)网预买字(2021)1440号,拟售价格,--元/平方米(按建筑面积计)楼层,22,房号,2201,用途,住宅,,建筑面积123.28平方米,户内面积,95.28平方米,分摊面积,28平方米,户内面积,--平方米,分摊面积--平方米,建筑面积,--平方米
项目楼栋情况,锦顺名居2栋,座号,D座,合同号,--,拟售价格,55710.44元/平方米(按建筑面积计)楼层,22,房号,2202,用途,住宅,,建筑面积79.64平方米,户内面积,61.56平方米,分摊面积,18.08平方米,户内面积,--平方米,分摊面积--平方米,建筑面积,--平方米
项目楼栋情况,锦顺名居2栋,座号,D座,合同号,--,拟售价格,53779.8元/平方米(按建筑面积计)楼层,22,房号,2203,用途,住宅,,建筑面积91.66平方米,户内面积,70.85平方米,分摊面积,20.81平方米,户内面积,--平方米,分摊面积--平方米,建筑面积,--平方米
项目楼栋情况,锦顺名居2栋,座号,D座,合同号,深(龙华)网预买字(2021)960号,拟售价格,--元/平方米(按建筑面积计)楼层,22,房号,2204,用途,住宅,,建筑面积90.71平方米,户内面积,70.11平方米,分摊面积,20.6平方米,户内面积,--平方米,分摊面积--平方米,建筑面积,--平方米
项目楼栋情况,锦顺名居2栋,座号,D座,合同号,--,拟售价格,51409.63元/平方米(按建筑面积计)楼层,22,房号,2205,用途,住宅,,建筑面积109.68平方米,户内面积,84.78平方米,分摊面积,24.9平方米,户内面积,--平方米,分摊面积--平方米,建筑面积,--平方米
项目楼栋情况,锦顺名居2栋,座号,D座,合同号,--,拟售价格,50479.62元/平方米(按建筑面积计)楼层,21,房号,2101,用途,住宅,,建筑面积123.28平方米,户内面积,95.28平方米,分摊面积,28平方米,户内面积,--平方米,分摊面积--平方米,建筑面积,--平方米
项目楼栋情况,锦顺名居2栋,座号,D座,合同号,深(龙华)网预买字(2021)3400号,拟售价格,--元/平方米(按建筑面积计)楼层,21,房号,2102,用途,住宅,,建筑面积79.64平方米,户内面积,61.56平方米,分摊面积,18.08平方米,户内面积,--平方米,分摊面积--平方米,建筑面积,--平方米
项目楼栋情况,锦顺名居2栋,座号,D座,合同号,--,拟售价格,53479.8元/平方米(按建筑面积计)楼层,21,房号,2103,用途,住宅,,建筑面积91.66平方米,户内面积,70.85平方米,分摊面积,20.81平方米,户内面积,--平方米,分摊面积--平方米,建筑面积,--平方米
项目楼栋情况,锦顺名居2栋,座号,D座,合同号,--,拟售价格,54307.73元/平方米(按建筑面积计)楼层,21,房号,2104,用途,住宅,,建筑面积90.71平方米,户内面积,70.11平方米,分摊面积,20.6平方米,户内面积,--平方米,分摊面积--平方米,建筑面积,--平方米
项目楼栋情况,锦顺名居2栋,座号,D座,合同号,--,拟售价格,51059.63元/平方米(按建筑面积计)楼层,21,房号,2105,用途,住宅,,建筑面积109.68平方米,户内面积,84.78平方米,分摊面积,24.9平方米,户内面积,--平方米,分摊面积--平方米,建筑面积,--平方米
项目楼栋情况,锦顺名居2栋,座号,D座,合同号,深(龙华)网预买字(2021)1102号,拟售价格,--元/平方米(按建筑面积计)楼层,20,房号,2001,用途,住宅,,建筑面积123.28平方米,户内面积,95.28平方米,分摊面积,28平方米,户内面积,--平方米,分摊面积--平方米,建筑面积,--平方米
项目楼栋情况,锦顺名居2栋,座号,D座,合同号,深(龙华)网预买字(2021)1420号,拟售价格,--元/平方米(按建筑面积计)楼层,20,房号,2002,用途,住宅,,建筑面积79.64平方米,户内面积,61.56平方米,分摊面积,18.08平方米,户内面积,--平方米,分摊面积--平方米,建筑面积,--平方米
项目楼栋情况,锦顺名居2栋,座号,D座,合同号,--,拟售价格,53579.8元/平方米(按建筑面积计)楼层,20,房号,2003,用途,住宅,,建筑面积91.66平方米,户内面积,70.85平方米,分摊面积,20.81平方米,户内面积,--平方米,分摊面积--平方米,建筑面积,--平方米
项目楼栋情况,锦顺名居2栋,座号,D座,合同号,--,拟售价格,54407.73元/平方米(按建筑面积计)楼层,20,房号,2004,用途,住宅,,建筑面积90.71平方米,户内面积,70.11平方米,分摊面积,20.6平方米,户内面积,--平方米,分摊面积--平方米,建筑面积,--平方米
项目楼栋情况,锦顺名居2栋,座号,D座,合同号,--,拟售价格,51109.63元/平方米(按建筑面积计)楼层,20,房号,2005,用途,住宅,,建筑面积109.68平方米,户内面积,84.78平方米,分摊面积,24.9平方米,户内面积,--平方米,分摊面积--平方米,建筑面积,--平方米
项目楼栋情况,锦顺名居2栋,座号,D座,合同号,深(龙华)网预买字(2021)1241号,拟售价格,--元/平方米(按建筑面积计)楼层,19,房号,1901,用途,住宅,,建筑面积123.28平方米,户内面积,95.28平方米,分摊面积,28平方米,户内面积,--平方米,分摊面积--平方米,建筑面积,--平方米
项目楼栋情况,锦顺名居2栋,座号,D座,合同号,--,拟售价格,55210.44元/平方米(按建筑面积计)楼层,19,房号,1902,用途,住宅,,建筑面积79.64平方米,户内面积,61.56平方米,分摊面积,18.08平方米,户内面积,--平方米,分摊面积--平方米,建筑面积,--平方米
项目楼栋情况,锦顺名居2栋,座号,D座,合同号,--,拟售价格,53279.8元/平方米(按建筑面积计)楼层,19,房号,1903,用途,住宅,,建筑面积91.66平方米,户内面积,70.85平方米,分摊面积,20.81平方米,户内面积,--平方米,分摊面积--平方米,建筑面积,--平方米
项目楼栋情况,锦顺名居2栋,座号,D座,合同号,--,拟售价格,54107.73元/平方米(按建筑面积计)楼层,19,房号,1904,用途,住宅,,建筑面积90.71平方米,户内面积,70.11平方米,分摊面积,20.6平方米,户内面积,--平方米,分摊面积--平方米,建筑面积,--平方米
项目楼栋情况,锦顺名居2栋,座号,D座,合同号,--,拟售价格,50759.63元/平方米(按建筑面积计)楼层,19,房号,1905,用途,住宅,,建筑面积109.68平方米,户内面积,84.78平方米,分摊面积,24.9平方米,户内面积,--平方米,分摊面积--平方米,建筑面积,--平方米
项目楼栋情况,锦顺名居2栋,座号,D座,合同号,--,拟售价格,49929.62元/平方米(按建筑面积计)楼层,18,房号,1801,用途,住宅,,建筑面积123.28平方米,户内面积,95.28平方米,分摊面积,28平方米,户内面积,--平方米,分摊面积--平方米,建筑面积,--平方米
项目楼栋情况,锦顺名居2栋,座号,D座,合同号,--,拟售价格,54910.44元/平方米(按建筑面积计)楼层,18,房号,1802,用途,住宅,,建筑面积79.64平方米,户内面积,61.56平方米,分摊面积,18.08平方米,户内面积,--平方米,分摊面积--平方米,建筑面积,--平方米
项目楼栋情况,锦顺名居2栋,座号,D座,合同号,--,拟售价格,52879.8元/平方米(按建筑面积计)楼层,18,房号,1803,用途,住宅,,建筑面积91.66平方米,户内面积,70.85平方米,分摊面积,20.81平方米,户内面积,--平方米,分摊面积--平方米,建筑面积,--平方米
项目楼栋情况,锦顺名居2栋,座号,D座,合同号,--,拟售价格,53907.73元/平方米(按建筑面积计)楼层,18,房号,1804,用途,住宅,,建筑面积90.71平方米,户内面积,70.11平方米,分摊面积,20.6平方米,户内面积,--平方米,分摊面积--平方米,建筑面积,--平方米
项目楼栋情况,锦顺名居2栋,座号,D座,合同号,--,拟售价格,50509.63元/平方米(按建筑面积计)楼层,18,房号,1805,用途,住宅,,建筑面积109.68平方米,户内面积,84.78平方米,分摊面积,24.9平方米,户内面积,--平方米,分摊面积--平方米,建筑面积,--平方米
项目楼栋情况,锦顺名居2栋,座号,D座,合同号,深(龙华)网预买字(2021)721号,拟售价格,--元/平方米(按建筑面积计)楼层,17,房号,1701,用途,住宅,,建筑面积123.28平方米,户内面积,95.28平方米,分摊面积,28平方米,户内面积,--平方米,分摊面积--平方米,建筑面积,--平方米
项目楼栋情况,锦顺名居2栋,座号,D座,合同号,--,拟售价格,54910.44元/平方米(按建筑面积计)楼层,17,房号,1702,用途,住宅,,建筑面积79.64平方米,户内面积,61.56平方米,分摊面积,18.08平方米,户内面积,--平方米,分摊面积--平方米,建筑面积,--平方米
项目楼栋情况,锦顺名居2栋,座号,D座,合同号,--,拟售价格,52879.8元/平方米(按建筑面积计)楼层,17,房号,1703,用途,住宅,,建筑面积91.66平方米,户内面积,70.85平方米,分摊面积,20.81平方米,户内面积,--平方米,分摊面积--平方米,建筑面积,--平方米
项目楼栋情况,锦顺名居2栋,座号,D座,合同号,--,拟售价格,53907.73元/平方米(按建筑面积计)楼层,17,房号,1704,用途,住宅,,建筑面积90.71平方米,户内面积,70.11平方米,分摊面积,20.6平方米,户内面积,--平方米,分摊面积--平方米,建筑面积,--平方米
项目楼栋情况,锦顺名居2栋,座号,D座,合同号,--,拟售价格,50459.63元/平方米(按建筑面积计)楼层,17,房号,1705,用途,住宅,,建筑面积109.68平方米,户内面积,84.78平方米,分摊面积,24.9平方米,户内面积,--平方米,分摊面积--平方米,建筑面积,--平方米
项目楼栋情况,锦顺名居2栋,座号,D座,合同号,深(龙华)网预买字(2021)1130号,拟售价格,--元/平方米(按建筑面积计)楼层,16,房号,1601,用途,住宅,,建筑面积123.28平方米,户内面积,95.28平方米,分摊面积,28平方米,户内面积,--平方米,分摊面积--平方米,建筑面积,--平方米
项目楼栋情况,锦顺名居2栋,座号,D座,合同号,深(龙华)网预买字(2021)600号,拟售价格,--元/平方米(按建筑面积计)楼层,16,房号,1602,用途,住宅,,建筑面积79.64平方米,户内面积,61.56平方米,分摊面积,18.08平方米,户内面积,--平方米,分摊面积--平方米,建筑面积,--平方米
项目楼栋情况,锦顺名居2栋,座号,D座,合同号,--,拟售价格,52979.8元/平方米(按建筑面积计)楼层,16,房号,1603,用途,住宅,,建筑面积91.66平方米,户内面积,70.85平方米,分摊面积,20.81平方米,户内面积,--平方米,分摊面积--平方米,建筑面积,--平方米
项目楼栋情况,锦顺名居2栋,座号,D座,合同号,--,拟售价格,54007.73元/平方米(按建筑面积计)楼层,16,房号,1604,用途,住宅,,建筑面积90.71平方米,户内面积,70.11平方米,分摊面积,20.6平方米,户内面积,--平方米,分摊面积--平方米,建筑面积,--平方米
项目楼栋情况,锦顺名居2栋,座号,D座,合同号,--,拟售价格,50509.63元/平方米(按建筑面积计)楼层,16,房号,1605,用途,住宅,,建筑面积109.68平方米,户内面积,84.78平方米,分摊面积,24.9平方米,户内面积,--平方米,分摊面积--平方米,建筑面积,--平方米
项目楼栋情况,锦顺名居2栋,座号,D座,合同号,深(龙华)网预买字(2021)1540号,拟售价格,--元/平方米(按建筑面积计)楼层,15,房号,1501,用途,住宅,,建筑面积123.28平方米,户内面积,95.28平方米,分摊面积,28平方米,户内面积,--平方米,分摊面积--平方米,建筑面积,--平方米
项目楼栋情况,锦顺名居2栋,座号,D座,合同号,深(龙华)网预买字(2021)1240号,拟售价格,--元/平方米(按建筑面积计)楼层,15,房号,1502,用途,住宅,,建筑面积79.39平方米,户内面积,61.36平方米,分摊面积,18.03平方米,户内面积,--平方米,分摊面积--平方米,建筑面积,--平方米
项目楼栋情况,锦顺名居2栋,座号,D座,合同号,深(龙华)网预买字(2021)1100号,拟售价格,--元/平方米(按建筑面积计)楼层,15,房号,1503,用途,住宅,,建筑面积91.29平方米,户内面积,70.56平方米,分摊面积,20.73平方米,户内面积,--平方米,分摊面积--平方米,建筑面积,--平方米
项目楼栋情况,锦顺名居2栋,座号,D座,合同号,深(龙华)网预买字(2021)580号,拟售价格,--元/平方米(按建筑面积计)楼层,15,房号,1504,用途,住宅,,建筑面积90.6平方米,户内面积,70.02平方米,分摊面积,20.58平方米,户内面积,--平方米,分摊面积--平方米,建筑面积,--平方米
项目楼栋情况,锦顺名居2栋,座号,D座,合同号,深(龙华)网预买字(2021)940号,拟售价格,--元/平方米(按建筑面积计)楼层,15,房号,1505,用途,住宅,,建筑面积109.46平方米,户内面积,84.6平方米,分摊面积,24.86平方米,户内面积,--平方米,分摊面积--平方米,建筑面积,--平方米
项目楼栋情况,锦顺名居2栋,座号,D座,合同号,--,拟售价格,49329.62元/平方米(按建筑面积计)楼层,13,房号,1301,用途,住宅,,建筑面积123.28平方米,户内面积,95.28平方米,分摊面积,28平方米,户内面积,--平方米,分摊面积--平方米,建筑面积,--平方米
项目楼栋情况,锦顺名居2栋,座号,D座,合同号,--,拟售价格,54430.44元/平方米(按建筑面积计)楼层,13,房号,1302,用途,住宅,,建筑面积79.39平方米,户内面积,61.36平方米,分摊面积,18.03平方米,户内面积,--平方米,分摊面积--平方米,建筑面积,--平方米
项目楼栋情况,锦顺名居2栋,座号,D座,合同号,深(龙华)网预买字(2021)921号,拟售价格,--元/平方米(按建筑面积计)楼层,13,房号,1303,用途,住宅,,建筑面积91.29平方米,户内面积,70.56平方米,分摊面积,20.73平方米,户内面积,--平方米,分摊面积--平方米,建筑面积,--平方米
项目楼栋情况,锦顺名居2栋,座号,D座,合同号,--,拟售价格,53527.73元/平方米(按建筑面积计)楼层,13,房号,1304,用途,住宅,,建筑面积90.6平方米,户内面积,70.02平方米,分摊面积,20.58平方米,户内面积,--平方米,分摊面积--平方米,建筑面积,--平方米
项目楼栋情况,锦顺名居2栋,座号,D座,合同号,--,拟售价格,49909.63元/平方米(按建筑面积计)楼层,13,房号,1305,用途,住宅,,建筑面积109.46平方米,户内面积,84.6平方米,分摊面积,24.86平方米,户内面积,--平方米,分摊面积--平方米,建筑面积,--平方米
项目楼栋情况,锦顺名居2栋,座号,D座,合同号,--,拟售价格,49429.62元/平方米(按建筑面积计)楼层,12,房号,1201,用途,住宅,,建筑面积123.28平方米,户内面积,95.28平方米,分摊面积,28平方米,户内面积,--平方米,分摊面积--平方米,建筑面积,--平方米
项目楼栋情况,锦顺名居2栋,座号,D座,合同号,深(龙华)网预买字(2021)2420号,拟售价格,--元/平方米(按建筑面积计)楼层,12,房号,1202,用途,住宅,,建筑面积79.39平方米,户内面积,61.36平方米,分摊面积,18.03平方米,户内面积,--平方米,分摊面积--平方米,建筑面积,--平方米
项目楼栋情况,锦顺名居2栋,座号,D座,合同号,--,拟售价格,52519.8元/平方米(按建筑面积计)楼层,12,房号,1203,用途,住宅,,建筑面积91.29平方米,户内面积,70.56平方米,分摊面积,20.73平方米,户内面积,--平方米,分摊面积--平方米,建筑面积,--平方米
项目楼栋情况,锦顺名居2栋,座号,D座,合同号,深(龙华)网预买字(2021)920号,拟售价格,--元/平方米(按建筑面积计)楼层,12,房号,1204,用途,住宅,,建筑面积90.6平方米,户内面积,70.02平方米,分摊面积,20.58平方米,户内面积,--平方米,分摊面积--平方米,建筑面积,--平方米
项目楼栋情况,锦顺名居2栋,座号,D座,合同号,--,拟售价格,50009.63元/平方米(按建筑面积计)楼层,12,房号,1205,用途,住宅,,建筑面积109.46平方米,户内面积,84.6平方米,分摊面积,24.86平方米,户内面积,--平方米,分摊面积--平方米,建筑面积,--平方米
项目楼栋情况,锦顺名居2栋,座号,D座,合同号,--,拟售价格,49129.62元/平方米(按建筑面积计)楼层,11,房号,1101,用途,住宅,,建筑面积123.28平方米,户内面积,95.28平方米,分摊面积,28平方米,户内面积,--平方米,分摊面积--平方米,建筑面积,--平方米
项目楼栋情况,锦顺名居2栋,座号,D座,合同号,深(龙华)网预买字(2021)1600号,拟售价格,--元/平方米(按建筑面积计)楼层,11,房号,1102,用途,住宅,,建筑面积79.39平方米,户内面积,61.36平方米,分摊面积,18.03平方米,户内面积,--平方米,分摊面积--平方米,建筑面积,--平方米
项目楼栋情况,锦顺名居2栋,座号,D座,合同号,--,拟售价格,52239.8元/平方米(按建筑面积计)楼层,11,房号,1103,用途,住宅,,建筑面积91.29平方米,户内面积,70.56平方米,分摊面积,20.73平方米,户内面积,--平方米,分摊面积--平方米,建筑面积,--平方米
项目楼栋情况,锦顺名居2栋,座号,D座,合同号,深(龙华)网预买字(2021)1220号,拟售价格,--元/平方米(按建筑面积计)楼层,11,房号,1104,用途,住宅,,建筑面积90.6平方米,户内面积,70.02平方米,分摊面积,20.58平方米,户内面积,--平方米,分摊面积--平方米,建筑面积,--平方米
项目楼栋情况,锦顺名居2栋,座号,D座,合同号,--,拟售价格,49709.63元/平方米(按建筑面积计)楼层,11,房号,1105,用途,住宅,,建筑面积109.46平方米,户内面积,84.6平方米,分摊面积,24.86平方米,户内面积,--平方米,分摊面积--平方米,建筑面积,--平方米
项目楼栋情况,锦顺名居2栋,座号,D座,合同号,--,拟售价格,49229.62元/平方米(按建筑面积计)楼层,10,房号,1001,用途,住宅,,建筑面积123.28平方米,户内面积,95.28平方米,分摊面积,28平方米,户内面积,--平方米,分摊面积--平方米,建筑面积,--平方米
项目楼栋情况,锦顺名居2栋,座号,D座,合同号,深(龙华)网预买字(2021)1081号,拟售价格,--元/平方米(按建筑面积计)楼层,10,房号,1002,用途,住宅,,建筑面积79.39平方米,户内面积,61.36平方米,分摊面积,18.03平方米,户内面积,--平方米,分摊面积--平方米,建筑面积,--平方米
项目楼栋情况,锦顺名居2栋,座号,D座,合同号,--,拟售价格,52359.8元/平方米(按建筑面积计)楼层,10,房号,1003,用途,住宅,,建筑面积91.29平方米,户内面积,70.56平方米,分摊面积,20.73平方米,户内面积,--平方米,分摊面积--平方米,建筑面积,--平方米
项目楼栋情况,锦顺名居2栋,座号,D座,合同号,--,拟售价格,53487.73元/平方米(按建筑面积计)楼层,10,房号,1004,用途,住宅,,建筑面积90.6平方米,户内面积,70.02平方米,分摊面积,20.58平方米,户内面积,--平方米,分摊面积--平方米,建筑面积,--平方米
项目楼栋情况,锦顺名居2栋,座号,D座,合同号,--,拟售价格,49809.63元/平方米(按建筑面积计)楼层,10,房号,1005,用途,住宅,,建筑面积109.46平方米,户内面积,84.6平方米,分摊面积,24.86平方米,户内面积,--平方米,分摊面积--平方米,建筑面积,--平方米
项目楼栋情况,锦顺名居2栋,座号,D座,合同号,深(龙华)网预买字(2021)3401号,拟售价格,--元/平方米(按建筑面积计)楼层,9,房号,901,用途,住宅,,建筑面积123.28平方米,户内面积,95.28平方米,分摊面积,28平方米,户内面积,--平方米,分摊面积--平方米,建筑面积,--平方米
项目楼栋情况,锦顺名居2栋,座号,D座,合同号,深(龙华)网预买字(2021)1200号,拟售价格,--元/平方米(按建筑面积计)楼层,9,房号,902,用途,住宅,,建筑面积79.39平方米,户内面积,61.36平方米,分摊面积,18.03平方米,户内面积,--平方米,分摊面积--平方米,建筑面积,--平方米
项目楼栋情况,锦顺名居2栋,座号,D座,合同号,--,拟售价格,51879.8元/平方米(按建筑面积计)楼层,9,房号,903,用途,住宅,,建筑面积91.29平方米,户内面积,70.56平方米,分摊面积,20.73平方米,户内面积,--平方米,分摊面积--平方米,建筑面积,--平方米
项目楼栋情况,锦顺名居2栋,座号,D座,合同号,--,拟售价格,53207.73元/平方米(按建筑面积计)楼层,9,房号,904,用途,住宅,,建筑面积90.6平方米,户内面积,70.02平方米,分摊面积,20.58平方米,户内面积,--平方米,分摊面积--平方米,建筑面积,--平方米
项目楼栋情况,锦顺名居2栋,座号,D座,合同号,--,拟售价格,49509.63元/平方米(按建筑面积计)楼层,9,房号,905,用途,住宅,,建筑面积109.46平方米,户内面积,84.6平方米,分摊面积,24.86平方米,户内面积,--平方米,分摊面积--平方米,建筑面积,--平方米
项目楼栋情况,锦顺名居2栋,座号,D座,合同号,--,拟售价格,49029.62元/平方米(按建筑面积计)楼层,8,房号,801,用途,住宅,,建筑面积123.08平方米,户内面积,95.12平方米,分摊面积,27.96平方米,户内面积,--平方米,分摊面积--平方米,建筑面积,--平方米
项目楼栋情况,锦顺名居2栋,座号,D座,合同号,深(龙华)网预买字(2021)1080号,拟售价格,--元/平方米(按建筑面积计)楼层,8,房号,802,用途,住宅,,建筑面积79.31平方米,户内面积,61.29平方米,分摊面积,18.02平方米,户内面积,--平方米,分摊面积--平方米,建筑面积,--平方米
项目楼栋情况,锦顺名居2栋,座号,D座,合同号,--,拟售价格,51999.8元/平方米(按建筑面积计)楼层,8,房号,803,用途,住宅,,建筑面积91.2平方米,户内面积,70.49平方米,分摊面积,20.71平方米,户内面积,--平方米,分摊面积--平方米,建筑面积,--平方米
项目楼栋情况,锦顺名居2栋,座号,D座,合同号,--,拟售价格,53327.73元/平方米(按建筑面积计)楼层,8,房号,804,用途,住宅,,建筑面积90.22平方米,户内面积,69.73平方米,分摊面积,20.49平方米,户内面积,--平方米,分摊面积--平方米,建筑面积,--平方米
项目楼栋情况,锦顺名居2栋,座号,D座,合同号,--,拟售价格,49609.63元/平方米(按建筑面积计)楼层,8,房号,805,用途,住宅,,建筑面积109.23平方米,户内面积,84.42平方米,分摊面积,24.81平方米,户内面积,--平方米,分摊面积--平方米,建筑面积,--平方米
项目楼栋情况,锦顺名居2栋,座号,D座,合同号,--,拟售价格,48729.62元/平方米(按建筑面积计)楼层,7,房号,701,用途,住宅,,建筑面积123.08平方米,户内面积,95.12平方米,分摊面积,27.96平方米,户内面积,--平方米,分摊面积--平方米,建筑面积,--平方米
项目楼栋情况,锦顺名居2栋,座号,D座,合同号,深(龙华)网预买字(2021)6480号,拟售价格,--元/平方米(按建筑面积计)楼层,7,房号,702,用途,住宅,,建筑面积79.31平方米,户内面积,61.29平方米,分摊面积,18.02平方米,户内面积,--平方米,分摊面积--平方米,建筑面积,--平方米
项目楼栋情况,锦顺名居2栋,座号,D座,合同号,--,拟售价格,51719.8元/平方米(按建筑面积计)楼层,7,房号,703,用途,住宅,,建筑面积91.2平方米,户内面积,70.49平方米,分摊面积,20.71平方米,户内面积,--平方米,分摊面积--平方米,建筑面积,--平方米
项目楼栋情况,锦顺名居2栋,座号,D座,合同号,--,拟售价格,53047.73元/平方米(按建筑面积计)楼层,7,房号,704,用途,住宅,,建筑面积90.22平方米,户内面积,69.73平方米,分摊面积,20.49平方米,户内面积,--平方米,分摊面积--平方米,建筑面积,--平方米
项目楼栋情况,锦顺名居2栋,座号,D座,合同号,--,拟售价格,49309.63元/平方米(按建筑面积计)楼层,7,房号,705,用途,住宅,,建筑面积109.23平方米,户内面积,84.42平方米,分摊面积,24.81平方米,户内面积,--平方米,分摊面积--平方米,建筑面积,--平方米
项目楼栋情况,锦顺名居2栋,座号,D座,合同号,--,拟售价格,48829.62元/平方米(按建筑面积计)楼层,6,房号,601,用途,住宅,,建筑面积123.08平方米,户内面积,95.12平方米,分摊面积,27.96平方米,户内面积,--平方米,分摊面积--平方米,建筑面积,--平方米
项目楼栋情况,锦顺名居2栋,座号,D座,合同号,深(龙华)网预买字(2021)1129号,拟售价格,--元/平方米(按建筑面积计)楼层,6,房号,602,用途,住宅,,建筑面积79.31平方米,户内面积,61.29平方米,分摊面积,18.02平方米,户内面积,--平方米,分摊面积--平方米,建筑面积,--平方米
项目楼栋情况,锦顺名居2栋,座号,D座,合同号,--,拟售价格,51839.8元/平方米(按建筑面积计)楼层,6,房号,603,用途,住宅,,建筑面积91.2平方米,户内面积,70.49平方米,分摊面积,20.71平方米,户内面积,--平方米,分摊面积--平方米,建筑面积,--平方米
项目楼栋情况,锦顺名居2栋,座号,D座,合同号,--,拟售价格,53167.73元/平方米(按建筑面积计)楼层,6,房号,604,用途,住宅,,建筑面积90.22平方米,户内面积,69.73平方米,分摊面积,20.49平方米,户内面积,--平方米,分摊面积--平方米,建筑面积,--平方米
项目楼栋情况,锦顺名居2栋,座号,D座,合同号,--,拟售价格,49409.63元/平方米(按建筑面积计)楼层,6,房号,605,用途,住宅,,建筑面积109.23平方米,户内面积,84.42平方米,分摊面积,24.81平方米,户内面积,--平方米,分摊面积--平方米,建筑面积,--平方米
项目楼栋情况,锦顺名居2栋,座号,D座,合同号,--,拟售价格,48529.62元/平方米(按建筑面积计)楼层,5,房号,501,用途,住宅,,建筑面积122.65平方米,户内面积,94.78平方米,分摊面积,27.87平方米,户内面积,--平方米,分摊面积--平方米,建筑面积,--平方米
项目楼栋情况,锦顺名居2栋,座号,D座,合同号,--,拟售价格,53490.44元/平方米(按建筑面积计)楼层,5,房号,502,用途,住宅,,建筑面积78.76平方米,户内面积,60.86平方米,分摊面积,17.9平方米,户内面积,--平方米,分摊面积--平方米,建筑面积,--平方米
项目楼栋情况,锦顺名居2栋,座号,D座,合同号,--,拟售价格,51559.8元/平方米(按建筑面积计)楼层,5,房号,503,用途,住宅,,建筑面积90.82平方米,户内面积,70.19平方米,分摊面积,20.63平方米,户内面积,--平方米,分摊面积--平方米,建筑面积,--平方米
项目楼栋情况,锦顺名居2栋,座号,D座,合同号,--,拟售价格,52387.73元/平方米(按建筑面积计)楼层,5,房号,504,用途,住宅,,建筑面积89.9平方米,户内面积,69.47平方米,分摊面积,20.43平方米,户内面积,--平方米,分摊面积--平方米,建筑面积,--平方米
项目楼栋情况,锦顺名居2栋,座号,D座,合同号,--,拟售价格,48609.63元/平方米(按建筑面积计)楼层,5,房号,505,用途,住宅,,建筑面积108.75平方米,户内面积,84.04平方米,分摊面积,24.71平方米,户内面积,--平方米,分摊面积--平方米,建筑面积,--平方米
项目楼栋情况,锦顺名居2栋,座号,D座,合同号,--,拟售价格,47829.62元/平方米(按建筑面积计)楼层,4,房号,401,用途,住宅,,建筑面积122.64平方米,户内面积,94.77平方米,分摊面积,27.87平方米,户内面积,--平方米,分摊面积--平方米,建筑面积,--平方米
项目楼栋情况,锦顺名居2栋,座号,D座,合同号,--,拟售价格,52810.44元/平方米(按建筑面积计)楼层,4,房号,402,用途,住宅,,建筑面积78.71平方米,户内面积,60.83平方米,分摊面积,17.88平方米,户内面积,--平方米,分摊面积--平方米,建筑面积,--平方米
项目楼栋情况,锦顺名居2栋,座号,B座,合同号,--,拟售价格,51000元/平方米(按建筑面积计)楼层,45,房号,4502,用途,住宅,,建筑面积129.24平方米,户内面积,97.51平方米,分摊面积,31.73平方米,户内面积,--平方米,分摊面积--平方米,建筑面积,--平方米
项目楼栋情况,锦顺名居2栋,座号,B座,合同号,--,拟售价格,50500元/平方米(按建筑面积计)楼层,45,房号,4503,用途,住宅,,建筑面积186.82平方米,户内面积,140.97平方米,分摊面积,45.85平方米,户内面积,--平方米,分摊面积--平方米,建筑面积,--平方米
项目楼栋情况,锦顺名居2栋,座号,B座,合同号,--,拟售价格,50500元/平方米(按建筑面积计)楼层,45,房号,4504,用途,住宅,,建筑面积176.6平方米,户内面积,133.25平方米,分摊面积,43.35平方米,户内面积,--平方米,分摊面积--平方米,建筑面积,--平方米
项目楼栋情况,锦顺名居2栋,座号,B座,合同号,--,拟售价格,51000元/平方米(按建筑面积计)楼层,45,房号,4505,用途,住宅,,建筑面积158.08平方米,户内面积,119.28平方米,分摊面积,38.8平方米,户内面积,--平方米,分摊面积--平方米,建筑面积,--平方米
项目楼栋情况,锦顺名居2栋,座号,B座,合同号,--,拟售价格,54344.5元/平方米(按建筑面积计)楼层,44,房号,4401,用途,住宅,,建筑面积129.88平方米,户内面积,98平方米,分摊面积,31.88平方米,户内面积,--平方米,分摊面积--平方米,建筑面积,--平方米
项目楼栋情况,锦顺名居2栋,座号,B座,合同号,深(龙华)网预买字(2021)783号,拟售价格,--元/平方米(按建筑面积计)楼层,44,房号,4402,用途,住宅,,建筑面积81.11平方米,户内面积,61.2平方米,分摊面积,19.91平方米,户内面积,--平方米,分摊面积--平方米,建筑面积,--平方米
项目楼栋情况,锦顺名居2栋,座号,B座,合同号,深(龙华)网预买字(2021)660号,拟售价格,--元/平方米(按建筑面积计)楼层,44,房号,4403,用途,住宅,,建筑面积107.02平方米,户内面积,80.75平方米,分摊面积,26.27平方米,户内面积,--平方米,分摊面积--平方米,建筑面积,--平方米
项目楼栋情况,锦顺名居2栋,座号,B座,合同号,深(龙华)网预买字(2021)1320号,拟售价格,--元/平方米(按建筑面积计)楼层,44,房号,4404,用途,住宅,,建筑面积106.83平方米,户内面积,80.61平方米,分摊面积,26.22平方米,户内面积,--平方米,分摊面积--平方米,建筑面积,--平方米
项目楼栋情况,锦顺名居2栋,座号,B座,合同号,--,拟售价格,54406.39元/平方米(按建筑面积计)楼层,44,房号,4405,用途,住宅,,建筑面积90.92平方米,户内面积,68.6平方米,分摊面积,22.32平方米,户内面积,--平方米,分摊面积--平方米,建筑面积,--平方米
项目楼栋情况,锦顺名居2栋,座号,B座,合同号,--,拟售价格,54744.5元/平方米(按建筑面积计)楼层,43,房号,4301,用途,住宅,,建筑面积129.88平方米,户内面积,98平方米,分摊面积,31.88平方米,户内面积,--平方米,分摊面积--平方米,建筑面积,--平方米
项目楼栋情况,锦顺名居2栋,座号,B座,合同号,--,拟售价格,55131.55元/平方米(按建筑面积计)楼层,43,房号,4302,用途,住宅,,建筑面积81.11平方米,户内面积,61.2平方米,分摊面积,19.91平方米,户内面积,--平方米,分摊面积--平方米,建筑面积,--平方米
项目楼栋情况,锦顺名居2栋,座号,B座,合同号,深(龙华)网预买字(2021)1960号,拟售价格,--元/平方米(按建筑面积计)楼层,43,房号,4303,用途,住宅,,建筑面积107.02平方米,户内面积,80.75平方米,分摊面积,26.27平方米,户内面积,--平方米,分摊面积--平方米,建筑面积,--平方米
项目楼栋情况,锦顺名居2栋,座号,B座,合同号,--,拟售价格,50949.33元/平方米(按建筑面积计)楼层,43,房号,4304,用途,住宅,,建筑面积106.83平方米,户内面积,80.61平方米,分摊面积,26.22平方米,户内面积,--平方米,分摊面积--平方米,建筑面积,--平方米
项目楼栋情况,锦顺名居2栋,座号,B座,合同号,--,拟售价格,54726.39元/平方米(按建筑面积计)楼层,43,房号,4305,用途,住宅,,建筑面积90.92平方米,户内面积,68.6平方米,分摊面积,22.32平方米,户内面积,--平方米,分摊面积--平方米,建筑面积,--平方米
项目楼栋情况,锦顺名居2栋,座号,B座,合同号,--,拟售价格,55244.5元/平方米(按建筑面积计)楼层,42,房号,4201,用途,住宅,,建筑面积129.88平方米,户内面积,98平方米,分摊面积,31.88平方米,户内面积,--平方米,分摊面积--平方米,建筑面积,--平方米
项目楼栋情况,锦顺名居2栋,座号,B座,合同号,--,拟售价格,55551.55元/平方米(按建筑面积计)楼层,42,房号,4202,用途,住宅,,建筑面积81.11平方米,户内面积,61.2平方米,分摊面积,19.91平方米,户内面积,--平方米,分摊面积--平方米,建筑面积,--平方米
项目楼栋情况,锦顺名居2栋,座号,B座,合同号,--,拟售价格,--元/平方米(按建筑面积计)楼层,42,房号,4203,用途,住宅,,建筑面积107.02平方米,户内面积,80.75平方米,分摊面积,26.27平方米,户内面积,--平方米,分摊面积--平方米,建筑面积,--平方米
项目楼栋情况,锦顺名居2栋,座号,B座,合同号,--,拟售价格,51449.33元/平方米(按建筑面积计)楼层,42,房号,4204,用途,住宅,,建筑面积106.83平方米,户内面积,80.61平方米,分摊面积,26.22平方米,户内面积,--平方米,分摊面积--平方米,建筑面积,--平方米
项目楼栋情况,锦顺名居2栋,座号,B座,合同号,--,拟售价格,55146.39元/平方米(按建筑面积计)楼层,42,房号,4205,用途,住宅,,建筑面积90.92平方米,户内面积,68.6平方米,分摊面积,22.32平方米,户内面积,--平方米,分摊面积--平方米,建筑面积,--平方米
项目楼栋情况,锦顺名居2栋,座号,B座,合同号,--,拟售价格,55344.5元/平方米(按建筑面积计)楼层,41,房号,4101,用途,住宅,,建筑面积129.88平方米,户内面积,98平方米,分摊面积,31.88平方米,户内面积,--平方米,分摊面积--平方米,建筑面积,--平方米
项目楼栋情况,锦顺名居2栋,座号,B座,合同号,--,拟售价格,55571.55元/平方米(按建筑面积计)楼层,41,房号,4102,用途,住宅,,建筑面积81.11平方米,户内面积,61.2平方米,分摊面积,19.91平方米,户内面积,--平方米,分摊面积--平方米,建筑面积,--平方米
项目楼栋情况,锦顺名居2栋,座号,B座,合同号,--,拟售价格,50931.48元/平方米(按建筑面积计)楼层,41,房号,4103,用途,住宅,,建筑面积107.02平方米,户内面积,80.75平方米,分摊面积,26.27平方米,户内面积,--平方米,分摊面积--平方米,建筑面积,--平方米
项目楼栋情况,锦顺名居2栋,座号,B座,合同号,--,拟售价格,51549.33元/平方米(按建筑面积计)楼层,41,房号,4104,用途,住宅,,建筑面积106.83平方米,户内面积,80.61平方米,分摊面积,26.22平方米,户内面积,--平方米,分摊面积--平方米,建筑面积,--平方米
项目楼栋情况,锦顺名居2栋,座号,B座,合同号,--,拟售价格,55166.39元/平方米(按建筑面积计)楼层,41,房号,4105,用途,住宅,,建筑面积90.92平方米,户内面积,68.6平方米,分摊面积,22.32平方米,户内面积,--平方米,分摊面积--平方米,建筑面积,--平方米
项目楼栋情况,锦顺名居2栋,座号,B座,合同号,深(龙华)网预买字(2021)1300号,拟售价格,--元/平方米(按建筑面积计)楼层,40,房号,4001,用途,住宅,,建筑面积129.88平方米,户内面积,98平方米,分摊面积,31.88平方米,户内面积,--平方米,分摊面积--平方米,建筑面积,--平方米
项目楼栋情况,锦顺名居2栋,座号,B座,合同号,--,拟售价格,55991.55元/平方米(按建筑面积计)楼层,40,房号,4002,用途,住宅,,建筑面积81.11平方米,户内面积,61.2平方米,分摊面积,19.91平方米,户内面积,--平方米,分摊面积--平方米,建筑面积,--平方米
项目楼栋情况,锦顺名居2栋,座号,B座,合同号,--,拟售价格,51431.48元/平方米(按建筑面积计)楼层,40,房号,4003,用途,住宅,,建筑面积107.02平方米,户内面积,80.75平方米,分摊面积,26.27平方米,户内面积,--平方米,分摊面积--平方米,建筑面积,--平方米
项目楼栋情况,锦顺名居2栋,座号,B座,合同号,--,拟售价格,52049.33元/平方米(按建筑面积计)楼层,40,房号,4004,用途,住宅,,建筑面积106.83平方米,户内面积,80.61平方米,分摊面积,26.22平方米,户内面积,--平方米,分摊面积--平方米,建筑面积,--平方米
项目楼栋情况,锦顺名居2栋,座号,B座,合同号,--,拟售价格,55586.39元/平方米(按建筑面积计)楼层,40,房号,4005,用途,住宅,,建筑面积90.92平方米,户内面积,68.6平方米,分摊面积,22.32平方米,户内面积,--平方米,分摊面积--平方米,建筑面积,--平方米
项目楼栋情况,锦顺名居2栋,座号,B座,合同号,--,拟售价格,55944.5元/平方米(按建筑面积计)楼层,39,房号,3901,用途,住宅,,建筑面积129.88平方米,户内面积,98平方米,分摊面积,31.88平方米,户内面积,--平方米,分摊面积--平方米,建筑面积,--平方米
项目楼栋情况,锦顺名居2栋,座号,B座,合同号,深(龙华)网预买字(2021)1780号,拟售价格,--元/平方米(按建筑面积计)楼层,39,房号,3902,用途,住宅,,建筑面积81.11平方米,户内面积,61.2平方米,分摊面积,19.91平方米,户内面积,--平方米,分摊面积--平方米,建筑面积,--平方米
项目楼栋情况,锦顺名居2栋,座号,B座,合同号,--,拟售价格,51531.48元/平方米(按建筑面积计)楼层,39,房号,3903,用途,住宅,,建筑面积107.02平方米,户内面积,80.75平方米,分摊面积,26.27平方米,户内面积,--平方米,分摊面积--平方米,建筑面积,--平方米
项目楼栋情况,锦顺名居2栋,座号,B座,合同号,--,拟售价格,52149.33元/平方米(按建筑面积计)楼层,39,房号,3904,用途,住宅,,建筑面积106.83平方米,户内面积,80.61平方米,分摊面积,26.22平方米,户内面积,--平方米,分摊面积--平方米,建筑面积,--平方米
项目楼栋情况,锦顺名居2栋,座号,B座,合同号,--,拟售价格,55606.39元/平方米(按建筑面积计)楼层,39,房号,3905,用途,住宅,,建筑面积90.92平方米,户内面积,68.6平方米,分摊面积,22.32平方米,户内面积,--平方米,分摊面积--平方米,建筑面积,--平方米
项目楼栋情况,锦顺名居2栋,座号,B座,合同号,--,拟售价格,56444.5元/平方米(按建筑面积计)楼层,38,房号,3801,用途,住宅,,建筑面积129.88平方米,户内面积,98平方米,分摊面积,31.88平方米,户内面积,--平方米,分摊面积--平方米,建筑面积,--平方米
项目楼栋情况,锦顺名居2栋,座号,B座,合同号,--,拟售价格,56431.55元/平方米(按建筑面积计)楼层,38,房号,3802,用途,住宅,,建筑面积81.11平方米,户内面积,61.2平方米,分摊面积,19.91平方米,户内面积,--平方米,分摊面积--平方米,建筑面积,--平方米
项目楼栋情况,锦顺名居2栋,座号,B座,合同号,--,拟售价格,52031.48元/平方米(按建筑面积计)楼层,38,房号,3803,用途,住宅,,建筑面积107.02平方米,户内面积,80.75平方米,分摊面积,26.27平方米,户内面积,--平方米,分摊面积--平方米,建筑面积,--平方米
项目楼栋情况,锦顺名居2栋,座号,B座,合同号,--,拟售价格,52649.33元/平方米(按建筑面积计)楼层,38,房号,3804,用途,住宅,,建筑面积106.83平方米,户内面积,80.61平方米,分摊面积,26.22平方米,户内面积,--平方米,分摊面积--平方米,建筑面积,--平方米
项目楼栋情况,锦顺名居2栋,座号,B座,合同号,深(龙华)网预买字(2021)1107号,拟售价格,--元/平方米(按建筑面积计)楼层,38,房号,3805,用途,住宅,,建筑面积90.92平方米,户内面积,68.6平方米,分摊面积,22.32平方米,户内面积,--平方米,分摊面积--平方米,建筑面积,--平方米
项目楼栋情况,锦顺名居2栋,座号,B座,合同号,--,拟售价格,56544.5元/平方米(按建筑面积计)楼层,37,房号,3701,用途,住宅,,建筑面积129.88平方米,户内面积,98平方米,分摊面积,31.88平方米,户内面积,--平方米,分摊面积--平方米,建筑面积,--平方米
项目楼栋情况,锦顺名居2栋,座号,B座,合同号,--,拟售价格,56451.55元/平方米(按建筑面积计)楼层,37,房号,3702,用途,住宅,,建筑面积81.11平方米,户内面积,61.2平方米,分摊面积,19.91平方米,户内面积,--平方米,分摊面积--平方米,建筑面积,--平方米
项目楼栋情况,锦顺名居2栋,座号,B座,合同号,--,拟售价格,52131.48元/平方米(按建筑面积计)楼层,37,房号,3703,用途,住宅,,建筑面积107.02平方米,户内面积,80.75平方米,分摊面积,26.27平方米,户内面积,--平方米,分摊面积--平方米,建筑面积,--平方米
项目楼栋情况,锦顺名居2栋,座号,B座,合同号,--,拟售价格,52749.33元/平方米(按建筑面积计)楼层,37,房号,3704,用途,住宅,,建筑面积106.83平方米,户内面积,80.61平方米,分摊面积,26.22平方米,户内面积,--平方米,分摊面积--平方米,建筑面积,--平方米
项目楼栋情况,锦顺名居2栋,座号,B座,合同号,--,拟售价格,56046.39元/平方米(按建筑面积计)楼层,37,房号,3705,用途,住宅,,建筑面积90.92平方米,户内面积,68.6平方米,分摊面积,22.32平方米,户内面积,--平方米,分摊面积--平方米,建筑面积,--平方米
项目楼栋情况,锦顺名居2栋,座号,B座,合同号,--,拟售价格,57044.5元/平方米(按建筑面积计)楼层,36,房号,3601,用途,住宅,,建筑面积129.8平方米,户内面积,97.94平方米,分摊面积,31.86平方米,户内面积,--平方米,分摊面积--平方米,建筑面积,--平方米
项目楼栋情况,锦顺名居2栋,座号,B座,合同号,深(龙华)网预买字(2021)782号,拟售价格,--元/平方米(按建筑面积计)楼层,36,房号,3602,用途,住宅,,建筑面积81.02平方米,户内面积,61.13平方米,分摊面积,19.89平方米,户内面积,--平方米,分摊面积--平方米,建筑面积,--平方米
项目楼栋情况,锦顺名居2栋,座号,B座,合同号,--,拟售价格,52631.48元/平方米(按建筑面积计)楼层,36,房号,3603,用途,住宅,,建筑面积106.95平方米,户内面积,80.7平方米,分摊面积,26.25平方米,户内面积,--平方米,分摊面积--平方米,建筑面积,--平方米
项目楼栋情况,锦顺名居2栋,座号,B座,合同号,深(龙华)网预买字(2021)1480号,拟售价格,--元/平方米(按建筑面积计)楼层,36,房号,3604,用途,住宅,,建筑面积106.54平方米,户内面积,80.39平方米,分摊面积,26.15平方米,户内面积,--平方米,分摊面积--平方米,建筑面积,--平方米
项目楼栋情况,锦顺名居2栋,座号,B座,合同号,深(龙华)网预买字(2021)620号,拟售价格,--元/平方米(按建筑面积计)楼层,36,房号,3605,用途,住宅,,建筑面积90.97平方米,户内面积,68.64平方米,分摊面积,22.33平方米,户内面积,--平方米,分摊面积--平方米,建筑面积,--平方米
项目楼栋情况,锦顺名居2栋,座号,B座,合同号,--,拟售价格,57144.5元/平方米(按建筑面积计)楼层,35,房号,3501,用途,住宅,,建筑面积129.8平方米,户内面积,97.94平方米,分摊面积,31.86平方米,户内面积,--平方米,分摊面积--平方米,建筑面积,--平方米
项目楼栋情况,锦顺名居2栋,座号,B座,合同号,--,拟售价格,56891.55元/平方米(按建筑面积计)楼层,35,房号,3502,用途,住宅,,建筑面积81.02平方米,户内面积,61.13平方米,分摊面积,19.89平方米,户内面积,--平方米,分摊面积--平方米,建筑面积,--平方米
项目楼栋情况,锦顺名居2栋,座号,B座,合同号,深(龙华)网预买字(2021)1560号,拟售价格,--元/平方米(按建筑面积计)楼层,35,房号,3503,用途,住宅,,建筑面积106.95平方米,户内面积,80.7平方米,分摊面积,26.25平方米,户内面积,--平方米,分摊面积--平方米,建筑面积,--平方米
项目楼栋情况,锦顺名居2栋,座号,B座,合同号,--,拟售价格,53349.33元/平方米(按建筑面积计)楼层,35,房号,3504,用途,住宅,,建筑面积106.54平方米,户内面积,80.39平方米,分摊面积,26.15平方米,户内面积,--平方米,分摊面积--平方米,建筑面积,--平方米
项目楼栋情况,锦顺名居2栋,座号,B座,合同号,--,拟售价格,56486.39元/平方米(按建筑面积计)楼层,35,房号,3505,用途,住宅,,建筑面积90.97平方米,户内面积,68.64平方米,分摊面积,22.33平方米,户内面积,--平方米,分摊面积--平方米,建筑面积,--平方米
项目楼栋情况,锦顺名居2栋,座号,B座,合同号,--,拟售价格,57344.5元/平方米(按建筑面积计)楼层,34,房号,3401,用途,住宅,,建筑面积129.8平方米,户内面积,97.94平方米,分摊面积,31.86平方米,户内面积,--平方米,分摊面积--平方米,建筑面积,--平方米
项目楼栋情况,锦顺名居2栋,座号,B座,合同号,--,拟售价格,57051.55元/平方米(按建筑面积计)楼层,34,房号,3402,用途,住宅,,建筑面积81.02平方米,户内面积,61.13平方米,分摊面积,19.89平方米,户内面积,--平方米,分摊面积--平方米,建筑面积,--平方米
项目楼栋情况,锦顺名居2栋,座号,B座,合同号,--,拟售价格,52931.48元/平方米(按建筑面积计)楼层,34,房号,3403,用途,住宅,,建筑面积106.95平方米,户内面积,80.7平方米,分摊面积,26.25平方米,户内面积,--平方米,分摊面积--平方米,建筑面积,--平方米
项目楼栋情况,锦顺名居2栋,座号,B座,合同号,--,拟售价格,53549.33元/平方米(按建筑面积计)楼层,34,房号,3404,用途,住宅,,建筑面积106.54平方米,户内面积,80.39平方米,分摊面积,26.15平方米,户内面积,--平方米,分摊面积--平方米,建筑面积,--平方米
项目楼栋情况,锦顺名居2栋,座号,B座,合同号,--,拟售价格,56646.39元/平方米(按建筑面积计)楼层,34,房号,3405,用途,住宅,,建筑面积90.97平方米,户内面积,68.64平方米,分摊面积,22.33平方米,户内面积,--平方米,分摊面积--平方米,建筑面积,--平方米
项目楼栋情况,锦顺名居2栋,座号,B座,合同号,--,拟售价格,57544.5元/平方米(按建筑面积计)楼层,33,房号,3301,用途,住宅,,建筑面积129.8平方米,户内面积,97.94平方米,分摊面积,31.86平方米,户内面积,--平方米,分摊面积--平方米,建筑面积,--平方米
项目楼栋情况,锦顺名居2栋,座号,B座,合同号,--,拟售价格,57211.55元/平方米(按建筑面积计)楼层,33,房号,3302,用途,住宅,,建筑面积81.02平方米,户内面积,61.13平方米,分摊面积,19.89平方米,户内面积,--平方米,分摊面积--平方米,建筑面积,--平方米
项目楼栋情况,锦顺名居2栋,座号,B座,合同号,--,拟售价格,53131.48元/平方米(按建筑面积计)楼层,33,房号,3303,用途,住宅,,建筑面积106.95平方米,户内面积,80.7平方米,分摊面积,26.25平方米,户内面积,--平方米,分摊面积--平方米,建筑面积,--平方米
项目楼栋情况,锦顺名居2栋,座号,B座,合同号,深(龙华)网预买字(2021)1120号,拟售价格,--元/平方米(按建筑面积计)楼层,33,房号,3304,用途,住宅,,建筑面积106.54平方米,户内面积,80.39平方米,分摊面积,26.15平方米,户内面积,--平方米,分摊面积--平方米,建筑面积,--平方米
项目楼栋情况,锦顺名居2栋,座号,B座,合同号,--,拟售价格,56806.39元/平方米(按建筑面积计)楼层,33,房号,3305,用途,住宅,,建筑面积90.97平方米,户内面积,68.64平方米,分摊面积,22.33平方米,户内面积,--平方米,分摊面积--平方米,建筑面积,--平方米
项目楼栋情况,锦顺名居2栋,座号,B座,合同号,--,拟售价格,57944.5元/平方米(按建筑面积计)楼层,32,房号,3201,用途,住宅,,建筑面积129.8平方米,户内面积,97.94平方米,分摊面积,31.86平方米,户内面积,--平方米,分摊面积--平方米,建筑面积,--平方米
项目楼栋情况,锦顺名居2栋,座号,B座,合同号,--,拟售价格,57571.55元/平方米(按建筑面积计)楼层,32,房号,3202,用途,住宅,,建筑面积81.02平方米,户内面积,61.13平方米,分摊面积,19.89平方米,户内面积,--平方米,分摊面积--平方米,建筑面积,--平方米
项目楼栋情况,锦顺名居2栋,座号,B座,合同号,深(龙华)网预买字(2021)10120号,拟售价格,--元/平方米(按建筑面积计)楼层,32,房号,3203,用途,住宅,,建筑面积106.95平方米,户内面积,80.7平方米,分摊面积,26.25平方米,户内面积,--平方米,分摊面积--平方米,建筑面积,--平方米
项目楼栋情况,锦顺名居2栋,座号,B座,合同号,--,拟售价格,54149.33元/平方米(按建筑面积计)楼层,32,房号,3204,用途,住宅,,建筑面积106.54平方米,户内面积,80.39平方米,分摊面积,26.15平方米,户内面积,--平方米,分摊面积--平方米,建筑面积,--平方米
项目楼栋情况,锦顺名居2栋,座号,B座,合同号,--,拟售价格,57166.39元/平方米(按建筑面积计)楼层,32,房号,3205,用途,住宅,,建筑面积90.97平方米,户内面积,68.64平方米,分摊面积,22.33平方米,户内面积,--平方米,分摊面积--平方米,建筑面积,--平方米
项目楼栋情况,锦顺名居2栋,座号,B座,合同号,--,拟售价格,58344.5元/平方米(按建筑面积计)楼层,30,房号,3001,用途,住宅,,建筑面积129.68平方米,户内面积,97.85平方米,分摊面积,31.83平方米,户内面积,--平方米,分摊面积--平方米,建筑面积,--平方米
项目楼栋情况,锦顺名居2栋,座号,B座,合同号,--,拟售价格,57891.55元/平方米(按建筑面积计)楼层,30,房号,3002,用途,住宅,,建筑面积80.73平方米,户内面积,60.92平方米,分摊面积,19.81平方米,户内面积,--平方米,分摊面积--平方米,建筑面积,--平方米
项目楼栋情况,锦顺名居2栋,座号,B座,合同号,--,拟售价格,53931.48元/平方米(按建筑面积计)楼层,30,房号,3003,用途,住宅,,建筑面积106.72平方米,户内面积,80.52平方米,分摊面积,26.2平方米,户内面积,--平方米,分摊面积--平方米,建筑面积,--平方米
项目楼栋情况,锦顺名居2栋,座号,B座,合同号,--,拟售价格,54549.33元/平方米(按建筑面积计)楼层,30,房号,3004,用途,住宅,,建筑面积106.2平方米,户内面积,80.13平方米,分摊面积,26.07平方米,户内面积,--平方米,分摊面积--平方米,建筑面积,--平方米
项目楼栋情况,锦顺名居2栋,座号,B座,合同号,--,拟售价格,57486.39元/平方米(按建筑面积计)楼层,30,房号,3005,用途,住宅,,建筑面积90.89平方米,户内面积,68.58平方米,分摊面积,22.31平方米,户内面积,--平方米,分摊面积--平方米,建筑面积,--平方米
项目楼栋情况,锦顺名居2栋,座号,B座,合同号,--,拟售价格,58244.5元/平方米(按建筑面积计)楼层,29,房号,2901,用途,住宅,,建筑面积129.54平方米,户内面积,97.74平方米,分摊面积,31.8平方米,户内面积,--平方米,分摊面积--平方米,建筑面积,--平方米
项目楼栋情况,锦顺名居2栋,座号,B座,合同号,--,拟售价格,57771.55元/平方米(按建筑面积计)楼层,29,房号,2902,用途,住宅,,建筑面积80.78平方米,户内面积,60.95平方米,分摊面积,19.83平方米,户内面积,--平方米,分摊面积--平方米,建筑面积,--平方米
项目楼栋情况,锦顺名居2栋,座号,B座,合同号,--,拟售价格,53831.48元/平方米(按建筑面积计)楼层,29,房号,2903,用途,住宅,,建筑面积106.49平方米,户内面积,80.36平方米,分摊面积,26.13平方米,户内面积,--平方米,分摊面积--平方米,建筑面积,--平方米
项目楼栋情况,锦顺名居2栋,座号,B座,合同号,深(龙华)网预买字(2021)1280号,拟售价格,--元/平方米(按建筑面积计)楼层,29,房号,2904,用途,住宅,,建筑面积106平方米,户内面积,79.98平方米,分摊面积,26.02平方米,户内面积,--平方米,分摊面积--平方米,建筑面积,--平方米
项目楼栋情况,锦顺名居2栋,座号,B座,合同号,--,拟售价格,57366.39元/平方米(按建筑面积计)楼层,29,房号,2905,用途,住宅,,建筑面积90.79平方米,户内面积,68.51平方米,分摊面积,22.28平方米,户内面积,--平方米,分摊面积--平方米,建筑面积,--平方米
项目楼栋情况,锦顺名居2栋,座号,B座,合同号,--,拟售价格,58544.5元/平方米(按建筑面积计)楼层,28,房号,2801,用途,住宅,,建筑面积129.54平方米,户内面积,97.74平方米,分摊面积,31.8平方米,户内面积,--平方米,分摊面积--平方米,建筑面积,--平方米
项目楼栋情况,锦顺名居2栋,座号,B座,合同号,--,拟售价格,58051.55元/平方米(按建筑面积计)楼层,28,房号,2802,用途,住宅,,建筑面积80.78平方米,户内面积,60.95平方米,分摊面积,19.83平方米,户内面积,--平方米,分摊面积--平方米,建筑面积,--平方米
项目楼栋情况,锦顺名居2栋,座号,B座,合同号,--,拟售价格,54131.48元/平方米(按建筑面积计)楼层,28,房号,2803,用途,住宅,,建筑面积106.49平方米,户内面积,80.36平方米,分摊面积,26.13平方米,户内面积,--平方米,分摊面积--平方米,建筑面积,--平方米
项目楼栋情况,锦顺名居2栋,座号,B座,合同号,--,拟售价格,54749.33元/平方米(按建筑面积计)楼层,28,房号,2804,用途,住宅,,建筑面积106平方米,户内面积,79.98平方米,分摊面积,26.02平方米,户内面积,--平方米,分摊面积--平方米,建筑面积,--平方米
项目楼栋情况,锦顺名居2栋,座号,B座,合同号,--,拟售价格,57646.39元/平方米(按建筑面积计)楼层,28,房号,2805,用途,住宅,,建筑面积90.79平方米,户内面积,68.51平方米,分摊面积,22.28平方米,户内面积,--平方米,分摊面积--平方米,建筑面积,--平方米
项目楼栋情况,锦顺名居2栋,座号,B座,合同号,--,拟售价格,58444.5元/平方米(按建筑面积计)楼层,27,房号,2701,用途,住宅,,建筑面积129.54平方米,户内面积,97.74平方米,分摊面积,31.8平方米,户内面积,--平方米,分摊面积--平方米,建筑面积,--平方米
项目楼栋情况,锦顺名居2栋,座号,B座,合同号,--,拟售价格,57931.55元/平方米(按建筑面积计)楼层,27,房号,2702,用途,住宅,,建筑面积80.78平方米,户内面积,60.95平方米,分摊面积,19.83平方米,户内面积,--平方米,分摊面积--平方米,建筑面积,--平方米
项目楼栋情况,锦顺名居2栋,座号,B座,合同号,--,拟售价格,54031.48元/平方米(按建筑面积计)楼层,27,房号,2703,用途,住宅,,建筑面积106.49平方米,户内面积,80.36平方米,分摊面积,26.13平方米,户内面积,--平方米,分摊面积--平方米,建筑面积,--平方米
项目楼栋情况,锦顺名居2栋,座号,B座,合同号,--,拟售价格,54649.33元/平方米(按建筑面积计)楼层,27,房号,2704,用途,住宅,,建筑面积106平方米,户内面积,79.98平方米,分摊面积,26.02平方米,户内面积,--平方米,分摊面积--平方米,建筑面积,--平方米
项目楼栋情况,锦顺名居2栋,座号,B座,合同号,--,拟售价格,57526.39元/平方米(按建筑面积计)楼层,27,房号,2705,用途,住宅,,建筑面积90.79平方米,户内面积,68.51平方米,分摊面积,22.28平方米,户内面积,--平方米,分摊面积--平方米,建筑面积,--平方米
项目楼栋情况,锦顺名居2栋,座号,B座,合同号,--,拟售价格,58744.5元/平方米(按建筑面积计)楼层,26,房号,2601,用途,住宅,,建筑面积129.54平方米,户内面积,97.74平方米,分摊面积,31.8平方米,户内面积,--平方米,分摊面积--平方米,建筑面积,--平方米
项目楼栋情况,锦顺名居2栋,座号,B座,合同号,--,拟售价格,58211.55元/平方米(按建筑面积计)楼层,26,房号,2602,用途,住宅,,建筑面积80.78平方米,户内面积,60.95平方米,分摊面积,19.83平方米,户内面积,--平方米,分摊面积--平方米,建筑面积,--平方米
项目楼栋情况,锦顺名居2栋,座号,B座,合同号,--,拟售价格,54331.48元/平方米(按建筑面积计)楼层,26,房号,2603,用途,住宅,,建筑面积106.49平方米,户内面积,80.36平方米,分摊面积,26.13平方米,户内面积,--平方米,分摊面积--平方米,建筑面积,--平方米
项目楼栋情况,锦顺名居2栋,座号,B座,合同号,--,拟售价格,54949.33元/平方米(按建筑面积计)楼层,26,房号,2604,用途,住宅,,建筑面积106平方米,户内面积,79.98平方米,分摊面积,26.02平方米,户内面积,--平方米,分摊面积--平方米,建筑面积,--平方米
项目楼栋情况,锦顺名居2栋,座号,B座,合同号,--,拟售价格,57806.39元/平方米(按建筑面积计)楼层,26,房号,2605,用途,住宅,,建筑面积90.79平方米,户内面积,68.51平方米,分摊面积,22.28平方米,户内面积,--平方米,分摊面积--平方米,建筑面积,--平方米
项目楼栋情况,锦顺名居2栋,座号,B座,合同号,--,拟售价格,58644.5元/平方米(按建筑面积计)楼层,25,房号,2501,用途,住宅,,建筑面积129.54平方米,户内面积,97.74平方米,分摊面积,31.8平方米,户内面积,--平方米,分摊面积--平方米,建筑面积,--平方米
项目楼栋情况,锦顺名居2栋,座号,B座,合同号,--,拟售价格,58091.55元/平方米(按建筑面积计)楼层,25,房号,2502,用途,住宅,,建筑面积80.78平方米,户内面积,60.95平方米,分摊面积,19.83平方米,户内面积,--平方米,分摊面积--平方米,建筑面积,--平方米
项目楼栋情况,锦顺名居2栋,座号,B座,合同号,--,拟售价格,54231.48元/平方米(按建筑面积计)楼层,25,房号,2503,用途,住宅,,建筑面积106.49平方米,户内面积,80.36平方米,分摊面积,26.13平方米,户内面积,--平方米,分摊面积--平方米,建筑面积,--平方米
项目楼栋情况,锦顺名居2栋,座号,B座,合同号,--,拟售价格,54849.33元/平方米(按建筑面积计)楼层,25,房号,2504,用途,住宅,,建筑面积106平方米,户内面积,79.98平方米,分摊面积,26.02平方米,户内面积,--平方米,分摊面积--平方米,建筑面积,--平方米
项目楼栋情况,锦顺名居2栋,座号,B座,合同号,--,拟售价格,57686.39元/平方米(按建筑面积计)楼层,25,房号,2505,用途,住宅,,建筑面积90.79平方米,户内面积,68.51平方米,分摊面积,22.28平方米,户内面积,--平方米,分摊面积--平方米,建筑面积,--平方米
项目楼栋情况,锦顺名居2栋,座号,B座,合同号,--,拟售价格,58394.5元/平方米(按建筑面积计)楼层,24,房号,2401,用途,住宅,,建筑面积129.54平方米,户内面积,97.74平方米,分摊面积,31.8平方米,户内面积,--平方米,分摊面积--平方米,建筑面积,--平方米
项目楼栋情况,锦顺名居2栋,座号,B座,合同号,--,拟售价格,57891.55元/平方米(按建筑面积计)楼层,24,房号,2402,用途,住宅,,建筑面积80.78平方米,户内面积,60.95平方米,分摊面积,19.83平方米,户内面积,--平方米,分摊面积--平方米,建筑面积,--平方米
项目楼栋情况,锦顺名居2栋,座号,B座,合同号,--,拟售价格,53981.48元/平方米(按建筑面积计)楼层,24,房号,2403,用途,住宅,,建筑面积106.49平方米,户内面积,80.36平方米,分摊面积,26.13平方米,户内面积,--平方米,分摊面积--平方米,建筑面积,--平方米
项目楼栋情况,锦顺名居2栋,座号,B座,合同号,--,拟售价格,54599.33元/平方米(按建筑面积计)楼层,24,房号,2404,用途,住宅,,建筑面积106平方米,户内面积,79.98平方米,分摊面积,26.02平方米,户内面积,--平方米,分摊面积--平方米,建筑面积,--平方米
项目楼栋情况,锦顺名居2栋,座号,B座,合同号,--,拟售价格,57486.39元/平方米(按建筑面积计)楼层,24,房号,2405,用途,住宅,,建筑面积90.79平方米,户内面积,68.51平方米,分摊面积,22.28平方米,户内面积,--平方米,分摊面积--平方米,建筑面积,--平方米
项目楼栋情况,锦顺名居2栋,座号,B座,合同号,深(龙华)网预买字(2021)781号,拟售价格,--元/平方米(按建筑面积计)楼层,23,房号,2301,用途,住宅,,建筑面积129.54平方米,户内面积,97.74平方米,分摊面积,31.8平方米,户内面积,--平方米,分摊面积--平方米,建筑面积,--平方米
项目楼栋情况,锦顺名居2栋,座号,B座,合同号,--,拟售价格,57891.55元/平方米(按建筑面积计)楼层,23,房号,2302,用途,住宅,,建筑面积80.78平方米,户内面积,60.95平方米,分摊面积,19.83平方米,户内面积,--平方米,分摊面积--平方米,建筑面积,--平方米
项目楼栋情况,锦顺名居2栋,座号,B座,合同号,--,拟售价格,53931.48元/平方米(按建筑面积计)楼层,23,房号,2303,用途,住宅,,建筑面积106.49平方米,户内面积,80.36平方米,分摊面积,26.13平方米,户内面积,--平方米,分摊面积--平方米,建筑面积,--平方米
项目楼栋情况,锦顺名居2栋,座号,B座,合同号,--,拟售价格,54549.33元/平方米(按建筑面积计)楼层,23,房号,2304,用途,住宅,,建筑面积106平方米,户内面积,79.98平方米,分摊面积,26.02平方米,户内面积,--平方米,分摊面积--平方米,建筑面积,--平方米
项目楼栋情况,锦顺名居2栋,座号,B座,合同号,--,拟售价格,57486.39元/平方米(按建筑面积计)楼层,23,房号,2305,用途,住宅,,建筑面积90.79平方米,户内面积,68.51平方米,分摊面积,22.28平方米,户内面积,--平方米,分摊面积--平方米,建筑面积,--平方米
项目楼栋情况,锦顺名居2栋,座号,B座,合同号,--,拟售价格,58394.5元/平方米(按建筑面积计)楼层,22,房号,2201,用途,住宅,,建筑面积129.54平方米,户内面积,97.74平方米,分摊面积,31.8平方米,户内面积,--平方米,分摊面积--平方米,建筑面积,--平方米
项目楼栋情况,锦顺名居2栋,座号,B座,合同号,深(龙华)网预买字(2021)640号,拟售价格,--元/平方米(按建筑面积计)楼层,22,房号,2202,用途,住宅,,建筑面积80.78平方米,户内面积,60.95平方米,分摊面积,19.83平方米,户内面积,--平方米,分摊面积--平方米,建筑面积,--平方米
项目楼栋情况,锦顺名居2栋,座号,B座,合同号,--,拟售价格,53981.48元/平方米(按建筑面积计)楼层,22,房号,2203,用途,住宅,,建筑面积106.49平方米,户内面积,80.36平方米,分摊面积,26.13平方米,户内面积,--平方米,分摊面积--平方米,建筑面积,--平方米
项目楼栋情况,锦顺名居2栋,座号,B座,合同号,深(龙华)网预买字(2021)1101号,拟售价格,--元/平方米(按建筑面积计)楼层,22,房号,2204,用途,住宅,,建筑面积106平方米,户内面积,79.98平方米,分摊面积,26.02平方米,户内面积,--平方米,分摊面积--平方米,建筑面积,--平方米
项目楼栋情况,锦顺名居2栋,座号,B座,合同号,--,拟售价格,57586.39元/平方米(按建筑面积计)楼层,22,房号,2205,用途,住宅,,建筑面积90.79平方米,户内面积,68.51平方米,分摊面积,22.28平方米,户内面积,--平方米,分摊面积--平方米,建筑面积,--平方米
项目楼栋情况,锦顺名居2栋,座号,B座,合同号,深(龙华)网预买字(2021)1020号,拟售价格,--元/平方米(按建筑面积计)楼层,21,房号,2101,用途,住宅,,建筑面积129.54平方米,户内面积,97.74平方米,分摊面积,31.8平方米,户内面积,--平方米,分摊面积--平方米,建筑面积,--平方米
项目楼栋情况,锦顺名居2栋,座号,B座,合同号,--,拟售价格,57691.55元/平方米(按建筑面积计)楼层,21,房号,2102,用途,住宅,,建筑面积80.78平方米,户内面积,60.95平方米,分摊面积,19.83平方米,户内面积,--平方米,分摊面积--平方米,建筑面积,--平方米
项目楼栋情况,锦顺名居2栋,座号,B座,合同号,--,拟售价格,53631.48元/平方米(按建筑面积计)楼层,21,房号,2103,用途,住宅,,建筑面积106.49平方米,户内面积,80.36平方米,分摊面积,26.13平方米,户内面积,--平方米,分摊面积--平方米,建筑面积,--平方米
项目楼栋情况,锦顺名居2栋,座号,B座,合同号,--,拟售价格,54249.33元/平方米(按建筑面积计)楼层,21,房号,2104,用途,住宅,,建筑面积106平方米,户内面积,79.98平方米,分摊面积,26.02平方米,户内面积,--平方米,分摊面积--平方米,建筑面积,--平方米
项目楼栋情况,锦顺名居2栋,座号,B座,合同号,--,拟售价格,57286.39元/平方米(按建筑面积计)楼层,21,房号,2105,用途,住宅,,建筑面积90.79平方米,户内面积,68.51平方米,分摊面积,22.28平方米,户内面积,--平方米,分摊面积--平方米,建筑面积,--平方米
项目楼栋情况,锦顺名居2栋,座号,B座,合同号,--,拟售价格,58094.5元/平方米(按建筑面积计)楼层,20,房号,2001,用途,住宅,,建筑面积129.54平方米,户内面积,97.74平方米,分摊面积,31.8平方米,户内面积,--平方米,分摊面积--平方米,建筑面积,--平方米
项目楼栋情况,锦顺名居2栋,座号,B座,合同号,深(龙华)网预买字(2021)780号,拟售价格,--元/平方米(按建筑面积计)楼层,20,房号,2002,用途,住宅,,建筑面积80.78平方米,户内面积,60.95平方米,分摊面积,19.83平方米,户内面积,--平方米,分摊面积--平方米,建筑面积,--平方米
项目楼栋情况,锦顺名居2栋,座号,B座,合同号,--,拟售价格,53681.48元/平方米(按建筑面积计)楼层,20,房号,2003,用途,住宅,,建筑面积106.49平方米,户内面积,80.36平方米,分摊面积,26.13平方米,户内面积,--平方米,分摊面积--平方米,建筑面积,--平方米
项目楼栋情况,锦顺名居2栋,座号,B座,合同号,--,拟售价格,54299.33元/平方米(按建筑面积计)楼层,20,房号,2004,用途,住宅,,建筑面积106平方米,户内面积,79.98平方米,分摊面积,26.02平方米,户内面积,--平方米,分摊面积--平方米,建筑面积,--平方米
项目楼栋情况,锦顺名居2栋,座号,B座,合同号,--,拟售价格,57386.39元/平方米(按建筑面积计)楼层,20,房号,2005,用途,住宅,,建筑面积90.79平方米,户内面积,68.51平方米,分摊面积,22.28平方米,户内面积,--平方米,分摊面积--平方米,建筑面积,--平方米
项目楼栋情况,锦顺名居2栋,座号,B座,合同号,--,拟售价格,57744.5元/平方米(按建筑面积计)楼层,19,房号,1901,用途,住宅,,建筑面积129.54平方米,户内面积,97.74平方米,分摊面积,31.8平方米,户内面积,--平方米,分摊面积--平方米,建筑面积,--平方米
项目楼栋情况,锦顺名居2栋,座号,B座,合同号,--,拟售价格,57491.55元/平方米(按建筑面积计)楼层,19,房号,1902,用途,住宅,,建筑面积80.78平方米,户内面积,60.95平方米,分摊面积,19.83平方米,户内面积,--平方米,分摊面积--平方米,建筑面积,--平方米
项目楼栋情况,锦顺名居2栋,座号,B座,合同号,深(龙华)网预买字(2021)1105号,拟售价格,--元/平方米(按建筑面积计)楼层,19,房号,1903,用途,住宅,,建筑面积106.49平方米,户内面积,80.36平方米,分摊面积,26.13平方米,户内面积,--平方米,分摊面积--平方米,建筑面积,--平方米
项目楼栋情况,锦顺名居2栋,座号,B座,合同号,深(龙华)网预买字(2021)520号,拟售价格,--元/平方米(按建筑面积计)楼层,19,房号,1904,用途,住宅,,建筑面积106平方米,户内面积,79.98平方米,分摊面积,26.02平方米,户内面积,--平方米,分摊面积--平方米,建筑面积,--平方米
项目楼栋情况,锦顺名居2栋,座号,B座,合同号,--,拟售价格,57086.39元/平方米(按建筑面积计)楼层,19,房号,1905,用途,住宅,,建筑面积90.79平方米,户内面积,68.51平方米,分摊面积,22.28平方米,户内面积,--平方米,分摊面积--平方米,建筑面积,--平方米
项目楼栋情况,锦顺名居2栋,座号,B座,合同号,--,拟售价格,57394.5元/平方米(按建筑面积计)楼层,18,房号,1801,用途,住宅,,建筑面积129.54平方米,户内面积,97.74平方米,分摊面积,31.8平方米,户内面积,--平方米,分摊面积--平方米,建筑面积,--平方米
项目楼栋情况,锦顺名居2栋,座号,B座,合同号,--,拟售价格,57191.55元/平方米(按建筑面积计)楼层,18,房号,1802,用途,住宅,,建筑面积80.78平方米,户内面积,60.95平方米,分摊面积,19.83平方米,户内面积,--平方米,分摊面积--平方米,建筑面积,--平方米
项目楼栋情况,锦顺名居2栋,座号,B座,合同号,--,拟售价格,52881.48元/平方米(按建筑面积计)楼层,18,房号,1803,用途,住宅,,建筑面积106.49平方米,户内面积,80.36平方米,分摊面积,26.13平方米,户内面积,--平方米,分摊面积--平方米,建筑面积,--平方米
项目楼栋情况,锦顺名居2栋,座号,B座,合同号,--,拟售价格,53699.33元/平方米(按建筑面积计)楼层,18,房号,1804,用途,住宅,,建筑面积106平方米,户内面积,79.98平方米,分摊面积,26.02平方米,户内面积,--平方米,分摊面积--平方米,建筑面积,--平方米
项目楼栋情况,锦顺名居2栋,座号,B座,合同号,--,拟售价格,56886.39元/平方米(按建筑面积计)楼层,18,房号,1805,用途,住宅,,建筑面积90.79平方米,户内面积,68.51平方米,分摊面积,22.28平方米,户内面积,--平方米,分摊面积--平方米,建筑面积,--平方米
项目楼栋情况,锦顺名居2栋,座号,B座,合同号,--,拟售价格,57344.5元/平方米(按建筑面积计)楼层,17,房号,1701,用途,住宅,,建筑面积129.54平方米,户内面积,97.74平方米,分摊面积,31.8平方米,户内面积,--平方米,分摊面积--平方米,建筑面积,--平方米
项目楼栋情况,锦顺名居2栋,座号,B座,合同号,--,拟售价格,57191.55元/平方米(按建筑面积计)楼层,17,房号,1702,用途,住宅,,建筑面积80.78平方米,户内面积,60.95平方米,分摊面积,19.83平方米,户内面积,--平方米,分摊面积--平方米,建筑面积,--平方米
项目楼栋情况,锦顺名居2栋,座号,B座,合同号,--,拟售价格,52831.48元/平方米(按建筑面积计)楼层,17,房号,1703,用途,住宅,,建筑面积106.49平方米,户内面积,80.36平方米,分摊面积,26.13平方米,户内面积,--平方米,分摊面积--平方米,建筑面积,--平方米
项目楼栋情况,锦顺名居2栋,座号,B座,合同号,--,拟售价格,53649.33元/平方米(按建筑面积计)楼层,17,房号,1704,用途,住宅,,建筑面积106平方米,户内面积,79.98平方米,分摊面积,26.02平方米,户内面积,--平方米,分摊面积--平方米,建筑面积,--平方米
项目楼栋情况,锦顺名居2栋,座号,B座,合同号,--,拟售价格,56886.39元/平方米(按建筑面积计)楼层,17,房号,1705,用途,住宅,,建筑面积90.79平方米,户内面积,68.51平方米,分摊面积,22.28平方米,户内面积,--平方米,分摊面积--平方米,建筑面积,--平方米
项目楼栋情况,锦顺名居2栋,座号,B座,合同号,深(龙华)网预买字(2021)1001号,拟售价格,--元/平方米(按建筑面积计)楼层,16,房号,1601,用途,住宅,,建筑面积129.54平方米,户内面积,97.74平方米,分摊面积,31.8平方米,户内面积,--平方米,分摊面积--平方米,建筑面积,--平方米
项目楼栋情况,锦顺名居2栋,座号,B座,合同号,深(龙华)网预买字(2021)10220号,拟售价格,--元/平方米(按建筑面积计)楼层,16,房号,1602,用途,住宅,,建筑面积80.78平方米,户内面积,60.95平方米,分摊面积,19.83平方米,户内面积,--平方米,分摊面积--平方米,建筑面积,--平方米
项目楼栋情况,锦顺名居2栋,座号,B座,合同号,--,拟售价格,52881.48元/平方米(按建筑面积计)楼层,16,房号,1603,用途,住宅,,建筑面积106.49平方米,户内面积,80.36平方米,分摊面积,26.13平方米,户内面积,--平方米,分摊面积--平方米,建筑面积,--平方米
项目楼栋情况,锦顺名居2栋,座号,B座,合同号,深(龙华)网预买字(2021)1104号,拟售价格,--元/平方米(按建筑面积计)楼层,16,房号,1604,用途,住宅,,建筑面积106平方米,户内面积,79.98平方米,分摊面积,26.02平方米,户内面积,--平方米,分摊面积--平方米,建筑面积,--平方米
项目楼栋情况,锦顺名居2栋,座号,B座,合同号,--,拟售价格,56986.39元/平方米(按建筑面积计)楼层,16,房号,1605,用途,住宅,,建筑面积90.79平方米,户内面积,68.51平方米,分摊面积,22.28平方米,户内面积,--平方米,分摊面积--平方米,建筑面积,--平方米
项目楼栋情况,锦顺名居2栋,座号,B座,合同号,--,拟售价格,57044.5元/平方米(按建筑面积计)楼层,15,房号,1501,用途,住宅,,建筑面积129.54平方米,户内面积,97.74平方米,分摊面积,31.8平方米,户内面积,--平方米,分摊面积--平方米,建筑面积,--平方米
项目楼栋情况,锦顺名居2栋,座号,B座,合同号,--,拟售价格,56991.55元/平方米(按建筑面积计)楼层,15,房号,1502,用途,住宅,,建筑面积80.78平方米,户内面积,60.95平方米,分摊面积,19.83平方米,户内面积,--平方米,分摊面积--平方米,建筑面积,--平方米
项目楼栋情况,锦顺名居2栋,座号,B座,合同号,--,拟售价格,52531.48元/平方米(按建筑面积计)楼层,15,房号,1503,用途,住宅,,建筑面积106.49平方米,户内面积,80.36平方米,分摊面积,26.13平方米,户内面积,--平方米,分摊面积--平方米,建筑面积,--平方米
项目楼栋情况,锦顺名居2栋,座号,B座,合同号,--,拟售价格,53349.33元/平方米(按建筑面积计)楼层,15,房号,1504,用途,住宅,,建筑面积106平方米,户内面积,79.98平方米,分摊面积,26.02平方米,户内面积,--平方米,分摊面积--平方米,建筑面积,--平方米
项目楼栋情况,锦顺名居2栋,座号,B座,合同号,--,拟售价格,56686.39元/平方米(按建筑面积计)楼层,15,房号,1505,用途,住宅,,建筑面积90.79平方米,户内面积,68.51平方米,分摊面积,22.28平方米,户内面积,--平方米,分摊面积--平方米,建筑面积,--平方米
项目楼栋情况,锦顺名居2栋,座号,B座,合同号,--,拟售价格,56694.5元/平方米(按建筑面积计)楼层,13,房号,1301,用途,住宅,,建筑面积129.32平方米,户内面积,97.58平方米,分摊面积,31.74平方米,户内面积,--平方米,分摊面积--平方米,建筑面积,--平方米
项目楼栋情况,锦顺名居2栋,座号,B座,合同号,--,拟售价格,56711.55元/平方米(按建筑面积计)楼层,13,房号,1302,用途,住宅,,建筑面积80.62平方米,户内面积,60.83平方米,分摊面积,19.79平方米,户内面积,--平方米,分摊面积--平方米,建筑面积,--平方米
项目楼栋情况,锦顺名居2栋,座号,B座,合同号,--,拟售价格,52181.48元/平方米(按建筑面积计)楼层,13,房号,1303,用途,住宅,,建筑面积106.49平方米,户内面积,80.36平方米,分摊面积,26.13平方米,户内面积,--平方米,分摊面积--平方米,建筑面积,--平方米
项目楼栋情况,锦顺名居2栋,座号,B座,合同号,--,拟售价格,52999.33元/平方米(按建筑面积计)楼层,13,房号,1304,用途,住宅,,建筑面积106平方米,户内面积,79.98平方米,分摊面积,26.02平方米,户内面积,--平方米,分摊面积--平方米,建筑面积,--平方米
项目楼栋情况,锦顺名居2栋,座号,B座,合同号,--,拟售价格,56406.39元/平方米(按建筑面积计)楼层,13,房号,1305,用途,住宅,,建筑面积90.79平方米,户内面积,68.51平方米,分摊面积,22.28平方米,户内面积,--平方米,分摊面积--平方米,建筑面积,--平方米
项目楼栋情况,锦顺名居2栋,座号,B座,合同号,--,拟售价格,56794.5元/平方米(按建筑面积计)楼层,12,房号,1201,用途,住宅,,建筑面积129.32平方米,户内面积,97.58平方米,分摊面积,31.74平方米,户内面积,--平方米,分摊面积--平方米,建筑面积,--平方米
项目楼栋情况,锦顺名居2栋,座号,B座,合同号,--,拟售价格,56831.55元/平方米(按建筑面积计)楼层,12,房号,1202,用途,住宅,,建筑面积80.62平方米,户内面积,60.83平方米,分摊面积,19.79平方米,户内面积,--平方米,分摊面积--平方米,建筑面积,--平方米
项目楼栋情况,锦顺名居2栋,座号,B座,合同号,--,拟售价格,52281.48元/平方米(按建筑面积计)楼层,12,房号,1203,用途,住宅,,建筑面积106.49平方米,户内面积,80.36平方米,分摊面积,26.13平方米,户内面积,--平方米,分摊面积--平方米,建筑面积,--平方米
项目楼栋情况,锦顺名居2栋,座号,B座,合同号,--,拟售价格,53099.33元/平方米(按建筑面积计)楼层,12,房号,1204,用途,住宅,,建筑面积106平方米,户内面积,79.98平方米,分摊面积,26.02平方米,户内面积,--平方米,分摊面积--平方米,建筑面积,--平方米
项目楼栋情况,锦顺名居2栋,座号,B座,合同号,--,拟售价格,56526.39元/平方米(按建筑面积计)楼层,12,房号,1205,用途,住宅,,建筑面积90.79平方米,户内面积,68.51平方米,分摊面积,22.28平方米,户内面积,--平方米,分摊面积--平方米,建筑面积,--平方米
项目楼栋情况,锦顺名居2栋,座号,B座,合同号,--,拟售价格,56494.5元/平方米(按建筑面积计)楼层,11,房号,1101,用途,住宅,,建筑面积129.32平方米,户内面积,97.58平方米,分摊面积,31.74平方米,户内面积,--平方米,分摊面积--平方米,建筑面积,--平方米
项目楼栋情况,锦顺名居2栋,座号,B座,合同号,--,拟售价格,56551.55元/平方米(按建筑面积计)楼层,11,房号,1102,用途,住宅,,建筑面积80.62平方米,户内面积,60.83平方米,分摊面积,19.79平方米,户内面积,--平方米,分摊面积--平方米,建筑面积,--平方米
项目楼栋情况,锦顺名居2栋,座号,B座,合同号,--,拟售价格,51981.48元/平方米(按建筑面积计)楼层,11,房号,1103,用途,住宅,,建筑面积106.49平方米,户内面积,80.36平方米,分摊面积,26.13平方米,户内面积,--平方米,分摊面积--平方米,建筑面积,--平方米
项目楼栋情况,锦顺名居2栋,座号,B座,合同号,--,拟售价格,52799.33元/平方米(按建筑面积计)楼层,11,房号,1104,用途,住宅,,建筑面积106平方米,户内面积,79.98平方米,分摊面积,26.02平方米,户内面积,--平方米,分摊面积--平方米,建筑面积,--平方米
项目楼栋情况,锦顺名居2栋,座号,B座,合同号,--,拟售价格,56246.39元/平方米(按建筑面积计)楼层,11,房号,1105,用途,住宅,,建筑面积90.79平方米,户内面积,68.51平方米,分摊面积,22.28平方米,户内面积,--平方米,分摊面积--平方米,建筑面积,--平方米
项目楼栋情况,锦顺名居2栋,座号,B座,合同号,--,拟售价格,56594.5元/平方米(按建筑面积计)楼层,10,房号,1001,用途,住宅,,建筑面积129.32平方米,户内面积,97.58平方米,分摊面积,31.74平方米,户内面积,--平方米,分摊面积--平方米,建筑面积,--平方米
项目楼栋情况,锦顺名居2栋,座号,B座,合同号,--,拟售价格,56671.55元/平方米(按建筑面积计)楼层,10,房号,1002,用途,住宅,,建筑面积80.62平方米,户内面积,60.83平方米,分摊面积,19.79平方米,户内面积,--平方米,分摊面积--平方米,建筑面积,--平方米
项目楼栋情况,锦顺名居2栋,座号,B座,合同号,--,拟售价格,52081.48元/平方米(按建筑面积计)楼层,10,房号,1003,用途,住宅,,建筑面积106.49平方米,户内面积,80.36平方米,分摊面积,26.13平方米,户内面积,--平方米,分摊面积--平方米,建筑面积,--平方米
项目楼栋情况,锦顺名居2栋,座号,B座,合同号,--,拟售价格,52899.33元/平方米(按建筑面积计)楼层,10,房号,1004,用途,住宅,,建筑面积106平方米,户内面积,79.98平方米,分摊面积,26.02平方米,户内面积,--平方米,分摊面积--平方米,建筑面积,--平方米
项目楼栋情况,锦顺名居2栋,座号,B座,合同号,--,拟售价格,56366.39元/平方米(按建筑面积计)楼层,10,房号,1005,用途,住宅,,建筑面积90.79平方米,户内面积,68.51平方米,分摊面积,22.28平方米,户内面积,--平方米,分摊面积--平方米,建筑面积,--平方米
项目楼栋情况,锦顺名居2栋,座号,B座,合同号,--,拟售价格,55994.5元/平方米(按建筑面积计)楼层,9,房号,901,用途,住宅,,建筑面积129.32平方米,户内面积,97.58平方米,分摊面积,31.74平方米,户内面积,--平方米,分摊面积--平方米,建筑面积,--平方米
项目楼栋情况,锦顺名居2栋,座号,B座,合同号,--,拟售价格,56091.55元/平方米(按建筑面积计)楼层,9,房号,902,用途,住宅,,建筑面积80.62平方米,户内面积,60.83平方米,分摊面积,19.79平方米,户内面积,--平方米,分摊面积--平方米,建筑面积,--平方米
项目楼栋情况,锦顺名居2栋,座号,B座,合同号,--,拟售价格,51581.48元/平方米(按建筑面积计)楼层,9,房号,903,用途,住宅,,建筑面积106.49平方米,户内面积,80.36平方米,分摊面积,26.13平方米,户内面积,--平方米,分摊面积--平方米,建筑面积,--平方米
项目楼栋情况,锦顺名居2栋,座号,B座,合同号,--,拟售价格,52599.33元/平方米(按建筑面积计)楼层,9,房号,904,用途,住宅,,建筑面积106平方米,户内面积,79.98平方米,分摊面积,26.02平方米,户内面积,--平方米,分摊面积--平方米,建筑面积,--平方米
项目楼栋情况,锦顺名居2栋,座号,B座,合同号,--,拟售价格,56086.39元/平方米(按建筑面积计)楼层,9,房号,905,用途,住宅,,建筑面积90.79平方米,户内面积,68.51平方米,分摊面积,22.28平方米,户内面积,--平方米,分摊面积--平方米,建筑面积,--平方米
项目楼栋情况,锦顺名居2栋,座号,B座,合同号,--,拟售价格,56094.5元/平方米(按建筑面积计)楼层,8,房号,801,用途,住宅,,建筑面积129.33平方米,户内面积,97.59平方米,分摊面积,31.74平方米,户内面积,--平方米,分摊面积--平方米,建筑面积,--平方米
项目楼栋情况,锦顺名居2栋,座号,B座,合同号,--,拟售价格,56211.55元/平方米(按建筑面积计)楼层,8,房号,802,用途,住宅,,建筑面积80.62平方米,户内面积,60.83平方米,分摊面积,19.79平方米,户内面积,--平方米,分摊面积--平方米,建筑面积,--平方米
项目楼栋情况,锦顺名居2栋,座号,B座,合同号,--,拟售价格,51681.48元/平方米(按建筑面积计)楼层,8,房号,803,用途,住宅,,建筑面积106.49平方米,户内面积,80.36平方米,分摊面积,26.13平方米,户内面积,--平方米,分摊面积--平方米,建筑面积,--平方米
项目楼栋情况,锦顺名居2栋,座号,B座,合同号,--,拟售价格,52699.33元/平方米(按建筑面积计)楼层,8,房号,804,用途,住宅,,建筑面积106平方米,户内面积,79.98平方米,分摊面积,26.02平方米,户内面积,--平方米,分摊面积--平方米,建筑面积,--平方米
项目楼栋情况,锦顺名居2栋,座号,B座,合同号,--,拟售价格,56206.39元/平方米(按建筑面积计)楼层,8,房号,805,用途,住宅,,建筑面积90.79平方米,户内面积,68.51平方米,分摊面积,22.28平方米,户内面积,--平方米,分摊面积--平方米,建筑面积,--平方米
项目楼栋情况,锦顺名居2栋,座号,B座,合同号,--,拟售价格,55794.5元/平方米(按建筑面积计)楼层,7,房号,701,用途,住宅,,建筑面积129.33平方米,户内面积,97.59平方米,分摊面积,31.74平方米,户内面积,--平方米,分摊面积--平方米,建筑面积,--平方米
项目楼栋情况,锦顺名居2栋,座号,B座,合同号,--,拟售价格,55931.55元/平方米(按建筑面积计)楼层,7,房号,702,用途,住宅,,建筑面积80.62平方米,户内面积,60.83平方米,分摊面积,19.79平方米,户内面积,--平方米,分摊面积--平方米,建筑面积,--平方米
项目楼栋情况,锦顺名居2栋,座号,B座,合同号,--,拟售价格,51381.48元/平方米(按建筑面积计)楼层,7,房号,703,用途,住宅,,建筑面积106.49平方米,户内面积,80.36平方米,分摊面积,26.13平方米,户内面积,--平方米,分摊面积--平方米,建筑面积,--平方米
项目楼栋情况,锦顺名居2栋,座号,B座,合同号,--,拟售价格,52399.33元/平方米(按建筑面积计)楼层,7,房号,704,用途,住宅,,建筑面积106平方米,户内面积,79.98平方米,分摊面积,26.02平方米,户内面积,--平方米,分摊面积--平方米,建筑面积,--平方米
项目楼栋情况,锦顺名居2栋,座号,B座,合同号,--,拟售价格,55926.39元/平方米(按建筑面积计)楼层,7,房号,705,用途,住宅,,建筑面积90.79平方米,户内面积,68.51平方米,分摊面积,22.28平方米,户内面积,--平方米,分摊面积--平方米,建筑面积,--平方米
项目楼栋情况,锦顺名居2栋,座号,B座,合同号,--,拟售价格,55894.5元/平方米(按建筑面积计)楼层,6,房号,601,用途,住宅,,建筑面积129.33平方米,户内面积,97.59平方米,分摊面积,31.74平方米,户内面积,--平方米,分摊面积--平方米,建筑面积,--平方米
项目楼栋情况,锦顺名居2栋,座号,B座,合同号,--,拟售价格,56051.55元/平方米(按建筑面积计)楼层,6,房号,602,用途,住宅,,建筑面积80.62平方米,户内面积,60.83平方米,分摊面积,19.79平方米,户内面积,--平方米,分摊面积--平方米,建筑面积,--平方米
项目楼栋情况,锦顺名居2栋,座号,B座,合同号,--,拟售价格,51481.48元/平方米(按建筑面积计)楼层,6,房号,603,用途,住宅,,建筑面积106.49平方米,户内面积,80.36平方米,分摊面积,26.13平方米,户内面积,--平方米,分摊面积--平方米,建筑面积,--平方米
项目楼栋情况,锦顺名居2栋,座号,B座,合同号,--,拟售价格,52499.33元/平方米(按建筑面积计)楼层,6,房号,604,用途,住宅,,建筑面积106平方米,户内面积,79.98平方米,分摊面积,26.02平方米,户内面积,--平方米,分摊面积--平方米,建筑面积,--平方米
项目楼栋情况,锦顺名居2栋,座号,B座,合同号,--,拟售价格,56046.39元/平方米(按建筑面积计)楼层,6,房号,605,用途,住宅,,建筑面积90.79平方米,户内面积,68.51平方米,分摊面积,22.28平方米,户内面积,--平方米,分摊面积--平方米,建筑面积,--平方米
项目楼栋情况,锦顺名居2栋,座号,B座,合同号,--,拟售价格,55594.5元/平方米(按建筑面积计)楼层,5,房号,501,用途,住宅,,建筑面积129.18平方米,户内面积,97.47平方米,分摊面积,31.71平方米,户内面积,--平方米,分摊面积--平方米,建筑面积,--平方米
项目楼栋情况,锦顺名居2栋,座号,B座,合同号,--,拟售价格,55771.55元/平方米(按建筑面积计)楼层,5,房号,502,用途,住宅,,建筑面积80.57平方米,户内面积,60.8平方米,分摊面积,19.77平方米,户内面积,--平方米,分摊面积--平方米,建筑面积,--平方米
项目楼栋情况,锦顺名居2栋,座号,B座,合同号,--,拟售价格,51181.48元/平方米(按建筑面积计)楼层,5,房号,503,用途,住宅,,建筑面积106.51平方米,户内面积,80.37平方米,分摊面积,26.14平方米,户内面积,--平方米,分摊面积--平方米,建筑面积,--平方米
项目楼栋情况,锦顺名居2栋,座号,B座,合同号,--,拟售价格,51799.33元/平方米(按建筑面积计)楼层,5,房号,504,用途,住宅,,建筑面积105.63平方米,户内面积,79.7平方米,分摊面积,25.93平方米,户内面积,--平方米,分摊面积--平方米,建筑面积,--平方米
项目楼栋情况,锦顺名居2栋,座号,B座,合同号,--,拟售价格,55366.39元/平方米(按建筑面积计)楼层,5,房号,505,用途,住宅,,建筑面积90.58平方米,户内面积,68.35平方米,分摊面积,22.23平方米,户内面积,--平方米,分摊面积--平方米,建筑面积,--平方米
项目楼栋情况,锦顺名居2栋,座号,B座,合同号,--,拟售价格,54894.5元/平方米(按建筑面积计)楼层,4,房号,401,用途,住宅,,建筑面积129.18平方米,户内面积,97.47平方米,分摊面积,31.71平方米,户内面积,--平方米,分摊面积--平方米,建筑面积,--平方米
项目楼栋情况,锦顺名居2栋,座号,B座,合同号,--,拟售价格,55091.55元/平方米(按建筑面积计)楼层,4,房号,402,用途,住宅,,建筑面积80.56平方米,户内面积,60.79平方米,分摊面积,19.77平方米,户内面积,--平方米,分摊面积--平方米,建筑面积,--平方米
项目楼栋情况,锦顺名居2栋,座号,B座,合同号,--,拟售价格,50481.48元/平方米(按建筑面积计)楼层,4,房号,403,用途,住宅,,建筑面积106.5平方米,户内面积,80.36平方米,分摊面积,26.14平方米,户内面积,--平方米,分摊面积--平方米,建筑面积,--平方米
项目楼栋情况,锦顺名居2栋,座号,B座,合同号,--,拟售价格,51099.33元/平方米(按建筑面积计)楼层,4,房号,404,用途,住宅,,建筑面积105.62平方米,户内面积,79.69平方米,分摊面积,25.93平方米,户内面积,--平方米,分摊面积--平方米,建筑面积,--平方米
项目楼栋情况,锦顺名居2栋,座号,B座,合同号,--,拟售价格,54686.39元/平方米(按建筑面积计)楼层,4,房号,405,用途,住宅,,建筑面积90.57平方米,户内面积,68.34平方米,分摊面积,22.23平方米,户内面积,--平方米,分摊面积--平方米,建筑面积,--平方米
