项目楼栋情况,利德悦府(G10401-0686)1栋,座号,A,合同号,深(龙)网预买字(2021)29189号,拟售价格,--元/平方米(按建筑面积计)楼层,32,房号,3201,用途,住宅,,建筑面积85.87平方米,户内面积,64.59平方米,分摊面积,21.28平方米,户内面积,--平方米,分摊面积--平方米,建筑面积,--平方米
项目楼栋情况,利德悦府(G10401-0686)1栋,座号,A,合同号,--,拟售价格,36988.34元/平方米(按建筑面积计)楼层,32,房号,3202,用途,住宅,,建筑面积85.87平方米,户内面积,64.59平方米,分摊面积,21.28平方米,户内面积,--平方米,分摊面积--平方米,建筑面积,--平方米
项目楼栋情况,利德悦府(G10401-0686)1栋,座号,A,合同号,深(龙)网预买字(2021)34665号,拟售价格,--元/平方米(按建筑面积计)楼层,32,房号,3203,用途,住宅,,建筑面积89.14平方米,户内面积,67.05平方米,分摊面积,22.09平方米,户内面积,--平方米,分摊面积--平方米,建筑面积,--平方米
项目楼栋情况,利德悦府(G10401-0686)1栋,座号,A,合同号,--,拟售价格,37913.66元/平方米(按建筑面积计)楼层,32,房号,3204,用途,住宅,,建筑面积89.15平方米,户内面积,67.06平方米,分摊面积,22.09平方米,户内面积,--平方米,分摊面积--平方米,建筑面积,--平方米
项目楼栋情况,利德悦府(G10401-0686)1栋,座号,A,合同号,深(龙)网预买字(2021)15522号,拟售价格,--元/平方米(按建筑面积计)楼层,31,房号,3101,用途,住宅,,建筑面积85.87平方米,户内面积,64.59平方米,分摊面积,21.28平方米,户内面积,--平方米,分摊面积--平方米,建筑面积,--平方米
项目楼栋情况,利德悦府(G10401-0686)1栋,座号,A,合同号,深(龙)网预买字(2021)16379号,拟售价格,--元/平方米(按建筑面积计)楼层,31,房号,3102,用途,住宅,,建筑面积85.87平方米,户内面积,64.59平方米,分摊面积,21.28平方米,户内面积,--平方米,分摊面积--平方米,建筑面积,--平方米
项目楼栋情况,利德悦府(G10401-0686)1栋,座号,A,合同号,深(龙)网预买字(2021)27720号,拟售价格,--元/平方米(按建筑面积计)楼层,31,房号,3103,用途,住宅,,建筑面积89.14平方米,户内面积,67.05平方米,分摊面积,22.09平方米,户内面积,--平方米,分摊面积--平方米,建筑面积,--平方米
项目楼栋情况,利德悦府(G10401-0686)1栋,座号,A,合同号,深(龙)网预买字(2021)27837号,拟售价格,--元/平方米(按建筑面积计)楼层,31,房号,3104,用途,住宅,,建筑面积89.15平方米,户内面积,67.06平方米,分摊面积,22.09平方米,户内面积,--平方米,分摊面积--平方米,建筑面积,--平方米
项目楼栋情况,利德悦府(G10401-0686)1栋,座号,A,合同号,深(龙)网预买字(2021)27724号,拟售价格,--元/平方米(按建筑面积计)楼层,30,房号,3001,用途,住宅,,建筑面积85.87平方米,户内面积,64.59平方米,分摊面积,21.28平方米,户内面积,--平方米,分摊面积--平方米,建筑面积,--平方米
项目楼栋情况,利德悦府(G10401-0686)1栋,座号,A,合同号,深(龙)网预买字(2021)21410号,拟售价格,--元/平方米(按建筑面积计)楼层,30,房号,3002,用途,住宅,,建筑面积85.87平方米,户内面积,64.59平方米,分摊面积,21.28平方米,户内面积,--平方米,分摊面积--平方米,建筑面积,--平方米
项目楼栋情况,利德悦府(G10401-0686)1栋,座号,A,合同号,深(龙)网预买字(2021)31442号,拟售价格,--元/平方米(按建筑面积计)楼层,30,房号,3003,用途,住宅,,建筑面积89.14平方米,户内面积,67.05平方米,分摊面积,22.09平方米,户内面积,--平方米,分摊面积--平方米,建筑面积,--平方米
项目楼栋情况,利德悦府(G10401-0686)1栋,座号,A,合同号,深(龙)网预买字(2021)25286号,拟售价格,--元/平方米(按建筑面积计)楼层,30,房号,3004,用途,住宅,,建筑面积89.15平方米,户内面积,67.06平方米,分摊面积,22.09平方米,户内面积,--平方米,分摊面积--平方米,建筑面积,--平方米
项目楼栋情况,利德悦府(G10401-0686)1栋,座号,A,合同号,深(龙)网预买字(2021)26411号,拟售价格,--元/平方米(按建筑面积计)楼层,29,房号,2901,用途,住宅,,建筑面积85.87平方米,户内面积,64.59平方米,分摊面积,21.28平方米,户内面积,--平方米,分摊面积--平方米,建筑面积,--平方米
项目楼栋情况,利德悦府(G10401-0686)1栋,座号,A,合同号,深(龙)网预买字(2021)14875号,拟售价格,--元/平方米(按建筑面积计)楼层,29,房号,2902,用途,住宅,,建筑面积85.87平方米,户内面积,64.59平方米,分摊面积,21.28平方米,户内面积,--平方米,分摊面积--平方米,建筑面积,--平方米
项目楼栋情况,利德悦府(G10401-0686)1栋,座号,A,合同号,深(龙)网预买字(2021)27730号,拟售价格,--元/平方米(按建筑面积计)楼层,29,房号,2903,用途,住宅,,建筑面积89.14平方米,户内面积,67.05平方米,分摊面积,22.09平方米,户内面积,--平方米,分摊面积--平方米,建筑面积,--平方米
项目楼栋情况,利德悦府(G10401-0686)1栋,座号,A,合同号,深(龙)网预买字(2021)25674号,拟售价格,--元/平方米(按建筑面积计)楼层,29,房号,2904,用途,住宅,,建筑面积89.15平方米,户内面积,67.06平方米,分摊面积,22.09平方米,户内面积,--平方米,分摊面积--平方米,建筑面积,--平方米
项目楼栋情况,利德悦府(G10401-0686)1栋,座号,A,合同号,深(龙)网预买字(2021)17356号,拟售价格,--元/平方米(按建筑面积计)楼层,28,房号,2801,用途,住宅,,建筑面积85.87平方米,户内面积,64.59平方米,分摊面积,21.28平方米,户内面积,--平方米,分摊面积--平方米,建筑面积,--平方米
项目楼栋情况,利德悦府(G10401-0686)1栋,座号,A,合同号,深(龙)网预买字(2021)14097号,拟售价格,--元/平方米(按建筑面积计)楼层,28,房号,2802,用途,住宅,,建筑面积85.87平方米,户内面积,64.59平方米,分摊面积,21.28平方米,户内面积,--平方米,分摊面积--平方米,建筑面积,--平方米
项目楼栋情况,利德悦府(G10401-0686)1栋,座号,A,合同号,深(龙)网预买字(2021)27728号,拟售价格,--元/平方米(按建筑面积计)楼层,28,房号,2803,用途,住宅,,建筑面积89.14平方米,户内面积,67.05平方米,分摊面积,22.09平方米,户内面积,--平方米,分摊面积--平方米,建筑面积,--平方米
项目楼栋情况,利德悦府(G10401-0686)1栋,座号,A,合同号,深(龙)网预买字(2021)26389号,拟售价格,--元/平方米(按建筑面积计)楼层,28,房号,2804,用途,住宅,,建筑面积89.15平方米,户内面积,67.06平方米,分摊面积,22.09平方米,户内面积,--平方米,分摊面积--平方米,建筑面积,--平方米
项目楼栋情况,利德悦府(G10401-0686)1栋,座号,A,合同号,深(龙)网预买字(2021)15727号,拟售价格,--元/平方米(按建筑面积计)楼层,27,房号,2701,用途,住宅,,建筑面积85.87平方米,户内面积,64.59平方米,分摊面积,21.28平方米,户内面积,--平方米,分摊面积--平方米,建筑面积,--平方米
项目楼栋情况,利德悦府(G10401-0686)1栋,座号,A,合同号,深(龙)网预买字(2021)18746号,拟售价格,--元/平方米(按建筑面积计)楼层,27,房号,2702,用途,住宅,,建筑面积85.87平方米,户内面积,64.59平方米,分摊面积,21.28平方米,户内面积,--平方米,分摊面积--平方米,建筑面积,--平方米
项目楼栋情况,利德悦府(G10401-0686)1栋,座号,A,合同号,深(龙)网预买字(2021)25066号,拟售价格,--元/平方米(按建筑面积计)楼层,27,房号,2703,用途,住宅,,建筑面积89.14平方米,户内面积,67.05平方米,分摊面积,22.09平方米,户内面积,--平方米,分摊面积--平方米,建筑面积,--平方米
项目楼栋情况,利德悦府(G10401-0686)1栋,座号,A,合同号,深(龙)网预买字(2021)19136号,拟售价格,--元/平方米(按建筑面积计)楼层,27,房号,2704,用途,住宅,,建筑面积89.15平方米,户内面积,67.06平方米,分摊面积,22.09平方米,户内面积,--平方米,分摊面积--平方米,建筑面积,--平方米
项目楼栋情况,利德悦府(G10401-0686)1栋,座号,A,合同号,深(龙)网预买字(2021)14382号,拟售价格,--元/平方米(按建筑面积计)楼层,26,房号,2601,用途,住宅,,建筑面积85.87平方米,户内面积,64.59平方米,分摊面积,21.28平方米,户内面积,--平方米,分摊面积--平方米,建筑面积,--平方米
项目楼栋情况,利德悦府(G10401-0686)1栋,座号,A,合同号,深(龙)网预买字(2021)20173号,拟售价格,--元/平方米(按建筑面积计)楼层,26,房号,2602,用途,住宅,,建筑面积85.87平方米,户内面积,64.59平方米,分摊面积,21.28平方米,户内面积,--平方米,分摊面积--平方米,建筑面积,--平方米
项目楼栋情况,利德悦府(G10401-0686)1栋,座号,A,合同号,深(龙)网预买字(2021)28578号,拟售价格,--元/平方米(按建筑面积计)楼层,26,房号,2603,用途,住宅,,建筑面积89.14平方米,户内面积,67.05平方米,分摊面积,22.09平方米,户内面积,--平方米,分摊面积--平方米,建筑面积,--平方米
项目楼栋情况,利德悦府(G10401-0686)1栋,座号,A,合同号,深(龙)网预买字(2021)11601号,拟售价格,--元/平方米(按建筑面积计)楼层,26,房号,2604,用途,住宅,,建筑面积89.15平方米,户内面积,67.06平方米,分摊面积,22.09平方米,户内面积,--平方米,分摊面积--平方米,建筑面积,--平方米
项目楼栋情况,利德悦府(G10401-0686)1栋,座号,A,合同号,深(龙)网预买字(2021)13336号,拟售价格,--元/平方米(按建筑面积计)楼层,25,房号,2501,用途,住宅,,建筑面积85.87平方米,户内面积,64.59平方米,分摊面积,21.28平方米,户内面积,--平方米,分摊面积--平方米,建筑面积,--平方米
项目楼栋情况,利德悦府(G10401-0686)1栋,座号,A,合同号,深(龙)网预买字(2021)10984号,拟售价格,--元/平方米(按建筑面积计)楼层,25,房号,2502,用途,住宅,,建筑面积85.87平方米,户内面积,64.59平方米,分摊面积,21.28平方米,户内面积,--平方米,分摊面积--平方米,建筑面积,--平方米
项目楼栋情况,利德悦府(G10401-0686)1栋,座号,A,合同号,深(龙)网预买字(2021)12225号,拟售价格,--元/平方米(按建筑面积计)楼层,25,房号,2503,用途,住宅,,建筑面积89.14平方米,户内面积,67.05平方米,分摊面积,22.09平方米,户内面积,--平方米,分摊面积--平方米,建筑面积,--平方米
项目楼栋情况,利德悦府(G10401-0686)1栋,座号,A,合同号,深(龙)网预买字(2021)12478号,拟售价格,--元/平方米(按建筑面积计)楼层,25,房号,2504,用途,住宅,,建筑面积89.15平方米,户内面积,67.06平方米,分摊面积,22.09平方米,户内面积,--平方米,分摊面积--平方米,建筑面积,--平方米
项目楼栋情况,利德悦府(G10401-0686)1栋,座号,A,合同号,深(龙)网预买字(2021)14107号,拟售价格,--元/平方米(按建筑面积计)楼层,24,房号,2401,用途,住宅,,建筑面积85.87平方米,户内面积,64.59平方米,分摊面积,21.28平方米,户内面积,--平方米,分摊面积--平方米,建筑面积,--平方米
项目楼栋情况,利德悦府(G10401-0686)1栋,座号,A,合同号,深(龙)网预买字(2021)17352号,拟售价格,--元/平方米(按建筑面积计)楼层,24,房号,2402,用途,住宅,,建筑面积85.87平方米,户内面积,64.59平方米,分摊面积,21.28平方米,户内面积,--平方米,分摊面积--平方米,建筑面积,--平方米
项目楼栋情况,利德悦府(G10401-0686)1栋,座号,A,合同号,深(龙)网预买字(2021)15830号,拟售价格,--元/平方米(按建筑面积计)楼层,24,房号,2403,用途,住宅,,建筑面积89.14平方米,户内面积,67.05平方米,分摊面积,22.09平方米,户内面积,--平方米,分摊面积--平方米,建筑面积,--平方米
项目楼栋情况,利德悦府(G10401-0686)1栋,座号,A,合同号,深(龙)网预买字(2021)13001号,拟售价格,--元/平方米(按建筑面积计)楼层,24,房号,2404,用途,住宅,,建筑面积89.15平方米,户内面积,67.06平方米,分摊面积,22.09平方米,户内面积,--平方米,分摊面积--平方米,建筑面积,--平方米
项目楼栋情况,利德悦府(G10401-0686)1栋,座号,A,合同号,深(龙)网预买字(2021)20854号,拟售价格,--元/平方米(按建筑面积计)楼层,23,房号,2301,用途,住宅,,建筑面积85.87平方米,户内面积,64.59平方米,分摊面积,21.28平方米,户内面积,--平方米,分摊面积--平方米,建筑面积,--平方米
项目楼栋情况,利德悦府(G10401-0686)1栋,座号,A,合同号,深(龙)网预买字(2021)22893号,拟售价格,--元/平方米(按建筑面积计)楼层,23,房号,2302,用途,住宅,,建筑面积85.87平方米,户内面积,64.59平方米,分摊面积,21.28平方米,户内面积,--平方米,分摊面积--平方米,建筑面积,--平方米
项目楼栋情况,利德悦府(G10401-0686)1栋,座号,A,合同号,深(龙)网预买字(2021)19966号,拟售价格,--元/平方米(按建筑面积计)楼层,23,房号,2303,用途,住宅,,建筑面积89.14平方米,户内面积,67.05平方米,分摊面积,22.09平方米,户内面积,--平方米,分摊面积--平方米,建筑面积,--平方米
项目楼栋情况,利德悦府(G10401-0686)1栋,座号,A,合同号,深(龙)网预买字(2021)25041号,拟售价格,--元/平方米(按建筑面积计)楼层,23,房号,2304,用途,住宅,,建筑面积89.15平方米,户内面积,67.06平方米,分摊面积,22.09平方米,户内面积,--平方米,分摊面积--平方米,建筑面积,--平方米
项目楼栋情况,利德悦府(G10401-0686)1栋,座号,A,合同号,深(龙)网预买字(2021)16681号,拟售价格,--元/平方米(按建筑面积计)楼层,22,房号,2201,用途,住宅,,建筑面积85.87平方米,户内面积,64.59平方米,分摊面积,21.28平方米,户内面积,--平方米,分摊面积--平方米,建筑面积,--平方米
项目楼栋情况,利德悦府(G10401-0686)1栋,座号,A,合同号,深(龙)网预买字(2021)37037号,拟售价格,--元/平方米(按建筑面积计)楼层,22,房号,2202,用途,住宅,,建筑面积85.87平方米,户内面积,64.59平方米,分摊面积,21.28平方米,户内面积,--平方米,分摊面积--平方米,建筑面积,--平方米
项目楼栋情况,利德悦府(G10401-0686)1栋,座号,A,合同号,深(龙)网预买字(2021)13000号,拟售价格,--元/平方米(按建筑面积计)楼层,22,房号,2203,用途,住宅,,建筑面积89.14平方米,户内面积,67.05平方米,分摊面积,22.09平方米,户内面积,--平方米,分摊面积--平方米,建筑面积,--平方米
项目楼栋情况,利德悦府(G10401-0686)1栋,座号,A,合同号,深(龙)网预买字(2021)14852号,拟售价格,--元/平方米(按建筑面积计)楼层,22,房号,2204,用途,住宅,,建筑面积89.15平方米,户内面积,67.06平方米,分摊面积,22.09平方米,户内面积,--平方米,分摊面积--平方米,建筑面积,--平方米
项目楼栋情况,利德悦府(G10401-0686)1栋,座号,A,合同号,深(龙)网预买字(2021)10801号,拟售价格,--元/平方米(按建筑面积计)楼层,21,房号,2101,用途,住宅,,建筑面积85.87平方米,户内面积,64.59平方米,分摊面积,21.28平方米,户内面积,--平方米,分摊面积--平方米,建筑面积,--平方米
项目楼栋情况,利德悦府(G10401-0686)1栋,座号,A,合同号,深(龙)网预买字(2021)14854号,拟售价格,--元/平方米(按建筑面积计)楼层,21,房号,2102,用途,住宅,,建筑面积85.87平方米,户内面积,64.59平方米,分摊面积,21.28平方米,户内面积,--平方米,分摊面积--平方米,建筑面积,--平方米
项目楼栋情况,利德悦府(G10401-0686)1栋,座号,A,合同号,深(龙)网预买字(2021)10772号,拟售价格,--元/平方米(按建筑面积计)楼层,21,房号,2103,用途,住宅,,建筑面积89.14平方米,户内面积,67.05平方米,分摊面积,22.09平方米,户内面积,--平方米,分摊面积--平方米,建筑面积,--平方米
项目楼栋情况,利德悦府(G10401-0686)1栋,座号,A,合同号,深(龙)网预买字(2021)14569号,拟售价格,--元/平方米(按建筑面积计)楼层,21,房号,2104,用途,住宅,,建筑面积89.15平方米,户内面积,67.06平方米,分摊面积,22.09平方米,户内面积,--平方米,分摊面积--平方米,建筑面积,--平方米
项目楼栋情况,利德悦府(G10401-0686)1栋,座号,A,合同号,深(龙)网预买字(2021)11711号,拟售价格,--元/平方米(按建筑面积计)楼层,20,房号,2001,用途,住宅,,建筑面积85.87平方米,户内面积,64.59平方米,分摊面积,21.28平方米,户内面积,--平方米,分摊面积--平方米,建筑面积,--平方米
项目楼栋情况,利德悦府(G10401-0686)1栋,座号,A,合同号,深(龙)网预买字(2021)16235号,拟售价格,--元/平方米(按建筑面积计)楼层,20,房号,2002,用途,住宅,,建筑面积85.87平方米,户内面积,64.59平方米,分摊面积,21.28平方米,户内面积,--平方米,分摊面积--平方米,建筑面积,--平方米
项目楼栋情况,利德悦府(G10401-0686)1栋,座号,A,合同号,深(龙)网预买字(2021)11636号,拟售价格,--元/平方米(按建筑面积计)楼层,20,房号,2003,用途,住宅,,建筑面积89.14平方米,户内面积,67.05平方米,分摊面积,22.09平方米,户内面积,--平方米,分摊面积--平方米,建筑面积,--平方米
项目楼栋情况,利德悦府(G10401-0686)1栋,座号,A,合同号,深(龙)网预买字(2021)10547号,拟售价格,--元/平方米(按建筑面积计)楼层,20,房号,2004,用途,住宅,,建筑面积89.15平方米,户内面积,67.06平方米,分摊面积,22.09平方米,户内面积,--平方米,分摊面积--平方米,建筑面积,--平方米
项目楼栋情况,利德悦府(G10401-0686)1栋,座号,A,合同号,深(龙)网预买字(2021)12476号,拟售价格,--元/平方米(按建筑面积计)楼层,19,房号,1901,用途,住宅,,建筑面积85.87平方米,户内面积,64.59平方米,分摊面积,21.28平方米,户内面积,--平方米,分摊面积--平方米,建筑面积,--平方米
项目楼栋情况,利德悦府(G10401-0686)1栋,座号,A,合同号,深(龙)网预买字(2021)11432号,拟售价格,--元/平方米(按建筑面积计)楼层,19,房号,1902,用途,住宅,,建筑面积85.87平方米,户内面积,64.59平方米,分摊面积,21.28平方米,户内面积,--平方米,分摊面积--平方米,建筑面积,--平方米
项目楼栋情况,利德悦府(G10401-0686)1栋,座号,A,合同号,深(龙)网预买字(2021)12866号,拟售价格,--元/平方米(按建筑面积计)楼层,19,房号,1903,用途,住宅,,建筑面积89.14平方米,户内面积,67.05平方米,分摊面积,22.09平方米,户内面积,--平方米,分摊面积--平方米,建筑面积,--平方米
项目楼栋情况,利德悦府(G10401-0686)1栋,座号,A,合同号,深(龙)网预买字(2021)15221号,拟售价格,--元/平方米(按建筑面积计)楼层,19,房号,1904,用途,住宅,,建筑面积89.15平方米,户内面积,67.06平方米,分摊面积,22.09平方米,户内面积,--平方米,分摊面积--平方米,建筑面积,--平方米
项目楼栋情况,利德悦府(G10401-0686)1栋,座号,A,合同号,深(龙)网预买字(2021)14575号,拟售价格,--元/平方米(按建筑面积计)楼层,18,房号,1801,用途,住宅,,建筑面积85.87平方米,户内面积,64.59平方米,分摊面积,21.28平方米,户内面积,--平方米,分摊面积--平方米,建筑面积,--平方米
项目楼栋情况,利德悦府(G10401-0686)1栋,座号,A,合同号,深(龙)网预买字(2021)19564号,拟售价格,--元/平方米(按建筑面积计)楼层,18,房号,1802,用途,住宅,,建筑面积85.87平方米,户内面积,64.59平方米,分摊面积,21.28平方米,户内面积,--平方米,分摊面积--平方米,建筑面积,--平方米
项目楼栋情况,利德悦府(G10401-0686)1栋,座号,A,合同号,深(龙)网预买字(2021)13178号,拟售价格,--元/平方米(按建筑面积计)楼层,18,房号,1803,用途,住宅,,建筑面积89.14平方米,户内面积,67.05平方米,分摊面积,22.09平方米,户内面积,--平方米,分摊面积--平方米,建筑面积,--平方米
项目楼栋情况,利德悦府(G10401-0686)1栋,座号,A,合同号,深(龙)网预买字(2021)28442号,拟售价格,--元/平方米(按建筑面积计)楼层,18,房号,1804,用途,住宅,,建筑面积89.15平方米,户内面积,67.06平方米,分摊面积,22.09平方米,户内面积,--平方米,分摊面积--平方米,建筑面积,--平方米
项目楼栋情况,利德悦府(G10401-0686)1栋,座号,A,合同号,深(龙)网预买字(2021)23526号,拟售价格,--元/平方米(按建筑面积计)楼层,17,房号,1701,用途,住宅,,建筑面积85.87平方米,户内面积,64.59平方米,分摊面积,21.28平方米,户内面积,--平方米,分摊面积--平方米,建筑面积,--平方米
项目楼栋情况,利德悦府(G10401-0686)1栋,座号,A,合同号,深(龙)网预买字(2021)12482号,拟售价格,--元/平方米(按建筑面积计)楼层,17,房号,1702,用途,住宅,,建筑面积85.87平方米,户内面积,64.59平方米,分摊面积,21.28平方米,户内面积,--平方米,分摊面积--平方米,建筑面积,--平方米
项目楼栋情况,利德悦府(G10401-0686)1栋,座号,A,合同号,深(龙)网预买字(2021)25064号,拟售价格,--元/平方米(按建筑面积计)楼层,17,房号,1703,用途,住宅,,建筑面积89.14平方米,户内面积,67.05平方米,分摊面积,22.09平方米,户内面积,--平方米,分摊面积--平方米,建筑面积,--平方米
项目楼栋情况,利德悦府(G10401-0686)1栋,座号,A,合同号,深(龙)网预买字(2021)21123号,拟售价格,--元/平方米(按建筑面积计)楼层,17,房号,1704,用途,住宅,,建筑面积89.15平方米,户内面积,67.06平方米,分摊面积,22.09平方米,户内面积,--平方米,分摊面积--平方米,建筑面积,--平方米
项目楼栋情况,利德悦府(G10401-0686)1栋,座号,A,合同号,深(龙)网预买字(2021)25677号,拟售价格,--元/平方米(按建筑面积计)楼层,16,房号,1601,用途,住宅,,建筑面积85.87平方米,户内面积,64.59平方米,分摊面积,21.28平方米,户内面积,--平方米,分摊面积--平方米,建筑面积,--平方米
项目楼栋情况,利德悦府(G10401-0686)1栋,座号,A,合同号,深(龙)网预买字(2021)27725号,拟售价格,--元/平方米(按建筑面积计)楼层,16,房号,1602,用途,住宅,,建筑面积85.87平方米,户内面积,64.59平方米,分摊面积,21.28平方米,户内面积,--平方米,分摊面积--平方米,建筑面积,--平方米
项目楼栋情况,利德悦府(G10401-0686)1栋,座号,A,合同号,深(龙)网预买字(2021)22683号,拟售价格,--元/平方米(按建筑面积计)楼层,16,房号,1603,用途,住宅,,建筑面积89.14平方米,户内面积,67.05平方米,分摊面积,22.09平方米,户内面积,--平方米,分摊面积--平方米,建筑面积,--平方米
项目楼栋情况,利德悦府(G10401-0686)1栋,座号,A,合同号,深(龙)网预买字(2021)26415号,拟售价格,--元/平方米(按建筑面积计)楼层,16,房号,1604,用途,住宅,,建筑面积89.15平方米,户内面积,67.06平方米,分摊面积,22.09平方米,户内面积,--平方米,分摊面积--平方米,建筑面积,--平方米
项目楼栋情况,利德悦府(G10401-0686)1栋,座号,A,合同号,深(龙)网预买字(2021)15039号,拟售价格,--元/平方米(按建筑面积计)楼层,15,房号,1501,用途,住宅,,建筑面积85.87平方米,户内面积,64.59平方米,分摊面积,21.28平方米,户内面积,--平方米,分摊面积--平方米,建筑面积,--平方米
项目楼栋情况,利德悦府(G10401-0686)1栋,座号,A,合同号,深(龙)网预买字(2021)22713号,拟售价格,--元/平方米(按建筑面积计)楼层,15,房号,1502,用途,住宅,,建筑面积85.87平方米,户内面积,64.59平方米,分摊面积,21.28平方米,户内面积,--平方米,分摊面积--平方米,建筑面积,--平方米
项目楼栋情况,利德悦府(G10401-0686)1栋,座号,A,合同号,深(龙)网预买字(2021)14008号,拟售价格,--元/平方米(按建筑面积计)楼层,15,房号,1503,用途,住宅,,建筑面积89.14平方米,户内面积,67.05平方米,分摊面积,22.09平方米,户内面积,--平方米,分摊面积--平方米,建筑面积,--平方米
项目楼栋情况,利德悦府(G10401-0686)1栋,座号,A,合同号,深(龙)网预买字(2021)19012号,拟售价格,--元/平方米(按建筑面积计)楼层,15,房号,1504,用途,住宅,,建筑面积89.15平方米,户内面积,67.06平方米,分摊面积,22.09平方米,户内面积,--平方米,分摊面积--平方米,建筑面积,--平方米
项目楼栋情况,利德悦府(G10401-0686)1栋,座号,A,合同号,深(龙)网预买字(2021)12234号,拟售价格,--元/平方米(按建筑面积计)楼层,14,房号,1401,用途,住宅,,建筑面积85.87平方米,户内面积,64.59平方米,分摊面积,21.28平方米,户内面积,--平方米,分摊面积--平方米,建筑面积,--平方米
项目楼栋情况,利德悦府(G10401-0686)1栋,座号,A,合同号,深(龙)网预买字(2021)14576号,拟售价格,--元/平方米(按建筑面积计)楼层,14,房号,1402,用途,住宅,,建筑面积85.87平方米,户内面积,64.59平方米,分摊面积,21.28平方米,户内面积,--平方米,分摊面积--平方米,建筑面积,--平方米
项目楼栋情况,利德悦府(G10401-0686)1栋,座号,A,合同号,深(龙)网预买字(2021)25888号,拟售价格,--元/平方米(按建筑面积计)楼层,14,房号,1403,用途,住宅,,建筑面积89.14平方米,户内面积,67.05平方米,分摊面积,22.09平方米,户内面积,--平方米,分摊面积--平方米,建筑面积,--平方米
项目楼栋情况,利德悦府(G10401-0686)1栋,座号,A,合同号,深(龙)网预买字(2021)19955号,拟售价格,--元/平方米(按建筑面积计)楼层,14,房号,1404,用途,住宅,,建筑面积89.15平方米,户内面积,67.06平方米,分摊面积,22.09平方米,户内面积,--平方米,分摊面积--平方米,建筑面积,--平方米
项目楼栋情况,利德悦府(G10401-0686)1栋,座号,A,合同号,深(龙)网预买字(2021)12294号,拟售价格,--元/平方米(按建筑面积计)楼层,13,房号,1301,用途,住宅,,建筑面积85.87平方米,户内面积,64.59平方米,分摊面积,21.28平方米,户内面积,--平方米,分摊面积--平方米,建筑面积,--平方米
项目楼栋情况,利德悦府(G10401-0686)1栋,座号,A,合同号,深(龙)网预买字(2021)17909号,拟售价格,--元/平方米(按建筑面积计)楼层,13,房号,1302,用途,住宅,,建筑面积85.87平方米,户内面积,64.59平方米,分摊面积,21.28平方米,户内面积,--平方米,分摊面积--平方米,建筑面积,--平方米
项目楼栋情况,利德悦府(G10401-0686)1栋,座号,A,合同号,深(龙)网预买字(2021)12226号,拟售价格,--元/平方米(按建筑面积计)楼层,13,房号,1303,用途,住宅,,建筑面积89.14平方米,户内面积,67.05平方米,分摊面积,22.09平方米,户内面积,--平方米,分摊面积--平方米,建筑面积,--平方米
项目楼栋情况,利德悦府(G10401-0686)1栋,座号,A,合同号,深(龙)网预买字(2021)12281号,拟售价格,--元/平方米(按建筑面积计)楼层,13,房号,1304,用途,住宅,,建筑面积89.15平方米,户内面积,67.06平方米,分摊面积,22.09平方米,户内面积,--平方米,分摊面积--平方米,建筑面积,--平方米
项目楼栋情况,利德悦府(G10401-0686)1栋,座号,A,合同号,深(龙)网预买字(2021)11603号,拟售价格,--元/平方米(按建筑面积计)楼层,12,房号,1201,用途,住宅,,建筑面积85.87平方米,户内面积,64.59平方米,分摊面积,21.28平方米,户内面积,--平方米,分摊面积--平方米,建筑面积,--平方米
项目楼栋情况,利德悦府(G10401-0686)1栋,座号,A,合同号,深(龙)网预买字(2021)12284号,拟售价格,--元/平方米(按建筑面积计)楼层,12,房号,1202,用途,住宅,,建筑面积85.87平方米,户内面积,64.59平方米,分摊面积,21.28平方米,户内面积,--平方米,分摊面积--平方米,建筑面积,--平方米
项目楼栋情况,利德悦府(G10401-0686)1栋,座号,A,合同号,深(龙)网预买字(2021)13191号,拟售价格,--元/平方米(按建筑面积计)楼层,12,房号,1203,用途,住宅,,建筑面积89.14平方米,户内面积,67.05平方米,分摊面积,22.09平方米,户内面积,--平方米,分摊面积--平方米,建筑面积,--平方米
项目楼栋情况,利德悦府(G10401-0686)1栋,座号,A,合同号,深(龙)网预买字(2021)15546号,拟售价格,--元/平方米(按建筑面积计)楼层,12,房号,1204,用途,住宅,,建筑面积89.15平方米,户内面积,67.06平方米,分摊面积,22.09平方米,户内面积,--平方米,分摊面积--平方米,建筑面积,--平方米
项目楼栋情况,利德悦府(G10401-0686)1栋,座号,A,合同号,深(龙)网预买字(2021)17071号,拟售价格,--元/平方米(按建筑面积计)楼层,11,房号,1101,用途,住宅,,建筑面积85.87平方米,户内面积,64.59平方米,分摊面积,21.28平方米,户内面积,--平方米,分摊面积--平方米,建筑面积,--平方米
项目楼栋情况,利德悦府(G10401-0686)1栋,座号,A,合同号,深(龙)网预买字(2021)19137号,拟售价格,--元/平方米(按建筑面积计)楼层,11,房号,1102,用途,住宅,,建筑面积85.87平方米,户内面积,64.59平方米,分摊面积,21.28平方米,户内面积,--平方米,分摊面积--平方米,建筑面积,--平方米
项目楼栋情况,利德悦府(G10401-0686)1栋,座号,A,合同号,深(龙)网预买字(2021)22730号,拟售价格,--元/平方米(按建筑面积计)楼层,11,房号,1103,用途,住宅,,建筑面积89.14平方米,户内面积,67.05平方米,分摊面积,22.09平方米,户内面积,--平方米,分摊面积--平方米,建筑面积,--平方米
项目楼栋情况,利德悦府(G10401-0686)1栋,座号,A,合同号,深(龙)网预买字(2021)28587号,拟售价格,--元/平方米(按建筑面积计)楼层,11,房号,1104,用途,住宅,,建筑面积89.15平方米,户内面积,67.06平方米,分摊面积,22.09平方米,户内面积,--平方米,分摊面积--平方米,建筑面积,--平方米
项目楼栋情况,利德悦府(G10401-0686)1栋,座号,A,合同号,深(龙)网预买字(2021)13719号,拟售价格,--元/平方米(按建筑面积计)楼层,10,房号,1001,用途,住宅,,建筑面积85.87平方米,户内面积,64.59平方米,分摊面积,21.28平方米,户内面积,--平方米,分摊面积--平方米,建筑面积,--平方米
项目楼栋情况,利德悦府(G10401-0686)1栋,座号,A,合同号,深(龙)网预买字(2021)19688号,拟售价格,--元/平方米(按建筑面积计)楼层,10,房号,1002,用途,住宅,,建筑面积85.87平方米,户内面积,64.59平方米,分摊面积,21.28平方米,户内面积,--平方米,分摊面积--平方米,建筑面积,--平方米
项目楼栋情况,利德悦府(G10401-0686)1栋,座号,A,合同号,深(龙)网预买字(2021)16221号,拟售价格,--元/平方米(按建筑面积计)楼层,10,房号,1003,用途,住宅,,建筑面积89.14平方米,户内面积,67.05平方米,分摊面积,22.09平方米,户内面积,--平方米,分摊面积--平方米,建筑面积,--平方米
项目楼栋情况,利德悦府(G10401-0686)1栋,座号,A,合同号,深(龙)网预买字(2021)28436号,拟售价格,--元/平方米(按建筑面积计)楼层,10,房号,1004,用途,住宅,,建筑面积89.15平方米,户内面积,67.06平方米,分摊面积,22.09平方米,户内面积,--平方米,分摊面积--平方米,建筑面积,--平方米
项目楼栋情况,利德悦府(G10401-0686)1栋,座号,A,合同号,深(龙)网预买字(2021)19811号,拟售价格,--元/平方米(按建筑面积计)楼层,9,房号,901,用途,住宅,,建筑面积85.87平方米,户内面积,64.59平方米,分摊面积,21.28平方米,户内面积,--平方米,分摊面积--平方米,建筑面积,--平方米
项目楼栋情况,利德悦府(G10401-0686)1栋,座号,A,合同号,深(龙)网预买字(2021)11407号,拟售价格,--元/平方米(按建筑面积计)楼层,9,房号,902,用途,住宅,,建筑面积85.87平方米,户内面积,64.59平方米,分摊面积,21.28平方米,户内面积,--平方米,分摊面积--平方米,建筑面积,--平方米
项目楼栋情况,利德悦府(G10401-0686)1栋,座号,A,合同号,深(龙)网预买字(2021)17363号,拟售价格,--元/平方米(按建筑面积计)楼层,9,房号,903,用途,住宅,,建筑面积89.14平方米,户内面积,67.05平方米,分摊面积,22.09平方米,户内面积,--平方米,分摊面积--平方米,建筑面积,--平方米
项目楼栋情况,利德悦府(G10401-0686)1栋,座号,A,合同号,深(龙)网预买字(2021)49640号,拟售价格,--元/平方米(按建筑面积计)楼层,9,房号,904,用途,住宅,,建筑面积89.15平方米,户内面积,67.06平方米,分摊面积,22.09平方米,户内面积,--平方米,分摊面积--平方米,建筑面积,--平方米
项目楼栋情况,利德悦府(G10401-0686)1栋,座号,A,合同号,深(龙)网预买字(2021)17826号,拟售价格,--元/平方米(按建筑面积计)楼层,8,房号,801,用途,住宅,,建筑面积85.87平方米,户内面积,64.59平方米,分摊面积,21.28平方米,户内面积,--平方米,分摊面积--平方米,建筑面积,--平方米
项目楼栋情况,利德悦府(G10401-0686)1栋,座号,A,合同号,深(龙)网预买字(2021)14879号,拟售价格,--元/平方米(按建筑面积计)楼层,8,房号,802,用途,住宅,,建筑面积85.87平方米,户内面积,64.59平方米,分摊面积,21.28平方米,户内面积,--平方米,分摊面积--平方米,建筑面积,--平方米
项目楼栋情况,利德悦府(G10401-0686)1栋,座号,A,合同号,深(龙)网预买字(2021)26420号,拟售价格,--元/平方米(按建筑面积计)楼层,8,房号,803,用途,住宅,,建筑面积89.14平方米,户内面积,67.05平方米,分摊面积,22.09平方米,户内面积,--平方米,分摊面积--平方米,建筑面积,--平方米
项目楼栋情况,利德悦府(G10401-0686)1栋,座号,A,合同号,深(龙)网预买字(2021)12641号,拟售价格,--元/平方米(按建筑面积计)楼层,8,房号,804,用途,住宅,,建筑面积89.15平方米,户内面积,67.06平方米,分摊面积,22.09平方米,户内面积,--平方米,分摊面积--平方米,建筑面积,--平方米
项目楼栋情况,利德悦府(G10401-0686)1栋,座号,A,合同号,深(龙)网预买字(2021)13863号,拟售价格,--元/平方米(按建筑面积计)楼层,7,房号,701,用途,住宅,,建筑面积85.87平方米,户内面积,64.59平方米,分摊面积,21.28平方米,户内面积,--平方米,分摊面积--平方米,建筑面积,--平方米
项目楼栋情况,利德悦府(G10401-0686)1栋,座号,A,合同号,深(龙)网预买字(2021)11435号,拟售价格,--元/平方米(按建筑面积计)楼层,7,房号,702,用途,住宅,,建筑面积85.87平方米,户内面积,64.59平方米,分摊面积,21.28平方米,户内面积,--平方米,分摊面积--平方米,建筑面积,--平方米
项目楼栋情况,利德悦府(G10401-0686)1栋,座号,A,合同号,深(龙)网预买字(2021)11627号,拟售价格,--元/平方米(按建筑面积计)楼层,7,房号,703,用途,住宅,,建筑面积89.14平方米,户内面积,67.05平方米,分摊面积,22.09平方米,户内面积,--平方米,分摊面积--平方米,建筑面积,--平方米
项目楼栋情况,利德悦府(G10401-0686)1栋,座号,A,合同号,深(龙)网预买字(2021)28592号,拟售价格,--元/平方米(按建筑面积计)楼层,7,房号,704,用途,住宅,,建筑面积89.15平方米,户内面积,67.06平方米,分摊面积,22.09平方米,户内面积,--平方米,分摊面积--平方米,建筑面积,--平方米
项目楼栋情况,利德悦府(G10401-0686)1栋,座号,A,合同号,深(龙)网预买字(2021)20830号,拟售价格,--元/平方米(按建筑面积计)楼层,6,房号,601,用途,住宅,,建筑面积85.87平方米,户内面积,64.59平方米,分摊面积,21.28平方米,户内面积,--平方米,分摊面积--平方米,建筑面积,--平方米
项目楼栋情况,利德悦府(G10401-0686)1栋,座号,A,合同号,深(龙)网预买字(2021)13346号,拟售价格,--元/平方米(按建筑面积计)楼层,6,房号,602,用途,住宅,,建筑面积85.87平方米,户内面积,64.59平方米,分摊面积,21.28平方米,户内面积,--平方米,分摊面积--平方米,建筑面积,--平方米
项目楼栋情况,利德悦府(G10401-0686)1栋,座号,A,合同号,深(龙)网预买字(2021)15824号,拟售价格,--元/平方米(按建筑面积计)楼层,6,房号,603,用途,住宅,,建筑面积89.14平方米,户内面积,67.05平方米,分摊面积,22.09平方米,户内面积,--平方米,分摊面积--平方米,建筑面积,--平方米
项目楼栋情况,利德悦府(G10401-0686)1栋,座号,A,合同号,深(龙)网预买字(2021)12644号,拟售价格,--元/平方米(按建筑面积计)楼层,6,房号,604,用途,住宅,,建筑面积89.15平方米,户内面积,67.06平方米,分摊面积,22.09平方米,户内面积,--平方米,分摊面积--平方米,建筑面积,--平方米
项目楼栋情况,利德悦府(G10401-0686)1栋,座号,A,合同号,深(龙)网预买字(2021)18349号,拟售价格,--元/平方米(按建筑面积计)楼层,5,房号,502,用途,住宅,,建筑面积85.87平方米,户内面积,64.59平方米,分摊面积,21.28平方米,户内面积,--平方米,分摊面积--平方米,建筑面积,--平方米
项目楼栋情况,利德悦府(G10401-0686)1栋,座号,A,合同号,深(龙)网预买字(2021)16714号,拟售价格,--元/平方米(按建筑面积计)楼层,5,房号,503,用途,住宅,,建筑面积89.14平方米,户内面积,67.05平方米,分摊面积,22.09平方米,户内面积,--平方米,分摊面积--平方米,建筑面积,--平方米
项目楼栋情况,利德悦府(G10401-0686)1栋,座号,A,合同号,深(龙)网预买字(2021)21887号,拟售价格,--元/平方米(按建筑面积计)楼层,5,房号,504,用途,住宅,,建筑面积89.15平方米,户内面积,67.06平方米,分摊面积,22.09平方米,户内面积,--平方米,分摊面积--平方米,建筑面积,--平方米
项目楼栋情况,利德悦府(G10401-0686)1栋,座号,A,合同号,深(龙)网预买字(2021)25591号,拟售价格,--元/平方米(按建筑面积计)楼层,4,房号,401,用途,住宅,,建筑面积85.87平方米,户内面积,64.59平方米,分摊面积,21.28平方米,户内面积,--平方米,分摊面积--平方米,建筑面积,--平方米
项目楼栋情况,利德悦府(G10401-0686)1栋,座号,A,合同号,深(龙)网预买字(2021)20832号,拟售价格,--元/平方米(按建筑面积计)楼层,4,房号,402,用途,住宅,,建筑面积85.87平方米,户内面积,64.59平方米,分摊面积,21.28平方米,户内面积,--平方米,分摊面积--平方米,建筑面积,--平方米
项目楼栋情况,利德悦府(G10401-0686)1栋,座号,A,合同号,深(龙)网预买字(2021)27727号,拟售价格,--元/平方米(按建筑面积计)楼层,4,房号,403,用途,住宅,,建筑面积89.14平方米,户内面积,67.05平方米,分摊面积,22.09平方米,户内面积,--平方米,分摊面积--平方米,建筑面积,--平方米
项目楼栋情况,利德悦府(G10401-0686)1栋,座号,A,合同号,深(龙)网预买字(2021)34512号,拟售价格,--元/平方米(按建筑面积计)楼层,4,房号,404,用途,住宅,,建筑面积89.15平方米,户内面积,67.06平方米,分摊面积,22.09平方米,户内面积,--平方米,分摊面积--平方米,建筑面积,--平方米
项目楼栋情况,利德悦府(G10401-0686)1栋,座号,A,合同号,深(龙)网预买字(2021)19932号,拟售价格,--元/平方米(按建筑面积计)楼层,3,房号,301,用途,住宅,,建筑面积85.8平方米,户内面积,64.54平方米,分摊面积,21.26平方米,户内面积,--平方米,分摊面积--平方米,建筑面积,--平方米
项目楼栋情况,利德悦府(G10401-0686)1栋,座号,A,合同号,深(龙)网预买字(2021)21870号,拟售价格,--元/平方米(按建筑面积计)楼层,3,房号,302,用途,住宅,,建筑面积85.8平方米,户内面积,64.54平方米,分摊面积,21.26平方米,户内面积,--平方米,分摊面积--平方米,建筑面积,--平方米
项目楼栋情况,利德悦府(G10401-0686)1栋,座号,A,合同号,--,拟售价格,36328.97元/平方米(按建筑面积计)楼层,3,房号,303,用途,住宅,,建筑面积89.3平方米,户内面积,67.17平方米,分摊面积,22.13平方米,户内面积,--平方米,分摊面积--平方米,建筑面积,--平方米
项目楼栋情况,利德悦府(G10401-0686)1栋,座号,A,合同号,深(龙)网预买字(2021)31449号,拟售价格,--元/平方米(按建筑面积计)楼层,3,房号,304,用途,住宅,,建筑面积89.31平方米,户内面积,67.18平方米,分摊面积,22.13平方米,户内面积,--平方米,分摊面积--平方米,建筑面积,--平方米
项目楼栋情况,利德悦府(G10401-0686)1栋,座号,B,合同号,深(龙)网预买字(2021)28903号,拟售价格,--元/平方米(按建筑面积计)楼层,32,房号,3201,用途,住宅,,建筑面积79.57平方米,户内面积,61.82平方米,分摊面积,17.75平方米,户内面积,--平方米,分摊面积--平方米,建筑面积,--平方米
项目楼栋情况,利德悦府(G10401-0686)1栋,座号,B,合同号,深(龙)网预买字(2021)28908号,拟售价格,--元/平方米(按建筑面积计)楼层,32,房号,3202,用途,住宅,,建筑面积69.5平方米,户内面积,54平方米,分摊面积,15.5平方米,户内面积,--平方米,分摊面积--平方米,建筑面积,--平方米
项目楼栋情况,利德悦府(G10401-0686)1栋,座号,B,合同号,--,拟售价格,38540.22元/平方米(按建筑面积计)楼层,32,房号,3203,用途,住宅,,建筑面积93.99平方米,户内面积,73.03平方米,分摊面积,20.96平方米,户内面积,--平方米,分摊面积--平方米,建筑面积,--平方米
项目楼栋情况,利德悦府(G10401-0686)1栋,座号,B,合同号,--,拟售价格,37782.73元/平方米(按建筑面积计)楼层,32,房号,3204,用途,住宅,,建筑面积88.11平方米,户内面积,68.46平方米,分摊面积,19.65平方米,户内面积,--平方米,分摊面积--平方米,建筑面积,--平方米
项目楼栋情况,利德悦府(G10401-0686)1栋,座号,B,合同号,深(龙)网预买字(2021)28918号,拟售价格,--元/平方米(按建筑面积计)楼层,32,房号,3205,用途,住宅,,建筑面积70.15平方米,户内面积,54.5平方米,分摊面积,15.65平方米,户内面积,--平方米,分摊面积--平方米,建筑面积,--平方米
项目楼栋情况,利德悦府(G10401-0686)1栋,座号,B,合同号,深(龙)网预买字(2021)10549号,拟售价格,--元/平方米(按建筑面积计)楼层,31,房号,3101,用途,住宅,,建筑面积79.57平方米,户内面积,61.82平方米,分摊面积,17.75平方米,户内面积,--平方米,分摊面积--平方米,建筑面积,--平方米
项目楼栋情况,利德悦府(G10401-0686)1栋,座号,B,合同号,深(龙)网预买字(2021)12279号,拟售价格,--元/平方米(按建筑面积计)楼层,31,房号,3102,用途,住宅,,建筑面积69.5平方米,户内面积,54平方米,分摊面积,15.5平方米,户内面积,--平方米,分摊面积--平方米,建筑面积,--平方米
项目楼栋情况,利德悦府(G10401-0686)1栋,座号,B,合同号,深(龙)网预买字(2021)19561号,拟售价格,--元/平方米(按建筑面积计)楼层,31,房号,3103,用途,住宅,,建筑面积93.99平方米,户内面积,73.03平方米,分摊面积,20.96平方米,户内面积,--平方米,分摊面积--平方米,建筑面积,--平方米
项目楼栋情况,利德悦府(G10401-0686)1栋,座号,B,合同号,深(龙)网预买字(2021)17885号,拟售价格,--元/平方米(按建筑面积计)楼层,31,房号,3104,用途,住宅,,建筑面积88.11平方米,户内面积,68.46平方米,分摊面积,19.65平方米,户内面积,--平方米,分摊面积--平方米,建筑面积,--平方米
项目楼栋情况,利德悦府(G10401-0686)1栋,座号,B,合同号,深(龙)网预买字(2021)21390号,拟售价格,--元/平方米(按建筑面积计)楼层,31,房号,3105,用途,住宅,,建筑面积70.15平方米,户内面积,54.5平方米,分摊面积,15.65平方米,户内面积,--平方米,分摊面积--平方米,建筑面积,--平方米
项目楼栋情况,利德悦府(G10401-0686)1栋,座号,B,合同号,深(龙)网预买字(2021)28685号,拟售价格,--元/平方米(按建筑面积计)楼层,30,房号,3001,用途,住宅,,建筑面积79.57平方米,户内面积,61.82平方米,分摊面积,17.75平方米,户内面积,--平方米,分摊面积--平方米,建筑面积,--平方米
项目楼栋情况,利德悦府(G10401-0686)1栋,座号,B,合同号,深(龙)网预买字(2021)28904号,拟售价格,--元/平方米(按建筑面积计)楼层,30,房号,3002,用途,住宅,,建筑面积69.5平方米,户内面积,54平方米,分摊面积,15.5平方米,户内面积,--平方米,分摊面积--平方米,建筑面积,--平方米
项目楼栋情况,利德悦府(G10401-0686)1栋,座号,B,合同号,深(龙)网预买字(2021)20164号,拟售价格,--元/平方米(按建筑面积计)楼层,30,房号,3003,用途,住宅,,建筑面积93.99平方米,户内面积,73.03平方米,分摊面积,20.96平方米,户内面积,--平方米,分摊面积--平方米,建筑面积,--平方米
项目楼栋情况,利德悦府(G10401-0686)1栋,座号,B,合同号,深(龙)网预买字(2021)41641号,拟售价格,--元/平方米(按建筑面积计)楼层,30,房号,3004,用途,住宅,,建筑面积88.11平方米,户内面积,68.46平方米,分摊面积,19.65平方米,户内面积,--平方米,分摊面积--平方米,建筑面积,--平方米
项目楼栋情况,利德悦府(G10401-0686)1栋,座号,B,合同号,深(龙)网预买字(2021)23528号,拟售价格,--元/平方米(按建筑面积计)楼层,30,房号,3005,用途,住宅,,建筑面积70.15平方米,户内面积,54.5平方米,分摊面积,15.65平方米,户内面积,--平方米,分摊面积--平方米,建筑面积,--平方米
项目楼栋情况,利德悦府(G10401-0686)1栋,座号,B,合同号,深(龙)网预买字(2021)11704号,拟售价格,--元/平方米(按建筑面积计)楼层,29,房号,2901,用途,住宅,,建筑面积79.57平方米,户内面积,61.82平方米,分摊面积,17.75平方米,户内面积,--平方米,分摊面积--平方米,建筑面积,--平方米
项目楼栋情况,利德悦府(G10401-0686)1栋,座号,B,合同号,深(龙)网预买字(2021)10785号,拟售价格,--元/平方米(按建筑面积计)楼层,29,房号,2902,用途,住宅,,建筑面积69.5平方米,户内面积,54平方米,分摊面积,15.5平方米,户内面积,--平方米,分摊面积--平方米,建筑面积,--平方米
项目楼栋情况,利德悦府(G10401-0686)1栋,座号,B,合同号,深(龙)网预买字(2021)17045号,拟售价格,--元/平方米(按建筑面积计)楼层,29,房号,2903,用途,住宅,,建筑面积93.99平方米,户内面积,73.03平方米,分摊面积,20.96平方米,户内面积,--平方米,分摊面积--平方米,建筑面积,--平方米
项目楼栋情况,利德悦府(G10401-0686)1栋,座号,B,合同号,深(龙)网预买字(2021)13188号,拟售价格,--元/平方米(按建筑面积计)楼层,29,房号,2904,用途,住宅,,建筑面积88.11平方米,户内面积,68.46平方米,分摊面积,19.65平方米,户内面积,--平方米,分摊面积--平方米,建筑面积,--平方米
项目楼栋情况,利德悦府(G10401-0686)1栋,座号,B,合同号,深(龙)网预买字(2021)14022号,拟售价格,--元/平方米(按建筑面积计)楼层,29,房号,2905,用途,住宅,,建筑面积70.15平方米,户内面积,54.5平方米,分摊面积,15.65平方米,户内面积,--平方米,分摊面积--平方米,建筑面积,--平方米
项目楼栋情况,利德悦府(G10401-0686)1栋,座号,B,合同号,深(龙)网预买字(2021)13190号,拟售价格,--元/平方米(按建筑面积计)楼层,28,房号,2801,用途,住宅,,建筑面积79.57平方米,户内面积,61.82平方米,分摊面积,17.75平方米,户内面积,--平方米,分摊面积--平方米,建筑面积,--平方米
项目楼栋情况,利德悦府(G10401-0686)1栋,座号,B,合同号,深(龙)网预买字(2021)29401号,拟售价格,--元/平方米(按建筑面积计)楼层,28,房号,2802,用途,住宅,,建筑面积69.5平方米,户内面积,54平方米,分摊面积,15.5平方米,户内面积,--平方米,分摊面积--平方米,建筑面积,--平方米
项目楼栋情况,利德悦府(G10401-0686)1栋,座号,B,合同号,深(龙)网预买字(2021)38076号,拟售价格,--元/平方米(按建筑面积计)楼层,28,房号,2803,用途,住宅,,建筑面积93.99平方米,户内面积,73.03平方米,分摊面积,20.96平方米,户内面积,--平方米,分摊面积--平方米,建筑面积,--平方米
项目楼栋情况,利德悦府(G10401-0686)1栋,座号,B,合同号,深(龙)网预买字(2021)19565号,拟售价格,--元/平方米(按建筑面积计)楼层,28,房号,2804,用途,住宅,,建筑面积88.11平方米,户内面积,68.46平方米,分摊面积,19.65平方米,户内面积,--平方米,分摊面积--平方米,建筑面积,--平方米
项目楼栋情况,利德悦府(G10401-0686)1栋,座号,B,合同号,深(龙)网预买字(2021)12853号,拟售价格,--元/平方米(按建筑面积计)楼层,28,房号,2805,用途,住宅,,建筑面积70.15平方米,户内面积,54.5平方米,分摊面积,15.65平方米,户内面积,--平方米,分摊面积--平方米,建筑面积,--平方米
项目楼栋情况,利德悦府(G10401-0686)1栋,座号,B,合同号,深(龙)网预买字(2021)18871号,拟售价格,--元/平方米(按建筑面积计)楼层,27,房号,2701,用途,住宅,,建筑面积79.57平方米,户内面积,61.82平方米,分摊面积,17.75平方米,户内面积,--平方米,分摊面积--平方米,建筑面积,--平方米
项目楼栋情况,利德悦府(G10401-0686)1栋,座号,B,合同号,深(龙)网预买字(2021)10760号,拟售价格,--元/平方米(按建筑面积计)楼层,27,房号,2702,用途,住宅,,建筑面积69.5平方米,户内面积,54平方米,分摊面积,15.5平方米,户内面积,--平方米,分摊面积--平方米,建筑面积,--平方米
项目楼栋情况,利德悦府(G10401-0686)1栋,座号,B,合同号,--,拟售价格,38450.22元/平方米(按建筑面积计)楼层,27,房号,2703,用途,住宅,,建筑面积93.99平方米,户内面积,73.03平方米,分摊面积,20.96平方米,户内面积,--平方米,分摊面积--平方米,建筑面积,--平方米
项目楼栋情况,利德悦府(G10401-0686)1栋,座号,B,合同号,深(龙)网预买字(2021)11637号,拟售价格,--元/平方米(按建筑面积计)楼层,27,房号,2704,用途,住宅,,建筑面积88.11平方米,户内面积,68.46平方米,分摊面积,19.65平方米,户内面积,--平方米,分摊面积--平方米,建筑面积,--平方米
项目楼栋情况,利德悦府(G10401-0686)1栋,座号,B,合同号,深(龙)网预买字(2021)28715号,拟售价格,--元/平方米(按建筑面积计)楼层,27,房号,2705,用途,住宅,,建筑面积70.15平方米,户内面积,54.5平方米,分摊面积,15.65平方米,户内面积,--平方米,分摊面积--平方米,建筑面积,--平方米
项目楼栋情况,利德悦府(G10401-0686)1栋,座号,B,合同号,深(龙)网预买字(2021)10794号,拟售价格,--元/平方米(按建筑面积计)楼层,26,房号,2601,用途,住宅,,建筑面积79.57平方米,户内面积,61.82平方米,分摊面积,17.75平方米,户内面积,--平方米,分摊面积--平方米,建筑面积,--平方米
项目楼栋情况,利德悦府(G10401-0686)1栋,座号,B,合同号,深(龙)网预买字(2021)12227号,拟售价格,--元/平方米(按建筑面积计)楼层,26,房号,2602,用途,住宅,,建筑面积69.5平方米,户内面积,54平方米,分摊面积,15.5平方米,户内面积,--平方米,分摊面积--平方米,建筑面积,--平方米
项目楼栋情况,利德悦府(G10401-0686)1栋,座号,B,合同号,深(龙)网预买字(2021)27961号,拟售价格,--元/平方米(按建筑面积计)楼层,26,房号,2603,用途,住宅,,建筑面积93.99平方米,户内面积,73.03平方米,分摊面积,20.96平方米,户内面积,--平方米,分摊面积--平方米,建筑面积,--平方米
项目楼栋情况,利德悦府(G10401-0686)1栋,座号,B,合同号,深(龙)网预买字(2021)11441号,拟售价格,--元/平方米(按建筑面积计)楼层,26,房号,2604,用途,住宅,,建筑面积88.11平方米,户内面积,68.46平方米,分摊面积,19.65平方米,户内面积,--平方米,分摊面积--平方米,建筑面积,--平方米
项目楼栋情况,利德悦府(G10401-0686)1栋,座号,B,合同号,深(龙)网预买字(2021)16224号,拟售价格,--元/平方米(按建筑面积计)楼层,26,房号,2605,用途,住宅,,建筑面积70.15平方米,户内面积,54.5平方米,分摊面积,15.65平方米,户内面积,--平方米,分摊面积--平方米,建筑面积,--平方米
项目楼栋情况,利德悦府(G10401-0686)1栋,座号,B,合同号,深(龙)网预买字(2021)10774号,拟售价格,--元/平方米(按建筑面积计)楼层,25,房号,2501,用途,住宅,,建筑面积79.57平方米,户内面积,61.82平方米,分摊面积,17.75平方米,户内面积,--平方米,分摊面积--平方米,建筑面积,--平方米
项目楼栋情况,利德悦府(G10401-0686)1栋,座号,B,合同号,深(龙)网预买字(2021)13581号,拟售价格,--元/平方米(按建筑面积计)楼层,25,房号,2502,用途,住宅,,建筑面积69.5平方米,户内面积,54平方米,分摊面积,15.5平方米,户内面积,--平方米,分摊面积--平方米,建筑面积,--平方米
项目楼栋情况,利德悦府(G10401-0686)1栋,座号,B,合同号,--,拟售价格,38390.22元/平方米(按建筑面积计)楼层,25,房号,2503,用途,住宅,,建筑面积93.99平方米,户内面积,73.03平方米,分摊面积,20.96平方米,户内面积,--平方米,分摊面积--平方米,建筑面积,--平方米
项目楼栋情况,利德悦府(G10401-0686)1栋,座号,B,合同号,深(龙)网预买字(2021)18214号,拟售价格,--元/平方米(按建筑面积计)楼层,25,房号,2504,用途,住宅,,建筑面积88.11平方米,户内面积,68.46平方米,分摊面积,19.65平方米,户内面积,--平方米,分摊面积--平方米,建筑面积,--平方米
项目楼栋情况,利德悦府(G10401-0686)1栋,座号,B,合同号,深(龙)网预买字(2021)14014号,拟售价格,--元/平方米(按建筑面积计)楼层,25,房号,2505,用途,住宅,,建筑面积70.15平方米,户内面积,54.5平方米,分摊面积,15.65平方米,户内面积,--平方米,分摊面积--平方米,建筑面积,--平方米
项目楼栋情况,利德悦府(G10401-0686)1栋,座号,B,合同号,深(龙)网预买字(2021)13571号,拟售价格,--元/平方米(按建筑面积计)楼层,24,房号,2401,用途,住宅,,建筑面积79.57平方米,户内面积,61.82平方米,分摊面积,17.75平方米,户内面积,--平方米,分摊面积--平方米,建筑面积,--平方米
项目楼栋情况,利德悦府(G10401-0686)1栋,座号,B,合同号,深(龙)网预买字(2021)14558号,拟售价格,--元/平方米(按建筑面积计)楼层,24,房号,2402,用途,住宅,,建筑面积69.5平方米,户内面积,54平方米,分摊面积,15.5平方米,户内面积,--平方米,分摊面积--平方米,建筑面积,--平方米
项目楼栋情况,利德悦府(G10401-0686)1栋,座号,B,合同号,深(龙)网预买字(2021)25697号,拟售价格,--元/平方米(按建筑面积计)楼层,24,房号,2403,用途,住宅,,建筑面积93.99平方米,户内面积,73.03平方米,分摊面积,20.96平方米,户内面积,--平方米,分摊面积--平方米,建筑面积,--平方米
项目楼栋情况,利德悦府(G10401-0686)1栋,座号,B,合同号,深(龙)网预买字(2021)19560号,拟售价格,--元/平方米(按建筑面积计)楼层,24,房号,2404,用途,住宅,,建筑面积88.11平方米,户内面积,68.46平方米,分摊面积,19.65平方米,户内面积,--平方米,分摊面积--平方米,建筑面积,--平方米
项目楼栋情况,利德悦府(G10401-0686)1栋,座号,B,合同号,深(龙)网预买字(2021)18619号,拟售价格,--元/平方米(按建筑面积计)楼层,24,房号,2405,用途,住宅,,建筑面积70.15平方米,户内面积,54.5平方米,分摊面积,15.65平方米,户内面积,--平方米,分摊面积--平方米,建筑面积,--平方米
项目楼栋情况,利德悦府(G10401-0686)1栋,座号,B,合同号,深(龙)网预买字(2021)19127号,拟售价格,--元/平方米(按建筑面积计)楼层,23,房号,2301,用途,住宅,,建筑面积79.57平方米,户内面积,61.82平方米,分摊面积,17.75平方米,户内面积,--平方米,分摊面积--平方米,建筑面积,--平方米
项目楼栋情况,利德悦府(G10401-0686)1栋,座号,B,合同号,深(龙)网预买字(2021)13860号,拟售价格,--元/平方米(按建筑面积计)楼层,23,房号,2302,用途,住宅,,建筑面积69.5平方米,户内面积,54平方米,分摊面积,15.5平方米,户内面积,--平方米,分摊面积--平方米,建筑面积,--平方米
项目楼栋情况,利德悦府(G10401-0686)1栋,座号,B,合同号,深(龙)网预买字(2021)15399号,拟售价格,--元/平方米(按建筑面积计)楼层,23,房号,2303,用途,住宅,,建筑面积93.99平方米,户内面积,73.03平方米,分摊面积,20.96平方米,户内面积,--平方米,分摊面积--平方米,建筑面积,--平方米
项目楼栋情况,利德悦府(G10401-0686)1栋,座号,B,合同号,深(龙)网预买字(2021)27715号,拟售价格,--元/平方米(按建筑面积计)楼层,23,房号,2304,用途,住宅,,建筑面积88.11平方米,户内面积,68.46平方米,分摊面积,19.65平方米,户内面积,--平方米,分摊面积--平方米,建筑面积,--平方米
项目楼栋情况,利德悦府(G10401-0686)1栋,座号,B,合同号,深(龙)网预买字(2021)15205号,拟售价格,--元/平方米(按建筑面积计)楼层,23,房号,2305,用途,住宅,,建筑面积70.15平方米,户内面积,54.5平方米,分摊面积,15.65平方米,户内面积,--平方米,分摊面积--平方米,建筑面积,--平方米
项目楼栋情况,利德悦府(G10401-0686)1栋,座号,B,合同号,深(龙)网预买字(2021)18601号,拟售价格,--元/平方米(按建筑面积计)楼层,22,房号,2201,用途,住宅,,建筑面积79.57平方米,户内面积,61.82平方米,分摊面积,17.75平方米,户内面积,--平方米,分摊面积--平方米,建筑面积,--平方米
项目楼栋情况,利德悦府(G10401-0686)1栋,座号,B,合同号,深(龙)网预买字(2021)13175号,拟售价格,--元/平方米(按建筑面积计)楼层,22,房号,2202,用途,住宅,,建筑面积69.5平方米,户内面积,54平方米,分摊面积,15.5平方米,户内面积,--平方米,分摊面积--平方米,建筑面积,--平方米
项目楼栋情况,利德悦府(G10401-0686)1栋,座号,B,合同号,深(龙)网预买字(2021)18187号,拟售价格,--元/平方米(按建筑面积计)楼层,22,房号,2203,用途,住宅,,建筑面积93.99平方米,户内面积,73.03平方米,分摊面积,20.96平方米,户内面积,--平方米,分摊面积--平方米,建筑面积,--平方米
项目楼栋情况,利德悦府(G10401-0686)1栋,座号,B,合同号,深(龙)网预买字(2021)10273号,拟售价格,--元/平方米(按建筑面积计)楼层,22,房号,2204,用途,住宅,,建筑面积88.11平方米,户内面积,68.46平方米,分摊面积,19.65平方米,户内面积,--平方米,分摊面积--平方米,建筑面积,--平方米
项目楼栋情况,利德悦府(G10401-0686)1栋,座号,B,合同号,--,拟售价格,36738.03元/平方米(按建筑面积计)楼层,22,房号,2205,用途,住宅,,建筑面积70.15平方米,户内面积,54.5平方米,分摊面积,15.65平方米,户内面积,--平方米,分摊面积--平方米,建筑面积,--平方米
项目楼栋情况,利德悦府(G10401-0686)1栋,座号,B,合同号,深(龙)网预买字(2021)17811号,拟售价格,--元/平方米(按建筑面积计)楼层,21,房号,2101,用途,住宅,,建筑面积79.57平方米,户内面积,61.82平方米,分摊面积,17.75平方米,户内面积,--平方米,分摊面积--平方米,建筑面积,--平方米
项目楼栋情况,利德悦府(G10401-0686)1栋,座号,B,合同号,深(龙)网预买字(2021)10975号,拟售价格,--元/平方米(按建筑面积计)楼层,21,房号,2102,用途,住宅,,建筑面积69.5平方米,户内面积,54平方米,分摊面积,15.5平方米,户内面积,--平方米,分摊面积--平方米,建筑面积,--平方米
项目楼栋情况,利德悦府(G10401-0686)1栋,座号,B,合同号,深(龙)网预买字(2021)15520号,拟售价格,--元/平方米(按建筑面积计)楼层,21,房号,2103,用途,住宅,,建筑面积93.99平方米,户内面积,73.03平方米,分摊面积,20.96平方米,户内面积,--平方米,分摊面积--平方米,建筑面积,--平方米
项目楼栋情况,利德悦府(G10401-0686)1栋,座号,B,合同号,深(龙)网预买字(2021)29130号,拟售价格,--元/平方米(按建筑面积计)楼层,21,房号,2104,用途,住宅,,建筑面积88.11平方米,户内面积,68.46平方米,分摊面积,19.65平方米,户内面积,--平方米,分摊面积--平方米,建筑面积,--平方米
项目楼栋情况,利德悦府(G10401-0686)1栋,座号,B,合同号,深(龙)网预买字(2021)20242号,拟售价格,--元/平方米(按建筑面积计)楼层,21,房号,2105,用途,住宅,,建筑面积70.15平方米,户内面积,54.5平方米,分摊面积,15.65平方米,户内面积,--平方米,分摊面积--平方米,建筑面积,--平方米
项目楼栋情况,利德悦府(G10401-0686)1栋,座号,B,合同号,深(龙)网预买字(2021)10548号,拟售价格,--元/平方米(按建筑面积计)楼层,20,房号,2001,用途,住宅,,建筑面积79.57平方米,户内面积,61.82平方米,分摊面积,17.75平方米,户内面积,--平方米,分摊面积--平方米,建筑面积,--平方米
项目楼栋情况,利德悦府(G10401-0686)1栋,座号,B,合同号,深(龙)网预买字(2021)12217号,拟售价格,--元/平方米(按建筑面积计)楼层,20,房号,2002,用途,住宅,,建筑面积69.5平方米,户内面积,54平方米,分摊面积,15.5平方米,户内面积,--平方米,分摊面积--平方米,建筑面积,--平方米
项目楼栋情况,利德悦府(G10401-0686)1栋,座号,B,合同号,深(龙)网预买字(2021)17724号,拟售价格,--元/平方米(按建筑面积计)楼层,20,房号,2003,用途,住宅,,建筑面积93.99平方米,户内面积,73.03平方米,分摊面积,20.96平方米,户内面积,--平方米,分摊面积--平方米,建筑面积,--平方米
项目楼栋情况,利德悦府(G10401-0686)1栋,座号,B,合同号,深(龙)网预买字(2021)13577号,拟售价格,--元/平方米(按建筑面积计)楼层,20,房号,2004,用途,住宅,,建筑面积88.11平方米,户内面积,68.46平方米,分摊面积,19.65平方米,户内面积,--平方米,分摊面积--平方米,建筑面积,--平方米
项目楼栋情况,利德悦府(G10401-0686)1栋,座号,B,合同号,--,拟售价格,36658.03元/平方米(按建筑面积计)楼层,20,房号,2005,用途,住宅,,建筑面积70.15平方米,户内面积,54.5平方米,分摊面积,15.65平方米,户内面积,--平方米,分摊面积--平方米,建筑面积,--平方米
项目楼栋情况,利德悦府(G10401-0686)1栋,座号,B,合同号,深(龙)网预买字(2021)13580号,拟售价格,--元/平方米(按建筑面积计)楼层,19,房号,1901,用途,住宅,,建筑面积79.57平方米,户内面积,61.82平方米,分摊面积,17.75平方米,户内面积,--平方米,分摊面积--平方米,建筑面积,--平方米
项目楼栋情况,利德悦府(G10401-0686)1栋,座号,B,合同号,深(龙)网预买字(2021)13738号,拟售价格,--元/平方米(按建筑面积计)楼层,19,房号,1902,用途,住宅,,建筑面积69.5平方米,户内面积,54平方米,分摊面积,15.5平方米,户内面积,--平方米,分摊面积--平方米,建筑面积,--平方米
项目楼栋情况,利德悦府(G10401-0686)1栋,座号,B,合同号,深(龙)网预买字(2021)25287号,拟售价格,--元/平方米(按建筑面积计)楼层,19,房号,1903,用途,住宅,,建筑面积93.99平方米,户内面积,73.03平方米,分摊面积,20.96平方米,户内面积,--平方米,分摊面积--平方米,建筑面积,--平方米
项目楼栋情况,利德悦府(G10401-0686)1栋,座号,B,合同号,深(龙)网预买字(2021)20980号,拟售价格,--元/平方米(按建筑面积计)楼层,19,房号,1904,用途,住宅,,建筑面积88.11平方米,户内面积,68.46平方米,分摊面积,19.65平方米,户内面积,--平方米,分摊面积--平方米,建筑面积,--平方米
项目楼栋情况,利德悦府(G10401-0686)1栋,座号,B,合同号,深(龙)网预买字(2021)12221号,拟售价格,--元/平方米(按建筑面积计)楼层,19,房号,1905,用途,住宅,,建筑面积70.15平方米,户内面积,54.5平方米,分摊面积,15.65平方米,户内面积,--平方米,分摊面积--平方米,建筑面积,--平方米
项目楼栋情况,利德悦府(G10401-0686)1栋,座号,B,合同号,深(龙)网预买字(2021)13354号,拟售价格,--元/平方米(按建筑面积计)楼层,18,房号,1801,用途,住宅,,建筑面积79.57平方米,户内面积,61.82平方米,分摊面积,17.75平方米,户内面积,--平方米,分摊面积--平方米,建筑面积,--平方米
项目楼栋情况,利德悦府(G10401-0686)1栋,座号,B,合同号,深(龙)网预买字(2021)14599号,拟售价格,--元/平方米(按建筑面积计)楼层,18,房号,1802,用途,住宅,,建筑面积69.5平方米,户内面积,54平方米,分摊面积,15.5平方米,户内面积,--平方米,分摊面积--平方米,建筑面积,--平方米
项目楼栋情况,利德悦府(G10401-0686)1栋,座号,B,合同号,深(龙)网预买字(2021)17070号,拟售价格,--元/平方米(按建筑面积计)楼层,18,房号,1803,用途,住宅,,建筑面积93.99平方米,户内面积,73.03平方米,分摊面积,20.96平方米,户内面积,--平方米,分摊面积--平方米,建筑面积,--平方米
项目楼栋情况,利德悦府(G10401-0686)1栋,座号,B,合同号,深(龙)网预买字(2021)11923号,拟售价格,--元/平方米(按建筑面积计)楼层,18,房号,1804,用途,住宅,,建筑面积88.11平方米,户内面积,68.46平方米,分摊面积,19.65平方米,户内面积,--平方米,分摊面积--平方米,建筑面积,--平方米
项目楼栋情况,利德悦府(G10401-0686)1栋,座号,B,合同号,--,拟售价格,36558.03元/平方米(按建筑面积计)楼层,18,房号,1805,用途,住宅,,建筑面积70.15平方米,户内面积,54.5平方米,分摊面积,15.65平方米,户内面积,--平方米,分摊面积--平方米,建筑面积,--平方米
项目楼栋情况,利德悦府(G10401-0686)1栋,座号,B,合同号,深(龙)网预买字(2021)11626号,拟售价格,--元/平方米(按建筑面积计)楼层,17,房号,1701,用途,住宅,,建筑面积79.57平方米,户内面积,61.82平方米,分摊面积,17.75平方米,户内面积,--平方米,分摊面积--平方米,建筑面积,--平方米
项目楼栋情况,利德悦府(G10401-0686)1栋,座号,B,合同号,深(龙)网预买字(2021)18411号,拟售价格,--元/平方米(按建筑面积计)楼层,17,房号,1702,用途,住宅,,建筑面积69.5平方米,户内面积,54平方米,分摊面积,15.5平方米,户内面积,--平方米,分摊面积--平方米,建筑面积,--平方米
项目楼栋情况,利德悦府(G10401-0686)1栋,座号,B,合同号,深(龙)网预买字(2021)10179号,拟售价格,--元/平方米(按建筑面积计)楼层,17,房号,1703,用途,住宅,,建筑面积93.99平方米,户内面积,73.03平方米,分摊面积,20.96平方米,户内面积,--平方米,分摊面积--平方米,建筑面积,--平方米
项目楼栋情况,利德悦府(G10401-0686)1栋,座号,B,合同号,深(龙)网预买字(2021)17480号,拟售价格,--元/平方米(按建筑面积计)楼层,17,房号,1704,用途,住宅,,建筑面积88.11平方米,户内面积,68.46平方米,分摊面积,19.65平方米,户内面积,--平方米,分摊面积--平方米,建筑面积,--平方米
项目楼栋情况,利德悦府(G10401-0686)1栋,座号,B,合同号,深(龙)网预买字(2021)12862号,拟售价格,--元/平方米(按建筑面积计)楼层,17,房号,1705,用途,住宅,,建筑面积70.15平方米,户内面积,54.5平方米,分摊面积,15.65平方米,户内面积,--平方米,分摊面积--平方米,建筑面积,--平方米
项目楼栋情况,利德悦府(G10401-0686)1栋,座号,B,合同号,深(龙)网预买字(2021)17746号,拟售价格,--元/平方米(按建筑面积计)楼层,16,房号,1601,用途,住宅,,建筑面积79.57平方米,户内面积,61.82平方米,分摊面积,17.75平方米,户内面积,--平方米,分摊面积--平方米,建筑面积,--平方米
项目楼栋情况,利德悦府(G10401-0686)1栋,座号,B,合同号,深(龙)网预买字(2021)25667号,拟售价格,--元/平方米(按建筑面积计)楼层,16,房号,1602,用途,住宅,,建筑面积69.5平方米,户内面积,54平方米,分摊面积,15.5平方米,户内面积,--平方米,分摊面积--平方米,建筑面积,--平方米
项目楼栋情况,利德悦府(G10401-0686)1栋,座号,B,合同号,深(龙)网预买字(2021)22086号,拟售价格,--元/平方米(按建筑面积计)楼层,16,房号,1603,用途,住宅,,建筑面积93.99平方米,户内面积,73.03平方米,分摊面积,20.96平方米,户内面积,--平方米,分摊面积--平方米,建筑面积,--平方米
项目楼栋情况,利德悦府(G10401-0686)1栋,座号,B,合同号,深(龙)网预买字(2021)20673号,拟售价格,--元/平方米(按建筑面积计)楼层,16,房号,1604,用途,住宅,,建筑面积88.11平方米,户内面积,68.46平方米,分摊面积,19.65平方米,户内面积,--平方米,分摊面积--平方米,建筑面积,--平方米
项目楼栋情况,利德悦府(G10401-0686)1栋,座号,B,合同号,深(龙)网预买字(2021)26424号,拟售价格,--元/平方米(按建筑面积计)楼层,16,房号,1605,用途,住宅,,建筑面积70.15平方米,户内面积,54.5平方米,分摊面积,15.65平方米,户内面积,--平方米,分摊面积--平方米,建筑面积,--平方米
项目楼栋情况,利德悦府(G10401-0686)1栋,座号,B,合同号,深(龙)网预买字(2021)16898号,拟售价格,--元/平方米(按建筑面积计)楼层,15,房号,1501,用途,住宅,,建筑面积79.57平方米,户内面积,61.82平方米,分摊面积,17.75平方米,户内面积,--平方米,分摊面积--平方米,建筑面积,--平方米
项目楼栋情况,利德悦府(G10401-0686)1栋,座号,B,合同号,深(龙)网预买字(2021)12880号,拟售价格,--元/平方米(按建筑面积计)楼层,15,房号,1502,用途,住宅,,建筑面积69.5平方米,户内面积,54平方米,分摊面积,15.5平方米,户内面积,--平方米,分摊面积--平方米,建筑面积,--平方米
项目楼栋情况,利德悦府(G10401-0686)1栋,座号,B,合同号,深(龙)网预买字(2021)13726号,拟售价格,--元/平方米(按建筑面积计)楼层,15,房号,1503,用途,住宅,,建筑面积93.99平方米,户内面积,73.03平方米,分摊面积,20.96平方米,户内面积,--平方米,分摊面积--平方米,建筑面积,--平方米
项目楼栋情况,利德悦府(G10401-0686)1栋,座号,B,合同号,深(龙)网预买字(2021)20964号,拟售价格,--元/平方米(按建筑面积计)楼层,15,房号,1504,用途,住宅,,建筑面积88.11平方米,户内面积,68.46平方米,分摊面积,19.65平方米,户内面积,--平方米,分摊面积--平方米,建筑面积,--平方米
项目楼栋情况,利德悦府(G10401-0686)1栋,座号,B,合同号,深(龙)网预买字(2021)16718号,拟售价格,--元/平方米(按建筑面积计)楼层,15,房号,1505,用途,住宅,,建筑面积70.15平方米,户内面积,54.5平方米,分摊面积,15.65平方米,户内面积,--平方米,分摊面积--平方米,建筑面积,--平方米
项目楼栋情况,利德悦府(G10401-0686)1栋,座号,B,合同号,深(龙)网预买字(2021)25458号,拟售价格,--元/平方米(按建筑面积计)楼层,14,房号,1401,用途,住宅,,建筑面积79.57平方米,户内面积,61.82平方米,分摊面积,17.75平方米,户内面积,--平方米,分摊面积--平方米,建筑面积,--平方米
项目楼栋情况,利德悦府(G10401-0686)1栋,座号,B,合同号,深(龙)网预买字(2021)12630号,拟售价格,--元/平方米(按建筑面积计)楼层,14,房号,1402,用途,住宅,,建筑面积69.5平方米,户内面积,54平方米,分摊面积,15.5平方米,户内面积,--平方米,分摊面积--平方米,建筑面积,--平方米
项目楼栋情况,利德悦府(G10401-0686)1栋,座号,B,合同号,深(龙)网预买字(2021)24848号,拟售价格,--元/平方米(按建筑面积计)楼层,14,房号,1403,用途,住宅,,建筑面积93.99平方米,户内面积,73.03平方米,分摊面积,20.96平方米,户内面积,--平方米,分摊面积--平方米,建筑面积,--平方米
项目楼栋情况,利德悦府(G10401-0686)1栋,座号,B,合同号,深(龙)网预买字(2021)16234号,拟售价格,--元/平方米(按建筑面积计)楼层,14,房号,1404,用途,住宅,,建筑面积88.11平方米,户内面积,68.46平方米,分摊面积,19.65平方米,户内面积,--平方米,分摊面积--平方米,建筑面积,--平方米
项目楼栋情况,利德悦府(G10401-0686)1栋,座号,B,合同号,深(龙)网预买字(2021)25061号,拟售价格,--元/平方米(按建筑面积计)楼层,14,房号,1405,用途,住宅,,建筑面积70.15平方米,户内面积,54.5平方米,分摊面积,15.65平方米,户内面积,--平方米,分摊面积--平方米,建筑面积,--平方米
项目楼栋情况,利德悦府(G10401-0686)1栋,座号,B,合同号,深(龙)网预买字(2021)19007号,拟售价格,--元/平方米(按建筑面积计)楼层,13,房号,1301,用途,住宅,,建筑面积79.57平方米,户内面积,61.82平方米,分摊面积,17.75平方米,户内面积,--平方米,分摊面积--平方米,建筑面积,--平方米
项目楼栋情况,利德悦府(G10401-0686)1栋,座号,B,合同号,深(龙)网预买字(2021)10976号,拟售价格,--元/平方米(按建筑面积计)楼层,13,房号,1302,用途,住宅,,建筑面积69.5平方米,户内面积,54平方米,分摊面积,15.5平方米,户内面积,--平方米,分摊面积--平方米,建筑面积,--平方米
项目楼栋情况,利德悦府(G10401-0686)1栋,座号,B,合同号,深(龙)网预买字(2021)15069号,拟售价格,--元/平方米(按建筑面积计)楼层,13,房号,1303,用途,住宅,,建筑面积93.99平方米,户内面积,73.03平方米,分摊面积,20.96平方米,户内面积,--平方米,分摊面积--平方米,建筑面积,--平方米
项目楼栋情况,利德悦府(G10401-0686)1栋,座号,B,合同号,深(龙)网预买字(2021)13835号,拟售价格,--元/平方米(按建筑面积计)楼层,13,房号,1304,用途,住宅,,建筑面积88.11平方米,户内面积,68.46平方米,分摊面积,19.65平方米,户内面积,--平方米,分摊面积--平方米,建筑面积,--平方米
项目楼栋情况,利德悦府(G10401-0686)1栋,座号,B,合同号,深(龙)网预买字(2021)16703号,拟售价格,--元/平方米(按建筑面积计)楼层,13,房号,1305,用途,住宅,,建筑面积70.15平方米,户内面积,54.5平方米,分摊面积,15.65平方米,户内面积,--平方米,分摊面积--平方米,建筑面积,--平方米
项目楼栋情况,利德悦府(G10401-0686)1栋,座号,B,合同号,深(龙)网预买字(2021)13752号,拟售价格,--元/平方米(按建筑面积计)楼层,12,房号,1201,用途,住宅,,建筑面积79.57平方米,户内面积,61.82平方米,分摊面积,17.75平方米,户内面积,--平方米,分摊面积--平方米,建筑面积,--平方米
项目楼栋情况,利德悦府(G10401-0686)1栋,座号,B,合同号,深(龙)网预买字(2021)12235号,拟售价格,--元/平方米(按建筑面积计)楼层,12,房号,1202,用途,住宅,,建筑面积69.5平方米,户内面积,54平方米,分摊面积,15.5平方米,户内面积,--平方米,分摊面积--平方米,建筑面积,--平方米
项目楼栋情况,利德悦府(G10401-0686)1栋,座号,B,合同号,深(龙)网预买字(2021)16368号,拟售价格,--元/平方米(按建筑面积计)楼层,12,房号,1203,用途,住宅,,建筑面积93.99平方米,户内面积,73.03平方米,分摊面积,20.96平方米,户内面积,--平方米,分摊面积--平方米,建筑面积,--平方米
项目楼栋情况,利德悦府(G10401-0686)1栋,座号,B,合同号,深(龙)网预买字(2021)16074号,拟售价格,--元/平方米(按建筑面积计)楼层,12,房号,1204,用途,住宅,,建筑面积88.11平方米,户内面积,68.46平方米,分摊面积,19.65平方米,户内面积,--平方米,分摊面积--平方米,建筑面积,--平方米
项目楼栋情况,利德悦府(G10401-0686)1栋,座号,B,合同号,深(龙)网预买字(2021)25739号,拟售价格,--元/平方米(按建筑面积计)楼层,12,房号,1205,用途,住宅,,建筑面积70.15平方米,户内面积,54.5平方米,分摊面积,15.65平方米,户内面积,--平方米,分摊面积--平方米,建筑面积,--平方米
项目楼栋情况,利德悦府(G10401-0686)1栋,座号,B,合同号,深(龙)网预买字(2021)10789号,拟售价格,--元/平方米(按建筑面积计)楼层,11,房号,1101,用途,住宅,,建筑面积79.57平方米,户内面积,61.82平方米,分摊面积,17.75平方米,户内面积,--平方米,分摊面积--平方米,建筑面积,--平方米
项目楼栋情况,利德悦府(G10401-0686)1栋,座号,B,合同号,深(龙)网预买字(2021)26427号,拟售价格,--元/平方米(按建筑面积计)楼层,11,房号,1102,用途,住宅,,建筑面积69.5平方米,户内面积,54平方米,分摊面积,15.5平方米,户内面积,--平方米,分摊面积--平方米,建筑面积,--平方米
项目楼栋情况,利德悦府(G10401-0686)1栋,座号,B,合同号,深(龙)网预买字(2021)18614号,拟售价格,--元/平方米(按建筑面积计)楼层,11,房号,1103,用途,住宅,,建筑面积93.99平方米,户内面积,73.03平方米,分摊面积,20.96平方米,户内面积,--平方米,分摊面积--平方米,建筑面积,--平方米
项目楼栋情况,利德悦府(G10401-0686)1栋,座号,B,合同号,深(龙)网预买字(2021)11879号,拟售价格,--元/平方米(按建筑面积计)楼层,11,房号,1104,用途,住宅,,建筑面积88.11平方米,户内面积,68.46平方米,分摊面积,19.65平方米,户内面积,--平方米,分摊面积--平方米,建筑面积,--平方米
项目楼栋情况,利德悦府(G10401-0686)1栋,座号,B,合同号,深(龙)网预买字(2021)13713号,拟售价格,--元/平方米(按建筑面积计)楼层,11,房号,1105,用途,住宅,,建筑面积70.15平方米,户内面积,54.5平方米,分摊面积,15.65平方米,户内面积,--平方米,分摊面积--平方米,建筑面积,--平方米
项目楼栋情况,利德悦府(G10401-0686)1栋,座号,B,合同号,深(龙)网预买字(2021)18069号,拟售价格,--元/平方米(按建筑面积计)楼层,10,房号,1001,用途,住宅,,建筑面积79.57平方米,户内面积,61.82平方米,分摊面积,17.75平方米,户内面积,--平方米,分摊面积--平方米,建筑面积,--平方米
项目楼栋情况,利德悦府(G10401-0686)1栋,座号,B,合同号,深(龙)网预买字(2021)18329号,拟售价格,--元/平方米(按建筑面积计)楼层,10,房号,1002,用途,住宅,,建筑面积69.5平方米,户内面积,54平方米,分摊面积,15.5平方米,户内面积,--平方米,分摊面积--平方米,建筑面积,--平方米
项目楼栋情况,利德悦府(G10401-0686)1栋,座号,B,合同号,深(龙)网预买字(2021)20000号,拟售价格,--元/平方米(按建筑面积计)楼层,10,房号,1003,用途,住宅,,建筑面积93.99平方米,户内面积,73.03平方米,分摊面积,20.96平方米,户内面积,--平方米,分摊面积--平方米,建筑面积,--平方米
项目楼栋情况,利德悦府(G10401-0686)1栋,座号,B,合同号,深(龙)网预买字(2021)25452号,拟售价格,--元/平方米(按建筑面积计)楼层,10,房号,1004,用途,住宅,,建筑面积88.11平方米,户内面积,68.46平方米,分摊面积,19.65平方米,户内面积,--平方米,分摊面积--平方米,建筑面积,--平方米
项目楼栋情况,利德悦府(G10401-0686)1栋,座号,B,合同号,深(龙)网预买字(2021)19002号,拟售价格,--元/平方米(按建筑面积计)楼层,10,房号,1005,用途,住宅,,建筑面积70.15平方米,户内面积,54.5平方米,分摊面积,15.65平方米,户内面积,--平方米,分摊面积--平方米,建筑面积,--平方米
项目楼栋情况,利德悦府(G10401-0686)1栋,座号,B,合同号,深(龙)网预买字(2021)19920号,拟售价格,--元/平方米(按建筑面积计)楼层,9,房号,901,用途,住宅,,建筑面积79.57平方米,户内面积,61.82平方米,分摊面积,17.75平方米,户内面积,--平方米,分摊面积--平方米,建筑面积,--平方米
项目楼栋情况,利德悦府(G10401-0686)1栋,座号,B,合同号,深(龙)网预买字(2021)12454号,拟售价格,--元/平方米(按建筑面积计)楼层,9,房号,902,用途,住宅,,建筑面积69.5平方米,户内面积,54平方米,分摊面积,15.5平方米,户内面积,--平方米,分摊面积--平方米,建筑面积,--平方米
项目楼栋情况,利德悦府(G10401-0686)1栋,座号,B,合同号,深(龙)网预买字(2021)19703号,拟售价格,--元/平方米(按建筑面积计)楼层,9,房号,903,用途,住宅,,建筑面积93.99平方米,户内面积,73.03平方米,分摊面积,20.96平方米,户内面积,--平方米,分摊面积--平方米,建筑面积,--平方米
项目楼栋情况,利德悦府(G10401-0686)1栋,座号,B,合同号,深(龙)网预买字(2021)20457号,拟售价格,--元/平方米(按建筑面积计)楼层,9,房号,904,用途,住宅,,建筑面积88.11平方米,户内面积,68.46平方米,分摊面积,19.65平方米,户内面积,--平方米,分摊面积--平方米,建筑面积,--平方米
项目楼栋情况,利德悦府(G10401-0686)1栋,座号,B,合同号,深(龙)网预买字(2021)10290号,拟售价格,--元/平方米(按建筑面积计)楼层,9,房号,905,用途,住宅,,建筑面积70.15平方米,户内面积,54.5平方米,分摊面积,15.65平方米,户内面积,--平方米,分摊面积--平方米,建筑面积,--平方米
项目楼栋情况,利德悦府(G10401-0686)1栋,座号,B,合同号,--,拟售价格,35756.16元/平方米(按建筑面积计)楼层,8,房号,801,用途,住宅,,建筑面积79.57平方米,户内面积,61.82平方米,分摊面积,17.75平方米,户内面积,--平方米,分摊面积--平方米,建筑面积,--平方米
项目楼栋情况,利德悦府(G10401-0686)1栋,座号,B,合同号,深(龙)网预买字(2021)29107号,拟售价格,--元/平方米(按建筑面积计)楼层,8,房号,802,用途,住宅,,建筑面积69.5平方米,户内面积,54平方米,分摊面积,15.5平方米,户内面积,--平方米,分摊面积--平方米,建筑面积,--平方米
项目楼栋情况,利德悦府(G10401-0686)1栋,座号,B,合同号,深(龙)网预买字(2021)9468号,拟售价格,--元/平方米(按建筑面积计)楼层,8,房号,803,用途,住宅,,建筑面积93.99平方米,户内面积,73.03平方米,分摊面积,20.96平方米,户内面积,--平方米,分摊面积--平方米,建筑面积,--平方米
项目楼栋情况,利德悦府(G10401-0686)1栋,座号,B,合同号,深(龙)网预买字(2021)13177号,拟售价格,--元/平方米(按建筑面积计)楼层,8,房号,804,用途,住宅,,建筑面积88.11平方米,户内面积,68.46平方米,分摊面积,19.65平方米,户内面积,--平方米,分摊面积--平方米,建筑面积,--平方米
项目楼栋情况,利德悦府(G10401-0686)1栋,座号,B,合同号,深(龙)网预买字(2021)17805号,拟售价格,--元/平方米(按建筑面积计)楼层,8,房号,805,用途,住宅,,建筑面积70.15平方米,户内面积,54.5平方米,分摊面积,15.65平方米,户内面积,--平方米,分摊面积--平方米,建筑面积,--平方米
项目楼栋情况,利德悦府(G10401-0686)1栋,座号,B,合同号,深(龙)网预买字(2021)19015号,拟售价格,--元/平方米(按建筑面积计)楼层,7,房号,701,用途,住宅,,建筑面积79.57平方米,户内面积,61.82平方米,分摊面积,17.75平方米,户内面积,--平方米,分摊面积--平方米,建筑面积,--平方米
项目楼栋情况,利德悦府(G10401-0686)1栋,座号,B,合同号,深(龙)网预买字(2021)23227号,拟售价格,--元/平方米(按建筑面积计)楼层,7,房号,702,用途,住宅,,建筑面积69.5平方米,户内面积,54平方米,分摊面积,15.5平方米,户内面积,--平方米,分摊面积--平方米,建筑面积,--平方米
项目楼栋情况,利德悦府(G10401-0686)1栋,座号,B,合同号,深(龙)网预买字(2021)19928号,拟售价格,--元/平方米(按建筑面积计)楼层,7,房号,703,用途,住宅,,建筑面积93.99平方米,户内面积,73.03平方米,分摊面积,20.96平方米,户内面积,--平方米,分摊面积--平方米,建筑面积,--平方米
项目楼栋情况,利德悦府(G10401-0686)1栋,座号,B,合同号,深(龙)网预买字(2021)24020号,拟售价格,--元/平方米(按建筑面积计)楼层,7,房号,704,用途,住宅,,建筑面积88.11平方米,户内面积,68.46平方米,分摊面积,19.65平方米,户内面积,--平方米,分摊面积--平方米,建筑面积,--平方米
项目楼栋情况,利德悦府(G10401-0686)1栋,座号,B,合同号,深(龙)网预买字(2021)10968号,拟售价格,--元/平方米(按建筑面积计)楼层,7,房号,705,用途,住宅,,建筑面积70.15平方米,户内面积,54.5平方米,分摊面积,15.65平方米,户内面积,--平方米,分摊面积--平方米,建筑面积,--平方米
项目楼栋情况,利德悦府(G10401-0686)1栋,座号,B,合同号,深(龙)网预买字(2021)16043号,拟售价格,--元/平方米(按建筑面积计)楼层,6,房号,601,用途,住宅,,建筑面积79.57平方米,户内面积,61.82平方米,分摊面积,17.75平方米,户内面积,--平方米,分摊面积--平方米,建筑面积,--平方米
项目楼栋情况,利德悦府(G10401-0686)1栋,座号,B,合同号,深(龙)网预买字(2021)10778号,拟售价格,--元/平方米(按建筑面积计)楼层,6,房号,602,用途,住宅,,建筑面积69.5平方米,户内面积,54平方米,分摊面积,15.5平方米,户内面积,--平方米,分摊面积--平方米,建筑面积,--平方米
项目楼栋情况,利德悦府(G10401-0686)1栋,座号,B,合同号,深(龙)网预买字(2021)15731号,拟售价格,--元/平方米(按建筑面积计)楼层,6,房号,603,用途,住宅,,建筑面积93.99平方米,户内面积,73.03平方米,分摊面积,20.96平方米,户内面积,--平方米,分摊面积--平方米,建筑面积,--平方米
项目楼栋情况,利德悦府(G10401-0686)1栋,座号,B,合同号,深(龙)网预买字(2021)12461号,拟售价格,--元/平方米(按建筑面积计)楼层,6,房号,604,用途,住宅,,建筑面积88.11平方米,户内面积,68.46平方米,分摊面积,19.65平方米,户内面积,--平方米,分摊面积--平方米,建筑面积,--平方米
项目楼栋情况,利德悦府(G10401-0686)1栋,座号,B,合同号,深(龙)网预买字(2021)21271号,拟售价格,--元/平方米(按建筑面积计)楼层,6,房号,605,用途,住宅,,建筑面积70.15平方米,户内面积,54.5平方米,分摊面积,15.65平方米,户内面积,--平方米,分摊面积--平方米,建筑面积,--平方米
项目楼栋情况,利德悦府(G10401-0686)1栋,座号,B,合同号,深(龙)网预买字(2021)11638号,拟售价格,--元/平方米(按建筑面积计)楼层,5,房号,501,用途,住宅,,建筑面积79.57平方米,户内面积,61.82平方米,分摊面积,17.75平方米,户内面积,--平方米,分摊面积--平方米,建筑面积,--平方米
项目楼栋情况,利德悦府(G10401-0686)1栋,座号,B,合同号,深(龙)网预买字(2021)29380号,拟售价格,--元/平方米(按建筑面积计)楼层,5,房号,502,用途,住宅,,建筑面积69.5平方米,户内面积,54平方米,分摊面积,15.5平方米,户内面积,--平方米,分摊面积--平方米,建筑面积,--平方米
项目楼栋情况,利德悦府(G10401-0686)1栋,座号,B,合同号,深(龙)网预买字(2021)15209号,拟售价格,--元/平方米(按建筑面积计)楼层,5,房号,503,用途,住宅,,建筑面积93.99平方米,户内面积,73.03平方米,分摊面积,20.96平方米,户内面积,--平方米,分摊面积--平方米,建筑面积,--平方米
项目楼栋情况,利德悦府(G10401-0686)1栋,座号,B,合同号,深(龙)网预买字(2021)16363号,拟售价格,--元/平方米(按建筑面积计)楼层,5,房号,504,用途,住宅,,建筑面积88.11平方米,户内面积,68.46平方米,分摊面积,19.65平方米,户内面积,--平方米,分摊面积--平方米,建筑面积,--平方米
项目楼栋情况,利德悦府(G10401-0686)1栋,座号,B,合同号,深(龙)网预买字(2021)15176号,拟售价格,--元/平方米(按建筑面积计)楼层,5,房号,505,用途,住宅,,建筑面积70.15平方米,户内面积,54.5平方米,分摊面积,15.65平方米,户内面积,--平方米,分摊面积--平方米,建筑面积,--平方米
项目楼栋情况,利德悦府(G10401-0686)1栋,座号,B,合同号,深(龙)网预买字(2021)20831号,拟售价格,--元/平方米(按建筑面积计)楼层,4,房号,401,用途,住宅,,建筑面积79.57平方米,户内面积,61.82平方米,分摊面积,17.75平方米,户内面积,--平方米,分摊面积--平方米,建筑面积,--平方米
项目楼栋情况,利德悦府(G10401-0686)1栋,座号,B,合同号,深(龙)网预买字(2021)24140号,拟售价格,--元/平方米(按建筑面积计)楼层,4,房号,402,用途,住宅,,建筑面积69.5平方米,户内面积,54平方米,分摊面积,15.5平方米,户内面积,--平方米,分摊面积--平方米,建筑面积,--平方米
项目楼栋情况,利德悦府(G10401-0686)1栋,座号,B,合同号,深(龙)网预买字(2021)25653号,拟售价格,--元/平方米(按建筑面积计)楼层,4,房号,403,用途,住宅,,建筑面积93.99平方米,户内面积,73.03平方米,分摊面积,20.96平方米,户内面积,--平方米,分摊面积--平方米,建筑面积,--平方米
项目楼栋情况,利德悦府(G10401-0686)1栋,座号,B,合同号,深(龙)网预买字(2021)34515号,拟售价格,--元/平方米(按建筑面积计)楼层,4,房号,404,用途,住宅,,建筑面积88.11平方米,户内面积,68.46平方米,分摊面积,19.65平方米,户内面积,--平方米,分摊面积--平方米,建筑面积,--平方米
项目楼栋情况,利德悦府(G10401-0686)1栋,座号,B,合同号,深(龙)网预买字(2021)22709号,拟售价格,--元/平方米(按建筑面积计)楼层,4,房号,405,用途,住宅,,建筑面积70.15平方米,户内面积,54.5平方米,分摊面积,15.65平方米,户内面积,--平方米,分摊面积--平方米,建筑面积,--平方米
项目楼栋情况,利德悦府(G10401-0686)1栋,座号,B,合同号,--,拟售价格,35636.15元/平方米(按建筑面积计)楼层,3,房号,301,用途,住宅,,建筑面积79.77平方米,户内面积,61.98平方米,分摊面积,17.79平方米,户内面积,--平方米,分摊面积--平方米,建筑面积,--平方米
项目楼栋情况,利德悦府(G10401-0686)1栋,座号,B,合同号,深(龙)网预买字(2021)23225号,拟售价格,--元/平方米(按建筑面积计)楼层,3,房号,302,用途,住宅,,建筑面积69.58平方米,户内面积,54.06平方米,分摊面积,15.52平方米,户内面积,--平方米,分摊面积--平方米,建筑面积,--平方米
项目楼栋情况,利德悦府(G10401-0686)1栋,座号,B,合同号,深(龙)网预买字(2021)38462号,拟售价格,--元/平方米(按建筑面积计)楼层,3,房号,303,用途,住宅,,建筑面积93.83平方米,户内面积,72.9平方米,分摊面积,20.93平方米,户内面积,--平方米,分摊面积--平方米,建筑面积,--平方米
项目楼栋情况,利德悦府(G10401-0686)1栋,座号,B,合同号,深(龙)网预买字(2021)24826号,拟售价格,--元/平方米(按建筑面积计)楼层,3,房号,304,用途,住宅,,建筑面积88.23平方米,户内面积,68.55平方米,分摊面积,19.68平方米,户内面积,--平方米,分摊面积--平方米,建筑面积,--平方米
项目楼栋情况,利德悦府(G10401-0686)1栋,座号,B,合同号,深(龙)网预买字(2021)19941号,拟售价格,--元/平方米(按建筑面积计)楼层,3,房号,305,用途,住宅,,建筑面积70.36平方米,户内面积,54.66平方米,分摊面积,15.7平方米,户内面积,--平方米,分摊面积--平方米,建筑面积,--平方米
项目楼栋情况,利德悦府(G10401-0686)2栋,座号,B,合同号,--,拟售价格,39234.29元/平方米(按建筑面积计)楼层,31,房号,3101,用途,住宅,,建筑面积86.45平方米,户内面积,64.86平方米,分摊面积,21.59平方米,户内面积,--平方米,分摊面积--平方米,建筑面积,--平方米
项目楼栋情况,利德悦府(G10401-0686)2栋,座号,B,合同号,--,拟售价格,38379.6元/平方米(按建筑面积计)楼层,31,房号,3102,用途,住宅,,建筑面积86.45平方米,户内面积,64.86平方米,分摊面积,21.59平方米,户内面积,--平方米,分摊面积--平方米,建筑面积,--平方米
项目楼栋情况,利德悦府(G10401-0686)2栋,座号,B,合同号,--,拟售价格,37697.09元/平方米(按建筑面积计)楼层,31,房号,3103,用途,住宅,,建筑面积81.84平方米,户内面积,61.4平方米,分摊面积,20.44平方米,户内面积,--平方米,分摊面积--平方米,建筑面积,--平方米
项目楼栋情况,利德悦府(G10401-0686)2栋,座号,B,合同号,--,拟售价格,37740.85元/平方米(按建筑面积计)楼层,31,房号,3104,用途,住宅,,建筑面积89.4平方米,户内面积,67.07平方米,分摊面积,22.33平方米,户内面积,--平方米,分摊面积--平方米,建筑面积,--平方米
项目楼栋情况,利德悦府(G10401-0686)2栋,座号,B,合同号,深(龙)网预买字(2021)26683号,拟售价格,--元/平方米(按建筑面积计)楼层,30,房号,3001,用途,住宅,,建筑面积86.45平方米,户内面积,64.86平方米,分摊面积,21.59平方米,户内面积,--平方米,分摊面积--平方米,建筑面积,--平方米
项目楼栋情况,利德悦府(G10401-0686)2栋,座号,B,合同号,深(龙)网预买字(2021)36566号,拟售价格,--元/平方米(按建筑面积计)楼层,30,房号,3002,用途,住宅,,建筑面积86.45平方米,户内面积,64.86平方米,分摊面积,21.59平方米,户内面积,--平方米,分摊面积--平方米,建筑面积,--平方米
项目楼栋情况,利德悦府(G10401-0686)2栋,座号,B,合同号,深(龙)网预买字(2021)24839号,拟售价格,--元/平方米(按建筑面积计)楼层,30,房号,3003,用途,住宅,,建筑面积81.84平方米,户内面积,61.4平方米,分摊面积,20.44平方米,户内面积,--平方米,分摊面积--平方米,建筑面积,--平方米
项目楼栋情况,利德悦府(G10401-0686)2栋,座号,B,合同号,深(龙)网预买字(2021)25431号,拟售价格,--元/平方米(按建筑面积计)楼层,30,房号,3004,用途,住宅,,建筑面积89.4平方米,户内面积,67.07平方米,分摊面积,22.33平方米,户内面积,--平方米,分摊面积--平方米,建筑面积,--平方米
项目楼栋情况,利德悦府(G10401-0686)2栋,座号,B,合同号,深(龙)网预买字(2021)24835号,拟售价格,--元/平方米(按建筑面积计)楼层,29,房号,2901,用途,住宅,,建筑面积86.45平方米,户内面积,64.86平方米,分摊面积,21.59平方米,户内面积,--平方米,分摊面积--平方米,建筑面积,--平方米
项目楼栋情况,利德悦府(G10401-0686)2栋,座号,B,合同号,深(龙)网预买字(2021)29013号,拟售价格,--元/平方米(按建筑面积计)楼层,29,房号,2902,用途,住宅,,建筑面积86.45平方米,户内面积,64.86平方米,分摊面积,21.59平方米,户内面积,--平方米,分摊面积--平方米,建筑面积,--平方米
项目楼栋情况,利德悦府(G10401-0686)2栋,座号,B,合同号,深(龙)网预买字(2021)34504号,拟售价格,--元/平方米(按建筑面积计)楼层,29,房号,2903,用途,住宅,,建筑面积81.84平方米,户内面积,61.4平方米,分摊面积,20.44平方米,户内面积,--平方米,分摊面积--平方米,建筑面积,--平方米
项目楼栋情况,利德悦府(G10401-0686)2栋,座号,B,合同号,深(龙)网预买字(2021)34505号,拟售价格,--元/平方米(按建筑面积计)楼层,29,房号,2904,用途,住宅,,建筑面积89.4平方米,户内面积,67.07平方米,分摊面积,22.33平方米,户内面积,--平方米,分摊面积--平方米,建筑面积,--平方米
项目楼栋情况,利德悦府(G10401-0686)2栋,座号,B,合同号,深(龙)网预买字(2021)26684号,拟售价格,--元/平方米(按建筑面积计)楼层,28,房号,2801,用途,住宅,,建筑面积86.45平方米,户内面积,64.86平方米,分摊面积,21.59平方米,户内面积,--平方米,分摊面积--平方米,建筑面积,--平方米
项目楼栋情况,利德悦府(G10401-0686)2栋,座号,B,合同号,深(龙)网预买字(2021)28679号,拟售价格,--元/平方米(按建筑面积计)楼层,28,房号,2802,用途,住宅,,建筑面积86.45平方米,户内面积,64.86平方米,分摊面积,21.59平方米,户内面积,--平方米,分摊面积--平方米,建筑面积,--平方米
项目楼栋情况,利德悦府(G10401-0686)2栋,座号,B,合同号,深(龙)网预买字(2021)22385号,拟售价格,--元/平方米(按建筑面积计)楼层,28,房号,2803,用途,住宅,,建筑面积81.84平方米,户内面积,61.4平方米,分摊面积,20.44平方米,户内面积,--平方米,分摊面积--平方米,建筑面积,--平方米
项目楼栋情况,利德悦府(G10401-0686)2栋,座号,B,合同号,深(龙)网预买字(2021)37028号,拟售价格,--元/平方米(按建筑面积计)楼层,28,房号,2804,用途,住宅,,建筑面积89.4平方米,户内面积,67.07平方米,分摊面积,22.33平方米,户内面积,--平方米,分摊面积--平方米,建筑面积,--平方米
项目楼栋情况,利德悦府(G10401-0686)2栋,座号,B,合同号,深(龙)网预买字(2021)35901号,拟售价格,--元/平方米(按建筑面积计)楼层,27,房号,2701,用途,住宅,,建筑面积86.45平方米,户内面积,64.86平方米,分摊面积,21.59平方米,户内面积,--平方米,分摊面积--平方米,建筑面积,--平方米
项目楼栋情况,利德悦府(G10401-0686)2栋,座号,B,合同号,深(龙)网预买字(2021)25284号,拟售价格,--元/平方米(按建筑面积计)楼层,27,房号,2702,用途,住宅,,建筑面积86.45平方米,户内面积,64.86平方米,分摊面积,21.59平方米,户内面积,--平方米,分摊面积--平方米,建筑面积,--平方米
项目楼栋情况,利德悦府(G10401-0686)2栋,座号,B,合同号,深(龙)网预买字(2021)26440号,拟售价格,--元/平方米(按建筑面积计)楼层,27,房号,2703,用途,住宅,,建筑面积81.84平方米,户内面积,61.4平方米,分摊面积,20.44平方米,户内面积,--平方米,分摊面积--平方米,建筑面积,--平方米
项目楼栋情况,利德悦府(G10401-0686)2栋,座号,B,合同号,深(龙)网预买字(2021)28567号,拟售价格,--元/平方米(按建筑面积计)楼层,27,房号,2704,用途,住宅,,建筑面积89.4平方米,户内面积,67.07平方米,分摊面积,22.33平方米,户内面积,--平方米,分摊面积--平方米,建筑面积,--平方米
项目楼栋情况,利德悦府(G10401-0686)2栋,座号,B,合同号,深(龙)网预买字(2021)19964号,拟售价格,--元/平方米(按建筑面积计)楼层,26,房号,2601,用途,住宅,,建筑面积86.45平方米,户内面积,64.86平方米,分摊面积,21.59平方米,户内面积,--平方米,分摊面积--平方米,建筑面积,--平方米
项目楼栋情况,利德悦府(G10401-0686)2栋,座号,B,合同号,深(龙)网预买字(2021)21114号,拟售价格,--元/平方米(按建筑面积计)楼层,26,房号,2602,用途,住宅,,建筑面积86.45平方米,户内面积,64.86平方米,分摊面积,21.59平方米,户内面积,--平方米,分摊面积--平方米,建筑面积,--平方米
项目楼栋情况,利德悦府(G10401-0686)2栋,座号,B,合同号,深(龙)网预买字(2021)32911号,拟售价格,--元/平方米(按建筑面积计)楼层,26,房号,2603,用途,住宅,,建筑面积81.84平方米,户内面积,61.4平方米,分摊面积,20.44平方米,户内面积,--平方米,分摊面积--平方米,建筑面积,--平方米
项目楼栋情况,利德悦府(G10401-0686)2栋,座号,B,合同号,深(龙)网预买字(2021)21241号,拟售价格,--元/平方米(按建筑面积计)楼层,26,房号,2604,用途,住宅,,建筑面积89.4平方米,户内面积,67.07平方米,分摊面积,22.33平方米,户内面积,--平方米,分摊面积--平方米,建筑面积,--平方米
项目楼栋情况,利德悦府(G10401-0686)2栋,座号,B,合同号,深(龙)网预买字(2021)20172号,拟售价格,--元/平方米(按建筑面积计)楼层,25,房号,2501,用途,住宅,,建筑面积86.45平方米,户内面积,64.86平方米,分摊面积,21.59平方米,户内面积,--平方米,分摊面积--平方米,建筑面积,--平方米
项目楼栋情况,利德悦府(G10401-0686)2栋,座号,B,合同号,深(龙)网预买字(2021)25282号,拟售价格,--元/平方米(按建筑面积计)楼层,25,房号,2502,用途,住宅,,建筑面积86.45平方米,户内面积,64.86平方米,分摊面积,21.59平方米,户内面积,--平方米,分摊面积--平方米,建筑面积,--平方米
项目楼栋情况,利德悦府(G10401-0686)2栋,座号,B,合同号,深(龙)网预买字(2021)21579号,拟售价格,--元/平方米(按建筑面积计)楼层,25,房号,2503,用途,住宅,,建筑面积81.84平方米,户内面积,61.4平方米,分摊面积,20.44平方米,户内面积,--平方米,分摊面积--平方米,建筑面积,--平方米
项目楼栋情况,利德悦府(G10401-0686)2栋,座号,B,合同号,深(龙)网预买字(2021)37606号,拟售价格,--元/平方米(按建筑面积计)楼层,25,房号,2504,用途,住宅,,建筑面积89.4平方米,户内面积,67.07平方米,分摊面积,22.33平方米,户内面积,--平方米,分摊面积--平方米,建筑面积,--平方米
项目楼栋情况,利德悦府(G10401-0686)2栋,座号,B,合同号,深(龙)网预买字(2021)26432号,拟售价格,--元/平方米(按建筑面积计)楼层,24,房号,2401,用途,住宅,,建筑面积86.45平方米,户内面积,64.86平方米,分摊面积,21.59平方米,户内面积,--平方米,分摊面积--平方米,建筑面积,--平方米
项目楼栋情况,利德悦府(G10401-0686)2栋,座号,B,合同号,深(龙)网预买字(2021)31448号,拟售价格,--元/平方米(按建筑面积计)楼层,24,房号,2402,用途,住宅,,建筑面积86.45平方米,户内面积,64.86平方米,分摊面积,21.59平方米,户内面积,--平方米,分摊面积--平方米,建筑面积,--平方米
项目楼栋情况,利德悦府(G10401-0686)2栋,座号,B,合同号,深(龙)网预买字(2021)29113号,拟售价格,--元/平方米(按建筑面积计)楼层,24,房号,2403,用途,住宅,,建筑面积81.84平方米,户内面积,61.4平方米,分摊面积,20.44平方米,户内面积,--平方米,分摊面积--平方米,建筑面积,--平方米
项目楼栋情况,利德悦府(G10401-0686)2栋,座号,B,合同号,深(龙)网预买字(2021)31444号,拟售价格,--元/平方米(按建筑面积计)楼层,24,房号,2404,用途,住宅,,建筑面积89.4平方米,户内面积,67.07平方米,分摊面积,22.33平方米,户内面积,--平方米,分摊面积--平方米,建筑面积,--平方米
项目楼栋情况,利德悦府(G10401-0686)2栋,座号,B,合同号,深(龙)网预买字(2021)23524号,拟售价格,--元/平方米(按建筑面积计)楼层,23,房号,2301,用途,住宅,,建筑面积86.45平方米,户内面积,64.86平方米,分摊面积,21.59平方米,户内面积,--平方米,分摊面积--平方米,建筑面积,--平方米
项目楼栋情况,利德悦府(G10401-0686)2栋,座号,B,合同号,深(龙)网预买字(2021)24727号,拟售价格,--元/平方米(按建筑面积计)楼层,23,房号,2302,用途,住宅,,建筑面积86.45平方米,户内面积,64.86平方米,分摊面积,21.59平方米,户内面积,--平方米,分摊面积--平方米,建筑面积,--平方米
项目楼栋情况,利德悦府(G10401-0686)2栋,座号,B,合同号,深(龙)网预买字(2021)25743号,拟售价格,--元/平方米(按建筑面积计)楼层,23,房号,2303,用途,住宅,,建筑面积81.84平方米,户内面积,61.4平方米,分摊面积,20.44平方米,户内面积,--平方米,分摊面积--平方米,建筑面积,--平方米
项目楼栋情况,利德悦府(G10401-0686)2栋,座号,B,合同号,深(龙)网预买字(2021)22819号,拟售价格,--元/平方米(按建筑面积计)楼层,23,房号,2304,用途,住宅,,建筑面积89.4平方米,户内面积,67.07平方米,分摊面积,22.33平方米,户内面积,--平方米,分摊面积--平方米,建筑面积,--平方米
项目楼栋情况,利德悦府(G10401-0686)2栋,座号,B,合同号,深(龙)网预买字(2021)25681号,拟售价格,--元/平方米(按建筑面积计)楼层,22,房号,2201,用途,住宅,,建筑面积86.45平方米,户内面积,64.86平方米,分摊面积,21.59平方米,户内面积,--平方米,分摊面积--平方米,建筑面积,--平方米
项目楼栋情况,利德悦府(G10401-0686)2栋,座号,B,合同号,深(龙)网预买字(2021)28307号,拟售价格,--元/平方米(按建筑面积计)楼层,22,房号,2202,用途,住宅,,建筑面积86.45平方米,户内面积,64.86平方米,分摊面积,21.59平方米,户内面积,--平方米,分摊面积--平方米,建筑面积,--平方米
项目楼栋情况,利德悦府(G10401-0686)2栋,座号,B,合同号,深(龙)网预买字(2021)29125号,拟售价格,--元/平方米(按建筑面积计)楼层,22,房号,2203,用途,住宅,,建筑面积81.84平方米,户内面积,61.4平方米,分摊面积,20.44平方米,户内面积,--平方米,分摊面积--平方米,建筑面积,--平方米
项目楼栋情况,利德悦府(G10401-0686)2栋,座号,B,合同号,深(龙)网预买字(2021)31451号,拟售价格,--元/平方米(按建筑面积计)楼层,22,房号,2204,用途,住宅,,建筑面积89.4平方米,户内面积,67.07平方米,分摊面积,22.33平方米,户内面积,--平方米,分摊面积--平方米,建筑面积,--平方米
项目楼栋情况,利德悦府(G10401-0686)2栋,座号,B,合同号,深(龙)网预买字(2021)31447号,拟售价格,--元/平方米(按建筑面积计)楼层,21,房号,2101,用途,住宅,,建筑面积86.45平方米,户内面积,64.86平方米,分摊面积,21.59平方米,户内面积,--平方米,分摊面积--平方米,建筑面积,--平方米
项目楼栋情况,利德悦府(G10401-0686)2栋,座号,B,合同号,深(龙)网预买字(2021)36565号,拟售价格,--元/平方米(按建筑面积计)楼层,21,房号,2102,用途,住宅,,建筑面积86.45平方米,户内面积,64.86平方米,分摊面积,21.59平方米,户内面积,--平方米,分摊面积--平方米,建筑面积,--平方米
项目楼栋情况,利德悦府(G10401-0686)2栋,座号,B,合同号,深(龙)网预买字(2021)37027号,拟售价格,--元/平方米(按建筑面积计)楼层,21,房号,2103,用途,住宅,,建筑面积81.84平方米,户内面积,61.4平方米,分摊面积,20.44平方米,户内面积,--平方米,分摊面积--平方米,建筑面积,--平方米
项目楼栋情况,利德悦府(G10401-0686)2栋,座号,B,合同号,深(龙)网预买字(2021)32923号,拟售价格,--元/平方米(按建筑面积计)楼层,21,房号,2104,用途,住宅,,建筑面积89.4平方米,户内面积,67.07平方米,分摊面积,22.33平方米,户内面积,--平方米,分摊面积--平方米,建筑面积,--平方米
项目楼栋情况,利德悦府(G10401-0686)2栋,座号,B,合同号,深(龙)网预买字(2021)20454号,拟售价格,--元/平方米(按建筑面积计)楼层,20,房号,2001,用途,住宅,,建筑面积86.45平方米,户内面积,64.86平方米,分摊面积,21.59平方米,户内面积,--平方米,分摊面积--平方米,建筑面积,--平方米
项目楼栋情况,利德悦府(G10401-0686)2栋,座号,B,合同号,深(龙)网预买字(2021)30620号,拟售价格,--元/平方米(按建筑面积计)楼层,20,房号,2002,用途,住宅,,建筑面积86.45平方米,户内面积,64.86平方米,分摊面积,21.59平方米,户内面积,--平方米,分摊面积--平方米,建筑面积,--平方米
项目楼栋情况,利德悦府(G10401-0686)2栋,座号,B,合同号,深(龙)网预买字(2021)28690号,拟售价格,--元/平方米(按建筑面积计)楼层,20,房号,2003,用途,住宅,,建筑面积81.84平方米,户内面积,61.4平方米,分摊面积,20.44平方米,户内面积,--平方米,分摊面积--平方米,建筑面积,--平方米
项目楼栋情况,利德悦府(G10401-0686)2栋,座号,B,合同号,深(龙)网预买字(2021)21554号,拟售价格,--元/平方米(按建筑面积计)楼层,20,房号,2004,用途,住宅,,建筑面积89.4平方米,户内面积,67.07平方米,分摊面积,22.33平方米,户内面积,--平方米,分摊面积--平方米,建筑面积,--平方米
项目楼栋情况,利德悦府(G10401-0686)2栋,座号,B,合同号,深(龙)网预买字(2021)20256号,拟售价格,--元/平方米(按建筑面积计)楼层,19,房号,1901,用途,住宅,,建筑面积86.45平方米,户内面积,64.86平方米,分摊面积,21.59平方米,户内面积,--平方米,分摊面积--平方米,建筑面积,--平方米
项目楼栋情况,利德悦府(G10401-0686)2栋,座号,B,合同号,深(龙)网预买字(2021)29123号,拟售价格,--元/平方米(按建筑面积计)楼层,19,房号,1902,用途,住宅,,建筑面积86.45平方米,户内面积,64.86平方米,分摊面积,21.59平方米,户内面积,--平方米,分摊面积--平方米,建筑面积,--平方米
项目楼栋情况,利德悦府(G10401-0686)2栋,座号,B,合同号,深(龙)网预买字(2021)37033号,拟售价格,--元/平方米(按建筑面积计)楼层,19,房号,1903,用途,住宅,,建筑面积81.84平方米,户内面积,61.4平方米,分摊面积,20.44平方米,户内面积,--平方米,分摊面积--平方米,建筑面积,--平方米
项目楼栋情况,利德悦府(G10401-0686)2栋,座号,B,合同号,深(龙)网预买字(2021)24723号,拟售价格,--元/平方米(按建筑面积计)楼层,19,房号,1904,用途,住宅,,建筑面积89.4平方米,户内面积,67.07平方米,分摊面积,22.33平方米,户内面积,--平方米,分摊面积--平方米,建筑面积,--平方米
项目楼栋情况,利德悦府(G10401-0686)2栋,座号,B,合同号,深(龙)网预买字(2021)27967号,拟售价格,--元/平方米(按建筑面积计)楼层,18,房号,1801,用途,住宅,,建筑面积86.45平方米,户内面积,64.86平方米,分摊面积,21.59平方米,户内面积,--平方米,分摊面积--平方米,建筑面积,--平方米
项目楼栋情况,利德悦府(G10401-0686)2栋,座号,B,合同号,深(龙)网预买字(2021)29014号,拟售价格,--元/平方米(按建筑面积计)楼层,18,房号,1802,用途,住宅,,建筑面积86.45平方米,户内面积,64.86平方米,分摊面积,21.59平方米,户内面积,--平方米,分摊面积--平方米,建筑面积,--平方米
项目楼栋情况,利德悦府(G10401-0686)2栋,座号,B,合同号,深(龙)网预买字(2021)24685号,拟售价格,--元/平方米(按建筑面积计)楼层,18,房号,1803,用途,住宅,,建筑面积81.84平方米,户内面积,61.4平方米,分摊面积,20.44平方米,户内面积,--平方米,分摊面积--平方米,建筑面积,--平方米
项目楼栋情况,利德悦府(G10401-0686)2栋,座号,B,合同号,深(龙)网预买字(2021)28302号,拟售价格,--元/平方米(按建筑面积计)楼层,18,房号,1804,用途,住宅,,建筑面积89.4平方米,户内面积,67.07平方米,分摊面积,22.33平方米,户内面积,--平方米,分摊面积--平方米,建筑面积,--平方米
项目楼栋情况,利德悦府(G10401-0686)2栋,座号,B,合同号,--,拟售价格,38684.28元/平方米(按建筑面积计)楼层,17,房号,1701,用途,住宅,,建筑面积86.45平方米,户内面积,64.86平方米,分摊面积,21.59平方米,户内面积,--平方米,分摊面积--平方米,建筑面积,--平方米
项目楼栋情况,利德悦府(G10401-0686)2栋,座号,B,合同号,--,拟售价格,37829.6元/平方米(按建筑面积计)楼层,17,房号,1702,用途,住宅,,建筑面积86.45平方米,户内面积,64.86平方米,分摊面积,21.59平方米,户内面积,--平方米,分摊面积--平方米,建筑面积,--平方米
项目楼栋情况,利德悦府(G10401-0686)2栋,座号,B,合同号,深(龙)网预买字(2021)37026号,拟售价格,--元/平方米(按建筑面积计)楼层,17,房号,1703,用途,住宅,,建筑面积81.84平方米,户内面积,61.4平方米,分摊面积,20.44平方米,户内面积,--平方米,分摊面积--平方米,建筑面积,--平方米
项目楼栋情况,利德悦府(G10401-0686)2栋,座号,B,合同号,深(龙)网预买字(2021)28305号,拟售价格,--元/平方米(按建筑面积计)楼层,17,房号,1704,用途,住宅,,建筑面积89.4平方米,户内面积,67.07平方米,分摊面积,22.33平方米,户内面积,--平方米,分摊面积--平方米,建筑面积,--平方米
项目楼栋情况,利德悦府(G10401-0686)2栋,座号,B,合同号,深(龙)网预买字(2021)28310号,拟售价格,--元/平方米(按建筑面积计)楼层,16,房号,1601,用途,住宅,,建筑面积86.45平方米,户内面积,64.86平方米,分摊面积,21.59平方米,户内面积,--平方米,分摊面积--平方米,建筑面积,--平方米
项目楼栋情况,利德悦府(G10401-0686)2栋,座号,B,合同号,深(龙)网预买字(2021)25749号,拟售价格,--元/平方米(按建筑面积计)楼层,16,房号,1602,用途,住宅,,建筑面积86.45平方米,户内面积,64.86平方米,分摊面积,21.59平方米,户内面积,--平方米,分摊面积--平方米,建筑面积,--平方米
项目楼栋情况,利德悦府(G10401-0686)2栋,座号,B,合同号,深(龙)网预买字(2021)37025号,拟售价格,--元/平方米(按建筑面积计)楼层,16,房号,1603,用途,住宅,,建筑面积81.84平方米,户内面积,61.4平方米,分摊面积,20.44平方米,户内面积,--平方米,分摊面积--平方米,建筑面积,--平方米
项目楼栋情况,利德悦府(G10401-0686)2栋,座号,B,合同号,深(龙)网预买字(2021)28306号,拟售价格,--元/平方米(按建筑面积计)楼层,16,房号,1604,用途,住宅,,建筑面积89.4平方米,户内面积,67.07平方米,分摊面积,22.33平方米,户内面积,--平方米,分摊面积--平方米,建筑面积,--平方米
项目楼栋情况,利德悦府(G10401-0686)2栋,座号,B,合同号,--,拟售价格,38594.29元/平方米(按建筑面积计)楼层,15,房号,1501,用途,住宅,,建筑面积86.45平方米,户内面积,64.86平方米,分摊面积,21.59平方米,户内面积,--平方米,分摊面积--平方米,建筑面积,--平方米
项目楼栋情况,利德悦府(G10401-0686)2栋,座号,B,合同号,--,拟售价格,37739.6元/平方米(按建筑面积计)楼层,15,房号,1502,用途,住宅,,建筑面积86.45平方米,户内面积,64.86平方米,分摊面积,21.59平方米,户内面积,--平方米,分摊面积--平方米,建筑面积,--平方米
项目楼栋情况,利德悦府(G10401-0686)2栋,座号,B,合同号,深(龙)网预买字(2021)23607号,拟售价格,--元/平方米(按建筑面积计)楼层,15,房号,1503,用途,住宅,,建筑面积81.84平方米,户内面积,61.4平方米,分摊面积,20.44平方米,户内面积,--平方米,分摊面积--平方米,建筑面积,--平方米
项目楼栋情况,利德悦府(G10401-0686)2栋,座号,B,合同号,深(龙)网预买字(2021)22694号,拟售价格,--元/平方米(按建筑面积计)楼层,15,房号,1504,用途,住宅,,建筑面积89.4平方米,户内面积,67.07平方米,分摊面积,22.33平方米,户内面积,--平方米,分摊面积--平方米,建筑面积,--平方米
项目楼栋情况,利德悦府(G10401-0686)2栋,座号,B,合同号,--,拟售价格,38554.29元/平方米(按建筑面积计)楼层,14,房号,1401,用途,住宅,,建筑面积86.45平方米,户内面积,64.86平方米,分摊面积,21.59平方米,户内面积,--平方米,分摊面积--平方米,建筑面积,--平方米
项目楼栋情况,利德悦府(G10401-0686)2栋,座号,B,合同号,深(龙)网预买字(2021)34503号,拟售价格,--元/平方米(按建筑面积计)楼层,14,房号,1402,用途,住宅,,建筑面积86.45平方米,户内面积,64.86平方米,分摊面积,21.59平方米,户内面积,--平方米,分摊面积--平方米,建筑面积,--平方米
项目楼栋情况,利德悦府(G10401-0686)2栋,座号,B,合同号,深(龙)网预买字(2021)24122号,拟售价格,--元/平方米(按建筑面积计)楼层,14,房号,1403,用途,住宅,,建筑面积81.84平方米,户内面积,61.4平方米,分摊面积,20.44平方米,户内面积,--平方米,分摊面积--平方米,建筑面积,--平方米
项目楼栋情况,利德悦府(G10401-0686)2栋,座号,B,合同号,深(龙)网预买字(2021)24725号,拟售价格,--元/平方米(按建筑面积计)楼层,14,房号,1404,用途,住宅,,建筑面积89.4平方米,户内面积,67.07平方米,分摊面积,22.33平方米,户内面积,--平方米,分摊面积--平方米,建筑面积,--平方米
项目楼栋情况,利德悦府(G10401-0686)2栋,座号,B,合同号,深(龙)网预买字(2021)24147号,拟售价格,--元/平方米(按建筑面积计)楼层,13,房号,1301,用途,住宅,,建筑面积86.45平方米,户内面积,64.86平方米,分摊面积,21.59平方米,户内面积,--平方米,分摊面积--平方米,建筑面积,--平方米
项目楼栋情况,利德悦府(G10401-0686)2栋,座号,B,合同号,深(龙)网预买字(2021)25263号,拟售价格,--元/平方米(按建筑面积计)楼层,13,房号,1302,用途,住宅,,建筑面积86.45平方米,户内面积,64.86平方米,分摊面积,21.59平方米,户内面积,--平方米,分摊面积--平方米,建筑面积,--平方米
项目楼栋情况,利德悦府(G10401-0686)2栋,座号,B,合同号,深(龙)网预买字(2021)19987号,拟售价格,--元/平方米(按建筑面积计)楼层,13,房号,1303,用途,住宅,,建筑面积81.84平方米,户内面积,61.4平方米,分摊面积,20.44平方米,户内面积,--平方米,分摊面积--平方米,建筑面积,--平方米
项目楼栋情况,利德悦府(G10401-0686)2栋,座号,B,合同号,深(龙)网预买字(2021)29106号,拟售价格,--元/平方米(按建筑面积计)楼层,13,房号,1304,用途,住宅,,建筑面积89.4平方米,户内面积,67.07平方米,分摊面积,22.33平方米,户内面积,--平方米,分摊面积--平方米,建筑面积,--平方米
项目楼栋情况,利德悦府(G10401-0686)2栋,座号,B,合同号,--,拟售价格,38474.29元/平方米(按建筑面积计)楼层,12,房号,1201,用途,住宅,,建筑面积86.45平方米,户内面积,64.86平方米,分摊面积,21.59平方米,户内面积,--平方米,分摊面积--平方米,建筑面积,--平方米
项目楼栋情况,利德悦府(G10401-0686)2栋,座号,B,合同号,--,拟售价格,37619.6元/平方米(按建筑面积计)楼层,12,房号,1202,用途,住宅,,建筑面积86.45平方米,户内面积,64.86平方米,分摊面积,21.59平方米,户内面积,--平方米,分摊面积--平方米,建筑面积,--平方米
项目楼栋情况,利德悦府(G10401-0686)2栋,座号,B,合同号,--,拟售价格,36937.1元/平方米(按建筑面积计)楼层,12,房号,1203,用途,住宅,,建筑面积81.84平方米,户内面积,61.4平方米,分摊面积,20.44平方米,户内面积,--平方米,分摊面积--平方米,建筑面积,--平方米
项目楼栋情况,利德悦府(G10401-0686)2栋,座号,B,合同号,深(龙)网预买字(2021)29128号,拟售价格,--元/平方米(按建筑面积计)楼层,12,房号,1204,用途,住宅,,建筑面积89.4平方米,户内面积,67.07平方米,分摊面积,22.33平方米,户内面积,--平方米,分摊面积--平方米,建筑面积,--平方米
项目楼栋情况,利德悦府(G10401-0686)2栋,座号,B,合同号,深(龙)网预买字(2021)22064号,拟售价格,--元/平方米(按建筑面积计)楼层,11,房号,1101,用途,住宅,,建筑面积86.45平方米,户内面积,64.86平方米,分摊面积,21.59平方米,户内面积,--平方米,分摊面积--平方米,建筑面积,--平方米
项目楼栋情况,利德悦府(G10401-0686)2栋,座号,B,合同号,深(龙)网预买字(2021)29121号,拟售价格,--元/平方米(按建筑面积计)楼层,11,房号,1102,用途,住宅,,建筑面积86.45平方米,户内面积,64.86平方米,分摊面积,21.59平方米,户内面积,--平方米,分摊面积--平方米,建筑面积,--平方米
项目楼栋情况,利德悦府(G10401-0686)2栋,座号,B,合同号,深(龙)网预买字(2021)25747号,拟售价格,--元/平方米(按建筑面积计)楼层,11,房号,1103,用途,住宅,,建筑面积81.84平方米,户内面积,61.4平方米,分摊面积,20.44平方米,户内面积,--平方米,分摊面积--平方米,建筑面积,--平方米
项目楼栋情况,利德悦府(G10401-0686)2栋,座号,B,合同号,深(龙)网预买字(2021)36385号,拟售价格,--元/平方米(按建筑面积计)楼层,11,房号,1104,用途,住宅,,建筑面积89.4平方米,户内面积,67.07平方米,分摊面积,22.33平方米,户内面积,--平方米,分摊面积--平方米,建筑面积,--平方米
项目楼栋情况,利德悦府(G10401-0686)2栋,座号,B,合同号,深(龙)网预买字(2021)31446号,拟售价格,--元/平方米(按建筑面积计)楼层,10,房号,1001,用途,住宅,,建筑面积86.45平方米,户内面积,64.86平方米,分摊面积,21.59平方米,户内面积,--平方米,分摊面积--平方米,建筑面积,--平方米
项目楼栋情况,利德悦府(G10401-0686)2栋,座号,B,合同号,深(龙)网预买字(2021)32910号,拟售价格,--元/平方米(按建筑面积计)楼层,10,房号,1002,用途,住宅,,建筑面积86.45平方米,户内面积,64.86平方米,分摊面积,21.59平方米,户内面积,--平方米,分摊面积--平方米,建筑面积,--平方米
项目楼栋情况,利德悦府(G10401-0686)2栋,座号,B,合同号,深(龙)网预买字(2021)25682号,拟售价格,--元/平方米(按建筑面积计)楼层,10,房号,1003,用途,住宅,,建筑面积81.84平方米,户内面积,61.4平方米,分摊面积,20.44平方米,户内面积,--平方米,分摊面积--平方米,建筑面积,--平方米
项目楼栋情况,利德悦府(G10401-0686)2栋,座号,B,合同号,深(龙)网预买字(2021)32921号,拟售价格,--元/平方米(按建筑面积计)楼层,10,房号,1004,用途,住宅,,建筑面积89.4平方米,户内面积,67.07平方米,分摊面积,22.33平方米,户内面积,--平方米,分摊面积--平方米,建筑面积,--平方米
项目楼栋情况,利德悦府(G10401-0686)2栋,座号,B,合同号,深(龙)网预买字(2021)27718号,拟售价格,--元/平方米(按建筑面积计)楼层,9,房号,901,用途,住宅,,建筑面积86.45平方米,户内面积,64.86平方米,分摊面积,21.59平方米,户内面积,--平方米,分摊面积--平方米,建筑面积,--平方米
项目楼栋情况,利德悦府(G10401-0686)2栋,座号,B,合同号,深(龙)网预买字(2021)24125号,拟售价格,--元/平方米(按建筑面积计)楼层,9,房号,902,用途,住宅,,建筑面积86.45平方米,户内面积,64.86平方米,分摊面积,21.59平方米,户内面积,--平方米,分摊面积--平方米,建筑面积,--平方米
项目楼栋情况,利德悦府(G10401-0686)2栋,座号,B,合同号,深(龙)网预买字(2021)22722号,拟售价格,--元/平方米(按建筑面积计)楼层,9,房号,903,用途,住宅,,建筑面积81.84平方米,户内面积,61.4平方米,分摊面积,20.44平方米,户内面积,--平方米,分摊面积--平方米,建筑面积,--平方米
项目楼栋情况,利德悦府(G10401-0686)2栋,座号,B,合同号,深(龙)网预买字(2021)26461号,拟售价格,--元/平方米(按建筑面积计)楼层,9,房号,904,用途,住宅,,建筑面积89.4平方米,户内面积,67.07平方米,分摊面积,22.33平方米,户内面积,--平方米,分摊面积--平方米,建筑面积,--平方米
项目楼栋情况,利德悦府(G10401-0686)2栋,座号,B,合同号,深(龙)网预买字(2021)28299号,拟售价格,--元/平方米(按建筑面积计)楼层,8,房号,801,用途,住宅,,建筑面积86.45平方米,户内面积,64.86平方米,分摊面积,21.59平方米,户内面积,--平方米,分摊面积--平方米,建筑面积,--平方米
项目楼栋情况,利德悦府(G10401-0686)2栋,座号,B,合同号,深(龙)网预买字(2021)24129号,拟售价格,--元/平方米(按建筑面积计)楼层,8,房号,802,用途,住宅,,建筑面积86.45平方米,户内面积,64.86平方米,分摊面积,21.59平方米,户内面积,--平方米,分摊面积--平方米,建筑面积,--平方米
项目楼栋情况,利德悦府(G10401-0686)2栋,座号,B,合同号,深(龙)网预买字(2021)28314号,拟售价格,--元/平方米(按建筑面积计)楼层,8,房号,803,用途,住宅,,建筑面积81.84平方米,户内面积,61.4平方米,分摊面积,20.44平方米,户内面积,--平方米,分摊面积--平方米,建筑面积,--平方米
项目楼栋情况,利德悦府(G10401-0686)2栋,座号,B,合同号,深(龙)网预买字(2021)24803号,拟售价格,--元/平方米(按建筑面积计)楼层,8,房号,804,用途,住宅,,建筑面积89.4平方米,户内面积,67.07平方米,分摊面积,22.33平方米,户内面积,--平方米,分摊面积--平方米,建筑面积,--平方米
项目楼栋情况,利德悦府(G10401-0686)2栋,座号,B,合同号,深(龙)网预买字(2021)19983号,拟售价格,--元/平方米(按建筑面积计)楼层,7,房号,701,用途,住宅,,建筑面积86.45平方米,户内面积,64.86平方米,分摊面积,21.59平方米,户内面积,--平方米,分摊面积--平方米,建筑面积,--平方米
项目楼栋情况,利德悦府(G10401-0686)2栋,座号,B,合同号,深(龙)网预买字(2021)24838号,拟售价格,--元/平方米(按建筑面积计)楼层,7,房号,702,用途,住宅,,建筑面积86.45平方米,户内面积,64.86平方米,分摊面积,21.59平方米,户内面积,--平方米,分摊面积--平方米,建筑面积,--平方米
项目楼栋情况,利德悦府(G10401-0686)2栋,座号,B,合同号,深(龙)网预买字(2021)25454号,拟售价格,--元/平方米(按建筑面积计)楼层,7,房号,703,用途,住宅,,建筑面积81.84平方米,户内面积,61.4平方米,分摊面积,20.44平方米,户内面积,--平方米,分摊面积--平方米,建筑面积,--平方米
项目楼栋情况,利德悦府(G10401-0686)2栋,座号,B,合同号,深(龙)网预买字(2021)25754号,拟售价格,--元/平方米(按建筑面积计)楼层,7,房号,704,用途,住宅,,建筑面积89.4平方米,户内面积,67.07平方米,分摊面积,22.33平方米,户内面积,--平方米,分摊面积--平方米,建筑面积,--平方米
项目楼栋情况,利德悦府(G10401-0686)2栋,座号,B,合同号,深(龙)网预买字(2021)32906号,拟售价格,--元/平方米(按建筑面积计)楼层,6,房号,601,用途,住宅,,建筑面积86.45平方米,户内面积,64.86平方米,分摊面积,21.59平方米,户内面积,--平方米,分摊面积--平方米,建筑面积,--平方米
项目楼栋情况,利德悦府(G10401-0686)2栋,座号,B,合同号,深(龙)网预买字(2021)23691号,拟售价格,--元/平方米(按建筑面积计)楼层,6,房号,602,用途,住宅,,建筑面积86.45平方米,户内面积,64.86平方米,分摊面积,21.59平方米,户内面积,--平方米,分摊面积--平方米,建筑面积,--平方米
项目楼栋情况,利德悦府(G10401-0686)2栋,座号,B,合同号,深(龙)网预买字(2021)31570号,拟售价格,--元/平方米(按建筑面积计)楼层,6,房号,603,用途,住宅,,建筑面积81.84平方米,户内面积,61.4平方米,分摊面积,20.44平方米,户内面积,--平方米,分摊面积--平方米,建筑面积,--平方米
项目楼栋情况,利德悦府(G10401-0686)2栋,座号,B,合同号,深(龙)网预买字(2021)26682号,拟售价格,--元/平方米(按建筑面积计)楼层,6,房号,604,用途,住宅,,建筑面积89.4平方米,户内面积,67.07平方米,分摊面积,22.33平方米,户内面积,--平方米,分摊面积--平方米,建筑面积,--平方米
项目楼栋情况,利德悦府(G10401-0686)2栋,座号,B,合同号,--,拟售价格,38264.28元/平方米(按建筑面积计)楼层,5,房号,501,用途,住宅,,建筑面积86.45平方米,户内面积,64.86平方米,分摊面积,21.59平方米,户内面积,--平方米,分摊面积--平方米,建筑面积,--平方米
项目楼栋情况,利德悦府(G10401-0686)2栋,座号,B,合同号,深(龙)网预买字(2021)24024号,拟售价格,--元/平方米(按建筑面积计)楼层,5,房号,502,用途,住宅,,建筑面积86.45平方米,户内面积,64.86平方米,分摊面积,21.59平方米,户内面积,--平方米,分摊面积--平方米,建筑面积,--平方米
项目楼栋情况,利德悦府(G10401-0686)2栋,座号,B,合同号,深(龙)网预买字(2021)31569号,拟售价格,--元/平方米(按建筑面积计)楼层,5,房号,503,用途,住宅,,建筑面积81.84平方米,户内面积,61.4平方米,分摊面积,20.44平方米,户内面积,--平方米,分摊面积--平方米,建筑面积,--平方米
项目楼栋情况,利德悦府(G10401-0686)2栋,座号,B,合同号,深(龙)网预买字(2021)28443号,拟售价格,--元/平方米(按建筑面积计)楼层,5,房号,504,用途,住宅,,建筑面积89.4平方米,户内面积,67.07平方米,分摊面积,22.33平方米,户内面积,--平方米,分摊面积--平方米,建筑面积,--平方米
项目楼栋情况,利德悦府(G10401-0686)2栋,座号,B,合同号,深(龙)网预买字(2021)28583号,拟售价格,--元/平方米(按建筑面积计)楼层,4,房号,401,用途,住宅,,建筑面积86.45平方米,户内面积,64.86平方米,分摊面积,21.59平方米,户内面积,--平方米,分摊面积--平方米,建筑面积,--平方米
项目楼栋情况,利德悦府(G10401-0686)2栋,座号,B,合同号,深(龙)网预买字(2021)29102号,拟售价格,--元/平方米(按建筑面积计)楼层,4,房号,402,用途,住宅,,建筑面积86.45平方米,户内面积,64.86平方米,分摊面积,21.59平方米,户内面积,--平方米,分摊面积--平方米,建筑面积,--平方米
项目楼栋情况,利德悦府(G10401-0686)2栋,座号,B,合同号,深(龙)网预买字(2021)20226号,拟售价格,--元/平方米(按建筑面积计)楼层,4,房号,403,用途,住宅,,建筑面积81.84平方米,户内面积,61.4平方米,分摊面积,20.44平方米,户内面积,--平方米,分摊面积--平方米,建筑面积,--平方米
项目楼栋情况,利德悦府(G10401-0686)2栋,座号,B,合同号,深(龙)网预买字(2021)36382号,拟售价格,--元/平方米(按建筑面积计)楼层,4,房号,404,用途,住宅,,建筑面积89.4平方米,户内面积,67.07平方米,分摊面积,22.33平方米,户内面积,--平方米,分摊面积--平方米,建筑面积,--平方米
项目楼栋情况,利德悦府(G10401-0686)2栋,座号,B,合同号,深(龙)网预买字(2021)20669号,拟售价格,--元/平方米(按建筑面积计)楼层,3,房号,301,用途,住宅,,建筑面积86.45平方米,户内面积,64.86平方米,分摊面积,21.59平方米,户内面积,--平方米,分摊面积--平方米,建筑面积,--平方米
项目楼栋情况,利德悦府(G10401-0686)2栋,座号,B,合同号,--,拟售价格,37369.6元/平方米(按建筑面积计)楼层,3,房号,302,用途,住宅,,建筑面积86.45平方米,户内面积,64.86平方米,分摊面积,21.59平方米,户内面积,--平方米,分摊面积--平方米,建筑面积,--平方米
项目楼栋情况,利德悦府(G10401-0686)2栋,座号,B,合同号,深(龙)网预买字(2021)34920号,拟售价格,--元/平方米(按建筑面积计)楼层,3,房号,303,用途,住宅,,建筑面积82.01平方米,户内面积,61.53平方米,分摊面积,20.48平方米,户内面积,--平方米,分摊面积--平方米,建筑面积,--平方米
项目楼栋情况,利德悦府(G10401-0686)2栋,座号,B,合同号,深(龙)网预买字(2021)31450号,拟售价格,--元/平方米(按建筑面积计)楼层,3,房号,304,用途,住宅,,建筑面积89.63平方米,户内面积,67.25平方米,分摊面积,22.38平方米,户内面积,--平方米,分摊面积--平方米,建筑面积,--平方米
项目楼栋情况,利德悦府(G10401-0686)2栋,座号,A,合同号,--,拟售价格,38379.6元/平方米(按建筑面积计)楼层,31,房号,3101,用途,住宅,,建筑面积85.63平方米,户内面积,64.87平方米,分摊面积,20.76平方米,户内面积,--平方米,分摊面积--平方米,建筑面积,--平方米
项目楼栋情况,利德悦府(G10401-0686)2栋,座号,A,合同号,--,拟售价格,39833.35元/平方米(按建筑面积计)楼层,31,房号,3102,用途,住宅,,建筑面积104.51平方米,户内面积,79.17平方米,分摊面积,25.34平方米,户内面积,--平方米,分摊面积--平方米,建筑面积,--平方米
项目楼栋情况,利德悦府(G10401-0686)2栋,座号,A,合同号,--,拟售价格,38222.09元/平方米(按建筑面积计)楼层,31,房号,3103,用途,住宅,,建筑面积88.54平方米,户内面积,67.07平方米,分摊面积,21.47平方米,户内面积,--平方米,分摊面积--平方米,建筑面积,--平方米
项目楼栋情况,利德悦府(G10401-0686)2栋,座号,A,合同号,深(龙)网预买字(2021)34880号,拟售价格,--元/平方米(按建筑面积计)楼层,31,房号,3104,用途,住宅,,建筑面积81.06平方米,户内面积,61.4平方米,分摊面积,19.66平方米,户内面积,--平方米,分摊面积--平方米,建筑面积,--平方米
项目楼栋情况,利德悦府(G10401-0686)2栋,座号,A,合同号,深(龙)网预买字(2021)25455号,拟售价格,--元/平方米(按建筑面积计)楼层,30,房号,3001,用途,住宅,,建筑面积85.63平方米,户内面积,64.87平方米,分摊面积,20.76平方米,户内面积,--平方米,分摊面积--平方米,建筑面积,--平方米
项目楼栋情况,利德悦府(G10401-0686)2栋,座号,A,合同号,--,拟售价格,39833.35元/平方米(按建筑面积计)楼层,30,房号,3002,用途,住宅,,建筑面积104.51平方米,户内面积,79.17平方米,分摊面积,25.34平方米,户内面积,--平方米,分摊面积--平方米,建筑面积,--平方米
项目楼栋情况,利德悦府(G10401-0686)2栋,座号,A,合同号,深(龙)网预买字(2021)29015号,拟售价格,--元/平方米(按建筑面积计)楼层,30,房号,3003,用途,住宅,,建筑面积88.54平方米,户内面积,67.07平方米,分摊面积,21.47平方米,户内面积,--平方米,分摊面积--平方米,建筑面积,--平方米
项目楼栋情况,利德悦府(G10401-0686)2栋,座号,A,合同号,深(龙)网预买字(2021)25752号,拟售价格,--元/平方米(按建筑面积计)楼层,30,房号,3004,用途,住宅,,建筑面积81.06平方米,户内面积,61.4平方米,分摊面积,19.66平方米,户内面积,--平方米,分摊面积--平方米,建筑面积,--平方米
项目楼栋情况,利德悦府(G10401-0686)2栋,座号,A,合同号,深(龙)网预买字(2021)27635号,拟售价格,--元/平方米(按建筑面积计)楼层,29,房号,2901,用途,住宅,,建筑面积85.63平方米,户内面积,64.87平方米,分摊面积,20.76平方米,户内面积,--平方米,分摊面积--平方米,建筑面积,--平方米
项目楼栋情况,利德悦府(G10401-0686)2栋,座号,A,合同号,深(龙)网预买字(2021)34518号,拟售价格,--元/平方米(按建筑面积计)楼层,29,房号,2902,用途,住宅,,建筑面积104.51平方米,户内面积,79.17平方米,分摊面积,25.34平方米,户内面积,--平方米,分摊面积--平方米,建筑面积,--平方米
项目楼栋情况,利德悦府(G10401-0686)2栋,座号,A,合同号,深(龙)网预买字(2021)24846号,拟售价格,--元/平方米(按建筑面积计)楼层,29,房号,2903,用途,住宅,,建筑面积88.54平方米,户内面积,67.07平方米,分摊面积,21.47平方米,户内面积,--平方米,分摊面积--平方米,建筑面积,--平方米
项目楼栋情况,利德悦府(G10401-0686)2栋,座号,A,合同号,深(龙)网预买字(2021)25438号,拟售价格,--元/平方米(按建筑面积计)楼层,29,房号,2904,用途,住宅,,建筑面积81.06平方米,户内面积,61.4平方米,分摊面积,19.66平方米,户内面积,--平方米,分摊面积--平方米,建筑面积,--平方米
项目楼栋情况,利德悦府(G10401-0686)2栋,座号,A,合同号,深(龙)网预买字(2021)22732号,拟售价格,--元/平方米(按建筑面积计)楼层,28,房号,2801,用途,住宅,,建筑面积85.63平方米,户内面积,64.87平方米,分摊面积,20.76平方米,户内面积,--平方米,分摊面积--平方米,建筑面积,--平方米
项目楼栋情况,利德悦府(G10401-0686)2栋,座号,A,合同号,--,拟售价格,39753.34元/平方米(按建筑面积计)楼层,28,房号,2802,用途,住宅,,建筑面积104.51平方米,户内面积,79.17平方米,分摊面积,25.34平方米,户内面积,--平方米,分摊面积--平方米,建筑面积,--平方米
项目楼栋情况,利德悦府(G10401-0686)2栋,座号,A,合同号,深(龙)网预买字(2021)21877号,拟售价格,--元/平方米(按建筑面积计)楼层,28,房号,2803,用途,住宅,,建筑面积88.54平方米,户内面积,67.07平方米,分摊面积,21.47平方米,户内面积,--平方米,分摊面积--平方米,建筑面积,--平方米
项目楼栋情况,利德悦府(G10401-0686)2栋,座号,A,合同号,深(龙)网预买字(2021)26430号,拟售价格,--元/平方米(按建筑面积计)楼层,28,房号,2804,用途,住宅,,建筑面积81.06平方米,户内面积,61.4平方米,分摊面积,19.66平方米,户内面积,--平方米,分摊面积--平方米,建筑面积,--平方米
项目楼栋情况,利德悦府(G10401-0686)2栋,座号,A,合同号,深(龙)网预买字(2021)29700号,拟售价格,--元/平方米(按建筑面积计)楼层,27,房号,2701,用途,住宅,,建筑面积85.63平方米,户内面积,64.87平方米,分摊面积,20.76平方米,户内面积,--平方米,分摊面积--平方米,建筑面积,--平方米
项目楼栋情况,利德悦府(G10401-0686)2栋,座号,A,合同号,--,拟售价格,39713.35元/平方米(按建筑面积计)楼层,27,房号,2702,用途,住宅,,建筑面积104.51平方米,户内面积,79.17平方米,分摊面积,25.34平方米,户内面积,--平方米,分摊面积--平方米,建筑面积,--平方米
项目楼栋情况,利德悦府(G10401-0686)2栋,座号,A,合同号,深(龙)网预买字(2021)23275号,拟售价格,--元/平方米(按建筑面积计)楼层,27,房号,2703,用途,住宅,,建筑面积88.54平方米,户内面积,67.07平方米,分摊面积,21.47平方米,户内面积,--平方米,分摊面积--平方米,建筑面积,--平方米
项目楼栋情况,利德悦府(G10401-0686)2栋,座号,A,合同号,深(龙)网预买字(2021)20851号,拟售价格,--元/平方米(按建筑面积计)楼层,27,房号,2704,用途,住宅,,建筑面积81.06平方米,户内面积,61.4平方米,分摊面积,19.66平方米,户内面积,--平方米,分摊面积--平方米,建筑面积,--平方米
项目楼栋情况,利德悦府(G10401-0686)2栋,座号,A,合同号,深(龙)网预买字(2021)23616号,拟售价格,--元/平方米(按建筑面积计)楼层,26,房号,2601,用途,住宅,,建筑面积85.63平方米,户内面积,64.87平方米,分摊面积,20.76平方米,户内面积,--平方米,分摊面积--平方米,建筑面积,--平方米
项目楼栋情况,利德悦府(G10401-0686)2栋,座号,A,合同号,--,拟售价格,39673.35元/平方米(按建筑面积计)楼层,26,房号,2602,用途,住宅,,建筑面积104.51平方米,户内面积,79.17平方米,分摊面积,25.34平方米,户内面积,--平方米,分摊面积--平方米,建筑面积,--平方米
项目楼栋情况,利德悦府(G10401-0686)2栋,座号,A,合同号,深(龙)网预买字(2021)27966号,拟售价格,--元/平方米(按建筑面积计)楼层,26,房号,2603,用途,住宅,,建筑面积88.54平方米,户内面积,67.07平方米,分摊面积,21.47平方米,户内面积,--平方米,分摊面积--平方米,建筑面积,--平方米
项目楼栋情况,利德悦府(G10401-0686)2栋,座号,A,合同号,深(龙)网预买字(2021)24843号,拟售价格,--元/平方米(按建筑面积计)楼层,26,房号,2604,用途,住宅,,建筑面积81.06平方米,户内面积,61.4平方米,分摊面积,19.66平方米,户内面积,--平方米,分摊面积--平方米,建筑面积,--平方米
项目楼栋情况,利德悦府(G10401-0686)2栋,座号,A,合同号,深(龙)网预买字(2021)20847号,拟售价格,--元/平方米(按建筑面积计)楼层,25,房号,2501,用途,住宅,,建筑面积85.63平方米,户内面积,64.87平方米,分摊面积,20.76平方米,户内面积,--平方米,分摊面积--平方米,建筑面积,--平方米
项目楼栋情况,利德悦府(G10401-0686)2栋,座号,A,合同号,深(龙)网预买字(2021)34780号,拟售价格,--元/平方米(按建筑面积计)楼层,25,房号,2502,用途,住宅,,建筑面积104.51平方米,户内面积,79.17平方米,分摊面积,25.34平方米,户内面积,--平方米,分摊面积--平方米,建筑面积,--平方米
项目楼栋情况,利德悦府(G10401-0686)2栋,座号,A,合同号,深(龙)网预买字(2021)25456号,拟售价格,--元/平方米(按建筑面积计)楼层,25,房号,2503,用途,住宅,,建筑面积88.54平方米,户内面积,67.07平方米,分摊面积,21.47平方米,户内面积,--平方米,分摊面积--平方米,建筑面积,--平方米
项目楼栋情况,利德悦府(G10401-0686)2栋,座号,A,合同号,深(龙)网预买字(2021)30082号,拟售价格,--元/平方米(按建筑面积计)楼层,25,房号,2504,用途,住宅,,建筑面积81.06平方米,户内面积,61.4平方米,分摊面积,19.66平方米,户内面积,--平方米,分摊面积--平方米,建筑面积,--平方米
项目楼栋情况,利德悦府(G10401-0686)2栋,座号,A,合同号,深(龙)网预买字(2021)26431号,拟售价格,--元/平方米(按建筑面积计)楼层,24,房号,2401,用途,住宅,,建筑面积85.63平方米,户内面积,64.87平方米,分摊面积,20.76平方米,户内面积,--平方米,分摊面积--平方米,建筑面积,--平方米
项目楼栋情况,利德悦府(G10401-0686)2栋,座号,A,合同号,--,拟售价格,39593.35元/平方米(按建筑面积计)楼层,24,房号,2402,用途,住宅,,建筑面积104.51平方米,户内面积,79.17平方米,分摊面积,25.34平方米,户内面积,--平方米,分摊面积--平方米,建筑面积,--平方米
项目楼栋情况,利德悦府(G10401-0686)2栋,座号,A,合同号,深(龙)网预买字(2021)30062号,拟售价格,--元/平方米(按建筑面积计)楼层,24,房号,2403,用途,住宅,,建筑面积88.54平方米,户内面积,67.07平方米,分摊面积,21.47平方米,户内面积,--平方米,分摊面积--平方米,建筑面积,--平方米
项目楼栋情况,利德悦府(G10401-0686)2栋,座号,A,合同号,深(龙)网预买字(2021)20776号,拟售价格,--元/平方米(按建筑面积计)楼层,24,房号,2404,用途,住宅,,建筑面积81.06平方米,户内面积,61.4平方米,分摊面积,19.66平方米,户内面积,--平方米,分摊面积--平方米,建筑面积,--平方米
项目楼栋情况,利德悦府(G10401-0686)2栋,座号,A,合同号,深(龙)网预买字(2021)20224号,拟售价格,--元/平方米(按建筑面积计)楼层,23,房号,2301,用途,住宅,,建筑面积85.63平方米,户内面积,64.87平方米,分摊面积,20.76平方米,户内面积,--平方米,分摊面积--平方米,建筑面积,--平方米
项目楼栋情况,利德悦府(G10401-0686)2栋,座号,A,合同号,深(龙)网预买字(2021)32903号,拟售价格,--元/平方米(按建筑面积计)楼层,23,房号,2302,用途,住宅,,建筑面积104.51平方米,户内面积,79.17平方米,分摊面积,25.34平方米,户内面积,--平方米,分摊面积--平方米,建筑面积,--平方米
项目楼栋情况,利德悦府(G10401-0686)2栋,座号,A,合同号,深(龙)网预买字(2021)24118号,拟售价格,--元/平方米(按建筑面积计)楼层,23,房号,2303,用途,住宅,,建筑面积88.54平方米,户内面积,67.07平方米,分摊面积,21.47平方米,户内面积,--平方米,分摊面积--平方米,建筑面积,--平方米
项目楼栋情况,利德悦府(G10401-0686)2栋,座号,A,合同号,深(龙)网预买字(2021)31445号,拟售价格,--元/平方米(按建筑面积计)楼层,23,房号,2304,用途,住宅,,建筑面积81.06平方米,户内面积,61.4平方米,分摊面积,19.66平方米,户内面积,--平方米,分摊面积--平方米,建筑面积,--平方米
项目楼栋情况,利德悦府(G10401-0686)2栋,座号,A,合同号,深(龙)网预买字(2021)27965号,拟售价格,--元/平方米(按建筑面积计)楼层,22,房号,2201,用途,住宅,,建筑面积85.63平方米,户内面积,64.87平方米,分摊面积,20.76平方米,户内面积,--平方米,分摊面积--平方米,建筑面积,--平方米
项目楼栋情况,利德悦府(G10401-0686)2栋,座号,A,合同号,深(龙)网预买字(2021)20820号,拟售价格,--元/平方米(按建筑面积计)楼层,22,房号,2202,用途,住宅,,建筑面积104.51平方米,户内面积,79.17平方米,分摊面积,25.34平方米,户内面积,--平方米,分摊面积--平方米,建筑面积,--平方米
项目楼栋情况,利德悦府(G10401-0686)2栋,座号,A,合同号,--,拟售价格,37902.1元/平方米(按建筑面积计)楼层,22,房号,2203,用途,住宅,,建筑面积88.54平方米,户内面积,67.07平方米,分摊面积,21.47平方米,户内面积,--平方米,分摊面积--平方米,建筑面积,--平方米
项目楼栋情况,利德悦府(G10401-0686)2栋,座号,A,合同号,深(龙)网预买字(2021)34500号,拟售价格,--元/平方米(按建筑面积计)楼层,22,房号,2204,用途,住宅,,建筑面积81.06平方米,户内面积,61.4平方米,分摊面积,19.66平方米,户内面积,--平方米,分摊面积--平方米,建筑面积,--平方米
项目楼栋情况,利德悦府(G10401-0686)2栋,座号,A,合同号,深(龙)网预买字(2021)24800号,拟售价格,--元/平方米(按建筑面积计)楼层,21,房号,2101,用途,住宅,,建筑面积85.63平方米,户内面积,64.87平方米,分摊面积,20.76平方米,户内面积,--平方米,分摊面积--平方米,建筑面积,--平方米
项目楼栋情况,利德悦府(G10401-0686)2栋,座号,A,合同号,深(龙)网预买字(2021)32660号,拟售价格,--元/平方米(按建筑面积计)楼层,21,房号,2102,用途,住宅,,建筑面积104.51平方米,户内面积,79.17平方米,分摊面积,25.34平方米,户内面积,--平方米,分摊面积--平方米,建筑面积,--平方米
项目楼栋情况,利德悦府(G10401-0686)2栋,座号,A,合同号,深(龙)网预买字(2021)26428号,拟售价格,--元/平方米(按建筑面积计)楼层,21,房号,2103,用途,住宅,,建筑面积88.54平方米,户内面积,67.07平方米,分摊面积,21.47平方米,户内面积,--平方米,分摊面积--平方米,建筑面积,--平方米
项目楼栋情况,利德悦府(G10401-0686)2栋,座号,A,合同号,深(龙)网预买字(2021)25457号,拟售价格,--元/平方米(按建筑面积计)楼层,21,房号,2104,用途,住宅,,建筑面积81.06平方米,户内面积,61.4平方米,分摊面积,19.66平方米,户内面积,--平方米,分摊面积--平方米,建筑面积,--平方米
项目楼栋情况,利德悦府(G10401-0686)2栋,座号,A,合同号,深(龙)网预买字(2021)23520号,拟售价格,--元/平方米(按建筑面积计)楼层,20,房号,2001,用途,住宅,,建筑面积85.63平方米,户内面积,64.87平方米,分摊面积,20.76平方米,户内面积,--平方米,分摊面积--平方米,建筑面积,--平方米
项目楼栋情况,利德悦府(G10401-0686)2栋,座号,A,合同号,--,拟售价格,39433.35元/平方米(按建筑面积计)楼层,20,房号,2002,用途,住宅,,建筑面积104.51平方米,户内面积,79.17平方米,分摊面积,25.34平方米,户内面积,--平方米,分摊面积--平方米,建筑面积,--平方米
项目楼栋情况,利德悦府(G10401-0686)2栋,座号,A,合同号,深(龙)网预买字(2021)19934号,拟售价格,--元/平方米(按建筑面积计)楼层,20,房号,2003,用途,住宅,,建筑面积88.54平方米,户内面积,67.07平方米,分摊面积,21.47平方米,户内面积,--平方米,分摊面积--平方米,建筑面积,--平方米
项目楼栋情况,利德悦府(G10401-0686)2栋,座号,A,合同号,深(龙)网预买字(2021)20672号,拟售价格,--元/平方米(按建筑面积计)楼层,20,房号,2004,用途,住宅,,建筑面积81.06平方米,户内面积,61.4平方米,分摊面积,19.66平方米,户内面积,--平方米,分摊面积--平方米,建筑面积,--平方米
项目楼栋情况,利德悦府(G10401-0686)2栋,座号,A,合同号,深(龙)网预买字(2021)28689号,拟售价格,--元/平方米(按建筑面积计)楼层,19,房号,1901,用途,住宅,,建筑面积85.63平方米,户内面积,64.87平方米,分摊面积,20.76平方米,户内面积,--平方米,分摊面积--平方米,建筑面积,--平方米
项目楼栋情况,利德悦府(G10401-0686)2栋,座号,A,合同号,--,拟售价格,39383.35元/平方米(按建筑面积计)楼层,19,房号,1902,用途,住宅,,建筑面积104.51平方米,户内面积,79.17平方米,分摊面积,25.34平方米,户内面积,--平方米,分摊面积--平方米,建筑面积,--平方米
项目楼栋情况,利德悦府(G10401-0686)2栋,座号,A,合同号,深(龙)网预买字(2021)19927号,拟售价格,--元/平方米(按建筑面积计)楼层,19,房号,1903,用途,住宅,,建筑面积88.54平方米,户内面积,67.07平方米,分摊面积,21.47平方米,户内面积,--平方米,分摊面积--平方米,建筑面积,--平方米
项目楼栋情况,利德悦府(G10401-0686)2栋,座号,A,合同号,深(龙)网预买字(2021)19134号,拟售价格,--元/平方米(按建筑面积计)楼层,19,房号,1904,用途,住宅,,建筑面积81.06平方米,户内面积,61.4平方米,分摊面积,19.66平方米,户内面积,--平方米,分摊面积--平方米,建筑面积,--平方米
项目楼栋情况,利德悦府(G10401-0686)2栋,座号,A,合同号,深(龙)网预买字(2021)24833号,拟售价格,--元/平方米(按建筑面积计)楼层,18,房号,1801,用途,住宅,,建筑面积85.63平方米,户内面积,64.87平方米,分摊面积,20.76平方米,户内面积,--平方米,分摊面积--平方米,建筑面积,--平方米
项目楼栋情况,利德悦府(G10401-0686)2栋,座号,A,合同号,--,拟售价格,39333.35元/平方米(按建筑面积计)楼层,18,房号,1802,用途,住宅,,建筑面积104.51平方米,户内面积,79.17平方米,分摊面积,25.34平方米,户内面积,--平方米,分摊面积--平方米,建筑面积,--平方米
项目楼栋情况,利德悦府(G10401-0686)2栋,座号,A,合同号,深(龙)网预买字(2021)34842号,拟售价格,--元/平方米(按建筑面积计)楼层,18,房号,1803,用途,住宅,,建筑面积88.54平方米,户内面积,67.07平方米,分摊面积,21.47平方米,户内面积,--平方米,分摊面积--平方米,建筑面积,--平方米
项目楼栋情况,利德悦府(G10401-0686)2栋,座号,A,合同号,深(龙)网预买字(2021)22203号,拟售价格,--元/平方米(按建筑面积计)楼层,18,房号,1804,用途,住宅,,建筑面积81.06平方米,户内面积,61.4平方米,分摊面积,19.66平方米,户内面积,--平方米,分摊面积--平方米,建筑面积,--平方米
项目楼栋情况,利德悦府(G10401-0686)2栋,座号,A,合同号,深(龙)网预买字(2021)29680号,拟售价格,--元/平方米(按建筑面积计)楼层,17,房号,1701,用途,住宅,,建筑面积85.63平方米,户内面积,64.87平方米,分摊面积,20.76平方米,户内面积,--平方米,分摊面积--平方米,建筑面积,--平方米
项目楼栋情况,利德悦府(G10401-0686)2栋,座号,A,合同号,深(龙)网预买字(2021)29110号,拟售价格,--元/平方米(按建筑面积计)楼层,17,房号,1702,用途,住宅,,建筑面积104.51平方米,户内面积,79.17平方米,分摊面积,25.34平方米,户内面积,--平方米,分摊面积--平方米,建筑面积,--平方米
项目楼栋情况,利德悦府(G10401-0686)2栋,座号,A,合同号,深(龙)网预买字(2021)25693号,拟售价格,--元/平方米(按建筑面积计)楼层,17,房号,1703,用途,住宅,,建筑面积88.54平方米,户内面积,67.07平方米,分摊面积,21.47平方米,户内面积,--平方米,分摊面积--平方米,建筑面积,--平方米
项目楼栋情况,利德悦府(G10401-0686)2栋,座号,A,合同号,深(龙)网预买字(2021)19973号,拟售价格,--元/平方米(按建筑面积计)楼层,17,房号,1704,用途,住宅,,建筑面积81.06平方米,户内面积,61.4平方米,分摊面积,19.66平方米,户内面积,--平方米,分摊面积--平方米,建筑面积,--平方米
项目楼栋情况,利德悦府(G10401-0686)2栋,座号,A,合同号,深(龙)网预买字(2021)21269号,拟售价格,--元/平方米(按建筑面积计)楼层,16,房号,1601,用途,住宅,,建筑面积85.63平方米,户内面积,64.87平方米,分摊面积,20.76平方米,户内面积,--平方米,分摊面积--平方米,建筑面积,--平方米
项目楼栋情况,利德悦府(G10401-0686)2栋,座号,A,合同号,深(龙)网预买字(2021)23720号,拟售价格,--元/平方米(按建筑面积计)楼层,16,房号,1602,用途,住宅,,建筑面积104.51平方米,户内面积,79.17平方米,分摊面积,25.34平方米,户内面积,--平方米,分摊面积--平方米,建筑面积,--平方米
项目楼栋情况,利德悦府(G10401-0686)2栋,座号,A,合同号,深(龙)网预买字(2021)28905号,拟售价格,--元/平方米(按建筑面积计)楼层,16,房号,1603,用途,住宅,,建筑面积88.54平方米,户内面积,67.07平方米,分摊面积,21.47平方米,户内面积,--平方米,分摊面积--平方米,建筑面积,--平方米
项目楼栋情况,利德悦府(G10401-0686)2栋,座号,A,合同号,深(龙)网预买字(2021)25744号,拟售价格,--元/平方米(按建筑面积计)楼层,16,房号,1604,用途,住宅,,建筑面积81.06平方米,户内面积,61.4平方米,分摊面积,19.66平方米,户内面积,--平方米,分摊面积--平方米,建筑面积,--平方米
项目楼栋情况,利德悦府(G10401-0686)2栋,座号,A,合同号,深(龙)网预买字(2021)20162号,拟售价格,--元/平方米(按建筑面积计)楼层,15,房号,1501,用途,住宅,,建筑面积85.63平方米,户内面积,64.87平方米,分摊面积,20.76平方米,户内面积,--平方米,分摊面积--平方米,建筑面积,--平方米
项目楼栋情况,利德悦府(G10401-0686)2栋,座号,A,合同号,深(龙)网预买字(2021)32000号,拟售价格,--元/平方米(按建筑面积计)楼层,15,房号,1502,用途,住宅,,建筑面积104.51平方米,户内面积,79.17平方米,分摊面积,25.34平方米,户内面积,--平方米,分摊面积--平方米,建筑面积,--平方米
项目楼栋情况,利德悦府(G10401-0686)2栋,座号,A,合同号,深(龙)网预买字(2021)21564号,拟售价格,--元/平方米(按建筑面积计)楼层,15,房号,1503,用途,住宅,,建筑面积88.54平方米,户内面积,67.07平方米,分摊面积,21.47平方米,户内面积,--平方米,分摊面积--平方米,建筑面积,--平方米
项目楼栋情况,利德悦府(G10401-0686)2栋,座号,A,合同号,深(龙)网预买字(2021)20140号,拟售价格,--元/平方米(按建筑面积计)楼层,15,房号,1504,用途,住宅,,建筑面积81.06平方米,户内面积,61.4平方米,分摊面积,19.66平方米,户内面积,--平方米,分摊面积--平方米,建筑面积,--平方米
项目楼栋情况,利德悦府(G10401-0686)2栋,座号,A,合同号,深(龙)网预买字(2021)21270号,拟售价格,--元/平方米(按建筑面积计)楼层,14,房号,1401,用途,住宅,,建筑面积85.63平方米,户内面积,64.87平方米,分摊面积,20.76平方米,户内面积,--平方米,分摊面积--平方米,建筑面积,--平方米
项目楼栋情况,利德悦府(G10401-0686)2栋,座号,A,合同号,--,拟售价格,39153.34元/平方米(按建筑面积计)楼层,14,房号,1402,用途,住宅,,建筑面积104.51平方米,户内面积,79.17平方米,分摊面积,25.34平方米,户内面积,--平方米,分摊面积--平方米,建筑面积,--平方米
项目楼栋情况,利德悦府(G10401-0686)2栋,座号,A,合同号,深(龙)网预买字(2021)21397号,拟售价格,--元/平方米(按建筑面积计)楼层,14,房号,1403,用途,住宅,,建筑面积88.54平方米,户内面积,67.07平方米,分摊面积,21.47平方米,户内面积,--平方米,分摊面积--平方米,建筑面积,--平方米
项目楼栋情况,利德悦府(G10401-0686)2栋,座号,A,合同号,深(龙)网预买字(2021)26686号,拟售价格,--元/平方米(按建筑面积计)楼层,14,房号,1404,用途,住宅,,建筑面积81.06平方米,户内面积,61.4平方米,分摊面积,19.66平方米,户内面积,--平方米,分摊面积--平方米,建筑面积,--平方米
项目楼栋情况,利德悦府(G10401-0686)2栋,座号,A,合同号,深(龙)网预买字(2021)20012号,拟售价格,--元/平方米(按建筑面积计)楼层,13,房号,1301,用途,住宅,,建筑面积85.63平方米,户内面积,64.87平方米,分摊面积,20.76平方米,户内面积,--平方米,分摊面积--平方米,建筑面积,--平方米
项目楼栋情况,利德悦府(G10401-0686)2栋,座号,A,合同号,--,拟售价格,39113.35元/平方米(按建筑面积计)楼层,13,房号,1302,用途,住宅,,建筑面积104.51平方米,户内面积,79.17平方米,分摊面积,25.34平方米,户内面积,--平方米,分摊面积--平方米,建筑面积,--平方米
项目楼栋情况,利德悦府(G10401-0686)2栋,座号,A,合同号,深(龙)网预买字(2021)24133号,拟售价格,--元/平方米(按建筑面积计)楼层,13,房号,1303,用途,住宅,,建筑面积88.54平方米,户内面积,67.07平方米,分摊面积,21.47平方米,户内面积,--平方米,分摊面积--平方米,建筑面积,--平方米
项目楼栋情况,利德悦府(G10401-0686)2栋,座号,A,合同号,深(龙)网预买字(2021)29017号,拟售价格,--元/平方米(按建筑面积计)楼层,13,房号,1304,用途,住宅,,建筑面积81.06平方米,户内面积,61.4平方米,分摊面积,19.66平方米,户内面积,--平方米,分摊面积--平方米,建筑面积,--平方米
项目楼栋情况,利德悦府(G10401-0686)2栋,座号,A,合同号,深(龙)网预买字(2021)24834号,拟售价格,--元/平方米(按建筑面积计)楼层,12,房号,1201,用途,住宅,,建筑面积85.63平方米,户内面积,64.87平方米,分摊面积,20.76平方米,户内面积,--平方米,分摊面积--平方米,建筑面积,--平方米
项目楼栋情况,利德悦府(G10401-0686)2栋,座号,A,合同号,--,拟售价格,39073.35元/平方米(按建筑面积计)楼层,12,房号,1202,用途,住宅,,建筑面积104.51平方米,户内面积,79.17平方米,分摊面积,25.34平方米,户内面积,--平方米,分摊面积--平方米,建筑面积,--平方米
项目楼栋情况,利德悦府(G10401-0686)2栋,座号,A,合同号,深(龙)网预买字(2021)26685号,拟售价格,--元/平方米(按建筑面积计)楼层,12,房号,1203,用途,住宅,,建筑面积88.54平方米,户内面积,67.07平方米,分摊面积,21.47平方米,户内面积,--平方米,分摊面积--平方米,建筑面积,--平方米
项目楼栋情况,利德悦府(G10401-0686)2栋,座号,A,合同号,深(龙)网预买字(2021)20453号,拟售价格,--元/平方米(按建筑面积计)楼层,12,房号,1204,用途,住宅,,建筑面积81.06平方米,户内面积,61.4平方米,分摊面积,19.66平方米,户内面积,--平方米,分摊面积--平方米,建筑面积,--平方米
项目楼栋情况,利德悦府(G10401-0686)2栋,座号,A,合同号,深(龙)网预买字(2021)28678号,拟售价格,--元/平方米(按建筑面积计)楼层,11,房号,1101,用途,住宅,,建筑面积85.63平方米,户内面积,64.87平方米,分摊面积,20.76平方米,户内面积,--平方米,分摊面积--平方米,建筑面积,--平方米
项目楼栋情况,利德悦府(G10401-0686)2栋,座号,A,合同号,深(龙)网预买字(2021)34516号,拟售价格,--元/平方米(按建筑面积计)楼层,11,房号,1102,用途,住宅,,建筑面积104.51平方米,户内面积,79.17平方米,分摊面积,25.34平方米,户内面积,--平方米,分摊面积--平方米,建筑面积,--平方米
项目楼栋情况,利德悦府(G10401-0686)2栋,座号,A,合同号,--,拟售价格,37432.1元/平方米(按建筑面积计)楼层,11,房号,1103,用途,住宅,,建筑面积88.54平方米,户内面积,67.07平方米,分摊面积,21.47平方米,户内面积,--平方米,分摊面积--平方米,建筑面积,--平方米
项目楼栋情况,利德悦府(G10401-0686)2栋,座号,A,合同号,深(龙)网预买字(2021)19944号,拟售价格,--元/平方米(按建筑面积计)楼层,11,房号,1104,用途,住宅,,建筑面积81.06平方米,户内面积,61.4平方米,分摊面积,19.66平方米,户内面积,--平方米,分摊面积--平方米,建筑面积,--平方米
项目楼栋情况,利德悦府(G10401-0686)2栋,座号,A,合同号,深(龙)网预买字(2021)29500号,拟售价格,--元/平方米(按建筑面积计)楼层,10,房号,1001,用途,住宅,,建筑面积85.63平方米,户内面积,64.87平方米,分摊面积,20.76平方米,户内面积,--平方米,分摊面积--平方米,建筑面积,--平方米
项目楼栋情况,利德悦府(G10401-0686)2栋,座号,A,合同号,深(龙)网预买字(2021)22690号,拟售价格,--元/平方米(按建筑面积计)楼层,10,房号,1002,用途,住宅,,建筑面积104.51平方米,户内面积,79.17平方米,分摊面积,25.34平方米,户内面积,--平方米,分摊面积--平方米,建筑面积,--平方米
项目楼栋情况,利德悦府(G10401-0686)2栋,座号,A,合同号,深(龙)网预买字(2021)21262号,拟售价格,--元/平方米(按建筑面积计)楼层,10,房号,1003,用途,住宅,,建筑面积88.54平方米,户内面积,67.07平方米,分摊面积,21.47平方米,户内面积,--平方米,分摊面积--平方米,建筑面积,--平方米
项目楼栋情况,利德悦府(G10401-0686)2栋,座号,A,合同号,深(龙)网预买字(2021)24028号,拟售价格,--元/平方米(按建筑面积计)楼层,10,房号,1004,用途,住宅,,建筑面积81.06平方米,户内面积,61.4平方米,分摊面积,19.66平方米,户内面积,--平方米,分摊面积--平方米,建筑面积,--平方米
项目楼栋情况,利德悦府(G10401-0686)2栋,座号,A,合同号,深(龙)网预买字(2021)25691号,拟售价格,--元/平方米(按建筑面积计)楼层,9,房号,901,用途,住宅,,建筑面积85.63平方米,户内面积,64.87平方米,分摊面积,20.76平方米,户内面积,--平方米,分摊面积--平方米,建筑面积,--平方米
项目楼栋情况,利德悦府(G10401-0686)2栋,座号,A,合同号,深(龙)网预买字(2021)30100号,拟售价格,--元/平方米(按建筑面积计)楼层,9,房号,902,用途,住宅,,建筑面积104.51平方米,户内面积,79.17平方米,分摊面积,25.34平方米,户内面积,--平方米,分摊面积--平方米,建筑面积,--平方米
项目楼栋情况,利德悦府(G10401-0686)2栋,座号,A,合同号,深(龙)网预买字(2021)23705号,拟售价格,--元/平方米(按建筑面积计)楼层,9,房号,903,用途,住宅,,建筑面积88.54平方米,户内面积,67.07平方米,分摊面积,21.47平方米,户内面积,--平方米,分摊面积--平方米,建筑面积,--平方米
项目楼栋情况,利德悦府(G10401-0686)2栋,座号,A,合同号,深(龙)网预买字(2021)26429号,拟售价格,--元/平方米(按建筑面积计)楼层,9,房号,904,用途,住宅,,建筑面积81.06平方米,户内面积,61.4平方米,分摊面积,19.66平方米,户内面积,--平方米,分摊面积--平方米,建筑面积,--平方米
项目楼栋情况,利德悦府(G10401-0686)2栋,座号,A,合同号,深(龙)网预买字(2021)24135号,拟售价格,--元/平方米(按建筑面积计)楼层,8,房号,801,用途,住宅,,建筑面积85.63平方米,户内面积,64.87平方米,分摊面积,20.76平方米,户内面积,--平方米,分摊面积--平方米,建筑面积,--平方米
项目楼栋情况,利德悦府(G10401-0686)2栋,座号,A,合同号,深(龙)网预买字(2021)24037号,拟售价格,--元/平方米(按建筑面积计)楼层,8,房号,802,用途,住宅,,建筑面积104.51平方米,户内面积,79.17平方米,分摊面积,25.34平方米,户内面积,--平方米,分摊面积--平方米,建筑面积,--平方米
项目楼栋情况,利德悦府(G10401-0686)2栋,座号,A,合同号,深(龙)网预买字(2021)25687号,拟售价格,--元/平方米(按建筑面积计)楼层,8,房号,803,用途,住宅,,建筑面积88.54平方米,户内面积,67.07平方米,分摊面积,21.47平方米,户内面积,--平方米,分摊面积--平方米,建筑面积,--平方米
项目楼栋情况,利德悦府(G10401-0686)2栋,座号,A,合同号,深(龙)网预买字(2021)25280号,拟售价格,--元/平方米(按建筑面积计)楼层,8,房号,804,用途,住宅,,建筑面积81.06平方米,户内面积,61.4平方米,分摊面积,19.66平方米,户内面积,--平方米,分摊面积--平方米,建筑面积,--平方米
项目楼栋情况,利德悦府(G10401-0686)2栋,座号,A,合同号,深(龙)网预买字(2021)28586号,拟售价格,--元/平方米(按建筑面积计)楼层,7,房号,701,用途,住宅,,建筑面积85.63平方米,户内面积,64.87平方米,分摊面积,20.76平方米,户内面积,--平方米,分摊面积--平方米,建筑面积,--平方米
项目楼栋情况,利德悦府(G10401-0686)2栋,座号,A,合同号,深(龙)网预买字(2021)32680号,拟售价格,--元/平方米(按建筑面积计)楼层,7,房号,702,用途,住宅,,建筑面积104.51平方米,户内面积,79.17平方米,分摊面积,25.34平方米,户内面积,--平方米,分摊面积--平方米,建筑面积,--平方米
项目楼栋情况,利德悦府(G10401-0686)2栋,座号,A,合同号,深(龙)网预买字(2021)22728号,拟售价格,--元/平方米(按建筑面积计)楼层,7,房号,703,用途,住宅,,建筑面积88.54平方米,户内面积,67.07平方米,分摊面积,21.47平方米,户内面积,--平方米,分摊面积--平方米,建筑面积,--平方米
项目楼栋情况,利德悦府(G10401-0686)2栋,座号,A,合同号,深(龙)网预买字(2021)25658号,拟售价格,--元/平方米(按建筑面积计)楼层,7,房号,704,用途,住宅,,建筑面积81.06平方米,户内面积,61.4平方米,分摊面积,19.66平方米,户内面积,--平方米,分摊面积--平方米,建筑面积,--平方米
项目楼栋情况,利德悦府(G10401-0686)2栋,座号,A,合同号,深(龙)网预买字(2021)29660号,拟售价格,--元/平方米(按建筑面积计)楼层,6,房号,601,用途,住宅,,建筑面积85.63平方米,户内面积,64.87平方米,分摊面积,20.76平方米,户内面积,--平方米,分摊面积--平方米,建筑面积,--平方米
项目楼栋情况,利德悦府(G10401-0686)2栋,座号,A,合同号,深(龙)网预买字(2021)28313号,拟售价格,--元/平方米(按建筑面积计)楼层,6,房号,602,用途,住宅,,建筑面积104.51平方米,户内面积,79.17平方米,分摊面积,25.34平方米,户内面积,--平方米,分摊面积--平方米,建筑面积,--平方米
项目楼栋情况,利德悦府(G10401-0686)2栋,座号,A,合同号,深(龙)网预买字(2021)24850号,拟售价格,--元/平方米(按建筑面积计)楼层,6,房号,603,用途,住宅,,建筑面积88.54平方米,户内面积,67.07平方米,分摊面积,21.47平方米,户内面积,--平方米,分摊面积--平方米,建筑面积,--平方米
项目楼栋情况,利德悦府(G10401-0686)2栋,座号,A,合同号,深(龙)网预买字(2021)20227号,拟售价格,--元/平方米(按建筑面积计)楼层,6,房号,604,用途,住宅,,建筑面积81.06平方米,户内面积,61.4平方米,分摊面积,19.66平方米,户内面积,--平方米,分摊面积--平方米,建筑面积,--平方米
项目楼栋情况,利德悦府(G10401-0686)2栋,座号,A,合同号,深(龙)网预买字(2021)19008号,拟售价格,--元/平方米(按建筑面积计)楼层,5,房号,501,用途,住宅,,建筑面积85.63平方米,户内面积,64.87平方米,分摊面积,20.76平方米,户内面积,--平方米,分摊面积--平方米,建筑面积,--平方米
项目楼栋情况,利德悦府(G10401-0686)2栋,座号,A,合同号,深(龙)网预买字(2021)26687号,拟售价格,--元/平方米(按建筑面积计)楼层,5,房号,502,用途,住宅,,建筑面积104.51平方米,户内面积,79.17平方米,分摊面积,25.34平方米,户内面积,--平方米,分摊面积--平方米,建筑面积,--平方米
项目楼栋情况,利德悦府(G10401-0686)2栋,座号,A,合同号,深(龙)网预买字(2021)26688号,拟售价格,--元/平方米(按建筑面积计)楼层,5,房号,503,用途,住宅,,建筑面积88.54平方米,户内面积,67.07平方米,分摊面积,21.47平方米,户内面积,--平方米,分摊面积--平方米,建筑面积,--平方米
项目楼栋情况,利德悦府(G10401-0686)2栋,座号,A,合同号,深(龙)网预买字(2021)22093号,拟售价格,--元/平方米(按建筑面积计)楼层,5,房号,504,用途,住宅,,建筑面积81.06平方米,户内面积,61.4平方米,分摊面积,19.66平方米,户内面积,--平方米,分摊面积--平方米,建筑面积,--平方米
项目楼栋情况,利德悦府(G10401-0686)2栋,座号,A,合同号,深(龙)网预买字(2021)29480号,拟售价格,--元/平方米(按建筑面积计)楼层,4,房号,401,用途,住宅,,建筑面积85.63平方米,户内面积,64.87平方米,分摊面积,20.76平方米,户内面积,--平方米,分摊面积--平方米,建筑面积,--平方米
项目楼栋情况,利德悦府(G10401-0686)2栋,座号,A,合同号,--,拟售价格,38833.35元/平方米(按建筑面积计)楼层,4,房号,402,用途,住宅,,建筑面积104.51平方米,户内面积,79.17平方米,分摊面积,25.34平方米,户内面积,--平方米,分摊面积--平方米,建筑面积,--平方米
项目楼栋情况,利德悦府(G10401-0686)2栋,座号,A,合同号,深(龙)网预买字(2021)34820号,拟售价格,--元/平方米(按建筑面积计)楼层,4,房号,403,用途,住宅,,建筑面积88.54平方米,户内面积,67.07平方米,分摊面积,21.47平方米,户内面积,--平方米,分摊面积--平方米,建筑面积,--平方米
项目楼栋情况,利德悦府(G10401-0686)2栋,座号,A,合同号,深(龙)网预买字(2021)20977号,拟售价格,--元/平方米(按建筑面积计)楼层,4,房号,404,用途,住宅,,建筑面积81.06平方米,户内面积,61.4平方米,分摊面积,19.66平方米,户内面积,--平方米,分摊面积--平方米,建筑面积,--平方米
项目楼栋情况,利德悦府(G10401-0686)2栋,座号,A,合同号,深(龙)网预买字(2021)23698号,拟售价格,--元/平方米(按建筑面积计)楼层,3,房号,301,用途,住宅,,建筑面积85.6平方米,户内面积,64.85平方米,分摊面积,20.75平方米,户内面积,--平方米,分摊面积--平方米,建筑面积,--平方米
项目楼栋情况,利德悦府(G10401-0686)2栋,座号,A,合同号,深(龙)网预买字(2021)19005号,拟售价格,--元/平方米(按建筑面积计)楼层,3,房号,302,用途,住宅,,建筑面积104.7平方米,户内面积,79.31平方米,分摊面积,25.39平方米,户内面积,--平方米,分摊面积--平方米,建筑面积,--平方米
项目楼栋情况,利德悦府(G10401-0686)2栋,座号,A,合同号,深(龙)网预买字(2021)34800号,拟售价格,--元/平方米(按建筑面积计)楼层,3,房号,303,用途,住宅,,建筑面积88.73平方米,户内面积,67.22平方米,分摊面积,21.51平方米,户内面积,--平方米,分摊面积--平方米,建筑面积,--平方米
项目楼栋情况,利德悦府(G10401-0686)2栋,座号,A,合同号,深(龙)网预买字(2021)32662号,拟售价格,--元/平方米(按建筑面积计)楼层,3,房号,304,用途,住宅,,建筑面积81.22平方米,户内面积,61.52平方米,分摊面积,19.7平方米,户内面积,--平方米,分摊面积--平方米,建筑面积,--平方米
