项目楼栋情况,宝能城花园（西区）1栋,座号,--,合同号,--,拟售价格,28000元/平方米(按建筑面积计)楼层,半地下01层,房号,46,用途,商铺,,建筑面积63.38平方米,户内面积,59.75平方米,分摊面积,3.63平方米,户内面积,--平方米,分摊面积--平方米,建筑面积,--平方米
项目楼栋情况,宝能城花园（西区）1栋,座号,--,合同号,--,拟售价格,28000元/平方米(按建筑面积计)楼层,半地下01层,房号,47,用途,商铺,,建筑面积65.32平方米,户内面积,61.58平方米,分摊面积,3.74平方米,户内面积,--平方米,分摊面积--平方米,建筑面积,--平方米
项目楼栋情况,宝能城花园（西区）1栋,座号,--,合同号,--,拟售价格,28000元/平方米(按建筑面积计)楼层,半地下01层,房号,48,用途,商铺,,建筑面积65.23平方米,户内面积,61.49平方米,分摊面积,3.74平方米,户内面积,--平方米,分摊面积--平方米,建筑面积,--平方米
项目楼栋情况,宝能城花园（西区）1栋,座号,--,合同号,--,拟售价格,28000元/平方米(按建筑面积计)楼层,半地下01层,房号,49,用途,商铺,,建筑面积67.35平方米,户内面积,63.49平方米,分摊面积,3.86平方米,户内面积,--平方米,分摊面积--平方米,建筑面积,--平方米
项目楼栋情况,宝能城花园（西区）1栋,座号,--,合同号,--,拟售价格,28000元/平方米(按建筑面积计)楼层,半地下01层,房号,50,用途,商铺,,建筑面积64.69平方米,户内面积,60.99平方米,分摊面积,3.7平方米,户内面积,--平方米,分摊面积--平方米,建筑面积,--平方米
项目楼栋情况,宝能城花园（西区）1栋,座号,--,合同号,--,拟售价格,28000元/平方米(按建筑面积计)楼层,半地下01层,房号,51,用途,商铺,,建筑面积66.41平方米,户内面积,62.61平方米,分摊面积,3.8平方米,户内面积,--平方米,分摊面积--平方米,建筑面积,--平方米
项目楼栋情况,宝能城花园（西区）1栋,座号,--,合同号,--,拟售价格,28000元/平方米(按建筑面积计)楼层,半地下01层,房号,52,用途,商铺,,建筑面积54.4平方米,户内面积,51.29平方米,分摊面积,3.11平方米,户内面积,--平方米,分摊面积--平方米,建筑面积,--平方米
项目楼栋情况,宝能城花园（西区）1栋,座号,--,合同号,--,拟售价格,28000元/平方米(按建筑面积计)楼层,半地下01层,房号,53,用途,商铺,,建筑面积44.36平方米,户内面积,41.82平方米,分摊面积,2.54平方米,户内面积,--平方米,分摊面积--平方米,建筑面积,--平方米
项目楼栋情况,宝能城花园（西区）1栋,座号,--,合同号,--,拟售价格,28000元/平方米(按建筑面积计)楼层,半地下01层,房号,54,用途,商铺,,建筑面积38.9平方米,户内面积,36.68平方米,分摊面积,2.22平方米,户内面积,--平方米,分摊面积--平方米,建筑面积,--平方米
项目楼栋情况,宝能城花园（西区）1栋,座号,--,合同号,--,拟售价格,28000元/平方米(按建筑面积计)楼层,半地下01层,房号,55,用途,商铺,,建筑面积61.09平方米,户内面积,57.59平方米,分摊面积,3.5平方米,户内面积,--平方米,分摊面积--平方米,建筑面积,--平方米
项目楼栋情况,宝能城花园（西区）1栋,座号,--,合同号,--,拟售价格,28000元/平方米(按建筑面积计)楼层,半地下01层,房号,56,用途,商铺,,建筑面积63.96平方米,户内面积,60.3平方米,分摊面积,3.66平方米,户内面积,--平方米,分摊面积--平方米,建筑面积,--平方米
项目楼栋情况,宝能城花园（西区）1栋,座号,--,合同号,--,拟售价格,28000元/平方米(按建筑面积计)楼层,半地下01层,房号,57,用途,商铺,,建筑面积60.92平方米,户内面积,57.43平方米,分摊面积,3.49平方米,户内面积,--平方米,分摊面积--平方米,建筑面积,--平方米
项目楼栋情况,宝能城花园（西区）1栋,座号,--,合同号,--,拟售价格,28000元/平方米(按建筑面积计)楼层,半地下01层,房号,58,用途,商铺,,建筑面积38.22平方米,户内面积,36.03平方米,分摊面积,2.19平方米,户内面积,--平方米,分摊面积--平方米,建筑面积,--平方米
项目楼栋情况,宝能城花园（西区）1栋,座号,--,合同号,--,拟售价格,28000元/平方米(按建筑面积计)楼层,半地下01层,房号,59,用途,商铺,,建筑面积22.36平方米,户内面积,21.08平方米,分摊面积,1.28平方米,户内面积,--平方米,分摊面积--平方米,建筑面积,--平方米
项目楼栋情况,宝能城花园（西区）1栋,座号,--,合同号,--,拟售价格,28000元/平方米(按建筑面积计)楼层,01,房号,01,用途,商铺,,建筑面积47.01平方米,户内面积,45平方米,分摊面积,2.01平方米,户内面积,--平方米,分摊面积--平方米,建筑面积,--平方米
项目楼栋情况,宝能城花园（西区）1栋,座号,--,合同号,--,拟售价格,28000元/平方米(按建筑面积计)楼层,01,房号,02,用途,商铺,,建筑面积100.75平方米,户内面积,96.44平方米,分摊面积,4.31平方米,户内面积,--平方米,分摊面积--平方米,建筑面积,--平方米
项目楼栋情况,宝能城花园（西区）1栋,座号,--,合同号,--,拟售价格,28000元/平方米(按建筑面积计)楼层,01,房号,03,用途,商铺,,建筑面积66.25平方米,户内面积,63.41平方米,分摊面积,2.84平方米,户内面积,--平方米,分摊面积--平方米,建筑面积,--平方米
项目楼栋情况,宝能城花园（西区）1栋,座号,--,合同号,--,拟售价格,28000元/平方米(按建筑面积计)楼层,01,房号,04,用途,商铺,,建筑面积86.23平方米,户内面积,82.54平方米,分摊面积,3.69平方米,户内面积,--平方米,分摊面积--平方米,建筑面积,--平方米
项目楼栋情况,宝能城花园（西区）1栋,座号,B座,合同号,--,拟售价格,73291元/平方米(按建筑面积计)楼层,25,房号,25A,用途,住宅,,建筑面积158.2平方米,户内面积,135.04平方米,分摊面积,23.16平方米,户内面积,--平方米,分摊面积--平方米,建筑面积,--平方米
项目楼栋情况,宝能城花园（西区）1栋,座号,B座,合同号,--,拟售价格,65691元/平方米(按建筑面积计)楼层,25,房号,25B,用途,住宅,,建筑面积160.6平方米,户内面积,137.09平方米,分摊面积,23.51平方米,户内面积,--平方米,分摊面积--平方米,建筑面积,--平方米
项目楼栋情况,宝能城花园（西区）1栋,座号,B座,合同号,--,拟售价格,69991元/平方米(按建筑面积计)楼层,25,房号,25C,用途,住宅,,建筑面积157.7平方米,户内面积,134.61平方米,分摊面积,23.09平方米,户内面积,--平方米,分摊面积--平方米,建筑面积,--平方米
项目楼栋情况,宝能城花园（西区）1栋,座号,B座,合同号,--,拟售价格,68541元/平方米(按建筑面积计)楼层,25,房号,25D,用途,住宅,,建筑面积160.64平方米,户内面积,137.13平方米,分摊面积,23.51平方米,户内面积,--平方米,分摊面积--平方米,建筑面积,--平方米
项目楼栋情况,宝能城花园（西区）1栋,座号,B座,合同号,--,拟售价格,92191元/平方米(按建筑面积计)楼层,24,房号,24A,用途,住宅,,建筑面积158.2平方米,户内面积,135.04平方米,分摊面积,23.16平方米,户内面积,--平方米,分摊面积--平方米,建筑面积,--平方米
项目楼栋情况,宝能城花园（西区）1栋,座号,B座,合同号,--,拟售价格,84591元/平方米(按建筑面积计)楼层,24,房号,24B,用途,住宅,,建筑面积160.6平方米,户内面积,137.09平方米,分摊面积,23.51平方米,户内面积,--平方米,分摊面积--平方米,建筑面积,--平方米
项目楼栋情况,宝能城花园（西区）1栋,座号,B座,合同号,--,拟售价格,88891元/平方米(按建筑面积计)楼层,24,房号,24C,用途,住宅,,建筑面积157.7平方米,户内面积,134.61平方米,分摊面积,23.09平方米,户内面积,--平方米,分摊面积--平方米,建筑面积,--平方米
项目楼栋情况,宝能城花园（西区）1栋,座号,B座,合同号,--,拟售价格,87441元/平方米(按建筑面积计)楼层,24,房号,24D,用途,住宅,,建筑面积160.64平方米,户内面积,137.13平方米,分摊面积,23.51平方米,户内面积,--平方米,分摊面积--平方米,建筑面积,--平方米
项目楼栋情况,宝能城花园（西区）1栋,座号,B座,合同号,--,拟售价格,92091元/平方米(按建筑面积计)楼层,23,房号,23A,用途,住宅,,建筑面积158.2平方米,户内面积,135.04平方米,分摊面积,23.16平方米,户内面积,--平方米,分摊面积--平方米,建筑面积,--平方米
项目楼栋情况,宝能城花园（西区）1栋,座号,B座,合同号,--,拟售价格,84491元/平方米(按建筑面积计)楼层,23,房号,23B,用途,住宅,,建筑面积160.6平方米,户内面积,137.09平方米,分摊面积,23.51平方米,户内面积,--平方米,分摊面积--平方米,建筑面积,--平方米
项目楼栋情况,宝能城花园（西区）1栋,座号,B座,合同号,--,拟售价格,88791元/平方米(按建筑面积计)楼层,23,房号,23C,用途,住宅,,建筑面积157.7平方米,户内面积,134.61平方米,分摊面积,23.09平方米,户内面积,--平方米,分摊面积--平方米,建筑面积,--平方米
项目楼栋情况,宝能城花园（西区）1栋,座号,B座,合同号,--,拟售价格,87341元/平方米(按建筑面积计)楼层,23,房号,23D,用途,住宅,,建筑面积160.64平方米,户内面积,137.13平方米,分摊面积,23.51平方米,户内面积,--平方米,分摊面积--平方米,建筑面积,--平方米
项目楼栋情况,宝能城花园（西区）1栋,座号,B座,合同号,--,拟售价格,91991元/平方米(按建筑面积计)楼层,22,房号,22A,用途,住宅,,建筑面积158.2平方米,户内面积,135.04平方米,分摊面积,23.16平方米,户内面积,--平方米,分摊面积--平方米,建筑面积,--平方米
项目楼栋情况,宝能城花园（西区）1栋,座号,B座,合同号,深(南)网预买字(2019)12243号,拟售价格,--元/平方米(按建筑面积计)楼层,22,房号,22B,用途,住宅,,建筑面积160.6平方米,户内面积,137.09平方米,分摊面积,23.51平方米,户内面积,--平方米,分摊面积--平方米,建筑面积,--平方米
项目楼栋情况,宝能城花园（西区）1栋,座号,B座,合同号,深(南)网预买字(2019)12409号,拟售价格,--元/平方米(按建筑面积计)楼层,22,房号,22C,用途,住宅,,建筑面积157.7平方米,户内面积,134.61平方米,分摊面积,23.09平方米,户内面积,--平方米,分摊面积--平方米,建筑面积,--平方米
项目楼栋情况,宝能城花园（西区）1栋,座号,B座,合同号,--,拟售价格,87241元/平方米(按建筑面积计)楼层,22,房号,22D,用途,住宅,,建筑面积160.64平方米,户内面积,137.13平方米,分摊面积,23.51平方米,户内面积,--平方米,分摊面积--平方米,建筑面积,--平方米
项目楼栋情况,宝能城花园（西区）1栋,座号,B座,合同号,--,拟售价格,91891元/平方米(按建筑面积计)楼层,21,房号,21A,用途,住宅,,建筑面积158.2平方米,户内面积,135.04平方米,分摊面积,23.16平方米,户内面积,--平方米,分摊面积--平方米,建筑面积,--平方米
项目楼栋情况,宝能城花园（西区）1栋,座号,B座,合同号,--,拟售价格,84291元/平方米(按建筑面积计)楼层,21,房号,21B,用途,住宅,,建筑面积160.6平方米,户内面积,137.09平方米,分摊面积,23.51平方米,户内面积,--平方米,分摊面积--平方米,建筑面积,--平方米
项目楼栋情况,宝能城花园（西区）1栋,座号,B座,合同号,--,拟售价格,88591元/平方米(按建筑面积计)楼层,21,房号,21C,用途,住宅,,建筑面积157.7平方米,户内面积,134.61平方米,分摊面积,23.09平方米,户内面积,--平方米,分摊面积--平方米,建筑面积,--平方米
项目楼栋情况,宝能城花园（西区）1栋,座号,B座,合同号,--,拟售价格,87141元/平方米(按建筑面积计)楼层,21,房号,21D,用途,住宅,,建筑面积160.64平方米,户内面积,137.13平方米,分摊面积,23.51平方米,户内面积,--平方米,分摊面积--平方米,建筑面积,--平方米
项目楼栋情况,宝能城花园（西区）1栋,座号,B座,合同号,--,拟售价格,91791元/平方米(按建筑面积计)楼层,20,房号,20A,用途,住宅,,建筑面积158.2平方米,户内面积,135.04平方米,分摊面积,23.16平方米,户内面积,--平方米,分摊面积--平方米,建筑面积,--平方米
项目楼栋情况,宝能城花园（西区）1栋,座号,B座,合同号,--,拟售价格,84191元/平方米(按建筑面积计)楼层,20,房号,20B,用途,住宅,,建筑面积160.6平方米,户内面积,137.09平方米,分摊面积,23.51平方米,户内面积,--平方米,分摊面积--平方米,建筑面积,--平方米
项目楼栋情况,宝能城花园（西区）1栋,座号,B座,合同号,--,拟售价格,88491元/平方米(按建筑面积计)楼层,20,房号,20C,用途,住宅,,建筑面积157.7平方米,户内面积,134.61平方米,分摊面积,23.09平方米,户内面积,--平方米,分摊面积--平方米,建筑面积,--平方米
项目楼栋情况,宝能城花园（西区）1栋,座号,B座,合同号,--,拟售价格,87041元/平方米(按建筑面积计)楼层,20,房号,20D,用途,住宅,,建筑面积160.64平方米,户内面积,137.13平方米,分摊面积,23.51平方米,户内面积,--平方米,分摊面积--平方米,建筑面积,--平方米
项目楼栋情况,宝能城花园（西区）1栋,座号,B座,合同号,--,拟售价格,91691元/平方米(按建筑面积计)楼层,19,房号,19A,用途,住宅,,建筑面积158.2平方米,户内面积,135.04平方米,分摊面积,23.16平方米,户内面积,--平方米,分摊面积--平方米,建筑面积,--平方米
项目楼栋情况,宝能城花园（西区）1栋,座号,B座,合同号,深(南)网预买字(2019)12291号,拟售价格,--元/平方米(按建筑面积计)楼层,19,房号,19B,用途,住宅,,建筑面积160.6平方米,户内面积,137.09平方米,分摊面积,23.51平方米,户内面积,--平方米,分摊面积--平方米,建筑面积,--平方米
项目楼栋情况,宝能城花园（西区）1栋,座号,B座,合同号,深(南)网预买字(2019)12156号,拟售价格,--元/平方米(按建筑面积计)楼层,19,房号,19C,用途,住宅,,建筑面积157.7平方米,户内面积,134.61平方米,分摊面积,23.09平方米,户内面积,--平方米,分摊面积--平方米,建筑面积,--平方米
项目楼栋情况,宝能城花园（西区）1栋,座号,B座,合同号,--,拟售价格,86941元/平方米(按建筑面积计)楼层,19,房号,19D,用途,住宅,,建筑面积160.64平方米,户内面积,137.13平方米,分摊面积,23.51平方米,户内面积,--平方米,分摊面积--平方米,建筑面积,--平方米
项目楼栋情况,宝能城花园（西区）1栋,座号,B座,合同号,--,拟售价格,90791元/平方米(按建筑面积计)楼层,18,房号,18A,用途,住宅,,建筑面积158.2平方米,户内面积,135.04平方米,分摊面积,23.16平方米,户内面积,--平方米,分摊面积--平方米,建筑面积,--平方米
项目楼栋情况,宝能城花园（西区）1栋,座号,B座,合同号,--,拟售价格,83191元/平方米(按建筑面积计)楼层,18,房号,18B,用途,住宅,,建筑面积160.6平方米,户内面积,137.09平方米,分摊面积,23.51平方米,户内面积,--平方米,分摊面积--平方米,建筑面积,--平方米
项目楼栋情况,宝能城花园（西区）1栋,座号,B座,合同号,--,拟售价格,87491元/平方米(按建筑面积计)楼层,18,房号,18C,用途,住宅,,建筑面积157.7平方米,户内面积,134.61平方米,分摊面积,23.09平方米,户内面积,--平方米,分摊面积--平方米,建筑面积,--平方米
项目楼栋情况,宝能城花园（西区）1栋,座号,B座,合同号,--,拟售价格,85841元/平方米(按建筑面积计)楼层,18,房号,18D,用途,住宅,,建筑面积160.64平方米,户内面积,137.13平方米,分摊面积,23.51平方米,户内面积,--平方米,分摊面积--平方米,建筑面积,--平方米
项目楼栋情况,宝能城花园（西区）1栋,座号,B座,合同号,--,拟售价格,90691元/平方米(按建筑面积计)楼层,17,房号,17A,用途,住宅,,建筑面积158.2平方米,户内面积,135.04平方米,分摊面积,23.16平方米,户内面积,--平方米,分摊面积--平方米,建筑面积,--平方米
项目楼栋情况,宝能城花园（西区）1栋,座号,B座,合同号,--,拟售价格,83091元/平方米(按建筑面积计)楼层,17,房号,17B,用途,住宅,,建筑面积160.6平方米,户内面积,137.09平方米,分摊面积,23.51平方米,户内面积,--平方米,分摊面积--平方米,建筑面积,--平方米
项目楼栋情况,宝能城花园（西区）1栋,座号,B座,合同号,--,拟售价格,87391元/平方米(按建筑面积计)楼层,17,房号,17C,用途,住宅,,建筑面积157.7平方米,户内面积,134.61平方米,分摊面积,23.09平方米,户内面积,--平方米,分摊面积--平方米,建筑面积,--平方米
项目楼栋情况,宝能城花园（西区）1栋,座号,B座,合同号,--,拟售价格,85741元/平方米(按建筑面积计)楼层,17,房号,17D,用途,住宅,,建筑面积160.64平方米,户内面积,137.13平方米,分摊面积,23.51平方米,户内面积,--平方米,分摊面积--平方米,建筑面积,--平方米
项目楼栋情况,宝能城花园（西区）1栋,座号,B座,合同号,--,拟售价格,90591元/平方米(按建筑面积计)楼层,16,房号,16A,用途,住宅,,建筑面积158.2平方米,户内面积,135.04平方米,分摊面积,23.16平方米,户内面积,--平方米,分摊面积--平方米,建筑面积,--平方米
项目楼栋情况,宝能城花园（西区）1栋,座号,B座,合同号,--,拟售价格,82991元/平方米(按建筑面积计)楼层,16,房号,16B,用途,住宅,,建筑面积160.6平方米,户内面积,137.09平方米,分摊面积,23.51平方米,户内面积,--平方米,分摊面积--平方米,建筑面积,--平方米
项目楼栋情况,宝能城花园（西区）1栋,座号,B座,合同号,深(南)网预买字(2019)12400号,拟售价格,--元/平方米(按建筑面积计)楼层,16,房号,16C,用途,住宅,,建筑面积157.7平方米,户内面积,134.61平方米,分摊面积,23.09平方米,户内面积,--平方米,分摊面积--平方米,建筑面积,--平方米
项目楼栋情况,宝能城花园（西区）1栋,座号,B座,合同号,--,拟售价格,85641元/平方米(按建筑面积计)楼层,16,房号,16D,用途,住宅,,建筑面积160.64平方米,户内面积,137.13平方米,分摊面积,23.51平方米,户内面积,--平方米,分摊面积--平方米,建筑面积,--平方米
项目楼栋情况,宝能城花园（西区）1栋,座号,B座,合同号,--,拟售价格,90491元/平方米(按建筑面积计)楼层,15,房号,15A,用途,住宅,,建筑面积158.2平方米,户内面积,135.04平方米,分摊面积,23.16平方米,户内面积,--平方米,分摊面积--平方米,建筑面积,--平方米
项目楼栋情况,宝能城花园（西区）1栋,座号,B座,合同号,--,拟售价格,82891元/平方米(按建筑面积计)楼层,15,房号,15B,用途,住宅,,建筑面积160.6平方米,户内面积,137.09平方米,分摊面积,23.51平方米,户内面积,--平方米,分摊面积--平方米,建筑面积,--平方米
项目楼栋情况,宝能城花园（西区）1栋,座号,B座,合同号,--,拟售价格,87191元/平方米(按建筑面积计)楼层,15,房号,15C,用途,住宅,,建筑面积157.7平方米,户内面积,134.61平方米,分摊面积,23.09平方米,户内面积,--平方米,分摊面积--平方米,建筑面积,--平方米
项目楼栋情况,宝能城花园（西区）1栋,座号,B座,合同号,--,拟售价格,85541元/平方米(按建筑面积计)楼层,15,房号,15D,用途,住宅,,建筑面积160.64平方米,户内面积,137.13平方米,分摊面积,23.51平方米,户内面积,--平方米,分摊面积--平方米,建筑面积,--平方米
项目楼栋情况,宝能城花园（西区）1栋,座号,B座,合同号,--,拟售价格,90391元/平方米(按建筑面积计)楼层,14,房号,14A,用途,住宅,,建筑面积158.2平方米,户内面积,135.04平方米,分摊面积,23.16平方米,户内面积,--平方米,分摊面积--平方米,建筑面积,--平方米
项目楼栋情况,宝能城花园（西区）1栋,座号,B座,合同号,--,拟售价格,82791元/平方米(按建筑面积计)楼层,14,房号,14B,用途,住宅,,建筑面积160.6平方米,户内面积,137.09平方米,分摊面积,23.51平方米,户内面积,--平方米,分摊面积--平方米,建筑面积,--平方米
项目楼栋情况,宝能城花园（西区）1栋,座号,B座,合同号,--,拟售价格,87091元/平方米(按建筑面积计)楼层,14,房号,14C,用途,住宅,,建筑面积157.7平方米,户内面积,134.61平方米,分摊面积,23.09平方米,户内面积,--平方米,分摊面积--平方米,建筑面积,--平方米
项目楼栋情况,宝能城花园（西区）1栋,座号,B座,合同号,--,拟售价格,85441元/平方米(按建筑面积计)楼层,14,房号,14D,用途,住宅,,建筑面积160.64平方米,户内面积,137.13平方米,分摊面积,23.51平方米,户内面积,--平方米,分摊面积--平方米,建筑面积,--平方米
项目楼栋情况,宝能城花园（西区）1栋,座号,B座,合同号,--,拟售价格,90291元/平方米(按建筑面积计)楼层,13,房号,13A,用途,住宅,,建筑面积158.2平方米,户内面积,135.04平方米,分摊面积,23.16平方米,户内面积,--平方米,分摊面积--平方米,建筑面积,--平方米
项目楼栋情况,宝能城花园（西区）1栋,座号,B座,合同号,--,拟售价格,82691元/平方米(按建筑面积计)楼层,13,房号,13B,用途,住宅,,建筑面积160.6平方米,户内面积,137.09平方米,分摊面积,23.51平方米,户内面积,--平方米,分摊面积--平方米,建筑面积,--平方米
项目楼栋情况,宝能城花园（西区）1栋,座号,B座,合同号,--,拟售价格,86991元/平方米(按建筑面积计)楼层,13,房号,13C,用途,住宅,,建筑面积157.7平方米,户内面积,134.61平方米,分摊面积,23.09平方米,户内面积,--平方米,分摊面积--平方米,建筑面积,--平方米
项目楼栋情况,宝能城花园（西区）1栋,座号,B座,合同号,--,拟售价格,85341元/平方米(按建筑面积计)楼层,13,房号,13D,用途,住宅,,建筑面积160.64平方米,户内面积,137.13平方米,分摊面积,23.51平方米,户内面积,--平方米,分摊面积--平方米,建筑面积,--平方米
项目楼栋情况,宝能城花园（西区）1栋,座号,B座,合同号,--,拟售价格,90191元/平方米(按建筑面积计)楼层,12,房号,12A,用途,住宅,,建筑面积158.2平方米,户内面积,135.04平方米,分摊面积,23.16平方米,户内面积,--平方米,分摊面积--平方米,建筑面积,--平方米
项目楼栋情况,宝能城花园（西区）1栋,座号,B座,合同号,--,拟售价格,82391元/平方米(按建筑面积计)楼层,12,房号,12B,用途,住宅,,建筑面积160.6平方米,户内面积,137.09平方米,分摊面积,23.51平方米,户内面积,--平方米,分摊面积--平方米,建筑面积,--平方米
项目楼栋情况,宝能城花园（西区）1栋,座号,B座,合同号,--,拟售价格,86891元/平方米(按建筑面积计)楼层,12,房号,12C,用途,住宅,,建筑面积157.7平方米,户内面积,134.61平方米,分摊面积,23.09平方米,户内面积,--平方米,分摊面积--平方米,建筑面积,--平方米
项目楼栋情况,宝能城花园（西区）1栋,座号,B座,合同号,--,拟售价格,85141元/平方米(按建筑面积计)楼层,12,房号,12D,用途,住宅,,建筑面积160.64平方米,户内面积,137.13平方米,分摊面积,23.51平方米,户内面积,--平方米,分摊面积--平方米,建筑面积,--平方米
项目楼栋情况,宝能城花园（西区）1栋,座号,B座,合同号,--,拟售价格,90091元/平方米(按建筑面积计)楼层,11,房号,11A,用途,住宅,,建筑面积158.2平方米,户内面积,135.04平方米,分摊面积,23.16平方米,户内面积,--平方米,分摊面积--平方米,建筑面积,--平方米
项目楼栋情况,宝能城花园（西区）1栋,座号,B座,合同号,--,拟售价格,82291元/平方米(按建筑面积计)楼层,11,房号,11B,用途,住宅,,建筑面积160.6平方米,户内面积,137.09平方米,分摊面积,23.51平方米,户内面积,--平方米,分摊面积--平方米,建筑面积,--平方米
项目楼栋情况,宝能城花园（西区）1栋,座号,B座,合同号,--,拟售价格,86791元/平方米(按建筑面积计)楼层,11,房号,11C,用途,住宅,,建筑面积157.7平方米,户内面积,134.61平方米,分摊面积,23.09平方米,户内面积,--平方米,分摊面积--平方米,建筑面积,--平方米
项目楼栋情况,宝能城花园（西区）1栋,座号,B座,合同号,--,拟售价格,85041元/平方米(按建筑面积计)楼层,11,房号,11D,用途,住宅,,建筑面积160.64平方米,户内面积,137.13平方米,分摊面积,23.51平方米,户内面积,--平方米,分摊面积--平方米,建筑面积,--平方米
项目楼栋情况,宝能城花园（西区）1栋,座号,B座,合同号,--,拟售价格,89991元/平方米(按建筑面积计)楼层,10,房号,10A,用途,住宅,,建筑面积158.2平方米,户内面积,135.04平方米,分摊面积,23.16平方米,户内面积,--平方米,分摊面积--平方米,建筑面积,--平方米
项目楼栋情况,宝能城花园（西区）1栋,座号,B座,合同号,--,拟售价格,82191元/平方米(按建筑面积计)楼层,10,房号,10B,用途,住宅,,建筑面积160.6平方米,户内面积,137.09平方米,分摊面积,23.51平方米,户内面积,--平方米,分摊面积--平方米,建筑面积,--平方米
项目楼栋情况,宝能城花园（西区）1栋,座号,B座,合同号,--,拟售价格,86691元/平方米(按建筑面积计)楼层,10,房号,10C,用途,住宅,,建筑面积157.7平方米,户内面积,134.61平方米,分摊面积,23.09平方米,户内面积,--平方米,分摊面积--平方米,建筑面积,--平方米
项目楼栋情况,宝能城花园（西区）1栋,座号,B座,合同号,--,拟售价格,84941元/平方米(按建筑面积计)楼层,10,房号,10D,用途,住宅,,建筑面积160.64平方米,户内面积,137.13平方米,分摊面积,23.51平方米,户内面积,--平方米,分摊面积--平方米,建筑面积,--平方米
项目楼栋情况,宝能城花园（西区）1栋,座号,B座,合同号,--,拟售价格,89891元/平方米(按建筑面积计)楼层,9,房号,9A,用途,住宅,,建筑面积158.2平方米,户内面积,135.04平方米,分摊面积,23.16平方米,户内面积,--平方米,分摊面积--平方米,建筑面积,--平方米
项目楼栋情况,宝能城花园（西区）1栋,座号,B座,合同号,--,拟售价格,82091元/平方米(按建筑面积计)楼层,9,房号,9B,用途,住宅,,建筑面积160.6平方米,户内面积,137.09平方米,分摊面积,23.51平方米,户内面积,--平方米,分摊面积--平方米,建筑面积,--平方米
项目楼栋情况,宝能城花园（西区）1栋,座号,B座,合同号,--,拟售价格,86591元/平方米(按建筑面积计)楼层,9,房号,9C,用途,住宅,,建筑面积157.7平方米,户内面积,134.61平方米,分摊面积,23.09平方米,户内面积,--平方米,分摊面积--平方米,建筑面积,--平方米
项目楼栋情况,宝能城花园（西区）1栋,座号,B座,合同号,--,拟售价格,84841元/平方米(按建筑面积计)楼层,9,房号,9D,用途,住宅,,建筑面积160.64平方米,户内面积,137.13平方米,分摊面积,23.51平方米,户内面积,--平方米,分摊面积--平方米,建筑面积,--平方米
项目楼栋情况,宝能城花园（西区）1栋,座号,B座,合同号,--,拟售价格,89291元/平方米(按建筑面积计)楼层,8,房号,8A,用途,住宅,,建筑面积158.2平方米,户内面积,135.04平方米,分摊面积,23.16平方米,户内面积,--平方米,分摊面积--平方米,建筑面积,--平方米
项目楼栋情况,宝能城花园（西区）1栋,座号,B座,合同号,--,拟售价格,81491元/平方米(按建筑面积计)楼层,8,房号,8B,用途,住宅,,建筑面积160.6平方米,户内面积,137.09平方米,分摊面积,23.51平方米,户内面积,--平方米,分摊面积--平方米,建筑面积,--平方米
项目楼栋情况,宝能城花园（西区）1栋,座号,B座,合同号,--,拟售价格,85991元/平方米(按建筑面积计)楼层,8,房号,8C,用途,住宅,,建筑面积157.7平方米,户内面积,134.61平方米,分摊面积,23.09平方米,户内面积,--平方米,分摊面积--平方米,建筑面积,--平方米
项目楼栋情况,宝能城花园（西区）1栋,座号,B座,合同号,--,拟售价格,84241元/平方米(按建筑面积计)楼层,8,房号,8D,用途,住宅,,建筑面积160.64平方米,户内面积,137.13平方米,分摊面积,23.51平方米,户内面积,--平方米,分摊面积--平方米,建筑面积,--平方米
项目楼栋情况,宝能城花园（西区）1栋,座号,B座,合同号,--,拟售价格,89191元/平方米(按建筑面积计)楼层,7,房号,7A,用途,住宅,,建筑面积158.2平方米,户内面积,135.04平方米,分摊面积,23.16平方米,户内面积,--平方米,分摊面积--平方米,建筑面积,--平方米
项目楼栋情况,宝能城花园（西区）1栋,座号,B座,合同号,--,拟售价格,81391元/平方米(按建筑面积计)楼层,7,房号,7B,用途,住宅,,建筑面积160.6平方米,户内面积,137.09平方米,分摊面积,23.51平方米,户内面积,--平方米,分摊面积--平方米,建筑面积,--平方米
项目楼栋情况,宝能城花园（西区）1栋,座号,B座,合同号,--,拟售价格,85891元/平方米(按建筑面积计)楼层,7,房号,7C,用途,住宅,,建筑面积157.7平方米,户内面积,134.61平方米,分摊面积,23.09平方米,户内面积,--平方米,分摊面积--平方米,建筑面积,--平方米
项目楼栋情况,宝能城花园（西区）1栋,座号,B座,合同号,--,拟售价格,84141元/平方米(按建筑面积计)楼层,7,房号,7D,用途,住宅,,建筑面积160.64平方米,户内面积,137.13平方米,分摊面积,23.51平方米,户内面积,--平方米,分摊面积--平方米,建筑面积,--平方米
项目楼栋情况,宝能城花园（西区）1栋,座号,B座,合同号,--,拟售价格,89091元/平方米(按建筑面积计)楼层,6,房号,6A,用途,住宅,,建筑面积158.2平方米,户内面积,135.04平方米,分摊面积,23.16平方米,户内面积,--平方米,分摊面积--平方米,建筑面积,--平方米
项目楼栋情况,宝能城花园（西区）1栋,座号,B座,合同号,--,拟售价格,81291元/平方米(按建筑面积计)楼层,6,房号,6B,用途,住宅,,建筑面积160.6平方米,户内面积,137.09平方米,分摊面积,23.51平方米,户内面积,--平方米,分摊面积--平方米,建筑面积,--平方米
项目楼栋情况,宝能城花园（西区）1栋,座号,B座,合同号,深(南)网预买字(2019)12403号,拟售价格,--元/平方米(按建筑面积计)楼层,6,房号,6C,用途,住宅,,建筑面积157.7平方米,户内面积,134.61平方米,分摊面积,23.09平方米,户内面积,--平方米,分摊面积--平方米,建筑面积,--平方米
项目楼栋情况,宝能城花园（西区）1栋,座号,B座,合同号,--,拟售价格,84041元/平方米(按建筑面积计)楼层,6,房号,6D,用途,住宅,,建筑面积160.64平方米,户内面积,137.13平方米,分摊面积,23.51平方米,户内面积,--平方米,分摊面积--平方米,建筑面积,--平方米
项目楼栋情况,宝能城花园（西区）1栋,座号,B座,合同号,--,拟售价格,88991元/平方米(按建筑面积计)楼层,5,房号,5A,用途,住宅,,建筑面积158.2平方米,户内面积,135.04平方米,分摊面积,23.16平方米,户内面积,--平方米,分摊面积--平方米,建筑面积,--平方米
项目楼栋情况,宝能城花园（西区）1栋,座号,B座,合同号,--,拟售价格,81091元/平方米(按建筑面积计)楼层,5,房号,5B,用途,住宅,,建筑面积160.6平方米,户内面积,137.09平方米,分摊面积,23.51平方米,户内面积,--平方米,分摊面积--平方米,建筑面积,--平方米
项目楼栋情况,宝能城花园（西区）1栋,座号,B座,合同号,--,拟售价格,85691元/平方米(按建筑面积计)楼层,5,房号,5C,用途,住宅,,建筑面积157.7平方米,户内面积,134.61平方米,分摊面积,23.09平方米,户内面积,--平方米,分摊面积--平方米,建筑面积,--平方米
项目楼栋情况,宝能城花园（西区）1栋,座号,B座,合同号,--,拟售价格,83741元/平方米(按建筑面积计)楼层,5,房号,5D,用途,住宅,,建筑面积160.64平方米,户内面积,137.13平方米,分摊面积,23.51平方米,户内面积,--平方米,分摊面积--平方米,建筑面积,--平方米
项目楼栋情况,宝能城花园（西区）1栋,座号,B座,合同号,--,拟售价格,88891元/平方米(按建筑面积计)楼层,4,房号,4A,用途,住宅,,建筑面积158.2平方米,户内面积,135.04平方米,分摊面积,23.16平方米,户内面积,--平方米,分摊面积--平方米,建筑面积,--平方米
项目楼栋情况,宝能城花园（西区）1栋,座号,B座,合同号,--,拟售价格,80991元/平方米(按建筑面积计)楼层,4,房号,4B,用途,住宅,,建筑面积160.6平方米,户内面积,137.09平方米,分摊面积,23.51平方米,户内面积,--平方米,分摊面积--平方米,建筑面积,--平方米
项目楼栋情况,宝能城花园（西区）1栋,座号,B座,合同号,--,拟售价格,85591元/平方米(按建筑面积计)楼层,4,房号,4C,用途,住宅,,建筑面积157.7平方米,户内面积,134.61平方米,分摊面积,23.09平方米,户内面积,--平方米,分摊面积--平方米,建筑面积,--平方米
项目楼栋情况,宝能城花园（西区）1栋,座号,B座,合同号,--,拟售价格,83641元/平方米(按建筑面积计)楼层,4,房号,4D,用途,住宅,,建筑面积160.64平方米,户内面积,137.13平方米,分摊面积,23.51平方米,户内面积,--平方米,分摊面积--平方米,建筑面积,--平方米
项目楼栋情况,宝能城花园（西区）1栋,座号,B座,合同号,--,拟售价格,88791元/平方米(按建筑面积计)楼层,3,房号,3A,用途,住宅,,建筑面积158.2平方米,户内面积,135.04平方米,分摊面积,23.16平方米,户内面积,--平方米,分摊面积--平方米,建筑面积,--平方米
项目楼栋情况,宝能城花园（西区）1栋,座号,B座,合同号,--,拟售价格,80891元/平方米(按建筑面积计)楼层,3,房号,3B,用途,住宅,,建筑面积160.6平方米,户内面积,137.09平方米,分摊面积,23.51平方米,户内面积,--平方米,分摊面积--平方米,建筑面积,--平方米
项目楼栋情况,宝能城花园（西区）1栋,座号,B座,合同号,--,拟售价格,85491元/平方米(按建筑面积计)楼层,3,房号,3C,用途,住宅,,建筑面积157.7平方米,户内面积,134.61平方米,分摊面积,23.09平方米,户内面积,--平方米,分摊面积--平方米,建筑面积,--平方米
项目楼栋情况,宝能城花园（西区）1栋,座号,B座,合同号,--,拟售价格,83541元/平方米(按建筑面积计)楼层,3,房号,3D,用途,住宅,,建筑面积160.64平方米,户内面积,137.13平方米,分摊面积,23.51平方米,户内面积,--平方米,分摊面积--平方米,建筑面积,--平方米
项目楼栋情况,宝能城花园（西区）1栋,座号,B座,合同号,--,拟售价格,88191元/平方米(按建筑面积计)楼层,2,房号,2A,用途,住宅,,建筑面积158.2平方米,户内面积,135.04平方米,分摊面积,23.16平方米,户内面积,--平方米,分摊面积--平方米,建筑面积,--平方米
项目楼栋情况,宝能城花园（西区）1栋,座号,B座,合同号,--,拟售价格,80291元/平方米(按建筑面积计)楼层,2,房号,2B,用途,住宅,,建筑面积160.6平方米,户内面积,137.09平方米,分摊面积,23.51平方米,户内面积,--平方米,分摊面积--平方米,建筑面积,--平方米
项目楼栋情况,宝能城花园（西区）1栋,座号,B座,合同号,--,拟售价格,84891元/平方米(按建筑面积计)楼层,2,房号,2C,用途,住宅,,建筑面积157.7平方米,户内面积,134.61平方米,分摊面积,23.09平方米,户内面积,--平方米,分摊面积--平方米,建筑面积,--平方米
项目楼栋情况,宝能城花园（西区）1栋,座号,B座,合同号,--,拟售价格,82941元/平方米(按建筑面积计)楼层,2,房号,2D,用途,住宅,,建筑面积160.64平方米,户内面积,137.13平方米,分摊面积,23.51平方米,户内面积,--平方米,分摊面积--平方米,建筑面积,--平方米
项目楼栋情况,宝能城花园（西区）1栋,座号,A座,合同号,--,拟售价格,66491元/平方米(按建筑面积计)楼层,25,房号,25A,用途,住宅,,建筑面积158.3平方米,户内面积,135.04平方米,分摊面积,23.26平方米,户内面积,--平方米,分摊面积--平方米,建筑面积,--平方米
项目楼栋情况,宝能城花园（西区）1栋,座号,A座,合同号,--,拟售价格,64391元/平方米(按建筑面积计)楼层,25,房号,25B,用途,住宅,,建筑面积160.7平方米,户内面积,137.09平方米,分摊面积,23.61平方米,户内面积,--平方米,分摊面积--平方米,建筑面积,--平方米
项目楼栋情况,宝能城花园（西区）1栋,座号,A座,合同号,--,拟售价格,69041元/平方米(按建筑面积计)楼层,25,房号,25C,用途,住宅,,建筑面积157.8平方米,户内面积,134.61平方米,分摊面积,23.19平方米,户内面积,--平方米,分摊面积--平方米,建筑面积,--平方米
项目楼栋情况,宝能城花园（西区）1栋,座号,A座,合同号,--,拟售价格,65741元/平方米(按建筑面积计)楼层,25,房号,25D,用途,住宅,,建筑面积160.74平方米,户内面积,137.13平方米,分摊面积,23.61平方米,户内面积,--平方米,分摊面积--平方米,建筑面积,--平方米
项目楼栋情况,宝能城花园（西区）1栋,座号,A座,合同号,--,拟售价格,85391元/平方米(按建筑面积计)楼层,24,房号,24A,用途,住宅,,建筑面积158.3平方米,户内面积,135.04平方米,分摊面积,23.26平方米,户内面积,--平方米,分摊面积--平方米,建筑面积,--平方米
项目楼栋情况,宝能城花园（西区）1栋,座号,A座,合同号,--,拟售价格,83291元/平方米(按建筑面积计)楼层,24,房号,24B,用途,住宅,,建筑面积160.7平方米,户内面积,137.09平方米,分摊面积,23.61平方米,户内面积,--平方米,分摊面积--平方米,建筑面积,--平方米
项目楼栋情况,宝能城花园（西区）1栋,座号,A座,合同号,--,拟售价格,87941元/平方米(按建筑面积计)楼层,24,房号,24C,用途,住宅,,建筑面积157.8平方米,户内面积,134.61平方米,分摊面积,23.19平方米,户内面积,--平方米,分摊面积--平方米,建筑面积,--平方米
项目楼栋情况,宝能城花园（西区）1栋,座号,A座,合同号,--,拟售价格,84641元/平方米(按建筑面积计)楼层,24,房号,24D,用途,住宅,,建筑面积160.74平方米,户内面积,137.13平方米,分摊面积,23.61平方米,户内面积,--平方米,分摊面积--平方米,建筑面积,--平方米
项目楼栋情况,宝能城花园（西区）1栋,座号,A座,合同号,--,拟售价格,85291元/平方米(按建筑面积计)楼层,23,房号,23A,用途,住宅,,建筑面积158.3平方米,户内面积,135.04平方米,分摊面积,23.26平方米,户内面积,--平方米,分摊面积--平方米,建筑面积,--平方米
项目楼栋情况,宝能城花园（西区）1栋,座号,A座,合同号,--,拟售价格,83191元/平方米(按建筑面积计)楼层,23,房号,23B,用途,住宅,,建筑面积160.7平方米,户内面积,137.09平方米,分摊面积,23.61平方米,户内面积,--平方米,分摊面积--平方米,建筑面积,--平方米
项目楼栋情况,宝能城花园（西区）1栋,座号,A座,合同号,--,拟售价格,87841元/平方米(按建筑面积计)楼层,23,房号,23C,用途,住宅,,建筑面积157.8平方米,户内面积,134.61平方米,分摊面积,23.19平方米,户内面积,--平方米,分摊面积--平方米,建筑面积,--平方米
项目楼栋情况,宝能城花园（西区）1栋,座号,A座,合同号,--,拟售价格,84541元/平方米(按建筑面积计)楼层,23,房号,23D,用途,住宅,,建筑面积160.74平方米,户内面积,137.13平方米,分摊面积,23.61平方米,户内面积,--平方米,分摊面积--平方米,建筑面积,--平方米
项目楼栋情况,宝能城花园（西区）1栋,座号,A座,合同号,--,拟售价格,85191元/平方米(按建筑面积计)楼层,22,房号,22A,用途,住宅,,建筑面积158.3平方米,户内面积,135.04平方米,分摊面积,23.26平方米,户内面积,--平方米,分摊面积--平方米,建筑面积,--平方米
项目楼栋情况,宝能城花园（西区）1栋,座号,A座,合同号,--,拟售价格,83091元/平方米(按建筑面积计)楼层,22,房号,22B,用途,住宅,,建筑面积160.7平方米,户内面积,137.09平方米,分摊面积,23.61平方米,户内面积,--平方米,分摊面积--平方米,建筑面积,--平方米
项目楼栋情况,宝能城花园（西区）1栋,座号,A座,合同号,--,拟售价格,87741元/平方米(按建筑面积计)楼层,22,房号,22C,用途,住宅,,建筑面积157.8平方米,户内面积,134.61平方米,分摊面积,23.19平方米,户内面积,--平方米,分摊面积--平方米,建筑面积,--平方米
项目楼栋情况,宝能城花园（西区）1栋,座号,A座,合同号,--,拟售价格,84441元/平方米(按建筑面积计)楼层,22,房号,22D,用途,住宅,,建筑面积160.74平方米,户内面积,137.13平方米,分摊面积,23.61平方米,户内面积,--平方米,分摊面积--平方米,建筑面积,--平方米
项目楼栋情况,宝能城花园（西区）1栋,座号,A座,合同号,--,拟售价格,85091元/平方米(按建筑面积计)楼层,21,房号,21A,用途,住宅,,建筑面积158.3平方米,户内面积,135.04平方米,分摊面积,23.26平方米,户内面积,--平方米,分摊面积--平方米,建筑面积,--平方米
项目楼栋情况,宝能城花园（西区）1栋,座号,A座,合同号,--,拟售价格,82991元/平方米(按建筑面积计)楼层,21,房号,21B,用途,住宅,,建筑面积160.7平方米,户内面积,137.09平方米,分摊面积,23.61平方米,户内面积,--平方米,分摊面积--平方米,建筑面积,--平方米
项目楼栋情况,宝能城花园（西区）1栋,座号,A座,合同号,--,拟售价格,87641元/平方米(按建筑面积计)楼层,21,房号,21C,用途,住宅,,建筑面积157.8平方米,户内面积,134.61平方米,分摊面积,23.19平方米,户内面积,--平方米,分摊面积--平方米,建筑面积,--平方米
项目楼栋情况,宝能城花园（西区）1栋,座号,A座,合同号,--,拟售价格,84341元/平方米(按建筑面积计)楼层,21,房号,21D,用途,住宅,,建筑面积160.74平方米,户内面积,137.13平方米,分摊面积,23.61平方米,户内面积,--平方米,分摊面积--平方米,建筑面积,--平方米
项目楼栋情况,宝能城花园（西区）1栋,座号,A座,合同号,--,拟售价格,84991元/平方米(按建筑面积计)楼层,20,房号,20A,用途,住宅,,建筑面积158.3平方米,户内面积,135.04平方米,分摊面积,23.26平方米,户内面积,--平方米,分摊面积--平方米,建筑面积,--平方米
项目楼栋情况,宝能城花园（西区）1栋,座号,A座,合同号,--,拟售价格,82891元/平方米(按建筑面积计)楼层,20,房号,20B,用途,住宅,,建筑面积160.7平方米,户内面积,137.09平方米,分摊面积,23.61平方米,户内面积,--平方米,分摊面积--平方米,建筑面积,--平方米
项目楼栋情况,宝能城花园（西区）1栋,座号,A座,合同号,--,拟售价格,87541元/平方米(按建筑面积计)楼层,20,房号,20C,用途,住宅,,建筑面积157.8平方米,户内面积,134.61平方米,分摊面积,23.19平方米,户内面积,--平方米,分摊面积--平方米,建筑面积,--平方米
项目楼栋情况,宝能城花园（西区）1栋,座号,A座,合同号,--,拟售价格,84241元/平方米(按建筑面积计)楼层,20,房号,20D,用途,住宅,,建筑面积160.74平方米,户内面积,137.13平方米,分摊面积,23.61平方米,户内面积,--平方米,分摊面积--平方米,建筑面积,--平方米
项目楼栋情况,宝能城花园（西区）1栋,座号,A座,合同号,--,拟售价格,84891元/平方米(按建筑面积计)楼层,19,房号,19A,用途,住宅,,建筑面积158.3平方米,户内面积,135.04平方米,分摊面积,23.26平方米,户内面积,--平方米,分摊面积--平方米,建筑面积,--平方米
项目楼栋情况,宝能城花园（西区）1栋,座号,A座,合同号,--,拟售价格,82791元/平方米(按建筑面积计)楼层,19,房号,19B,用途,住宅,,建筑面积160.7平方米,户内面积,137.09平方米,分摊面积,23.61平方米,户内面积,--平方米,分摊面积--平方米,建筑面积,--平方米
项目楼栋情况,宝能城花园（西区）1栋,座号,A座,合同号,--,拟售价格,87441元/平方米(按建筑面积计)楼层,19,房号,19C,用途,住宅,,建筑面积157.8平方米,户内面积,134.61平方米,分摊面积,23.19平方米,户内面积,--平方米,分摊面积--平方米,建筑面积,--平方米
项目楼栋情况,宝能城花园（西区）1栋,座号,A座,合同号,--,拟售价格,84141元/平方米(按建筑面积计)楼层,19,房号,19D,用途,住宅,,建筑面积160.74平方米,户内面积,137.13平方米,分摊面积,23.61平方米,户内面积,--平方米,分摊面积--平方米,建筑面积,--平方米
项目楼栋情况,宝能城花园（西区）1栋,座号,A座,合同号,--,拟售价格,83791元/平方米(按建筑面积计)楼层,18,房号,18A,用途,住宅,,建筑面积158.3平方米,户内面积,135.04平方米,分摊面积,23.26平方米,户内面积,--平方米,分摊面积--平方米,建筑面积,--平方米
项目楼栋情况,宝能城花园（西区）1栋,座号,A座,合同号,--,拟售价格,81891元/平方米(按建筑面积计)楼层,18,房号,18B,用途,住宅,,建筑面积160.7平方米,户内面积,137.09平方米,分摊面积,23.61平方米,户内面积,--平方米,分摊面积--平方米,建筑面积,--平方米
项目楼栋情况,宝能城花园（西区）1栋,座号,A座,合同号,--,拟售价格,86541元/平方米(按建筑面积计)楼层,18,房号,18C,用途,住宅,,建筑面积157.8平方米,户内面积,134.61平方米,分摊面积,23.19平方米,户内面积,--平方米,分摊面积--平方米,建筑面积,--平方米
项目楼栋情况,宝能城花园（西区）1栋,座号,A座,合同号,--,拟售价格,83041元/平方米(按建筑面积计)楼层,18,房号,18D,用途,住宅,,建筑面积160.74平方米,户内面积,137.13平方米,分摊面积,23.61平方米,户内面积,--平方米,分摊面积--平方米,建筑面积,--平方米
项目楼栋情况,宝能城花园（西区）1栋,座号,A座,合同号,--,拟售价格,83691元/平方米(按建筑面积计)楼层,17,房号,17A,用途,住宅,,建筑面积158.3平方米,户内面积,135.04平方米,分摊面积,23.26平方米,户内面积,--平方米,分摊面积--平方米,建筑面积,--平方米
项目楼栋情况,宝能城花园（西区）1栋,座号,A座,合同号,--,拟售价格,81791元/平方米(按建筑面积计)楼层,17,房号,17B,用途,住宅,,建筑面积160.7平方米,户内面积,137.09平方米,分摊面积,23.61平方米,户内面积,--平方米,分摊面积--平方米,建筑面积,--平方米
项目楼栋情况,宝能城花园（西区）1栋,座号,A座,合同号,--,拟售价格,86441元/平方米(按建筑面积计)楼层,17,房号,17C,用途,住宅,,建筑面积157.8平方米,户内面积,134.61平方米,分摊面积,23.19平方米,户内面积,--平方米,分摊面积--平方米,建筑面积,--平方米
项目楼栋情况,宝能城花园（西区）1栋,座号,A座,合同号,--,拟售价格,82941元/平方米(按建筑面积计)楼层,17,房号,17D,用途,住宅,,建筑面积160.74平方米,户内面积,137.13平方米,分摊面积,23.61平方米,户内面积,--平方米,分摊面积--平方米,建筑面积,--平方米
项目楼栋情况,宝能城花园（西区）1栋,座号,A座,合同号,--,拟售价格,83591元/平方米(按建筑面积计)楼层,16,房号,16A,用途,住宅,,建筑面积158.3平方米,户内面积,135.04平方米,分摊面积,23.26平方米,户内面积,--平方米,分摊面积--平方米,建筑面积,--平方米
项目楼栋情况,宝能城花园（西区）1栋,座号,A座,合同号,--,拟售价格,81691元/平方米(按建筑面积计)楼层,16,房号,16B,用途,住宅,,建筑面积160.7平方米,户内面积,137.09平方米,分摊面积,23.61平方米,户内面积,--平方米,分摊面积--平方米,建筑面积,--平方米
项目楼栋情况,宝能城花园（西区）1栋,座号,A座,合同号,--,拟售价格,86341元/平方米(按建筑面积计)楼层,16,房号,16C,用途,住宅,,建筑面积157.8平方米,户内面积,134.61平方米,分摊面积,23.19平方米,户内面积,--平方米,分摊面积--平方米,建筑面积,--平方米
项目楼栋情况,宝能城花园（西区）1栋,座号,A座,合同号,--,拟售价格,82841元/平方米(按建筑面积计)楼层,16,房号,16D,用途,住宅,,建筑面积160.74平方米,户内面积,137.13平方米,分摊面积,23.61平方米,户内面积,--平方米,分摊面积--平方米,建筑面积,--平方米
项目楼栋情况,宝能城花园（西区）1栋,座号,A座,合同号,--,拟售价格,83491元/平方米(按建筑面积计)楼层,15,房号,15A,用途,住宅,,建筑面积158.3平方米,户内面积,135.04平方米,分摊面积,23.26平方米,户内面积,--平方米,分摊面积--平方米,建筑面积,--平方米
项目楼栋情况,宝能城花园（西区）1栋,座号,A座,合同号,--,拟售价格,81591元/平方米(按建筑面积计)楼层,15,房号,15B,用途,住宅,,建筑面积160.7平方米,户内面积,137.09平方米,分摊面积,23.61平方米,户内面积,--平方米,分摊面积--平方米,建筑面积,--平方米
项目楼栋情况,宝能城花园（西区）1栋,座号,A座,合同号,--,拟售价格,86241元/平方米(按建筑面积计)楼层,15,房号,15C,用途,住宅,,建筑面积157.8平方米,户内面积,134.61平方米,分摊面积,23.19平方米,户内面积,--平方米,分摊面积--平方米,建筑面积,--平方米
项目楼栋情况,宝能城花园（西区）1栋,座号,A座,合同号,--,拟售价格,82741元/平方米(按建筑面积计)楼层,15,房号,15D,用途,住宅,,建筑面积160.74平方米,户内面积,137.13平方米,分摊面积,23.61平方米,户内面积,--平方米,分摊面积--平方米,建筑面积,--平方米
项目楼栋情况,宝能城花园（西区）1栋,座号,A座,合同号,--,拟售价格,83391元/平方米(按建筑面积计)楼层,14,房号,14A,用途,住宅,,建筑面积158.3平方米,户内面积,135.04平方米,分摊面积,23.26平方米,户内面积,--平方米,分摊面积--平方米,建筑面积,--平方米
项目楼栋情况,宝能城花园（西区）1栋,座号,A座,合同号,--,拟售价格,81491元/平方米(按建筑面积计)楼层,14,房号,14B,用途,住宅,,建筑面积160.7平方米,户内面积,137.09平方米,分摊面积,23.61平方米,户内面积,--平方米,分摊面积--平方米,建筑面积,--平方米
项目楼栋情况,宝能城花园（西区）1栋,座号,A座,合同号,--,拟售价格,86141元/平方米(按建筑面积计)楼层,14,房号,14C,用途,住宅,,建筑面积157.8平方米,户内面积,134.61平方米,分摊面积,23.19平方米,户内面积,--平方米,分摊面积--平方米,建筑面积,--平方米
项目楼栋情况,宝能城花园（西区）1栋,座号,A座,合同号,--,拟售价格,82641元/平方米(按建筑面积计)楼层,14,房号,14D,用途,住宅,,建筑面积160.74平方米,户内面积,137.13平方米,分摊面积,23.61平方米,户内面积,--平方米,分摊面积--平方米,建筑面积,--平方米
项目楼栋情况,宝能城花园（西区）1栋,座号,A座,合同号,--,拟售价格,83291元/平方米(按建筑面积计)楼层,13,房号,13A,用途,住宅,,建筑面积158.3平方米,户内面积,135.04平方米,分摊面积,23.26平方米,户内面积,--平方米,分摊面积--平方米,建筑面积,--平方米
项目楼栋情况,宝能城花园（西区）1栋,座号,A座,合同号,--,拟售价格,81391元/平方米(按建筑面积计)楼层,13,房号,13B,用途,住宅,,建筑面积160.7平方米,户内面积,137.09平方米,分摊面积,23.61平方米,户内面积,--平方米,分摊面积--平方米,建筑面积,--平方米
项目楼栋情况,宝能城花园（西区）1栋,座号,A座,合同号,--,拟售价格,86041元/平方米(按建筑面积计)楼层,13,房号,13C,用途,住宅,,建筑面积157.8平方米,户内面积,134.61平方米,分摊面积,23.19平方米,户内面积,--平方米,分摊面积--平方米,建筑面积,--平方米
项目楼栋情况,宝能城花园（西区）1栋,座号,A座,合同号,--,拟售价格,82541元/平方米(按建筑面积计)楼层,13,房号,13D,用途,住宅,,建筑面积160.74平方米,户内面积,137.13平方米,分摊面积,23.61平方米,户内面积,--平方米,分摊面积--平方米,建筑面积,--平方米
项目楼栋情况,宝能城花园（西区）1栋,座号,A座,合同号,--,拟售价格,82891元/平方米(按建筑面积计)楼层,12,房号,12A,用途,住宅,,建筑面积158.3平方米,户内面积,135.04平方米,分摊面积,23.26平方米,户内面积,--平方米,分摊面积--平方米,建筑面积,--平方米
项目楼栋情况,宝能城花园（西区）1栋,座号,A座,合同号,--,拟售价格,80991元/平方米(按建筑面积计)楼层,12,房号,12B,用途,住宅,,建筑面积160.7平方米,户内面积,137.09平方米,分摊面积,23.61平方米,户内面积,--平方米,分摊面积--平方米,建筑面积,--平方米
项目楼栋情况,宝能城花园（西区）1栋,座号,A座,合同号,--,拟售价格,86141元/平方米(按建筑面积计)楼层,12,房号,12C,用途,住宅,,建筑面积157.8平方米,户内面积,134.61平方米,分摊面积,23.19平方米,户内面积,--平方米,分摊面积--平方米,建筑面积,--平方米
项目楼栋情况,宝能城花园（西区）1栋,座号,A座,合同号,--,拟售价格,80141元/平方米(按建筑面积计)楼层,12,房号,12D,用途,住宅,,建筑面积160.74平方米,户内面积,137.13平方米,分摊面积,23.61平方米,户内面积,--平方米,分摊面积--平方米,建筑面积,--平方米
项目楼栋情况,宝能城花园（西区）1栋,座号,A座,合同号,--,拟售价格,82791元/平方米(按建筑面积计)楼层,11,房号,11A,用途,住宅,,建筑面积158.3平方米,户内面积,135.04平方米,分摊面积,23.26平方米,户内面积,--平方米,分摊面积--平方米,建筑面积,--平方米
项目楼栋情况,宝能城花园（西区）1栋,座号,A座,合同号,--,拟售价格,80891元/平方米(按建筑面积计)楼层,11,房号,11B,用途,住宅,,建筑面积160.7平方米,户内面积,137.09平方米,分摊面积,23.61平方米,户内面积,--平方米,分摊面积--平方米,建筑面积,--平方米
项目楼栋情况,宝能城花园（西区）1栋,座号,A座,合同号,--,拟售价格,86041元/平方米(按建筑面积计)楼层,11,房号,11C,用途,住宅,,建筑面积157.8平方米,户内面积,134.61平方米,分摊面积,23.19平方米,户内面积,--平方米,分摊面积--平方米,建筑面积,--平方米
项目楼栋情况,宝能城花园（西区）1栋,座号,A座,合同号,--,拟售价格,80041元/平方米(按建筑面积计)楼层,11,房号,11D,用途,住宅,,建筑面积160.74平方米,户内面积,137.13平方米,分摊面积,23.61平方米,户内面积,--平方米,分摊面积--平方米,建筑面积,--平方米
项目楼栋情况,宝能城花园（西区）1栋,座号,A座,合同号,--,拟售价格,82691元/平方米(按建筑面积计)楼层,10,房号,10A,用途,住宅,,建筑面积158.3平方米,户内面积,135.04平方米,分摊面积,23.26平方米,户内面积,--平方米,分摊面积--平方米,建筑面积,--平方米
项目楼栋情况,宝能城花园（西区）1栋,座号,A座,合同号,--,拟售价格,80791元/平方米(按建筑面积计)楼层,10,房号,10B,用途,住宅,,建筑面积160.7平方米,户内面积,137.09平方米,分摊面积,23.61平方米,户内面积,--平方米,分摊面积--平方米,建筑面积,--平方米
项目楼栋情况,宝能城花园（西区）1栋,座号,A座,合同号,--,拟售价格,85941元/平方米(按建筑面积计)楼层,10,房号,10C,用途,住宅,,建筑面积157.8平方米,户内面积,134.61平方米,分摊面积,23.19平方米,户内面积,--平方米,分摊面积--平方米,建筑面积,--平方米
项目楼栋情况,宝能城花园（西区）1栋,座号,A座,合同号,--,拟售价格,79941元/平方米(按建筑面积计)楼层,10,房号,10D,用途,住宅,,建筑面积160.74平方米,户内面积,137.13平方米,分摊面积,23.61平方米,户内面积,--平方米,分摊面积--平方米,建筑面积,--平方米
项目楼栋情况,宝能城花园（西区）1栋,座号,A座,合同号,--,拟售价格,82591元/平方米(按建筑面积计)楼层,9,房号,9A,用途,住宅,,建筑面积158.3平方米,户内面积,135.04平方米,分摊面积,23.26平方米,户内面积,--平方米,分摊面积--平方米,建筑面积,--平方米
项目楼栋情况,宝能城花园（西区）1栋,座号,A座,合同号,--,拟售价格,80691元/平方米(按建筑面积计)楼层,9,房号,9B,用途,住宅,,建筑面积160.7平方米,户内面积,137.09平方米,分摊面积,23.61平方米,户内面积,--平方米,分摊面积--平方米,建筑面积,--平方米
项目楼栋情况,宝能城花园（西区）1栋,座号,A座,合同号,--,拟售价格,85841元/平方米(按建筑面积计)楼层,9,房号,9C,用途,住宅,,建筑面积157.8平方米,户内面积,134.61平方米,分摊面积,23.19平方米,户内面积,--平方米,分摊面积--平方米,建筑面积,--平方米
项目楼栋情况,宝能城花园（西区）1栋,座号,A座,合同号,--,拟售价格,79841元/平方米(按建筑面积计)楼层,9,房号,9D,用途,住宅,,建筑面积160.74平方米,户内面积,137.13平方米,分摊面积,23.61平方米,户内面积,--平方米,分摊面积--平方米,建筑面积,--平方米
项目楼栋情况,宝能城花园（西区）1栋,座号,A座,合同号,--,拟售价格,81991元/平方米(按建筑面积计)楼层,8,房号,8A,用途,住宅,,建筑面积158.3平方米,户内面积,135.04平方米,分摊面积,23.26平方米,户内面积,--平方米,分摊面积--平方米,建筑面积,--平方米
项目楼栋情况,宝能城花园（西区）1栋,座号,A座,合同号,--,拟售价格,80091元/平方米(按建筑面积计)楼层,8,房号,8B,用途,住宅,,建筑面积160.7平方米,户内面积,137.09平方米,分摊面积,23.61平方米,户内面积,--平方米,分摊面积--平方米,建筑面积,--平方米
项目楼栋情况,宝能城花园（西区）1栋,座号,A座,合同号,--,拟售价格,85241元/平方米(按建筑面积计)楼层,8,房号,8C,用途,住宅,,建筑面积157.8平方米,户内面积,134.61平方米,分摊面积,23.19平方米,户内面积,--平方米,分摊面积--平方米,建筑面积,--平方米
项目楼栋情况,宝能城花园（西区）1栋,座号,A座,合同号,--,拟售价格,79241元/平方米(按建筑面积计)楼层,8,房号,8D,用途,住宅,,建筑面积160.74平方米,户内面积,137.13平方米,分摊面积,23.61平方米,户内面积,--平方米,分摊面积--平方米,建筑面积,--平方米
项目楼栋情况,宝能城花园（西区）1栋,座号,A座,合同号,--,拟售价格,81891元/平方米(按建筑面积计)楼层,7,房号,7A,用途,住宅,,建筑面积158.3平方米,户内面积,135.04平方米,分摊面积,23.26平方米,户内面积,--平方米,分摊面积--平方米,建筑面积,--平方米
项目楼栋情况,宝能城花园（西区）1栋,座号,A座,合同号,--,拟售价格,79991元/平方米(按建筑面积计)楼层,7,房号,7B,用途,住宅,,建筑面积160.7平方米,户内面积,137.09平方米,分摊面积,23.61平方米,户内面积,--平方米,分摊面积--平方米,建筑面积,--平方米
项目楼栋情况,宝能城花园（西区）1栋,座号,A座,合同号,--,拟售价格,85141元/平方米(按建筑面积计)楼层,7,房号,7C,用途,住宅,,建筑面积157.8平方米,户内面积,134.61平方米,分摊面积,23.19平方米,户内面积,--平方米,分摊面积--平方米,建筑面积,--平方米
项目楼栋情况,宝能城花园（西区）1栋,座号,A座,合同号,--,拟售价格,79141元/平方米(按建筑面积计)楼层,7,房号,7D,用途,住宅,,建筑面积160.74平方米,户内面积,137.13平方米,分摊面积,23.61平方米,户内面积,--平方米,分摊面积--平方米,建筑面积,--平方米
项目楼栋情况,宝能城花园（西区）1栋,座号,A座,合同号,--,拟售价格,81791元/平方米(按建筑面积计)楼层,6,房号,6A,用途,住宅,,建筑面积158.3平方米,户内面积,135.04平方米,分摊面积,23.26平方米,户内面积,--平方米,分摊面积--平方米,建筑面积,--平方米
项目楼栋情况,宝能城花园（西区）1栋,座号,A座,合同号,--,拟售价格,79891元/平方米(按建筑面积计)楼层,6,房号,6B,用途,住宅,,建筑面积160.7平方米,户内面积,137.09平方米,分摊面积,23.61平方米,户内面积,--平方米,分摊面积--平方米,建筑面积,--平方米
项目楼栋情况,宝能城花园（西区）1栋,座号,A座,合同号,--,拟售价格,85041元/平方米(按建筑面积计)楼层,6,房号,6C,用途,住宅,,建筑面积157.8平方米,户内面积,134.61平方米,分摊面积,23.19平方米,户内面积,--平方米,分摊面积--平方米,建筑面积,--平方米
项目楼栋情况,宝能城花园（西区）1栋,座号,A座,合同号,--,拟售价格,79041元/平方米(按建筑面积计)楼层,6,房号,6D,用途,住宅,,建筑面积160.74平方米,户内面积,137.13平方米,分摊面积,23.61平方米,户内面积,--平方米,分摊面积--平方米,建筑面积,--平方米
项目楼栋情况,宝能城花园（西区）1栋,座号,A座,合同号,--,拟售价格,81391元/平方米(按建筑面积计)楼层,5,房号,5A,用途,住宅,,建筑面积158.3平方米,户内面积,135.04平方米,分摊面积,23.26平方米,户内面积,--平方米,分摊面积--平方米,建筑面积,--平方米
项目楼栋情况,宝能城花园（西区）1栋,座号,A座,合同号,--,拟售价格,79791元/平方米(按建筑面积计)楼层,5,房号,5B,用途,住宅,,建筑面积160.7平方米,户内面积,137.09平方米,分摊面积,23.61平方米,户内面积,--平方米,分摊面积--平方米,建筑面积,--平方米
项目楼栋情况,宝能城花园（西区）1栋,座号,A座,合同号,--,拟售价格,84741元/平方米(按建筑面积计)楼层,5,房号,5C,用途,住宅,,建筑面积157.8平方米,户内面积,134.61平方米,分摊面积,23.19平方米,户内面积,--平方米,分摊面积--平方米,建筑面积,--平方米
项目楼栋情况,宝能城花园（西区）1栋,座号,A座,合同号,--,拟售价格,78941元/平方米(按建筑面积计)楼层,5,房号,5D,用途,住宅,,建筑面积160.74平方米,户内面积,137.13平方米,分摊面积,23.61平方米,户内面积,--平方米,分摊面积--平方米,建筑面积,--平方米
项目楼栋情况,宝能城花园（西区）1栋,座号,A座,合同号,--,拟售价格,81291元/平方米(按建筑面积计)楼层,4,房号,4A,用途,住宅,,建筑面积158.3平方米,户内面积,135.04平方米,分摊面积,23.26平方米,户内面积,--平方米,分摊面积--平方米,建筑面积,--平方米
项目楼栋情况,宝能城花园（西区）1栋,座号,A座,合同号,--,拟售价格,79691元/平方米(按建筑面积计)楼层,4,房号,4B,用途,住宅,,建筑面积160.7平方米,户内面积,137.09平方米,分摊面积,23.61平方米,户内面积,--平方米,分摊面积--平方米,建筑面积,--平方米
项目楼栋情况,宝能城花园（西区）1栋,座号,A座,合同号,--,拟售价格,84641元/平方米(按建筑面积计)楼层,4,房号,4C,用途,住宅,,建筑面积157.8平方米,户内面积,134.61平方米,分摊面积,23.19平方米,户内面积,--平方米,分摊面积--平方米,建筑面积,--平方米
项目楼栋情况,宝能城花园（西区）1栋,座号,A座,合同号,--,拟售价格,78841元/平方米(按建筑面积计)楼层,4,房号,4D,用途,住宅,,建筑面积160.74平方米,户内面积,137.13平方米,分摊面积,23.61平方米,户内面积,--平方米,分摊面积--平方米,建筑面积,--平方米
项目楼栋情况,宝能城花园（西区）1栋,座号,A座,合同号,--,拟售价格,81191元/平方米(按建筑面积计)楼层,3,房号,3A,用途,住宅,,建筑面积158.3平方米,户内面积,135.04平方米,分摊面积,23.26平方米,户内面积,--平方米,分摊面积--平方米,建筑面积,--平方米
项目楼栋情况,宝能城花园（西区）1栋,座号,A座,合同号,--,拟售价格,79591元/平方米(按建筑面积计)楼层,3,房号,3B,用途,住宅,,建筑面积160.7平方米,户内面积,137.09平方米,分摊面积,23.61平方米,户内面积,--平方米,分摊面积--平方米,建筑面积,--平方米
项目楼栋情况,宝能城花园（西区）1栋,座号,A座,合同号,--,拟售价格,84541元/平方米(按建筑面积计)楼层,3,房号,3C,用途,住宅,,建筑面积157.8平方米,户内面积,134.61平方米,分摊面积,23.19平方米,户内面积,--平方米,分摊面积--平方米,建筑面积,--平方米
项目楼栋情况,宝能城花园（西区）1栋,座号,A座,合同号,--,拟售价格,78741元/平方米(按建筑面积计)楼层,3,房号,3D,用途,住宅,,建筑面积160.74平方米,户内面积,137.13平方米,分摊面积,23.61平方米,户内面积,--平方米,分摊面积--平方米,建筑面积,--平方米
项目楼栋情况,宝能城花园（西区）1栋,座号,A座,合同号,--,拟售价格,80591元/平方米(按建筑面积计)楼层,2,房号,2A,用途,住宅,,建筑面积158.3平方米,户内面积,135.04平方米,分摊面积,23.26平方米,户内面积,--平方米,分摊面积--平方米,建筑面积,--平方米
项目楼栋情况,宝能城花园（西区）1栋,座号,A座,合同号,--,拟售价格,78991元/平方米(按建筑面积计)楼层,2,房号,2B,用途,住宅,,建筑面积160.7平方米,户内面积,137.09平方米,分摊面积,23.61平方米,户内面积,--平方米,分摊面积--平方米,建筑面积,--平方米
项目楼栋情况,宝能城花园（西区）1栋,座号,A座,合同号,--,拟售价格,83941元/平方米(按建筑面积计)楼层,2,房号,2C,用途,住宅,,建筑面积157.8平方米,户内面积,134.61平方米,分摊面积,23.19平方米,户内面积,--平方米,分摊面积--平方米,建筑面积,--平方米
项目楼栋情况,宝能城花园（西区）1栋,座号,A座,合同号,--,拟售价格,78141元/平方米(按建筑面积计)楼层,2,房号,2D,用途,住宅,,建筑面积160.74平方米,户内面积,137.13平方米,分摊面积,23.61平方米,户内面积,--平方米,分摊面积--平方米,建筑面积,--平方米
项目楼栋情况,宝能城花园（西区）2栋,座号,--,合同号,--,拟售价格,28000元/平方米(按建筑面积计)楼层,半地下01层,房号,30,用途,商铺,,建筑面积54.85平方米,户内面积,44.88平方米,分摊面积,9.97平方米,户内面积,--平方米,分摊面积--平方米,建筑面积,--平方米
项目楼栋情况,宝能城花园（西区）2栋,座号,--,合同号,--,拟售价格,28000元/平方米(按建筑面积计)楼层,半地下01层,房号,31,用途,商铺,,建筑面积64.78平方米,户内面积,53.01平方米,分摊面积,11.77平方米,户内面积,--平方米,分摊面积--平方米,建筑面积,--平方米
项目楼栋情况,宝能城花园（西区）2栋,座号,--,合同号,--,拟售价格,28000元/平方米(按建筑面积计)楼层,半地下01层,房号,32,用途,商铺,,建筑面积69.12平方米,户内面积,56.56平方米,分摊面积,12.56平方米,户内面积,--平方米,分摊面积--平方米,建筑面积,--平方米
项目楼栋情况,宝能城花园（西区）2栋,座号,--,合同号,--,拟售价格,28000元/平方米(按建筑面积计)楼层,半地下01层,房号,33,用途,商铺,,建筑面积52.42平方米,户内面积,42.89平方米,分摊面积,9.53平方米,户内面积,--平方米,分摊面积--平方米,建筑面积,--平方米
项目楼栋情况,宝能城花园（西区）2栋,座号,--,合同号,--,拟售价格,28000元/平方米(按建筑面积计)楼层,半地下01层,房号,34,用途,商铺,,建筑面积52.4平方米,户内面积,42.88平方米,分摊面积,9.52平方米,户内面积,--平方米,分摊面积--平方米,建筑面积,--平方米
项目楼栋情况,宝能城花园（西区）2栋,座号,--,合同号,--,拟售价格,28000元/平方米(按建筑面积计)楼层,半地下01层,房号,35,用途,商铺,,建筑面积69.12平方米,户内面积,56.56平方米,分摊面积,12.56平方米,户内面积,--平方米,分摊面积--平方米,建筑面积,--平方米
项目楼栋情况,宝能城花园（西区）2栋,座号,--,合同号,--,拟售价格,28000元/平方米(按建筑面积计)楼层,半地下01层,房号,36,用途,商铺,,建筑面积63.86平方米,户内面积,52.26平方米,分摊面积,11.6平方米,户内面积,--平方米,分摊面积--平方米,建筑面积,--平方米
项目楼栋情况,宝能城花园（西区）2栋,座号,--,合同号,--,拟售价格,28000元/平方米(按建筑面积计)楼层,半地下01层,房号,37,用途,商铺,,建筑面积55.12平方米,户内面积,45.1平方米,分摊面积,10.02平方米,户内面积,--平方米,分摊面积--平方米,建筑面积,--平方米
项目楼栋情况,宝能城花园（西区）2栋,座号,--,合同号,--,拟售价格,28000元/平方米(按建筑面积计)楼层,半地下01层,房号,38,用途,商铺,,建筑面积55.13平方米,户内面积,45.11平方米,分摊面积,10.02平方米,户内面积,--平方米,分摊面积--平方米,建筑面积,--平方米
项目楼栋情况,宝能城花园（西区）2栋,座号,--,合同号,--,拟售价格,28000元/平方米(按建筑面积计)楼层,半地下01层,房号,39,用途,商铺,,建筑面积63.87平方米,户内面积,52.26平方米,分摊面积,11.61平方米,户内面积,--平方米,分摊面积--平方米,建筑面积,--平方米
项目楼栋情况,宝能城花园（西区）2栋,座号,--,合同号,--,拟售价格,28000元/平方米(按建筑面积计)楼层,半地下01层,房号,40,用途,商铺,,建筑面积69.13平方米,户内面积,56.57平方米,分摊面积,12.56平方米,户内面积,--平方米,分摊面积--平方米,建筑面积,--平方米
项目楼栋情况,宝能城花园（西区）2栋,座号,--,合同号,--,拟售价格,28000元/平方米(按建筑面积计)楼层,半地下01层,房号,41,用途,商铺,,建筑面积52.4平方米,户内面积,42.88平方米,分摊面积,9.52平方米,户内面积,--平方米,分摊面积--平方米,建筑面积,--平方米
项目楼栋情况,宝能城花园（西区）2栋,座号,--,合同号,--,拟售价格,28000元/平方米(按建筑面积计)楼层,半地下01层,房号,42,用途,商铺,,建筑面积52.44平方米,户内面积,42.91平方米,分摊面积,9.53平方米,户内面积,--平方米,分摊面积--平方米,建筑面积,--平方米
项目楼栋情况,宝能城花园（西区）2栋,座号,--,合同号,--,拟售价格,28000元/平方米(按建筑面积计)楼层,半地下01层,房号,43,用途,商铺,,建筑面积69.14平方米,户内面积,56.57平方米,分摊面积,12.57平方米,户内面积,--平方米,分摊面积--平方米,建筑面积,--平方米
项目楼栋情况,宝能城花园（西区）2栋,座号,--,合同号,--,拟售价格,28000元/平方米(按建筑面积计)楼层,半地下01层,房号,44,用途,商铺,,建筑面积64.79平方米,户内面积,53.01平方米,分摊面积,11.78平方米,户内面积,--平方米,分摊面积--平方米,建筑面积,--平方米
项目楼栋情况,宝能城花园（西区）2栋,座号,--,合同号,--,拟售价格,28000元/平方米(按建筑面积计)楼层,半地下01层,房号,45,用途,商铺,,建筑面积55.77平方米,户内面积,45.63平方米,分摊面积,10.14平方米,户内面积,--平方米,分摊面积--平方米,建筑面积,--平方米
项目楼栋情况,宝能城花园（西区）2栋,座号,B座,合同号,--,拟售价格,68841元/平方米(按建筑面积计)楼层,25,房号,25A,用途,住宅,,建筑面积206.01平方米,户内面积,175.87平方米,分摊面积,30.14平方米,户内面积,--平方米,分摊面积--平方米,建筑面积,--平方米
项目楼栋情况,宝能城花园（西区）2栋,座号,B座,合同号,--,拟售价格,65581元/平方米(按建筑面积计)楼层,25,房号,25B,用途,住宅,,建筑面积206.01平方米,户内面积,175.87平方米,分摊面积,30.14平方米,户内面积,--平方米,分摊面积--平方米,建筑面积,--平方米
项目楼栋情况,宝能城花园（西区）2栋,座号,B座,合同号,--,拟售价格,68841元/平方米(按建筑面积计)楼层,25,房号,25C,用途,住宅,,建筑面积168.43平方米,户内面积,143.79平方米,分摊面积,24.64平方米,户内面积,--平方米,分摊面积--平方米,建筑面积,--平方米
项目楼栋情况,宝能城花园（西区）2栋,座号,B座,合同号,--,拟售价格,87741元/平方米(按建筑面积计)楼层,24,房号,24A,用途,住宅,,建筑面积206.01平方米,户内面积,175.87平方米,分摊面积,30.14平方米,户内面积,--平方米,分摊面积--平方米,建筑面积,--平方米
项目楼栋情况,宝能城花园（西区）2栋,座号,B座,合同号,--,拟售价格,84481元/平方米(按建筑面积计)楼层,24,房号,24B,用途,住宅,,建筑面积206.01平方米,户内面积,175.87平方米,分摊面积,30.14平方米,户内面积,--平方米,分摊面积--平方米,建筑面积,--平方米
项目楼栋情况,宝能城花园（西区）2栋,座号,B座,合同号,--,拟售价格,87741元/平方米(按建筑面积计)楼层,24,房号,24C,用途,住宅,,建筑面积168.43平方米,户内面积,143.79平方米,分摊面积,24.64平方米,户内面积,--平方米,分摊面积--平方米,建筑面积,--平方米
项目楼栋情况,宝能城花园（西区）2栋,座号,B座,合同号,--,拟售价格,87641元/平方米(按建筑面积计)楼层,23,房号,23A,用途,住宅,,建筑面积206.01平方米,户内面积,175.87平方米,分摊面积,30.14平方米,户内面积,--平方米,分摊面积--平方米,建筑面积,--平方米
项目楼栋情况,宝能城花园（西区）2栋,座号,B座,合同号,--,拟售价格,84381元/平方米(按建筑面积计)楼层,23,房号,23B,用途,住宅,,建筑面积206.01平方米,户内面积,175.87平方米,分摊面积,30.14平方米,户内面积,--平方米,分摊面积--平方米,建筑面积,--平方米
项目楼栋情况,宝能城花园（西区）2栋,座号,B座,合同号,--,拟售价格,87641元/平方米(按建筑面积计)楼层,23,房号,23C,用途,住宅,,建筑面积168.43平方米,户内面积,143.79平方米,分摊面积,24.64平方米,户内面积,--平方米,分摊面积--平方米,建筑面积,--平方米
项目楼栋情况,宝能城花园（西区）2栋,座号,B座,合同号,--,拟售价格,87541元/平方米(按建筑面积计)楼层,22,房号,22A,用途,住宅,,建筑面积206.01平方米,户内面积,175.87平方米,分摊面积,30.14平方米,户内面积,--平方米,分摊面积--平方米,建筑面积,--平方米
项目楼栋情况,宝能城花园（西区）2栋,座号,B座,合同号,--,拟售价格,84281元/平方米(按建筑面积计)楼层,22,房号,22B,用途,住宅,,建筑面积206.01平方米,户内面积,175.87平方米,分摊面积,30.14平方米,户内面积,--平方米,分摊面积--平方米,建筑面积,--平方米
项目楼栋情况,宝能城花园（西区）2栋,座号,B座,合同号,--,拟售价格,87541元/平方米(按建筑面积计)楼层,22,房号,22C,用途,住宅,,建筑面积168.43平方米,户内面积,143.79平方米,分摊面积,24.64平方米,户内面积,--平方米,分摊面积--平方米,建筑面积,--平方米
项目楼栋情况,宝能城花园（西区）2栋,座号,B座,合同号,--,拟售价格,87441元/平方米(按建筑面积计)楼层,21,房号,21A,用途,住宅,,建筑面积206.01平方米,户内面积,175.87平方米,分摊面积,30.14平方米,户内面积,--平方米,分摊面积--平方米,建筑面积,--平方米
项目楼栋情况,宝能城花园（西区）2栋,座号,B座,合同号,--,拟售价格,84181元/平方米(按建筑面积计)楼层,21,房号,21B,用途,住宅,,建筑面积206.01平方米,户内面积,175.87平方米,分摊面积,30.14平方米,户内面积,--平方米,分摊面积--平方米,建筑面积,--平方米
项目楼栋情况,宝能城花园（西区）2栋,座号,B座,合同号,深(南)网预买字(2019)12382号,拟售价格,--元/平方米(按建筑面积计)楼层,21,房号,21C,用途,住宅,,建筑面积168.43平方米,户内面积,143.79平方米,分摊面积,24.64平方米,户内面积,--平方米,分摊面积--平方米,建筑面积,--平方米
项目楼栋情况,宝能城花园（西区）2栋,座号,B座,合同号,--,拟售价格,87341元/平方米(按建筑面积计)楼层,20,房号,20A,用途,住宅,,建筑面积206.01平方米,户内面积,175.87平方米,分摊面积,30.14平方米,户内面积,--平方米,分摊面积--平方米,建筑面积,--平方米
项目楼栋情况,宝能城花园（西区）2栋,座号,B座,合同号,--,拟售价格,84081元/平方米(按建筑面积计)楼层,20,房号,20B,用途,住宅,,建筑面积206.01平方米,户内面积,175.87平方米,分摊面积,30.14平方米,户内面积,--平方米,分摊面积--平方米,建筑面积,--平方米
项目楼栋情况,宝能城花园（西区）2栋,座号,B座,合同号,--,拟售价格,87341元/平方米(按建筑面积计)楼层,20,房号,20C,用途,住宅,,建筑面积168.43平方米,户内面积,143.79平方米,分摊面积,24.64平方米,户内面积,--平方米,分摊面积--平方米,建筑面积,--平方米
项目楼栋情况,宝能城花园（西区）2栋,座号,B座,合同号,--,拟售价格,87241元/平方米(按建筑面积计)楼层,19,房号,19A,用途,住宅,,建筑面积206.01平方米,户内面积,175.87平方米,分摊面积,30.14平方米,户内面积,--平方米,分摊面积--平方米,建筑面积,--平方米
项目楼栋情况,宝能城花园（西区）2栋,座号,B座,合同号,--,拟售价格,83981元/平方米(按建筑面积计)楼层,19,房号,19B,用途,住宅,,建筑面积206.01平方米,户内面积,175.87平方米,分摊面积,30.14平方米,户内面积,--平方米,分摊面积--平方米,建筑面积,--平方米
项目楼栋情况,宝能城花园（西区）2栋,座号,B座,合同号,--,拟售价格,87241元/平方米(按建筑面积计)楼层,19,房号,19C,用途,住宅,,建筑面积168.43平方米,户内面积,143.79平方米,分摊面积,24.64平方米,户内面积,--平方米,分摊面积--平方米,建筑面积,--平方米
项目楼栋情况,宝能城花园（西区）2栋,座号,B座,合同号,--,拟售价格,86341元/平方米(按建筑面积计)楼层,18,房号,18A,用途,住宅,,建筑面积206.01平方米,户内面积,175.87平方米,分摊面积,30.14平方米,户内面积,--平方米,分摊面积--平方米,建筑面积,--平方米
项目楼栋情况,宝能城花园（西区）2栋,座号,B座,合同号,--,拟售价格,83081元/平方米(按建筑面积计)楼层,18,房号,18B,用途,住宅,,建筑面积206.01平方米,户内面积,175.87平方米,分摊面积,30.14平方米,户内面积,--平方米,分摊面积--平方米,建筑面积,--平方米
项目楼栋情况,宝能城花园（西区）2栋,座号,B座,合同号,--,拟售价格,86141元/平方米(按建筑面积计)楼层,18,房号,18C,用途,住宅,,建筑面积168.43平方米,户内面积,143.79平方米,分摊面积,24.64平方米,户内面积,--平方米,分摊面积--平方米,建筑面积,--平方米
项目楼栋情况,宝能城花园（西区）2栋,座号,B座,合同号,--,拟售价格,86241元/平方米(按建筑面积计)楼层,17,房号,17A,用途,住宅,,建筑面积206.01平方米,户内面积,175.87平方米,分摊面积,30.14平方米,户内面积,--平方米,分摊面积--平方米,建筑面积,--平方米
项目楼栋情况,宝能城花园（西区）2栋,座号,B座,合同号,--,拟售价格,82981元/平方米(按建筑面积计)楼层,17,房号,17B,用途,住宅,,建筑面积206.01平方米,户内面积,175.87平方米,分摊面积,30.14平方米,户内面积,--平方米,分摊面积--平方米,建筑面积,--平方米
项目楼栋情况,宝能城花园（西区）2栋,座号,B座,合同号,--,拟售价格,86041元/平方米(按建筑面积计)楼层,17,房号,17C,用途,住宅,,建筑面积168.43平方米,户内面积,143.79平方米,分摊面积,24.64平方米,户内面积,--平方米,分摊面积--平方米,建筑面积,--平方米
项目楼栋情况,宝能城花园（西区）2栋,座号,B座,合同号,--,拟售价格,86141元/平方米(按建筑面积计)楼层,16,房号,16A,用途,住宅,,建筑面积206.01平方米,户内面积,175.87平方米,分摊面积,30.14平方米,户内面积,--平方米,分摊面积--平方米,建筑面积,--平方米
项目楼栋情况,宝能城花园（西区）2栋,座号,B座,合同号,--,拟售价格,82881元/平方米(按建筑面积计)楼层,16,房号,16B,用途,住宅,,建筑面积206.01平方米,户内面积,175.87平方米,分摊面积,30.14平方米,户内面积,--平方米,分摊面积--平方米,建筑面积,--平方米
项目楼栋情况,宝能城花园（西区）2栋,座号,B座,合同号,深(南)网预买字(2019)12292号,拟售价格,--元/平方米(按建筑面积计)楼层,16,房号,16C,用途,住宅,,建筑面积168.43平方米,户内面积,143.79平方米,分摊面积,24.64平方米,户内面积,--平方米,分摊面积--平方米,建筑面积,--平方米
项目楼栋情况,宝能城花园（西区）2栋,座号,B座,合同号,--,拟售价格,86041元/平方米(按建筑面积计)楼层,15,房号,15A,用途,住宅,,建筑面积206.01平方米,户内面积,175.87平方米,分摊面积,30.14平方米,户内面积,--平方米,分摊面积--平方米,建筑面积,--平方米
项目楼栋情况,宝能城花园（西区）2栋,座号,B座,合同号,--,拟售价格,82781元/平方米(按建筑面积计)楼层,15,房号,15B,用途,住宅,,建筑面积206.01平方米,户内面积,175.87平方米,分摊面积,30.14平方米,户内面积,--平方米,分摊面积--平方米,建筑面积,--平方米
项目楼栋情况,宝能城花园（西区）2栋,座号,B座,合同号,--,拟售价格,85841元/平方米(按建筑面积计)楼层,15,房号,15C,用途,住宅,,建筑面积168.43平方米,户内面积,143.79平方米,分摊面积,24.64平方米,户内面积,--平方米,分摊面积--平方米,建筑面积,--平方米
项目楼栋情况,宝能城花园（西区）2栋,座号,B座,合同号,--,拟售价格,85941元/平方米(按建筑面积计)楼层,14,房号,14A,用途,住宅,,建筑面积206.01平方米,户内面积,175.87平方米,分摊面积,30.14平方米,户内面积,--平方米,分摊面积--平方米,建筑面积,--平方米
项目楼栋情况,宝能城花园（西区）2栋,座号,B座,合同号,--,拟售价格,82681元/平方米(按建筑面积计)楼层,14,房号,14B,用途,住宅,,建筑面积206.01平方米,户内面积,175.87平方米,分摊面积,30.14平方米,户内面积,--平方米,分摊面积--平方米,建筑面积,--平方米
项目楼栋情况,宝能城花园（西区）2栋,座号,B座,合同号,--,拟售价格,85741元/平方米(按建筑面积计)楼层,14,房号,14C,用途,住宅,,建筑面积168.43平方米,户内面积,143.79平方米,分摊面积,24.64平方米,户内面积,--平方米,分摊面积--平方米,建筑面积,--平方米
项目楼栋情况,宝能城花园（西区）2栋,座号,B座,合同号,--,拟售价格,85841元/平方米(按建筑面积计)楼层,13,房号,13A,用途,住宅,,建筑面积206.01平方米,户内面积,175.87平方米,分摊面积,30.14平方米,户内面积,--平方米,分摊面积--平方米,建筑面积,--平方米
项目楼栋情况,宝能城花园（西区）2栋,座号,B座,合同号,--,拟售价格,82581元/平方米(按建筑面积计)楼层,13,房号,13B,用途,住宅,,建筑面积206.01平方米,户内面积,175.87平方米,分摊面积,30.14平方米,户内面积,--平方米,分摊面积--平方米,建筑面积,--平方米
项目楼栋情况,宝能城花园（西区）2栋,座号,B座,合同号,--,拟售价格,85641元/平方米(按建筑面积计)楼层,13,房号,13C,用途,住宅,,建筑面积168.43平方米,户内面积,143.79平方米,分摊面积,24.64平方米,户内面积,--平方米,分摊面积--平方米,建筑面积,--平方米
项目楼栋情况,宝能城花园（西区）2栋,座号,B座,合同号,--,拟售价格,85741元/平方米(按建筑面积计)楼层,12,房号,12A,用途,住宅,,建筑面积206.01平方米,户内面积,175.87平方米,分摊面积,30.14平方米,户内面积,--平方米,分摊面积--平方米,建筑面积,--平方米
项目楼栋情况,宝能城花园（西区）2栋,座号,B座,合同号,--,拟售价格,82481元/平方米(按建筑面积计)楼层,12,房号,12B,用途,住宅,,建筑面积206.01平方米,户内面积,175.87平方米,分摊面积,30.14平方米,户内面积,--平方米,分摊面积--平方米,建筑面积,--平方米
项目楼栋情况,宝能城花园（西区）2栋,座号,B座,合同号,--,拟售价格,85841元/平方米(按建筑面积计)楼层,12,房号,12C,用途,住宅,,建筑面积168.43平方米,户内面积,143.79平方米,分摊面积,24.64平方米,户内面积,--平方米,分摊面积--平方米,建筑面积,--平方米
项目楼栋情况,宝能城花园（西区）2栋,座号,B座,合同号,--,拟售价格,85641元/平方米(按建筑面积计)楼层,11,房号,11A,用途,住宅,,建筑面积206.01平方米,户内面积,175.87平方米,分摊面积,30.14平方米,户内面积,--平方米,分摊面积--平方米,建筑面积,--平方米
项目楼栋情况,宝能城花园（西区）2栋,座号,B座,合同号,--,拟售价格,82381元/平方米(按建筑面积计)楼层,11,房号,11B,用途,住宅,,建筑面积206.01平方米,户内面积,175.87平方米,分摊面积,30.14平方米,户内面积,--平方米,分摊面积--平方米,建筑面积,--平方米
项目楼栋情况,宝能城花园（西区）2栋,座号,B座,合同号,--,拟售价格,85741元/平方米(按建筑面积计)楼层,11,房号,11C,用途,住宅,,建筑面积168.43平方米,户内面积,143.79平方米,分摊面积,24.64平方米,户内面积,--平方米,分摊面积--平方米,建筑面积,--平方米
项目楼栋情况,宝能城花园（西区）2栋,座号,B座,合同号,--,拟售价格,85541元/平方米(按建筑面积计)楼层,10,房号,10A,用途,住宅,,建筑面积206.01平方米,户内面积,175.87平方米,分摊面积,30.14平方米,户内面积,--平方米,分摊面积--平方米,建筑面积,--平方米
项目楼栋情况,宝能城花园（西区）2栋,座号,B座,合同号,--,拟售价格,82281元/平方米(按建筑面积计)楼层,10,房号,10B,用途,住宅,,建筑面积206.01平方米,户内面积,175.87平方米,分摊面积,30.14平方米,户内面积,--平方米,分摊面积--平方米,建筑面积,--平方米
项目楼栋情况,宝能城花园（西区）2栋,座号,B座,合同号,--,拟售价格,85641元/平方米(按建筑面积计)楼层,10,房号,10C,用途,住宅,,建筑面积168.43平方米,户内面积,143.79平方米,分摊面积,24.64平方米,户内面积,--平方米,分摊面积--平方米,建筑面积,--平方米
项目楼栋情况,宝能城花园（西区）2栋,座号,B座,合同号,--,拟售价格,85441元/平方米(按建筑面积计)楼层,9,房号,9A,用途,住宅,,建筑面积206.01平方米,户内面积,175.87平方米,分摊面积,30.14平方米,户内面积,--平方米,分摊面积--平方米,建筑面积,--平方米
项目楼栋情况,宝能城花园（西区）2栋,座号,B座,合同号,--,拟售价格,82181元/平方米(按建筑面积计)楼层,9,房号,9B,用途,住宅,,建筑面积206.01平方米,户内面积,175.87平方米,分摊面积,30.14平方米,户内面积,--平方米,分摊面积--平方米,建筑面积,--平方米
项目楼栋情况,宝能城花园（西区）2栋,座号,B座,合同号,--,拟售价格,85541元/平方米(按建筑面积计)楼层,9,房号,9C,用途,住宅,,建筑面积168.43平方米,户内面积,143.79平方米,分摊面积,24.64平方米,户内面积,--平方米,分摊面积--平方米,建筑面积,--平方米
项目楼栋情况,宝能城花园（西区）2栋,座号,B座,合同号,--,拟售价格,84841元/平方米(按建筑面积计)楼层,8,房号,8A,用途,住宅,,建筑面积206.01平方米,户内面积,175.87平方米,分摊面积,30.14平方米,户内面积,--平方米,分摊面积--平方米,建筑面积,--平方米
项目楼栋情况,宝能城花园（西区）2栋,座号,B座,合同号,--,拟售价格,81581元/平方米(按建筑面积计)楼层,8,房号,8B,用途,住宅,,建筑面积206.01平方米,户内面积,175.87平方米,分摊面积,30.14平方米,户内面积,--平方米,分摊面积--平方米,建筑面积,--平方米
项目楼栋情况,宝能城花园（西区）2栋,座号,B座,合同号,--,拟售价格,84941元/平方米(按建筑面积计)楼层,8,房号,8C,用途,住宅,,建筑面积168.43平方米,户内面积,143.79平方米,分摊面积,24.64平方米,户内面积,--平方米,分摊面积--平方米,建筑面积,--平方米
项目楼栋情况,宝能城花园（西区）2栋,座号,B座,合同号,--,拟售价格,84741元/平方米(按建筑面积计)楼层,7,房号,7A,用途,住宅,,建筑面积206.01平方米,户内面积,175.87平方米,分摊面积,30.14平方米,户内面积,--平方米,分摊面积--平方米,建筑面积,--平方米
项目楼栋情况,宝能城花园（西区）2栋,座号,B座,合同号,--,拟售价格,81481元/平方米(按建筑面积计)楼层,7,房号,7B,用途,住宅,,建筑面积206.01平方米,户内面积,175.87平方米,分摊面积,30.14平方米,户内面积,--平方米,分摊面积--平方米,建筑面积,--平方米
项目楼栋情况,宝能城花园（西区）2栋,座号,B座,合同号,深(南)网预买字(2019)12361号,拟售价格,--元/平方米(按建筑面积计)楼层,7,房号,7C,用途,住宅,,建筑面积168.43平方米,户内面积,143.79平方米,分摊面积,24.64平方米,户内面积,--平方米,分摊面积--平方米,建筑面积,--平方米
项目楼栋情况,宝能城花园（西区）2栋,座号,B座,合同号,--,拟售价格,84641元/平方米(按建筑面积计)楼层,6,房号,6A,用途,住宅,,建筑面积206.01平方米,户内面积,175.87平方米,分摊面积,30.14平方米,户内面积,--平方米,分摊面积--平方米,建筑面积,--平方米
项目楼栋情况,宝能城花园（西区）2栋,座号,B座,合同号,--,拟售价格,81381元/平方米(按建筑面积计)楼层,6,房号,6B,用途,住宅,,建筑面积206.01平方米,户内面积,175.87平方米,分摊面积,30.14平方米,户内面积,--平方米,分摊面积--平方米,建筑面积,--平方米
项目楼栋情况,宝能城花园（西区）2栋,座号,B座,合同号,--,拟售价格,84741元/平方米(按建筑面积计)楼层,6,房号,6C,用途,住宅,,建筑面积168.43平方米,户内面积,143.79平方米,分摊面积,24.64平方米,户内面积,--平方米,分摊面积--平方米,建筑面积,--平方米
项目楼栋情况,宝能城花园（西区）2栋,座号,B座,合同号,--,拟售价格,84241元/平方米(按建筑面积计)楼层,5,房号,5A,用途,住宅,,建筑面积206.01平方米,户内面积,175.87平方米,分摊面积,30.14平方米,户内面积,--平方米,分摊面积--平方米,建筑面积,--平方米
项目楼栋情况,宝能城花园（西区）2栋,座号,B座,合同号,--,拟售价格,80981元/平方米(按建筑面积计)楼层,5,房号,5B,用途,住宅,,建筑面积206.01平方米,户内面积,175.87平方米,分摊面积,30.14平方米,户内面积,--平方米,分摊面积--平方米,建筑面积,--平方米
项目楼栋情况,宝能城花园（西区）2栋,座号,B座,合同号,--,拟售价格,84041元/平方米(按建筑面积计)楼层,5,房号,5C,用途,住宅,,建筑面积168.43平方米,户内面积,143.79平方米,分摊面积,24.64平方米,户内面积,--平方米,分摊面积--平方米,建筑面积,--平方米
项目楼栋情况,宝能城花园（西区）2栋,座号,B座,合同号,--,拟售价格,84141元/平方米(按建筑面积计)楼层,4,房号,4A,用途,住宅,,建筑面积206.01平方米,户内面积,175.87平方米,分摊面积,30.14平方米,户内面积,--平方米,分摊面积--平方米,建筑面积,--平方米
项目楼栋情况,宝能城花园（西区）2栋,座号,B座,合同号,--,拟售价格,80881元/平方米(按建筑面积计)楼层,4,房号,4B,用途,住宅,,建筑面积206.01平方米,户内面积,175.87平方米,分摊面积,30.14平方米,户内面积,--平方米,分摊面积--平方米,建筑面积,--平方米
项目楼栋情况,宝能城花园（西区）2栋,座号,B座,合同号,--,拟售价格,83941元/平方米(按建筑面积计)楼层,4,房号,4C,用途,住宅,,建筑面积168.43平方米,户内面积,143.79平方米,分摊面积,24.64平方米,户内面积,--平方米,分摊面积--平方米,建筑面积,--平方米
项目楼栋情况,宝能城花园（西区）2栋,座号,B座,合同号,--,拟售价格,84041元/平方米(按建筑面积计)楼层,3,房号,3A,用途,住宅,,建筑面积206.01平方米,户内面积,175.87平方米,分摊面积,30.14平方米,户内面积,--平方米,分摊面积--平方米,建筑面积,--平方米
项目楼栋情况,宝能城花园（西区）2栋,座号,B座,合同号,--,拟售价格,80781元/平方米(按建筑面积计)楼层,3,房号,3B,用途,住宅,,建筑面积206.01平方米,户内面积,175.87平方米,分摊面积,30.14平方米,户内面积,--平方米,分摊面积--平方米,建筑面积,--平方米
项目楼栋情况,宝能城花园（西区）2栋,座号,B座,合同号,--,拟售价格,83841元/平方米(按建筑面积计)楼层,3,房号,3C,用途,住宅,,建筑面积168.43平方米,户内面积,143.79平方米,分摊面积,24.64平方米,户内面积,--平方米,分摊面积--平方米,建筑面积,--平方米
项目楼栋情况,宝能城花园（西区）2栋,座号,B座,合同号,--,拟售价格,83441元/平方米(按建筑面积计)楼层,2,房号,2A,用途,住宅,,建筑面积206.01平方米,户内面积,175.87平方米,分摊面积,30.14平方米,户内面积,--平方米,分摊面积--平方米,建筑面积,--平方米
项目楼栋情况,宝能城花园（西区）2栋,座号,B座,合同号,--,拟售价格,80181元/平方米(按建筑面积计)楼层,2,房号,2B,用途,住宅,,建筑面积206.01平方米,户内面积,175.87平方米,分摊面积,30.14平方米,户内面积,--平方米,分摊面积--平方米,建筑面积,--平方米
项目楼栋情况,宝能城花园（西区）2栋,座号,B座,合同号,--,拟售价格,83241元/平方米(按建筑面积计)楼层,2,房号,2C,用途,住宅,,建筑面积168.43平方米,户内面积,143.79平方米,分摊面积,24.64平方米,户内面积,--平方米,分摊面积--平方米,建筑面积,--平方米
项目楼栋情况,宝能城花园（西区）2栋,座号,A座,合同号,--,拟售价格,70191元/平方米(按建筑面积计)楼层,25,房号,25A,用途,住宅,,建筑面积206.2平方米,户内面积,175.87平方米,分摊面积,30.33平方米,户内面积,--平方米,分摊面积--平方米,建筑面积,--平方米
项目楼栋情况,宝能城花园（西区）2栋,座号,A座,合同号,--,拟售价格,66091元/平方米(按建筑面积计)楼层,25,房号,25B,用途,住宅,,建筑面积206.2平方米,户内面积,175.87平方米,分摊面积,30.33平方米,户内面积,--平方米,分摊面积--平方米,建筑面积,--平方米
项目楼栋情况,宝能城花园（西区）2栋,座号,A座,合同号,--,拟售价格,70041元/平方米(按建筑面积计)楼层,25,房号,25C,用途,住宅,,建筑面积168.58平方米,户内面积,143.79平方米,分摊面积,24.79平方米,户内面积,--平方米,分摊面积--平方米,建筑面积,--平方米
项目楼栋情况,宝能城花园（西区）2栋,座号,A座,合同号,--,拟售价格,89091元/平方米(按建筑面积计)楼层,24,房号,24A,用途,住宅,,建筑面积206.2平方米,户内面积,175.87平方米,分摊面积,30.33平方米,户内面积,--平方米,分摊面积--平方米,建筑面积,--平方米
项目楼栋情况,宝能城花园（西区）2栋,座号,A座,合同号,--,拟售价格,84991元/平方米(按建筑面积计)楼层,24,房号,24B,用途,住宅,,建筑面积206.2平方米,户内面积,175.87平方米,分摊面积,30.33平方米,户内面积,--平方米,分摊面积--平方米,建筑面积,--平方米
项目楼栋情况,宝能城花园（西区）2栋,座号,A座,合同号,--,拟售价格,88941元/平方米(按建筑面积计)楼层,24,房号,24C,用途,住宅,,建筑面积168.58平方米,户内面积,143.79平方米,分摊面积,24.79平方米,户内面积,--平方米,分摊面积--平方米,建筑面积,--平方米
项目楼栋情况,宝能城花园（西区）2栋,座号,A座,合同号,--,拟售价格,88991元/平方米(按建筑面积计)楼层,23,房号,23A,用途,住宅,,建筑面积206.2平方米,户内面积,175.87平方米,分摊面积,30.33平方米,户内面积,--平方米,分摊面积--平方米,建筑面积,--平方米
项目楼栋情况,宝能城花园（西区）2栋,座号,A座,合同号,--,拟售价格,84891元/平方米(按建筑面积计)楼层,23,房号,23B,用途,住宅,,建筑面积206.2平方米,户内面积,175.87平方米,分摊面积,30.33平方米,户内面积,--平方米,分摊面积--平方米,建筑面积,--平方米
项目楼栋情况,宝能城花园（西区）2栋,座号,A座,合同号,--,拟售价格,88841元/平方米(按建筑面积计)楼层,23,房号,23C,用途,住宅,,建筑面积168.58平方米,户内面积,143.79平方米,分摊面积,24.79平方米,户内面积,--平方米,分摊面积--平方米,建筑面积,--平方米
项目楼栋情况,宝能城花园（西区）2栋,座号,A座,合同号,--,拟售价格,88891元/平方米(按建筑面积计)楼层,22,房号,22A,用途,住宅,,建筑面积206.2平方米,户内面积,175.87平方米,分摊面积,30.33平方米,户内面积,--平方米,分摊面积--平方米,建筑面积,--平方米
项目楼栋情况,宝能城花园（西区）2栋,座号,A座,合同号,--,拟售价格,84791元/平方米(按建筑面积计)楼层,22,房号,22B,用途,住宅,,建筑面积206.2平方米,户内面积,175.87平方米,分摊面积,30.33平方米,户内面积,--平方米,分摊面积--平方米,建筑面积,--平方米
项目楼栋情况,宝能城花园（西区）2栋,座号,A座,合同号,深(南)网预买字(2019)12407号,拟售价格,--元/平方米(按建筑面积计)楼层,22,房号,22C,用途,住宅,,建筑面积168.58平方米,户内面积,143.79平方米,分摊面积,24.79平方米,户内面积,--平方米,分摊面积--平方米,建筑面积,--平方米
项目楼栋情况,宝能城花园（西区）2栋,座号,A座,合同号,深(南)网预买字(2019)12413号,拟售价格,--元/平方米(按建筑面积计)楼层,21,房号,21A,用途,住宅,,建筑面积206.2平方米,户内面积,175.87平方米,分摊面积,30.33平方米,户内面积,--平方米,分摊面积--平方米,建筑面积,--平方米
项目楼栋情况,宝能城花园（西区）2栋,座号,A座,合同号,--,拟售价格,84691元/平方米(按建筑面积计)楼层,21,房号,21B,用途,住宅,,建筑面积206.2平方米,户内面积,175.87平方米,分摊面积,30.33平方米,户内面积,--平方米,分摊面积--平方米,建筑面积,--平方米
项目楼栋情况,宝能城花园（西区）2栋,座号,A座,合同号,深(南)网预买字(2019)12385号,拟售价格,--元/平方米(按建筑面积计)楼层,21,房号,21C,用途,住宅,,建筑面积168.58平方米,户内面积,143.79平方米,分摊面积,24.79平方米,户内面积,--平方米,分摊面积--平方米,建筑面积,--平方米
项目楼栋情况,宝能城花园（西区）2栋,座号,A座,合同号,--,拟售价格,88691元/平方米(按建筑面积计)楼层,20,房号,20A,用途,住宅,,建筑面积206.2平方米,户内面积,175.87平方米,分摊面积,30.33平方米,户内面积,--平方米,分摊面积--平方米,建筑面积,--平方米
项目楼栋情况,宝能城花园（西区）2栋,座号,A座,合同号,--,拟售价格,84591元/平方米(按建筑面积计)楼层,20,房号,20B,用途,住宅,,建筑面积206.2平方米,户内面积,175.87平方米,分摊面积,30.33平方米,户内面积,--平方米,分摊面积--平方米,建筑面积,--平方米
项目楼栋情况,宝能城花园（西区）2栋,座号,A座,合同号,--,拟售价格,88541元/平方米(按建筑面积计)楼层,20,房号,20C,用途,住宅,,建筑面积168.58平方米,户内面积,143.79平方米,分摊面积,24.79平方米,户内面积,--平方米,分摊面积--平方米,建筑面积,--平方米
项目楼栋情况,宝能城花园（西区）2栋,座号,A座,合同号,--,拟售价格,88591元/平方米(按建筑面积计)楼层,19,房号,19A,用途,住宅,,建筑面积206.2平方米,户内面积,175.87平方米,分摊面积,30.33平方米,户内面积,--平方米,分摊面积--平方米,建筑面积,--平方米
项目楼栋情况,宝能城花园（西区）2栋,座号,A座,合同号,--,拟售价格,84491元/平方米(按建筑面积计)楼层,19,房号,19B,用途,住宅,,建筑面积206.2平方米,户内面积,175.87平方米,分摊面积,30.33平方米,户内面积,--平方米,分摊面积--平方米,建筑面积,--平方米
项目楼栋情况,宝能城花园（西区）2栋,座号,A座,合同号,--,拟售价格,88441元/平方米(按建筑面积计)楼层,19,房号,19C,用途,住宅,,建筑面积168.58平方米,户内面积,143.79平方米,分摊面积,24.79平方米,户内面积,--平方米,分摊面积--平方米,建筑面积,--平方米
项目楼栋情况,宝能城花园（西区）2栋,座号,A座,合同号,--,拟售价格,87691元/平方米(按建筑面积计)楼层,18,房号,18A,用途,住宅,,建筑面积206.2平方米,户内面积,175.87平方米,分摊面积,30.33平方米,户内面积,--平方米,分摊面积--平方米,建筑面积,--平方米
项目楼栋情况,宝能城花园（西区）2栋,座号,A座,合同号,--,拟售价格,83591元/平方米(按建筑面积计)楼层,18,房号,18B,用途,住宅,,建筑面积206.2平方米,户内面积,175.87平方米,分摊面积,30.33平方米,户内面积,--平方米,分摊面积--平方米,建筑面积,--平方米
项目楼栋情况,宝能城花园（西区）2栋,座号,A座,合同号,--,拟售价格,87341元/平方米(按建筑面积计)楼层,18,房号,18C,用途,住宅,,建筑面积168.58平方米,户内面积,143.79平方米,分摊面积,24.79平方米,户内面积,--平方米,分摊面积--平方米,建筑面积,--平方米
项目楼栋情况,宝能城花园（西区）2栋,座号,A座,合同号,--,拟售价格,87591元/平方米(按建筑面积计)楼层,17,房号,17A,用途,住宅,,建筑面积206.2平方米,户内面积,175.87平方米,分摊面积,30.33平方米,户内面积,--平方米,分摊面积--平方米,建筑面积,--平方米
项目楼栋情况,宝能城花园（西区）2栋,座号,A座,合同号,--,拟售价格,83491元/平方米(按建筑面积计)楼层,17,房号,17B,用途,住宅,,建筑面积206.2平方米,户内面积,175.87平方米,分摊面积,30.33平方米,户内面积,--平方米,分摊面积--平方米,建筑面积,--平方米
项目楼栋情况,宝能城花园（西区）2栋,座号,A座,合同号,--,拟售价格,87241元/平方米(按建筑面积计)楼层,17,房号,17C,用途,住宅,,建筑面积168.58平方米,户内面积,143.79平方米,分摊面积,24.79平方米,户内面积,--平方米,分摊面积--平方米,建筑面积,--平方米
项目楼栋情况,宝能城花园（西区）2栋,座号,A座,合同号,--,拟售价格,87491元/平方米(按建筑面积计)楼层,16,房号,16A,用途,住宅,,建筑面积206.2平方米,户内面积,175.87平方米,分摊面积,30.33平方米,户内面积,--平方米,分摊面积--平方米,建筑面积,--平方米
项目楼栋情况,宝能城花园（西区）2栋,座号,A座,合同号,--,拟售价格,83391元/平方米(按建筑面积计)楼层,16,房号,16B,用途,住宅,,建筑面积206.2平方米,户内面积,175.87平方米,分摊面积,30.33平方米,户内面积,--平方米,分摊面积--平方米,建筑面积,--平方米
项目楼栋情况,宝能城花园（西区）2栋,座号,A座,合同号,--,拟售价格,87141元/平方米(按建筑面积计)楼层,16,房号,16C,用途,住宅,,建筑面积168.58平方米,户内面积,143.79平方米,分摊面积,24.79平方米,户内面积,--平方米,分摊面积--平方米,建筑面积,--平方米
项目楼栋情况,宝能城花园（西区）2栋,座号,A座,合同号,--,拟售价格,87391元/平方米(按建筑面积计)楼层,15,房号,15A,用途,住宅,,建筑面积206.2平方米,户内面积,175.87平方米,分摊面积,30.33平方米,户内面积,--平方米,分摊面积--平方米,建筑面积,--平方米
项目楼栋情况,宝能城花园（西区）2栋,座号,A座,合同号,--,拟售价格,83291元/平方米(按建筑面积计)楼层,15,房号,15B,用途,住宅,,建筑面积206.2平方米,户内面积,175.87平方米,分摊面积,30.33平方米,户内面积,--平方米,分摊面积--平方米,建筑面积,--平方米
项目楼栋情况,宝能城花园（西区）2栋,座号,A座,合同号,--,拟售价格,87041元/平方米(按建筑面积计)楼层,15,房号,15C,用途,住宅,,建筑面积168.58平方米,户内面积,143.79平方米,分摊面积,24.79平方米,户内面积,--平方米,分摊面积--平方米,建筑面积,--平方米
项目楼栋情况,宝能城花园（西区）2栋,座号,A座,合同号,--,拟售价格,87291元/平方米(按建筑面积计)楼层,14,房号,14A,用途,住宅,,建筑面积206.2平方米,户内面积,175.87平方米,分摊面积,30.33平方米,户内面积,--平方米,分摊面积--平方米,建筑面积,--平方米
项目楼栋情况,宝能城花园（西区）2栋,座号,A座,合同号,--,拟售价格,83191元/平方米(按建筑面积计)楼层,14,房号,14B,用途,住宅,,建筑面积206.2平方米,户内面积,175.87平方米,分摊面积,30.33平方米,户内面积,--平方米,分摊面积--平方米,建筑面积,--平方米
项目楼栋情况,宝能城花园（西区）2栋,座号,A座,合同号,--,拟售价格,86941元/平方米(按建筑面积计)楼层,14,房号,14C,用途,住宅,,建筑面积168.58平方米,户内面积,143.79平方米,分摊面积,24.79平方米,户内面积,--平方米,分摊面积--平方米,建筑面积,--平方米
项目楼栋情况,宝能城花园（西区）2栋,座号,A座,合同号,--,拟售价格,87191元/平方米(按建筑面积计)楼层,13,房号,13A,用途,住宅,,建筑面积206.2平方米,户内面积,175.87平方米,分摊面积,30.33平方米,户内面积,--平方米,分摊面积--平方米,建筑面积,--平方米
项目楼栋情况,宝能城花园（西区）2栋,座号,A座,合同号,--,拟售价格,83091元/平方米(按建筑面积计)楼层,13,房号,13B,用途,住宅,,建筑面积206.2平方米,户内面积,175.87平方米,分摊面积,30.33平方米,户内面积,--平方米,分摊面积--平方米,建筑面积,--平方米
项目楼栋情况,宝能城花园（西区）2栋,座号,A座,合同号,--,拟售价格,86841元/平方米(按建筑面积计)楼层,13,房号,13C,用途,住宅,,建筑面积168.58平方米,户内面积,143.79平方米,分摊面积,24.79平方米,户内面积,--平方米,分摊面积--平方米,建筑面积,--平方米
项目楼栋情况,宝能城花园（西区）2栋,座号,A座,合同号,--,拟售价格,86791元/平方米(按建筑面积计)楼层,12,房号,12A,用途,住宅,,建筑面积206.2平方米,户内面积,175.87平方米,分摊面积,30.33平方米,户内面积,--平方米,分摊面积--平方米,建筑面积,--平方米
项目楼栋情况,宝能城花园（西区）2栋,座号,A座,合同号,--,拟售价格,82691元/平方米(按建筑面积计)楼层,12,房号,12B,用途,住宅,,建筑面积206.2平方米,户内面积,175.87平方米,分摊面积,30.33平方米,户内面积,--平方米,分摊面积--平方米,建筑面积,--平方米
项目楼栋情况,宝能城花园（西区）2栋,座号,A座,合同号,--,拟售价格,87041元/平方米(按建筑面积计)楼层,12,房号,12C,用途,住宅,,建筑面积168.58平方米,户内面积,143.79平方米,分摊面积,24.79平方米,户内面积,--平方米,分摊面积--平方米,建筑面积,--平方米
项目楼栋情况,宝能城花园（西区）2栋,座号,A座,合同号,--,拟售价格,86691元/平方米(按建筑面积计)楼层,11,房号,11A,用途,住宅,,建筑面积206.2平方米,户内面积,175.87平方米,分摊面积,30.33平方米,户内面积,--平方米,分摊面积--平方米,建筑面积,--平方米
项目楼栋情况,宝能城花园（西区）2栋,座号,A座,合同号,--,拟售价格,82591元/平方米(按建筑面积计)楼层,11,房号,11B,用途,住宅,,建筑面积206.2平方米,户内面积,175.87平方米,分摊面积,30.33平方米,户内面积,--平方米,分摊面积--平方米,建筑面积,--平方米
项目楼栋情况,宝能城花园（西区）2栋,座号,A座,合同号,--,拟售价格,86941元/平方米(按建筑面积计)楼层,11,房号,11C,用途,住宅,,建筑面积168.58平方米,户内面积,143.79平方米,分摊面积,24.79平方米,户内面积,--平方米,分摊面积--平方米,建筑面积,--平方米
项目楼栋情况,宝能城花园（西区）2栋,座号,A座,合同号,--,拟售价格,86591元/平方米(按建筑面积计)楼层,10,房号,10A,用途,住宅,,建筑面积206.2平方米,户内面积,175.87平方米,分摊面积,30.33平方米,户内面积,--平方米,分摊面积--平方米,建筑面积,--平方米
项目楼栋情况,宝能城花园（西区）2栋,座号,A座,合同号,--,拟售价格,82491元/平方米(按建筑面积计)楼层,10,房号,10B,用途,住宅,,建筑面积206.2平方米,户内面积,175.87平方米,分摊面积,30.33平方米,户内面积,--平方米,分摊面积--平方米,建筑面积,--平方米
项目楼栋情况,宝能城花园（西区）2栋,座号,A座,合同号,--,拟售价格,86841元/平方米(按建筑面积计)楼层,10,房号,10C,用途,住宅,,建筑面积168.58平方米,户内面积,143.79平方米,分摊面积,24.79平方米,户内面积,--平方米,分摊面积--平方米,建筑面积,--平方米
项目楼栋情况,宝能城花园（西区）2栋,座号,A座,合同号,--,拟售价格,86491元/平方米(按建筑面积计)楼层,9,房号,9A,用途,住宅,,建筑面积206.2平方米,户内面积,175.87平方米,分摊面积,30.33平方米,户内面积,--平方米,分摊面积--平方米,建筑面积,--平方米
项目楼栋情况,宝能城花园（西区）2栋,座号,A座,合同号,--,拟售价格,82391元/平方米(按建筑面积计)楼层,9,房号,9B,用途,住宅,,建筑面积206.2平方米,户内面积,175.87平方米,分摊面积,30.33平方米,户内面积,--平方米,分摊面积--平方米,建筑面积,--平方米
项目楼栋情况,宝能城花园（西区）2栋,座号,A座,合同号,--,拟售价格,86741元/平方米(按建筑面积计)楼层,9,房号,9C,用途,住宅,,建筑面积168.58平方米,户内面积,143.79平方米,分摊面积,24.79平方米,户内面积,--平方米,分摊面积--平方米,建筑面积,--平方米
项目楼栋情况,宝能城花园（西区）2栋,座号,A座,合同号,--,拟售价格,85891元/平方米(按建筑面积计)楼层,8,房号,8A,用途,住宅,,建筑面积206.2平方米,户内面积,175.87平方米,分摊面积,30.33平方米,户内面积,--平方米,分摊面积--平方米,建筑面积,--平方米
项目楼栋情况,宝能城花园（西区）2栋,座号,A座,合同号,--,拟售价格,81791元/平方米(按建筑面积计)楼层,8,房号,8B,用途,住宅,,建筑面积206.2平方米,户内面积,175.87平方米,分摊面积,30.33平方米,户内面积,--平方米,分摊面积--平方米,建筑面积,--平方米
项目楼栋情况,宝能城花园（西区）2栋,座号,A座,合同号,--,拟售价格,86141元/平方米(按建筑面积计)楼层,8,房号,8C,用途,住宅,,建筑面积168.58平方米,户内面积,143.79平方米,分摊面积,24.79平方米,户内面积,--平方米,分摊面积--平方米,建筑面积,--平方米
项目楼栋情况,宝能城花园（西区）2栋,座号,A座,合同号,--,拟售价格,85791元/平方米(按建筑面积计)楼层,7,房号,7A,用途,住宅,,建筑面积206.2平方米,户内面积,175.87平方米,分摊面积,30.33平方米,户内面积,--平方米,分摊面积--平方米,建筑面积,--平方米
项目楼栋情况,宝能城花园（西区）2栋,座号,A座,合同号,--,拟售价格,81691元/平方米(按建筑面积计)楼层,7,房号,7B,用途,住宅,,建筑面积206.2平方米,户内面积,175.87平方米,分摊面积,30.33平方米,户内面积,--平方米,分摊面积--平方米,建筑面积,--平方米
项目楼栋情况,宝能城花园（西区）2栋,座号,A座,合同号,--,拟售价格,86041元/平方米(按建筑面积计)楼层,7,房号,7C,用途,住宅,,建筑面积168.58平方米,户内面积,143.79平方米,分摊面积,24.79平方米,户内面积,--平方米,分摊面积--平方米,建筑面积,--平方米
项目楼栋情况,宝能城花园（西区）2栋,座号,A座,合同号,--,拟售价格,85691元/平方米(按建筑面积计)楼层,6,房号,6A,用途,住宅,,建筑面积206.2平方米,户内面积,175.87平方米,分摊面积,30.33平方米,户内面积,--平方米,分摊面积--平方米,建筑面积,--平方米
项目楼栋情况,宝能城花园（西区）2栋,座号,A座,合同号,--,拟售价格,81591元/平方米(按建筑面积计)楼层,6,房号,6B,用途,住宅,,建筑面积206.2平方米,户内面积,175.87平方米,分摊面积,30.33平方米,户内面积,--平方米,分摊面积--平方米,建筑面积,--平方米
项目楼栋情况,宝能城花园（西区）2栋,座号,A座,合同号,深(南)网预买字(2019)12228号,拟售价格,--元/平方米(按建筑面积计)楼层,6,房号,6C,用途,住宅,,建筑面积168.58平方米,户内面积,143.79平方米,分摊面积,24.79平方米,户内面积,--平方米,分摊面积--平方米,建筑面积,--平方米
项目楼栋情况,宝能城花园（西区）2栋,座号,A座,合同号,--,拟售价格,85591元/平方米(按建筑面积计)楼层,5,房号,5A,用途,住宅,,建筑面积206.2平方米,户内面积,175.87平方米,分摊面积,30.33平方米,户内面积,--平方米,分摊面积--平方米,建筑面积,--平方米
项目楼栋情况,宝能城花园（西区）2栋,座号,A座,合同号,--,拟售价格,81491元/平方米(按建筑面积计)楼层,5,房号,5B,用途,住宅,,建筑面积206.2平方米,户内面积,175.87平方米,分摊面积,30.33平方米,户内面积,--平方米,分摊面积--平方米,建筑面积,--平方米
项目楼栋情况,宝能城花园（西区）2栋,座号,A座,合同号,--,拟售价格,85241元/平方米(按建筑面积计)楼层,5,房号,5C,用途,住宅,,建筑面积168.58平方米,户内面积,143.79平方米,分摊面积,24.79平方米,户内面积,--平方米,分摊面积--平方米,建筑面积,--平方米
项目楼栋情况,宝能城花园（西区）2栋,座号,A座,合同号,--,拟售价格,85491元/平方米(按建筑面积计)楼层,4,房号,4A,用途,住宅,,建筑面积206.2平方米,户内面积,175.87平方米,分摊面积,30.33平方米,户内面积,--平方米,分摊面积--平方米,建筑面积,--平方米
项目楼栋情况,宝能城花园（西区）2栋,座号,A座,合同号,--,拟售价格,81391元/平方米(按建筑面积计)楼层,4,房号,4B,用途,住宅,,建筑面积206.2平方米,户内面积,175.87平方米,分摊面积,30.33平方米,户内面积,--平方米,分摊面积--平方米,建筑面积,--平方米
项目楼栋情况,宝能城花园（西区）2栋,座号,A座,合同号,--,拟售价格,85141元/平方米(按建筑面积计)楼层,4,房号,4C,用途,住宅,,建筑面积168.58平方米,户内面积,143.79平方米,分摊面积,24.79平方米,户内面积,--平方米,分摊面积--平方米,建筑面积,--平方米
项目楼栋情况,宝能城花园（西区）2栋,座号,A座,合同号,--,拟售价格,85391元/平方米(按建筑面积计)楼层,3,房号,3A,用途,住宅,,建筑面积206.2平方米,户内面积,175.87平方米,分摊面积,30.33平方米,户内面积,--平方米,分摊面积--平方米,建筑面积,--平方米
项目楼栋情况,宝能城花园（西区）2栋,座号,A座,合同号,--,拟售价格,81291元/平方米(按建筑面积计)楼层,3,房号,3B,用途,住宅,,建筑面积206.2平方米,户内面积,175.87平方米,分摊面积,30.33平方米,户内面积,--平方米,分摊面积--平方米,建筑面积,--平方米
项目楼栋情况,宝能城花园（西区）2栋,座号,A座,合同号,--,拟售价格,85041元/平方米(按建筑面积计)楼层,3,房号,3C,用途,住宅,,建筑面积168.58平方米,户内面积,143.79平方米,分摊面积,24.79平方米,户内面积,--平方米,分摊面积--平方米,建筑面积,--平方米
项目楼栋情况,宝能城花园（西区）2栋,座号,A座,合同号,--,拟售价格,84791元/平方米(按建筑面积计)楼层,2,房号,2A,用途,住宅,,建筑面积206.2平方米,户内面积,175.87平方米,分摊面积,30.33平方米,户内面积,--平方米,分摊面积--平方米,建筑面积,--平方米
项目楼栋情况,宝能城花园（西区）2栋,座号,A座,合同号,--,拟售价格,80691元/平方米(按建筑面积计)楼层,2,房号,2B,用途,住宅,,建筑面积206.2平方米,户内面积,175.87平方米,分摊面积,30.33平方米,户内面积,--平方米,分摊面积--平方米,建筑面积,--平方米
项目楼栋情况,宝能城花园（西区）2栋,座号,A座,合同号,--,拟售价格,84441元/平方米(按建筑面积计)楼层,2,房号,2C,用途,住宅,,建筑面积168.58平方米,户内面积,143.79平方米,分摊面积,24.79平方米,户内面积,--平方米,分摊面积--平方米,建筑面积,--平方米
