项目楼栋情况,天悦壹号玺苑1栋,座号,裙楼,合同号,--,拟售价格,50000元/平方米(按建筑面积计)楼层,03层,房号,01,用途,商铺,,建筑面积116.31平方米,户内面积,94.56平方米,分摊面积,21.75平方米,户内面积,--平方米,分摊面积--平方米,建筑面积,--平方米
项目楼栋情况,天悦壹号玺苑1栋,座号,裙楼,合同号,--,拟售价格,75000元/平方米(按建筑面积计)楼层,02层,房号,01,用途,商铺,,建筑面积40.01平方米,户内面积,32.51平方米,分摊面积,7.5平方米,户内面积,--平方米,分摊面积--平方米,建筑面积,--平方米
项目楼栋情况,天悦壹号玺苑1栋,座号,裙楼,合同号,--,拟售价格,150000元/平方米(按建筑面积计)楼层,01层,房号,01,用途,商铺,,建筑面积247.7平方米,户内面积,201.87平方米,分摊面积,45.83平方米,户内面积,--平方米,分摊面积--平方米,建筑面积,--平方米
项目楼栋情况,天悦壹号玺苑1栋,座号,C,合同号,--,拟售价格,87596元/平方米(按建筑面积计)楼层,19层,房号,1901,用途,住宅,,建筑面积120.97平方米,户内面积,88.19平方米,分摊面积,32.78平方米,户内面积,--平方米,分摊面积--平方米,建筑面积,--平方米
项目楼栋情况,天悦壹号玺苑1栋,座号,C,合同号,--,拟售价格,83839元/平方米(按建筑面积计)楼层,19层,房号,1902,用途,住宅,,建筑面积116.62平方米,户内面积,85.01平方米,分摊面积,31.61平方米,户内面积,--平方米,分摊面积--平方米,建筑面积,--平方米
项目楼栋情况,天悦壹号玺苑1栋,座号,C,合同号,--,拟售价格,88687元/平方米(按建筑面积计)楼层,19层,房号,1903,用途,住宅,,建筑面积120.96平方米,户内面积,88.18平方米,分摊面积,32.78平方米,户内面积,--平方米,分摊面积--平方米,建筑面积,--平方米
项目楼栋情况,天悦壹号玺苑1栋,座号,C,合同号,--,拟售价格,88232元/平方米(按建筑面积计)楼层,19层,房号,1905,用途,住宅,,建筑面积120.57平方米,户内面积,87.9平方米,分摊面积,32.67平方米,户内面积,--平方米,分摊面积--平方米,建筑面积,--平方米
项目楼栋情况,天悦壹号玺苑1栋,座号,C,合同号,--,拟售价格,89396元/平方米(按建筑面积计)楼层,29层,房号,2901,用途,住宅,,建筑面积120.97平方米,户内面积,88.19平方米,分摊面积,32.78平方米,户内面积,--平方米,分摊面积--平方米,建筑面积,--平方米
项目楼栋情况,天悦壹号玺苑1栋,座号,C,合同号,--,拟售价格,85639元/平方米(按建筑面积计)楼层,29层,房号,2902,用途,住宅,,建筑面积116.62平方米,户内面积,85.01平方米,分摊面积,31.61平方米,户内面积,--平方米,分摊面积--平方米,建筑面积,--平方米
项目楼栋情况,天悦壹号玺苑1栋,座号,C,合同号,--,拟售价格,90487元/平方米(按建筑面积计)楼层,29层,房号,2903,用途,住宅,,建筑面积120.96平方米,户内面积,88.18平方米,分摊面积,32.78平方米,户内面积,--平方米,分摊面积--平方米,建筑面积,--平方米
项目楼栋情况,天悦壹号玺苑1栋,座号,C,合同号,--,拟售价格,90032元/平方米(按建筑面积计)楼层,29层,房号,2905,用途,住宅,,建筑面积120.57平方米,户内面积,87.9平方米,分摊面积,32.67平方米,户内面积,--平方米,分摊面积--平方米,建筑面积,--平方米
项目楼栋情况,天悦壹号玺苑1栋,座号,C,合同号,--,拟售价格,90396元/平方米(按建筑面积计)楼层,39层,房号,3901,用途,住宅,,建筑面积120.97平方米,户内面积,88.19平方米,分摊面积,32.78平方米,户内面积,--平方米,分摊面积--平方米,建筑面积,--平方米
项目楼栋情况,天悦壹号玺苑1栋,座号,C,合同号,--,拟售价格,86639元/平方米(按建筑面积计)楼层,39层,房号,3902,用途,住宅,,建筑面积116.55平方米,户内面积,84.96平方米,分摊面积,31.59平方米,户内面积,--平方米,分摊面积--平方米,建筑面积,--平方米
项目楼栋情况,天悦壹号玺苑1栋,座号,C,合同号,--,拟售价格,91487元/平方米(按建筑面积计)楼层,39层,房号,3903,用途,住宅,,建筑面积120.96平方米,户内面积,88.18平方米,分摊面积,32.78平方米,户内面积,--平方米,分摊面积--平方米,建筑面积,--平方米
项目楼栋情况,天悦壹号玺苑1栋,座号,C,合同号,--,拟售价格,91032元/平方米(按建筑面积计)楼层,39层,房号,3905,用途,住宅,,建筑面积120.51平方米,户内面积,87.85平方米,分摊面积,32.66平方米,户内面积,--平方米,分摊面积--平方米,建筑面积,--平方米
项目楼栋情况,天悦壹号玺苑1栋,座号,C,合同号,--,拟售价格,85796元/平方米(按建筑面积计)楼层,9层,房号,901,用途,住宅,,建筑面积120.97平方米,户内面积,88.19平方米,分摊面积,32.78平方米,户内面积,--平方米,分摊面积--平方米,建筑面积,--平方米
项目楼栋情况,天悦壹号玺苑1栋,座号,C,合同号,--,拟售价格,82039元/平方米(按建筑面积计)楼层,9层,房号,902,用途,住宅,,建筑面积116.62平方米,户内面积,85.01平方米,分摊面积,31.61平方米,户内面积,--平方米,分摊面积--平方米,建筑面积,--平方米
项目楼栋情况,天悦壹号玺苑1栋,座号,C,合同号,--,拟售价格,86887元/平方米(按建筑面积计)楼层,9层,房号,903,用途,住宅,,建筑面积120.96平方米,户内面积,88.18平方米,分摊面积,32.78平方米,户内面积,--平方米,分摊面积--平方米,建筑面积,--平方米
项目楼栋情况,天悦壹号玺苑1栋,座号,C,合同号,--,拟售价格,86432元/平方米(按建筑面积计)楼层,9层,房号,905,用途,住宅,,建筑面积120.57平方米,户内面积,87.9平方米,分摊面积,32.67平方米,户内面积,--平方米,分摊面积--平方米,建筑面积,--平方米
项目楼栋情况,天悦壹号玺苑1栋,座号,C,合同号,--,拟售价格,87396元/平方米(按建筑面积计)楼层,18层,房号,1801,用途,住宅,,建筑面积120.97平方米,户内面积,88.19平方米,分摊面积,32.78平方米,户内面积,--平方米,分摊面积--平方米,建筑面积,--平方米
项目楼栋情况,天悦壹号玺苑1栋,座号,C,合同号,--,拟售价格,83639元/平方米(按建筑面积计)楼层,18层,房号,1802,用途,住宅,,建筑面积116.62平方米,户内面积,85.01平方米,分摊面积,31.61平方米,户内面积,--平方米,分摊面积--平方米,建筑面积,--平方米
项目楼栋情况,天悦壹号玺苑1栋,座号,C,合同号,--,拟售价格,88487元/平方米(按建筑面积计)楼层,18层,房号,1803,用途,住宅,,建筑面积120.96平方米,户内面积,88.18平方米,分摊面积,32.78平方米,户内面积,--平方米,分摊面积--平方米,建筑面积,--平方米
项目楼栋情况,天悦壹号玺苑1栋,座号,C,合同号,--,拟售价格,88032元/平方米(按建筑面积计)楼层,18层,房号,1805,用途,住宅,,建筑面积120.57平方米,户内面积,87.9平方米,分摊面积,32.67平方米,户内面积,--平方米,分摊面积--平方米,建筑面积,--平方米
项目楼栋情况,天悦壹号玺苑1栋,座号,C,合同号,--,拟售价格,91196元/平方米(按建筑面积计)楼层,38层,房号,3801,用途,住宅,,建筑面积120.97平方米,户内面积,88.19平方米,分摊面积,32.78平方米,户内面积,--平方米,分摊面积--平方米,建筑面积,--平方米
项目楼栋情况,天悦壹号玺苑1栋,座号,C,合同号,--,拟售价格,87439元/平方米(按建筑面积计)楼层,38层,房号,3802,用途,住宅,,建筑面积116.55平方米,户内面积,84.96平方米,分摊面积,31.59平方米,户内面积,--平方米,分摊面积--平方米,建筑面积,--平方米
项目楼栋情况,天悦壹号玺苑1栋,座号,C,合同号,--,拟售价格,92287元/平方米(按建筑面积计)楼层,38层,房号,3803,用途,住宅,,建筑面积120.96平方米,户内面积,88.18平方米,分摊面积,32.78平方米,户内面积,--平方米,分摊面积--平方米,建筑面积,--平方米
项目楼栋情况,天悦壹号玺苑1栋,座号,C,合同号,--,拟售价格,91832元/平方米(按建筑面积计)楼层,38层,房号,3805,用途,住宅,,建筑面积120.51平方米,户内面积,87.85平方米,分摊面积,32.66平方米,户内面积,--平方米,分摊面积--平方米,建筑面积,--平方米
项目楼栋情况,天悦壹号玺苑1栋,座号,C,合同号,--,拟售价格,85596元/平方米(按建筑面积计)楼层,8层,房号,801,用途,住宅,,建筑面积120.97平方米,户内面积,88.19平方米,分摊面积,32.78平方米,户内面积,--平方米,分摊面积--平方米,建筑面积,--平方米
项目楼栋情况,天悦壹号玺苑1栋,座号,C,合同号,--,拟售价格,81839元/平方米(按建筑面积计)楼层,8层,房号,802,用途,住宅,,建筑面积116.62平方米,户内面积,85.01平方米,分摊面积,31.61平方米,户内面积,--平方米,分摊面积--平方米,建筑面积,--平方米
项目楼栋情况,天悦壹号玺苑1栋,座号,C,合同号,--,拟售价格,86687元/平方米(按建筑面积计)楼层,8层,房号,803,用途,住宅,,建筑面积120.96平方米,户内面积,88.18平方米,分摊面积,32.78平方米,户内面积,--平方米,分摊面积--平方米,建筑面积,--平方米
项目楼栋情况,天悦壹号玺苑1栋,座号,C,合同号,--,拟售价格,86232元/平方米(按建筑面积计)楼层,8层,房号,805,用途,住宅,,建筑面积120.57平方米,户内面积,87.9平方米,分摊面积,32.67平方米,户内面积,--平方米,分摊面积--平方米,建筑面积,--平方米
项目楼栋情况,天悦壹号玺苑1栋,座号,C,合同号,--,拟售价格,87196元/平方米(按建筑面积计)楼层,17层,房号,1701,用途,住宅,,建筑面积120.97平方米,户内面积,88.19平方米,分摊面积,32.78平方米,户内面积,--平方米,分摊面积--平方米,建筑面积,--平方米
项目楼栋情况,天悦壹号玺苑1栋,座号,C,合同号,--,拟售价格,83439元/平方米(按建筑面积计)楼层,17层,房号,1702,用途,住宅,,建筑面积116.62平方米,户内面积,85.01平方米,分摊面积,31.61平方米,户内面积,--平方米,分摊面积--平方米,建筑面积,--平方米
项目楼栋情况,天悦壹号玺苑1栋,座号,C,合同号,--,拟售价格,88287元/平方米(按建筑面积计)楼层,17层,房号,1703,用途,住宅,,建筑面积120.96平方米,户内面积,88.18平方米,分摊面积,32.78平方米,户内面积,--平方米,分摊面积--平方米,建筑面积,--平方米
项目楼栋情况,天悦壹号玺苑1栋,座号,C,合同号,--,拟售价格,87832元/平方米(按建筑面积计)楼层,17层,房号,1705,用途,住宅,,建筑面积120.57平方米,户内面积,87.9平方米,分摊面积,32.67平方米,户内面积,--平方米,分摊面积--平方米,建筑面积,--平方米
项目楼栋情况,天悦壹号玺苑1栋,座号,C,合同号,--,拟售价格,89196元/平方米(按建筑面积计)楼层,27层,房号,2701,用途,住宅,,建筑面积120.97平方米,户内面积,88.19平方米,分摊面积,32.78平方米,户内面积,--平方米,分摊面积--平方米,建筑面积,--平方米
项目楼栋情况,天悦壹号玺苑1栋,座号,C,合同号,--,拟售价格,85439元/平方米(按建筑面积计)楼层,27层,房号,2702,用途,住宅,,建筑面积116.62平方米,户内面积,85.01平方米,分摊面积,31.61平方米,户内面积,--平方米,分摊面积--平方米,建筑面积,--平方米
项目楼栋情况,天悦壹号玺苑1栋,座号,C,合同号,--,拟售价格,90287元/平方米(按建筑面积计)楼层,27层,房号,2703,用途,住宅,,建筑面积120.96平方米,户内面积,88.18平方米,分摊面积,32.78平方米,户内面积,--平方米,分摊面积--平方米,建筑面积,--平方米
项目楼栋情况,天悦壹号玺苑1栋,座号,C,合同号,--,拟售价格,89832元/平方米(按建筑面积计)楼层,27层,房号,2705,用途,住宅,,建筑面积120.57平方米,户内面积,87.9平方米,分摊面积,32.67平方米,户内面积,--平方米,分摊面积--平方米,建筑面积,--平方米
项目楼栋情况,天悦壹号玺苑1栋,座号,C,合同号,--,拟售价格,90996元/平方米(按建筑面积计)楼层,37层,房号,3701,用途,住宅,,建筑面积120.97平方米,户内面积,88.19平方米,分摊面积,32.78平方米,户内面积,--平方米,分摊面积--平方米,建筑面积,--平方米
项目楼栋情况,天悦壹号玺苑1栋,座号,C,合同号,--,拟售价格,87239元/平方米(按建筑面积计)楼层,37层,房号,3702,用途,住宅,,建筑面积116.62平方米,户内面积,85.01平方米,分摊面积,31.61平方米,户内面积,--平方米,分摊面积--平方米,建筑面积,--平方米
项目楼栋情况,天悦壹号玺苑1栋,座号,C,合同号,--,拟售价格,92087元/平方米(按建筑面积计)楼层,37层,房号,3703,用途,住宅,,建筑面积120.96平方米,户内面积,88.18平方米,分摊面积,32.78平方米,户内面积,--平方米,分摊面积--平方米,建筑面积,--平方米
项目楼栋情况,天悦壹号玺苑1栋,座号,C,合同号,--,拟售价格,91632元/平方米(按建筑面积计)楼层,37层,房号,3705,用途,住宅,,建筑面积120.57平方米,户内面积,87.9平方米,分摊面积,32.67平方米,户内面积,--平方米,分摊面积--平方米,建筑面积,--平方米
项目楼栋情况,天悦壹号玺苑1栋,座号,C,合同号,--,拟售价格,85396元/平方米(按建筑面积计)楼层,7层,房号,701,用途,住宅,,建筑面积120.97平方米,户内面积,88.19平方米,分摊面积,32.78平方米,户内面积,--平方米,分摊面积--平方米,建筑面积,--平方米
项目楼栋情况,天悦壹号玺苑1栋,座号,C,合同号,--,拟售价格,81639元/平方米(按建筑面积计)楼层,7层,房号,702,用途,住宅,,建筑面积116.62平方米,户内面积,85.01平方米,分摊面积,31.61平方米,户内面积,--平方米,分摊面积--平方米,建筑面积,--平方米
项目楼栋情况,天悦壹号玺苑1栋,座号,C,合同号,--,拟售价格,86487元/平方米(按建筑面积计)楼层,7层,房号,703,用途,住宅,,建筑面积120.96平方米,户内面积,88.18平方米,分摊面积,32.78平方米,户内面积,--平方米,分摊面积--平方米,建筑面积,--平方米
项目楼栋情况,天悦壹号玺苑1栋,座号,C,合同号,--,拟售价格,86032元/平方米(按建筑面积计)楼层,7层,房号,705,用途,住宅,,建筑面积120.57平方米,户内面积,87.9平方米,分摊面积,32.67平方米,户内面积,--平方米,分摊面积--平方米,建筑面积,--平方米
项目楼栋情况,天悦壹号玺苑1栋,座号,C,合同号,--,拟售价格,86996元/平方米(按建筑面积计)楼层,16层,房号,1601,用途,住宅,,建筑面积120.97平方米,户内面积,88.19平方米,分摊面积,32.78平方米,户内面积,--平方米,分摊面积--平方米,建筑面积,--平方米
项目楼栋情况,天悦壹号玺苑1栋,座号,C,合同号,--,拟售价格,83239元/平方米(按建筑面积计)楼层,16层,房号,1602,用途,住宅,,建筑面积116.62平方米,户内面积,85.01平方米,分摊面积,31.61平方米,户内面积,--平方米,分摊面积--平方米,建筑面积,--平方米
项目楼栋情况,天悦壹号玺苑1栋,座号,C,合同号,--,拟售价格,88087元/平方米(按建筑面积计)楼层,16层,房号,1603,用途,住宅,,建筑面积120.96平方米,户内面积,88.18平方米,分摊面积,32.78平方米,户内面积,--平方米,分摊面积--平方米,建筑面积,--平方米
项目楼栋情况,天悦壹号玺苑1栋,座号,C,合同号,--,拟售价格,87632元/平方米(按建筑面积计)楼层,16层,房号,1605,用途,住宅,,建筑面积120.57平方米,户内面积,87.9平方米,分摊面积,32.67平方米,户内面积,--平方米,分摊面积--平方米,建筑面积,--平方米
项目楼栋情况,天悦壹号玺苑1栋,座号,C,合同号,深(宝)网预买字(2019)31887号,拟售价格,--元/平方米(按建筑面积计)楼层,26层,房号,2601,用途,住宅,,建筑面积120.97平方米,户内面积,88.19平方米,分摊面积,32.78平方米,户内面积,--平方米,分摊面积--平方米,建筑面积,--平方米
项目楼栋情况,天悦壹号玺苑1栋,座号,C,合同号,--,拟售价格,85239元/平方米(按建筑面积计)楼层,26层,房号,2602,用途,住宅,,建筑面积116.62平方米,户内面积,85.01平方米,分摊面积,31.61平方米,户内面积,--平方米,分摊面积--平方米,建筑面积,--平方米
项目楼栋情况,天悦壹号玺苑1栋,座号,C,合同号,--,拟售价格,90087元/平方米(按建筑面积计)楼层,26层,房号,2603,用途,住宅,,建筑面积120.96平方米,户内面积,88.18平方米,分摊面积,32.78平方米,户内面积,--平方米,分摊面积--平方米,建筑面积,--平方米
项目楼栋情况,天悦壹号玺苑1栋,座号,C,合同号,--,拟售价格,89632元/平方米(按建筑面积计)楼层,26层,房号,2605,用途,住宅,,建筑面积120.57平方米,户内面积,87.9平方米,分摊面积,32.67平方米,户内面积,--平方米,分摊面积--平方米,建筑面积,--平方米
项目楼栋情况,天悦壹号玺苑1栋,座号,C,合同号,--,拟售价格,90796元/平方米(按建筑面积计)楼层,36层,房号,3601,用途,住宅,,建筑面积120.97平方米,户内面积,88.19平方米,分摊面积,32.78平方米,户内面积,--平方米,分摊面积--平方米,建筑面积,--平方米
项目楼栋情况,天悦壹号玺苑1栋,座号,C,合同号,--,拟售价格,87039元/平方米(按建筑面积计)楼层,36层,房号,3602,用途,住宅,,建筑面积116.62平方米,户内面积,85.01平方米,分摊面积,31.61平方米,户内面积,--平方米,分摊面积--平方米,建筑面积,--平方米
项目楼栋情况,天悦壹号玺苑1栋,座号,C,合同号,--,拟售价格,91887元/平方米(按建筑面积计)楼层,36层,房号,3603,用途,住宅,,建筑面积120.96平方米,户内面积,88.18平方米,分摊面积,32.78平方米,户内面积,--平方米,分摊面积--平方米,建筑面积,--平方米
项目楼栋情况,天悦壹号玺苑1栋,座号,C,合同号,--,拟售价格,91432元/平方米(按建筑面积计)楼层,36层,房号,3605,用途,住宅,,建筑面积120.57平方米,户内面积,87.9平方米,分摊面积,32.67平方米,户内面积,--平方米,分摊面积--平方米,建筑面积,--平方米
项目楼栋情况,天悦壹号玺苑1栋,座号,C,合同号,--,拟售价格,85196元/平方米(按建筑面积计)楼层,6层,房号,601,用途,住宅,,建筑面积120.97平方米,户内面积,88.19平方米,分摊面积,32.78平方米,户内面积,--平方米,分摊面积--平方米,建筑面积,--平方米
项目楼栋情况,天悦壹号玺苑1栋,座号,C,合同号,--,拟售价格,81439元/平方米(按建筑面积计)楼层,6层,房号,602,用途,住宅,,建筑面积116.62平方米,户内面积,85.01平方米,分摊面积,31.61平方米,户内面积,--平方米,分摊面积--平方米,建筑面积,--平方米
项目楼栋情况,天悦壹号玺苑1栋,座号,C,合同号,--,拟售价格,86287元/平方米(按建筑面积计)楼层,6层,房号,603,用途,住宅,,建筑面积120.96平方米,户内面积,88.18平方米,分摊面积,32.78平方米,户内面积,--平方米,分摊面积--平方米,建筑面积,--平方米
项目楼栋情况,天悦壹号玺苑1栋,座号,C,合同号,--,拟售价格,85832元/平方米(按建筑面积计)楼层,6层,房号,605,用途,住宅,,建筑面积120.57平方米,户内面积,87.9平方米,分摊面积,32.67平方米,户内面积,--平方米,分摊面积--平方米,建筑面积,--平方米
项目楼栋情况,天悦壹号玺苑1栋,座号,C,合同号,--,拟售价格,86796元/平方米(按建筑面积计)楼层,15层,房号,1501,用途,住宅,,建筑面积120.97平方米,户内面积,88.19平方米,分摊面积,32.78平方米,户内面积,--平方米,分摊面积--平方米,建筑面积,--平方米
项目楼栋情况,天悦壹号玺苑1栋,座号,C,合同号,--,拟售价格,83039元/平方米(按建筑面积计)楼层,15层,房号,1502,用途,住宅,,建筑面积116.62平方米,户内面积,85.01平方米,分摊面积,31.61平方米,户内面积,--平方米,分摊面积--平方米,建筑面积,--平方米
项目楼栋情况,天悦壹号玺苑1栋,座号,C,合同号,--,拟售价格,87887元/平方米(按建筑面积计)楼层,15层,房号,1503,用途,住宅,,建筑面积120.96平方米,户内面积,88.18平方米,分摊面积,32.78平方米,户内面积,--平方米,分摊面积--平方米,建筑面积,--平方米
项目楼栋情况,天悦壹号玺苑1栋,座号,C,合同号,--,拟售价格,87432元/平方米(按建筑面积计)楼层,15层,房号,1505,用途,住宅,,建筑面积120.57平方米,户内面积,87.9平方米,分摊面积,32.67平方米,户内面积,--平方米,分摊面积--平方米,建筑面积,--平方米
项目楼栋情况,天悦壹号玺苑1栋,座号,C,合同号,--,拟售价格,88796元/平方米(按建筑面积计)楼层,25层,房号,2501,用途,住宅,,建筑面积120.97平方米,户内面积,88.19平方米,分摊面积,32.78平方米,户内面积,--平方米,分摊面积--平方米,建筑面积,--平方米
项目楼栋情况,天悦壹号玺苑1栋,座号,C,合同号,--,拟售价格,85039元/平方米(按建筑面积计)楼层,25层,房号,2502,用途,住宅,,建筑面积116.62平方米,户内面积,85.01平方米,分摊面积,31.61平方米,户内面积,--平方米,分摊面积--平方米,建筑面积,--平方米
项目楼栋情况,天悦壹号玺苑1栋,座号,C,合同号,--,拟售价格,89887元/平方米(按建筑面积计)楼层,25层,房号,2503,用途,住宅,,建筑面积120.96平方米,户内面积,88.18平方米,分摊面积,32.78平方米,户内面积,--平方米,分摊面积--平方米,建筑面积,--平方米
项目楼栋情况,天悦壹号玺苑1栋,座号,C,合同号,--,拟售价格,89432元/平方米(按建筑面积计)楼层,25层,房号,2505,用途,住宅,,建筑面积120.57平方米,户内面积,87.9平方米,分摊面积,32.67平方米,户内面积,--平方米,分摊面积--平方米,建筑面积,--平方米
项目楼栋情况,天悦壹号玺苑1栋,座号,C,合同号,--,拟售价格,90596元/平方米(按建筑面积计)楼层,35层,房号,3501,用途,住宅,,建筑面积120.97平方米,户内面积,88.19平方米,分摊面积,32.78平方米,户内面积,--平方米,分摊面积--平方米,建筑面积,--平方米
项目楼栋情况,天悦壹号玺苑1栋,座号,C,合同号,--,拟售价格,86839元/平方米(按建筑面积计)楼层,35层,房号,3502,用途,住宅,,建筑面积116.62平方米,户内面积,85.01平方米,分摊面积,31.61平方米,户内面积,--平方米,分摊面积--平方米,建筑面积,--平方米
项目楼栋情况,天悦壹号玺苑1栋,座号,C,合同号,--,拟售价格,91687元/平方米(按建筑面积计)楼层,35层,房号,3503,用途,住宅,,建筑面积120.96平方米,户内面积,88.18平方米,分摊面积,32.78平方米,户内面积,--平方米,分摊面积--平方米,建筑面积,--平方米
项目楼栋情况,天悦壹号玺苑1栋,座号,C,合同号,--,拟售价格,91232元/平方米(按建筑面积计)楼层,35层,房号,3505,用途,住宅,,建筑面积120.57平方米,户内面积,87.9平方米,分摊面积,32.67平方米,户内面积,--平方米,分摊面积--平方米,建筑面积,--平方米
项目楼栋情况,天悦壹号玺苑1栋,座号,C,合同号,--,拟售价格,84846元/平方米(按建筑面积计)楼层,5层,房号,501,用途,住宅,,建筑面积120.57平方米,户内面积,87.9平方米,分摊面积,32.67平方米,户内面积,--平方米,分摊面积--平方米,建筑面积,--平方米
项目楼栋情况,天悦壹号玺苑1栋,座号,C,合同号,--,拟售价格,81089元/平方米(按建筑面积计)楼层,5层,房号,502,用途,住宅,,建筑面积115.86平方米,户内面积,84.46平方米,分摊面积,31.4平方米,户内面积,--平方米,分摊面积--平方米,建筑面积,--平方米
项目楼栋情况,天悦壹号玺苑1栋,座号,C,合同号,--,拟售价格,85937元/平方米(按建筑面积计)楼层,5层,房号,503,用途,住宅,,建筑面积120.56平方米,户内面积,87.89平方米,分摊面积,32.67平方米,户内面积,--平方米,分摊面积--平方米,建筑面积,--平方米
项目楼栋情况,天悦壹号玺苑1栋,座号,C,合同号,--,拟售价格,85482元/平方米(按建筑面积计)楼层,5层,房号,505,用途,住宅,,建筑面积122.42平方米,户内面积,89.25平方米,分摊面积,33.17平方米,户内面积,--平方米,分摊面积--平方米,建筑面积,--平方米
项目楼栋情况,天悦壹号玺苑1栋,座号,C,合同号,--,拟售价格,86596元/平方米(按建筑面积计)楼层,14层,房号,1401,用途,住宅,,建筑面积120.97平方米,户内面积,88.19平方米,分摊面积,32.78平方米,户内面积,--平方米,分摊面积--平方米,建筑面积,--平方米
项目楼栋情况,天悦壹号玺苑1栋,座号,C,合同号,--,拟售价格,82839元/平方米(按建筑面积计)楼层,14层,房号,1402,用途,住宅,,建筑面积116.62平方米,户内面积,85.01平方米,分摊面积,31.61平方米,户内面积,--平方米,分摊面积--平方米,建筑面积,--平方米
项目楼栋情况,天悦壹号玺苑1栋,座号,C,合同号,--,拟售价格,87687元/平方米(按建筑面积计)楼层,14层,房号,1403,用途,住宅,,建筑面积120.96平方米,户内面积,88.18平方米,分摊面积,32.78平方米,户内面积,--平方米,分摊面积--平方米,建筑面积,--平方米
项目楼栋情况,天悦壹号玺苑1栋,座号,C,合同号,--,拟售价格,87232元/平方米(按建筑面积计)楼层,14层,房号,1405,用途,住宅,,建筑面积120.57平方米,户内面积,87.9平方米,分摊面积,32.67平方米,户内面积,--平方米,分摊面积--平方米,建筑面积,--平方米
项目楼栋情况,天悦壹号玺苑1栋,座号,C,合同号,--,拟售价格,88596元/平方米(按建筑面积计)楼层,24层,房号,2401,用途,住宅,,建筑面积120.97平方米,户内面积,88.19平方米,分摊面积,32.78平方米,户内面积,--平方米,分摊面积--平方米,建筑面积,--平方米
项目楼栋情况,天悦壹号玺苑1栋,座号,C,合同号,--,拟售价格,84839元/平方米(按建筑面积计)楼层,24层,房号,2402,用途,住宅,,建筑面积116.62平方米,户内面积,85.01平方米,分摊面积,31.61平方米,户内面积,--平方米,分摊面积--平方米,建筑面积,--平方米
项目楼栋情况,天悦壹号玺苑1栋,座号,C,合同号,--,拟售价格,89687元/平方米(按建筑面积计)楼层,24层,房号,2403,用途,住宅,,建筑面积120.96平方米,户内面积,88.18平方米,分摊面积,32.78平方米,户内面积,--平方米,分摊面积--平方米,建筑面积,--平方米
项目楼栋情况,天悦壹号玺苑1栋,座号,C,合同号,--,拟售价格,89232元/平方米(按建筑面积计)楼层,24层,房号,2405,用途,住宅,,建筑面积120.57平方米,户内面积,87.9平方米,分摊面积,32.67平方米,户内面积,--平方米,分摊面积--平方米,建筑面积,--平方米
项目楼栋情况,天悦壹号玺苑1栋,座号,C,合同号,--,拟售价格,90396元/平方米(按建筑面积计)楼层,34层,房号,3401,用途,住宅,,建筑面积120.97平方米,户内面积,88.19平方米,分摊面积,32.78平方米,户内面积,--平方米,分摊面积--平方米,建筑面积,--平方米
项目楼栋情况,天悦壹号玺苑1栋,座号,C,合同号,--,拟售价格,86639元/平方米(按建筑面积计)楼层,34层,房号,3402,用途,住宅,,建筑面积116.62平方米,户内面积,85.01平方米,分摊面积,31.61平方米,户内面积,--平方米,分摊面积--平方米,建筑面积,--平方米
项目楼栋情况,天悦壹号玺苑1栋,座号,C,合同号,--,拟售价格,91487元/平方米(按建筑面积计)楼层,34层,房号,3403,用途,住宅,,建筑面积120.96平方米,户内面积,88.18平方米,分摊面积,32.78平方米,户内面积,--平方米,分摊面积--平方米,建筑面积,--平方米
项目楼栋情况,天悦壹号玺苑1栋,座号,C,合同号,--,拟售价格,91032元/平方米(按建筑面积计)楼层,34层,房号,3405,用途,住宅,,建筑面积120.57平方米,户内面积,87.9平方米,分摊面积,32.67平方米,户内面积,--平方米,分摊面积--平方米,建筑面积,--平方米
项目楼栋情况,天悦壹号玺苑1栋,座号,C,合同号,--,拟售价格,88396元/平方米(按建筑面积计)楼层,23层,房号,2301,用途,住宅,,建筑面积120.97平方米,户内面积,88.19平方米,分摊面积,32.78平方米,户内面积,--平方米,分摊面积--平方米,建筑面积,--平方米
项目楼栋情况,天悦壹号玺苑1栋,座号,C,合同号,--,拟售价格,84639元/平方米(按建筑面积计)楼层,23层,房号,2302,用途,住宅,,建筑面积116.62平方米,户内面积,85.01平方米,分摊面积,31.61平方米,户内面积,--平方米,分摊面积--平方米,建筑面积,--平方米
项目楼栋情况,天悦壹号玺苑1栋,座号,C,合同号,--,拟售价格,89487元/平方米(按建筑面积计)楼层,23层,房号,2303,用途,住宅,,建筑面积120.96平方米,户内面积,88.18平方米,分摊面积,32.78平方米,户内面积,--平方米,分摊面积--平方米,建筑面积,--平方米
项目楼栋情况,天悦壹号玺苑1栋,座号,C,合同号,--,拟售价格,89032元/平方米(按建筑面积计)楼层,23层,房号,2305,用途,住宅,,建筑面积120.57平方米,户内面积,87.9平方米,分摊面积,32.67平方米,户内面积,--平方米,分摊面积--平方米,建筑面积,--平方米
项目楼栋情况,天悦壹号玺苑1栋,座号,C,合同号,--,拟售价格,90196元/平方米(按建筑面积计)楼层,33层,房号,3301,用途,住宅,,建筑面积120.97平方米,户内面积,88.19平方米,分摊面积,32.78平方米,户内面积,--平方米,分摊面积--平方米,建筑面积,--平方米
项目楼栋情况,天悦壹号玺苑1栋,座号,C,合同号,--,拟售价格,86439元/平方米(按建筑面积计)楼层,33层,房号,3302,用途,住宅,,建筑面积116.62平方米,户内面积,85.01平方米,分摊面积,31.61平方米,户内面积,--平方米,分摊面积--平方米,建筑面积,--平方米
项目楼栋情况,天悦壹号玺苑1栋,座号,C,合同号,--,拟售价格,91287元/平方米(按建筑面积计)楼层,33层,房号,3303,用途,住宅,,建筑面积120.96平方米,户内面积,88.18平方米,分摊面积,32.78平方米,户内面积,--平方米,分摊面积--平方米,建筑面积,--平方米
项目楼栋情况,天悦壹号玺苑1栋,座号,C,合同号,--,拟售价格,90832元/平方米(按建筑面积计)楼层,33层,房号,3305,用途,住宅,,建筑面积120.57平方米,户内面积,87.9平方米,分摊面积,32.67平方米,户内面积,--平方米,分摊面积--平方米,建筑面积,--平方米
项目楼栋情况,天悦壹号玺苑1栋,座号,C,合同号,--,拟售价格,86396元/平方米(按建筑面积计)楼层,12层,房号,1201,用途,住宅,,建筑面积120.97平方米,户内面积,88.19平方米,分摊面积,32.78平方米,户内面积,--平方米,分摊面积--平方米,建筑面积,--平方米
项目楼栋情况,天悦壹号玺苑1栋,座号,C,合同号,--,拟售价格,82639元/平方米(按建筑面积计)楼层,12层,房号,1202,用途,住宅,,建筑面积116.62平方米,户内面积,85.01平方米,分摊面积,31.61平方米,户内面积,--平方米,分摊面积--平方米,建筑面积,--平方米
项目楼栋情况,天悦壹号玺苑1栋,座号,C,合同号,--,拟售价格,87487元/平方米(按建筑面积计)楼层,12层,房号,1203,用途,住宅,,建筑面积120.96平方米,户内面积,88.18平方米,分摊面积,32.78平方米,户内面积,--平方米,分摊面积--平方米,建筑面积,--平方米
项目楼栋情况,天悦壹号玺苑1栋,座号,C,合同号,--,拟售价格,87032元/平方米(按建筑面积计)楼层,12层,房号,1205,用途,住宅,,建筑面积120.57平方米,户内面积,87.9平方米,分摊面积,32.67平方米,户内面积,--平方米,分摊面积--平方米,建筑面积,--平方米
项目楼栋情况,天悦壹号玺苑1栋,座号,C,合同号,--,拟售价格,88196元/平方米(按建筑面积计)楼层,22层,房号,2201,用途,住宅,,建筑面积120.97平方米,户内面积,88.19平方米,分摊面积,32.78平方米,户内面积,--平方米,分摊面积--平方米,建筑面积,--平方米
项目楼栋情况,天悦壹号玺苑1栋,座号,C,合同号,--,拟售价格,84439元/平方米(按建筑面积计)楼层,22层,房号,2202,用途,住宅,,建筑面积116.62平方米,户内面积,85.01平方米,分摊面积,31.61平方米,户内面积,--平方米,分摊面积--平方米,建筑面积,--平方米
项目楼栋情况,天悦壹号玺苑1栋,座号,C,合同号,--,拟售价格,89287元/平方米(按建筑面积计)楼层,22层,房号,2203,用途,住宅,,建筑面积120.96平方米,户内面积,88.18平方米,分摊面积,32.78平方米,户内面积,--平方米,分摊面积--平方米,建筑面积,--平方米
项目楼栋情况,天悦壹号玺苑1栋,座号,C,合同号,--,拟售价格,88832元/平方米(按建筑面积计)楼层,22层,房号,2205,用途,住宅,,建筑面积120.57平方米,户内面积,87.9平方米,分摊面积,32.67平方米,户内面积,--平方米,分摊面积--平方米,建筑面积,--平方米
项目楼栋情况,天悦壹号玺苑1栋,座号,C,合同号,--,拟售价格,89996元/平方米(按建筑面积计)楼层,32层,房号,3201,用途,住宅,,建筑面积120.97平方米,户内面积,88.19平方米,分摊面积,32.78平方米,户内面积,--平方米,分摊面积--平方米,建筑面积,--平方米
项目楼栋情况,天悦壹号玺苑1栋,座号,C,合同号,--,拟售价格,86239元/平方米(按建筑面积计)楼层,32层,房号,3202,用途,住宅,,建筑面积116.62平方米,户内面积,85.01平方米,分摊面积,31.61平方米,户内面积,--平方米,分摊面积--平方米,建筑面积,--平方米
项目楼栋情况,天悦壹号玺苑1栋,座号,C,合同号,--,拟售价格,91087元/平方米(按建筑面积计)楼层,32层,房号,3203,用途,住宅,,建筑面积120.96平方米,户内面积,88.18平方米,分摊面积,32.78平方米,户内面积,--平方米,分摊面积--平方米,建筑面积,--平方米
项目楼栋情况,天悦壹号玺苑1栋,座号,C,合同号,深(宝)网预买字(2019)31668号,拟售价格,--元/平方米(按建筑面积计)楼层,32层,房号,3205,用途,住宅,,建筑面积120.57平方米,户内面积,87.9平方米,分摊面积,32.67平方米,户内面积,--平方米,分摊面积--平方米,建筑面积,--平方米
项目楼栋情况,天悦壹号玺苑1栋,座号,C,合同号,--,拟售价格,86196元/平方米(按建筑面积计)楼层,11层,房号,1101,用途,住宅,,建筑面积120.97平方米,户内面积,88.19平方米,分摊面积,32.78平方米,户内面积,--平方米,分摊面积--平方米,建筑面积,--平方米
项目楼栋情况,天悦壹号玺苑1栋,座号,C,合同号,--,拟售价格,82439元/平方米(按建筑面积计)楼层,11层,房号,1102,用途,住宅,,建筑面积116.62平方米,户内面积,85.01平方米,分摊面积,31.61平方米,户内面积,--平方米,分摊面积--平方米,建筑面积,--平方米
项目楼栋情况,天悦壹号玺苑1栋,座号,C,合同号,--,拟售价格,87287元/平方米(按建筑面积计)楼层,11层,房号,1103,用途,住宅,,建筑面积120.96平方米,户内面积,88.18平方米,分摊面积,32.78平方米,户内面积,--平方米,分摊面积--平方米,建筑面积,--平方米
项目楼栋情况,天悦壹号玺苑1栋,座号,C,合同号,--,拟售价格,86832元/平方米(按建筑面积计)楼层,11层,房号,1105,用途,住宅,,建筑面积120.57平方米,户内面积,87.9平方米,分摊面积,32.67平方米,户内面积,--平方米,分摊面积--平方米,建筑面积,--平方米
项目楼栋情况,天悦壹号玺苑1栋,座号,C,合同号,--,拟售价格,87996元/平方米(按建筑面积计)楼层,21层,房号,2101,用途,住宅,,建筑面积120.97平方米,户内面积,88.19平方米,分摊面积,32.78平方米,户内面积,--平方米,分摊面积--平方米,建筑面积,--平方米
项目楼栋情况,天悦壹号玺苑1栋,座号,C,合同号,--,拟售价格,84239元/平方米(按建筑面积计)楼层,21层,房号,2102,用途,住宅,,建筑面积116.62平方米,户内面积,85.01平方米,分摊面积,31.61平方米,户内面积,--平方米,分摊面积--平方米,建筑面积,--平方米
项目楼栋情况,天悦壹号玺苑1栋,座号,C,合同号,--,拟售价格,89087元/平方米(按建筑面积计)楼层,21层,房号,2103,用途,住宅,,建筑面积120.96平方米,户内面积,88.18平方米,分摊面积,32.78平方米,户内面积,--平方米,分摊面积--平方米,建筑面积,--平方米
项目楼栋情况,天悦壹号玺苑1栋,座号,C,合同号,--,拟售价格,88632元/平方米(按建筑面积计)楼层,21层,房号,2105,用途,住宅,,建筑面积120.57平方米,户内面积,87.9平方米,分摊面积,32.67平方米,户内面积,--平方米,分摊面积--平方米,建筑面积,--平方米
项目楼栋情况,天悦壹号玺苑1栋,座号,C,合同号,--,拟售价格,89796元/平方米(按建筑面积计)楼层,31层,房号,3101,用途,住宅,,建筑面积120.97平方米,户内面积,88.19平方米,分摊面积,32.78平方米,户内面积,--平方米,分摊面积--平方米,建筑面积,--平方米
项目楼栋情况,天悦壹号玺苑1栋,座号,C,合同号,--,拟售价格,86039元/平方米(按建筑面积计)楼层,31层,房号,3102,用途,住宅,,建筑面积116.62平方米,户内面积,85.01平方米,分摊面积,31.61平方米,户内面积,--平方米,分摊面积--平方米,建筑面积,--平方米
项目楼栋情况,天悦壹号玺苑1栋,座号,C,合同号,--,拟售价格,90887元/平方米(按建筑面积计)楼层,31层,房号,3103,用途,住宅,,建筑面积120.96平方米,户内面积,88.18平方米,分摊面积,32.78平方米,户内面积,--平方米,分摊面积--平方米,建筑面积,--平方米
项目楼栋情况,天悦壹号玺苑1栋,座号,C,合同号,--,拟售价格,90432元/平方米(按建筑面积计)楼层,31层,房号,3105,用途,住宅,,建筑面积120.57平方米,户内面积,87.9平方米,分摊面积,32.67平方米,户内面积,--平方米,分摊面积--平方米,建筑面积,--平方米
项目楼栋情况,天悦壹号玺苑1栋,座号,C,合同号,--,拟售价格,85996元/平方米(按建筑面积计)楼层,10层,房号,1001,用途,住宅,,建筑面积120.97平方米,户内面积,88.19平方米,分摊面积,32.78平方米,户内面积,--平方米,分摊面积--平方米,建筑面积,--平方米
项目楼栋情况,天悦壹号玺苑1栋,座号,C,合同号,--,拟售价格,82239元/平方米(按建筑面积计)楼层,10层,房号,1002,用途,住宅,,建筑面积116.62平方米,户内面积,85.01平方米,分摊面积,31.61平方米,户内面积,--平方米,分摊面积--平方米,建筑面积,--平方米
项目楼栋情况,天悦壹号玺苑1栋,座号,C,合同号,--,拟售价格,87087元/平方米(按建筑面积计)楼层,10层,房号,1003,用途,住宅,,建筑面积120.96平方米,户内面积,88.18平方米,分摊面积,32.78平方米,户内面积,--平方米,分摊面积--平方米,建筑面积,--平方米
项目楼栋情况,天悦壹号玺苑1栋,座号,C,合同号,--,拟售价格,86632元/平方米(按建筑面积计)楼层,10层,房号,1005,用途,住宅,,建筑面积120.57平方米,户内面积,87.9平方米,分摊面积,32.67平方米,户内面积,--平方米,分摊面积--平方米,建筑面积,--平方米
项目楼栋情况,天悦壹号玺苑1栋,座号,C,合同号,深(宝)网预买字(2019)31686号,拟售价格,--元/平方米(按建筑面积计)楼层,20层,房号,2001,用途,住宅,,建筑面积120.97平方米,户内面积,88.19平方米,分摊面积,32.78平方米,户内面积,--平方米,分摊面积--平方米,建筑面积,--平方米
项目楼栋情况,天悦壹号玺苑1栋,座号,C,合同号,--,拟售价格,84039元/平方米(按建筑面积计)楼层,20层,房号,2002,用途,住宅,,建筑面积116.62平方米,户内面积,85.01平方米,分摊面积,31.61平方米,户内面积,--平方米,分摊面积--平方米,建筑面积,--平方米
项目楼栋情况,天悦壹号玺苑1栋,座号,C,合同号,--,拟售价格,88887元/平方米(按建筑面积计)楼层,20层,房号,2003,用途,住宅,,建筑面积120.96平方米,户内面积,88.18平方米,分摊面积,32.78平方米,户内面积,--平方米,分摊面积--平方米,建筑面积,--平方米
项目楼栋情况,天悦壹号玺苑1栋,座号,C,合同号,--,拟售价格,88432元/平方米(按建筑面积计)楼层,20层,房号,2005,用途,住宅,,建筑面积120.57平方米,户内面积,87.9平方米,分摊面积,32.67平方米,户内面积,--平方米,分摊面积--平方米,建筑面积,--平方米
项目楼栋情况,天悦壹号玺苑1栋,座号,C,合同号,--,拟售价格,89596元/平方米(按建筑面积计)楼层,30层,房号,3001,用途,住宅,,建筑面积120.97平方米,户内面积,88.19平方米,分摊面积,32.78平方米,户内面积,--平方米,分摊面积--平方米,建筑面积,--平方米
项目楼栋情况,天悦壹号玺苑1栋,座号,C,合同号,--,拟售价格,85839元/平方米(按建筑面积计)楼层,30层,房号,3002,用途,住宅,,建筑面积116.62平方米,户内面积,85.01平方米,分摊面积,31.61平方米,户内面积,--平方米,分摊面积--平方米,建筑面积,--平方米
项目楼栋情况,天悦壹号玺苑1栋,座号,C,合同号,--,拟售价格,90687元/平方米(按建筑面积计)楼层,30层,房号,3003,用途,住宅,,建筑面积120.96平方米,户内面积,88.18平方米,分摊面积,32.78平方米,户内面积,--平方米,分摊面积--平方米,建筑面积,--平方米
项目楼栋情况,天悦壹号玺苑1栋,座号,C,合同号,--,拟售价格,90232元/平方米(按建筑面积计)楼层,30层,房号,3005,用途,住宅,,建筑面积120.57平方米,户内面积,87.9平方米,分摊面积,32.67平方米,户内面积,--平方米,分摊面积--平方米,建筑面积,--平方米
项目楼栋情况,天悦壹号玺苑1栋,座号,A,合同号,--,拟售价格,90839元/平方米(按建筑面积计)楼层,19层,房号,1901,用途,住宅,,建筑面积224.33平方米,户内面积,164.31平方米,分摊面积,60.02平方米,户内面积,--平方米,分摊面积--平方米,建筑面积,--平方米
项目楼栋情况,天悦壹号玺苑1栋,座号,A,合同号,--,拟售价格,89869元/平方米(按建筑面积计)楼层,19层,房号,1902,用途,住宅,,建筑面积224.33平方米,户内面积,164.31平方米,分摊面积,60.02平方米,户内面积,--平方米,分摊面积--平方米,建筑面积,--平方米
项目楼栋情况,天悦壹号玺苑1栋,座号,A,合同号,--,拟售价格,92639元/平方米(按建筑面积计)楼层,29层,房号,2901,用途,住宅,,建筑面积224.38平方米,户内面积,164.34平方米,分摊面积,60.04平方米,户内面积,--平方米,分摊面积--平方米,建筑面积,--平方米
项目楼栋情况,天悦壹号玺苑1栋,座号,A,合同号,--,拟售价格,91669元/平方米(按建筑面积计)楼层,29层,房号,2902,用途,住宅,,建筑面积224.38平方米,户内面积,164.34平方米,分摊面积,60.04平方米,户内面积,--平方米,分摊面积--平方米,建筑面积,--平方米
项目楼栋情况,天悦壹号玺苑1栋,座号,A,合同号,--,拟售价格,89039元/平方米(按建筑面积计)楼层,9层,房号,901,用途,住宅,,建筑面积224.33平方米,户内面积,164.31平方米,分摊面积,60.02平方米,户内面积,--平方米,分摊面积--平方米,建筑面积,--平方米
项目楼栋情况,天悦壹号玺苑1栋,座号,A,合同号,--,拟售价格,88069元/平方米(按建筑面积计)楼层,9层,房号,902,用途,住宅,,建筑面积224.33平方米,户内面积,164.31平方米,分摊面积,60.02平方米,户内面积,--平方米,分摊面积--平方米,建筑面积,--平方米
项目楼栋情况,天悦壹号玺苑1栋,座号,A,合同号,--,拟售价格,90639元/平方米(按建筑面积计)楼层,18层,房号,1801,用途,住宅,,建筑面积224.33平方米,户内面积,164.31平方米,分摊面积,60.02平方米,户内面积,--平方米,分摊面积--平方米,建筑面积,--平方米
项目楼栋情况,天悦壹号玺苑1栋,座号,A,合同号,--,拟售价格,89669元/平方米(按建筑面积计)楼层,18层,房号,1802,用途,住宅,,建筑面积224.33平方米,户内面积,164.31平方米,分摊面积,60.02平方米,户内面积,--平方米,分摊面积--平方米,建筑面积,--平方米
项目楼栋情况,天悦壹号玺苑1栋,座号,A,合同号,--,拟售价格,95439元/平方米(按建筑面积计)楼层,38层,房号,3803,用途,住宅,,建筑面积429.74平方米,户内面积,314.75平方米,分摊面积,114.99平方米,户内面积,--平方米,分摊面积--平方米,建筑面积,--平方米
项目楼栋情况,天悦壹号玺苑1栋,座号,A,合同号,--,拟售价格,94469元/平方米(按建筑面积计)楼层,38层,房号,3805,用途,住宅,,建筑面积429.73平方米,户内面积,314.75平方米,分摊面积,114.98平方米,户内面积,--平方米,分摊面积--平方米,建筑面积,--平方米
项目楼栋情况,天悦壹号玺苑1栋,座号,A,合同号,--,拟售价格,88839元/平方米(按建筑面积计)楼层,8层,房号,801,用途,住宅,,建筑面积224.33平方米,户内面积,164.31平方米,分摊面积,60.02平方米,户内面积,--平方米,分摊面积--平方米,建筑面积,--平方米
项目楼栋情况,天悦壹号玺苑1栋,座号,A,合同号,--,拟售价格,87869元/平方米(按建筑面积计)楼层,8层,房号,802,用途,住宅,,建筑面积224.33平方米,户内面积,164.31平方米,分摊面积,60.02平方米,户内面积,--平方米,分摊面积--平方米,建筑面积,--平方米
项目楼栋情况,天悦壹号玺苑1栋,座号,A,合同号,--,拟售价格,90439元/平方米(按建筑面积计)楼层,17层,房号,1701,用途,住宅,,建筑面积224.33平方米,户内面积,164.31平方米,分摊面积,60.02平方米,户内面积,--平方米,分摊面积--平方米,建筑面积,--平方米
项目楼栋情况,天悦壹号玺苑1栋,座号,A,合同号,--,拟售价格,89469元/平方米(按建筑面积计)楼层,17层,房号,1702,用途,住宅,,建筑面积224.33平方米,户内面积,164.31平方米,分摊面积,60.02平方米,户内面积,--平方米,分摊面积--平方米,建筑面积,--平方米
项目楼栋情况,天悦壹号玺苑1栋,座号,A,合同号,--,拟售价格,92439元/平方米(按建筑面积计)楼层,27层,房号,2701,用途,住宅,,建筑面积224.33平方米,户内面积,164.31平方米,分摊面积,60.02平方米,户内面积,--平方米,分摊面积--平方米,建筑面积,--平方米
项目楼栋情况,天悦壹号玺苑1栋,座号,A,合同号,--,拟售价格,91469元/平方米(按建筑面积计)楼层,27层,房号,2702,用途,住宅,,建筑面积224.33平方米,户内面积,164.31平方米,分摊面积,60.02平方米,户内面积,--平方米,分摊面积--平方米,建筑面积,--平方米
项目楼栋情况,天悦壹号玺苑1栋,座号,A,合同号,--,拟售价格,94239元/平方米(按建筑面积计)楼层,37层,房号,3701,用途,住宅,,建筑面积224.38平方米,户内面积,164.34平方米,分摊面积,60.04平方米,户内面积,--平方米,分摊面积--平方米,建筑面积,--平方米
项目楼栋情况,天悦壹号玺苑1栋,座号,A,合同号,--,拟售价格,93269元/平方米(按建筑面积计)楼层,37层,房号,3702,用途,住宅,,建筑面积224.38平方米,户内面积,164.34平方米,分摊面积,60.04平方米,户内面积,--平方米,分摊面积--平方米,建筑面积,--平方米
项目楼栋情况,天悦壹号玺苑1栋,座号,A,合同号,--,拟售价格,88639元/平方米(按建筑面积计)楼层,7层,房号,701,用途,住宅,,建筑面积224.33平方米,户内面积,164.31平方米,分摊面积,60.02平方米,户内面积,--平方米,分摊面积--平方米,建筑面积,--平方米
项目楼栋情况,天悦壹号玺苑1栋,座号,A,合同号,--,拟售价格,87669元/平方米(按建筑面积计)楼层,7层,房号,702,用途,住宅,,建筑面积224.33平方米,户内面积,164.31平方米,分摊面积,60.02平方米,户内面积,--平方米,分摊面积--平方米,建筑面积,--平方米
项目楼栋情况,天悦壹号玺苑1栋,座号,A,合同号,--,拟售价格,90239元/平方米(按建筑面积计)楼层,16层,房号,1601,用途,住宅,,建筑面积224.33平方米,户内面积,164.31平方米,分摊面积,60.02平方米,户内面积,--平方米,分摊面积--平方米,建筑面积,--平方米
项目楼栋情况,天悦壹号玺苑1栋,座号,A,合同号,--,拟售价格,89269元/平方米(按建筑面积计)楼层,16层,房号,1602,用途,住宅,,建筑面积224.33平方米,户内面积,164.31平方米,分摊面积,60.02平方米,户内面积,--平方米,分摊面积--平方米,建筑面积,--平方米
项目楼栋情况,天悦壹号玺苑1栋,座号,A,合同号,--,拟售价格,92239元/平方米(按建筑面积计)楼层,26层,房号,2601,用途,住宅,,建筑面积224.33平方米,户内面积,164.31平方米,分摊面积,60.02平方米,户内面积,--平方米,分摊面积--平方米,建筑面积,--平方米
项目楼栋情况,天悦壹号玺苑1栋,座号,A,合同号,--,拟售价格,91269元/平方米(按建筑面积计)楼层,26层,房号,2602,用途,住宅,,建筑面积224.33平方米,户内面积,164.31平方米,分摊面积,60.02平方米,户内面积,--平方米,分摊面积--平方米,建筑面积,--平方米
项目楼栋情况,天悦壹号玺苑1栋,座号,A,合同号,--,拟售价格,94039元/平方米(按建筑面积计)楼层,36层,房号,3601,用途,住宅,,建筑面积224.38平方米,户内面积,164.34平方米,分摊面积,60.04平方米,户内面积,--平方米,分摊面积--平方米,建筑面积,--平方米
项目楼栋情况,天悦壹号玺苑1栋,座号,A,合同号,--,拟售价格,93069元/平方米(按建筑面积计)楼层,36层,房号,3602,用途,住宅,,建筑面积224.38平方米,户内面积,164.34平方米,分摊面积,60.04平方米,户内面积,--平方米,分摊面积--平方米,建筑面积,--平方米
项目楼栋情况,天悦壹号玺苑1栋,座号,A,合同号,--,拟售价格,88439元/平方米(按建筑面积计)楼层,6层,房号,601,用途,住宅,,建筑面积224.33平方米,户内面积,164.31平方米,分摊面积,60.02平方米,户内面积,--平方米,分摊面积--平方米,建筑面积,--平方米
项目楼栋情况,天悦壹号玺苑1栋,座号,A,合同号,--,拟售价格,87469元/平方米(按建筑面积计)楼层,6层,房号,602,用途,住宅,,建筑面积224.33平方米,户内面积,164.31平方米,分摊面积,60.02平方米,户内面积,--平方米,分摊面积--平方米,建筑面积,--平方米
项目楼栋情况,天悦壹号玺苑1栋,座号,A,合同号,--,拟售价格,90039元/平方米(按建筑面积计)楼层,15层,房号,1501,用途,住宅,,建筑面积224.33平方米,户内面积,164.31平方米,分摊面积,60.02平方米,户内面积,--平方米,分摊面积--平方米,建筑面积,--平方米
项目楼栋情况,天悦壹号玺苑1栋,座号,A,合同号,--,拟售价格,89069元/平方米(按建筑面积计)楼层,15层,房号,1502,用途,住宅,,建筑面积224.33平方米,户内面积,164.31平方米,分摊面积,60.02平方米,户内面积,--平方米,分摊面积--平方米,建筑面积,--平方米
项目楼栋情况,天悦壹号玺苑1栋,座号,A,合同号,--,拟售价格,92039元/平方米(按建筑面积计)楼层,25层,房号,2501,用途,住宅,,建筑面积224.33平方米,户内面积,164.31平方米,分摊面积,60.02平方米,户内面积,--平方米,分摊面积--平方米,建筑面积,--平方米
项目楼栋情况,天悦壹号玺苑1栋,座号,A,合同号,--,拟售价格,91069元/平方米(按建筑面积计)楼层,25层,房号,2502,用途,住宅,,建筑面积224.33平方米,户内面积,164.31平方米,分摊面积,60.02平方米,户内面积,--平方米,分摊面积--平方米,建筑面积,--平方米
项目楼栋情况,天悦壹号玺苑1栋,座号,A,合同号,--,拟售价格,93839元/平方米(按建筑面积计)楼层,35层,房号,3501,用途,住宅,,建筑面积224.38平方米,户内面积,164.34平方米,分摊面积,60.04平方米,户内面积,--平方米,分摊面积--平方米,建筑面积,--平方米
项目楼栋情况,天悦壹号玺苑1栋,座号,A,合同号,--,拟售价格,92869元/平方米(按建筑面积计)楼层,35层,房号,3502,用途,住宅,,建筑面积224.38平方米,户内面积,164.34平方米,分摊面积,60.04平方米,户内面积,--平方米,分摊面积--平方米,建筑面积,--平方米
项目楼栋情况,天悦壹号玺苑1栋,座号,A,合同号,--,拟售价格,88089元/平方米(按建筑面积计)楼层,5层,房号,501,用途,住宅,,建筑面积223.55平方米,户内面积,163.74平方米,分摊面积,59.81平方米,户内面积,--平方米,分摊面积--平方米,建筑面积,--平方米
项目楼栋情况,天悦壹号玺苑1栋,座号,A,合同号,--,拟售价格,87119元/平方米(按建筑面积计)楼层,5层,房号,502,用途,住宅,,建筑面积223.55平方米,户内面积,163.74平方米,分摊面积,59.81平方米,户内面积,--平方米,分摊面积--平方米,建筑面积,--平方米
项目楼栋情况,天悦壹号玺苑1栋,座号,A,合同号,--,拟售价格,89839元/平方米(按建筑面积计)楼层,14层,房号,1401,用途,住宅,,建筑面积224.33平方米,户内面积,164.31平方米,分摊面积,60.02平方米,户内面积,--平方米,分摊面积--平方米,建筑面积,--平方米
项目楼栋情况,天悦壹号玺苑1栋,座号,A,合同号,--,拟售价格,88869元/平方米(按建筑面积计)楼层,14层,房号,1402,用途,住宅,,建筑面积224.33平方米,户内面积,164.31平方米,分摊面积,60.02平方米,户内面积,--平方米,分摊面积--平方米,建筑面积,--平方米
项目楼栋情况,天悦壹号玺苑1栋,座号,A,合同号,--,拟售价格,91839元/平方米(按建筑面积计)楼层,24层,房号,2401,用途,住宅,,建筑面积224.33平方米,户内面积,164.31平方米,分摊面积,60.02平方米,户内面积,--平方米,分摊面积--平方米,建筑面积,--平方米
项目楼栋情况,天悦壹号玺苑1栋,座号,A,合同号,--,拟售价格,90869元/平方米(按建筑面积计)楼层,24层,房号,2402,用途,住宅,,建筑面积224.33平方米,户内面积,164.31平方米,分摊面积,60.02平方米,户内面积,--平方米,分摊面积--平方米,建筑面积,--平方米
项目楼栋情况,天悦壹号玺苑1栋,座号,A,合同号,--,拟售价格,93639元/平方米(按建筑面积计)楼层,34层,房号,3401,用途,住宅,,建筑面积224.38平方米,户内面积,164.34平方米,分摊面积,60.04平方米,户内面积,--平方米,分摊面积--平方米,建筑面积,--平方米
项目楼栋情况,天悦壹号玺苑1栋,座号,A,合同号,--,拟售价格,92669元/平方米(按建筑面积计)楼层,34层,房号,3402,用途,住宅,,建筑面积224.38平方米,户内面积,164.34平方米,分摊面积,60.04平方米,户内面积,--平方米,分摊面积--平方米,建筑面积,--平方米
项目楼栋情况,天悦壹号玺苑1栋,座号,A,合同号,--,拟售价格,91639元/平方米(按建筑面积计)楼层,23层,房号,2301,用途,住宅,,建筑面积224.33平方米,户内面积,164.31平方米,分摊面积,60.02平方米,户内面积,--平方米,分摊面积--平方米,建筑面积,--平方米
项目楼栋情况,天悦壹号玺苑1栋,座号,A,合同号,--,拟售价格,90669元/平方米(按建筑面积计)楼层,23层,房号,2302,用途,住宅,,建筑面积224.33平方米,户内面积,164.31平方米,分摊面积,60.02平方米,户内面积,--平方米,分摊面积--平方米,建筑面积,--平方米
项目楼栋情况,天悦壹号玺苑1栋,座号,A,合同号,--,拟售价格,93439元/平方米(按建筑面积计)楼层,33层,房号,3301,用途,住宅,,建筑面积224.38平方米,户内面积,164.34平方米,分摊面积,60.04平方米,户内面积,--平方米,分摊面积--平方米,建筑面积,--平方米
项目楼栋情况,天悦壹号玺苑1栋,座号,A,合同号,--,拟售价格,92469元/平方米(按建筑面积计)楼层,33层,房号,3302,用途,住宅,,建筑面积224.38平方米,户内面积,164.34平方米,分摊面积,60.04平方米,户内面积,--平方米,分摊面积--平方米,建筑面积,--平方米
项目楼栋情况,天悦壹号玺苑1栋,座号,A,合同号,--,拟售价格,89639元/平方米(按建筑面积计)楼层,12层,房号,1201,用途,住宅,,建筑面积224.33平方米,户内面积,164.31平方米,分摊面积,60.02平方米,户内面积,--平方米,分摊面积--平方米,建筑面积,--平方米
项目楼栋情况,天悦壹号玺苑1栋,座号,A,合同号,--,拟售价格,88669元/平方米(按建筑面积计)楼层,12层,房号,1202,用途,住宅,,建筑面积224.33平方米,户内面积,164.31平方米,分摊面积,60.02平方米,户内面积,--平方米,分摊面积--平方米,建筑面积,--平方米
项目楼栋情况,天悦壹号玺苑1栋,座号,A,合同号,--,拟售价格,91439元/平方米(按建筑面积计)楼层,22层,房号,2201,用途,住宅,,建筑面积224.33平方米,户内面积,164.31平方米,分摊面积,60.02平方米,户内面积,--平方米,分摊面积--平方米,建筑面积,--平方米
项目楼栋情况,天悦壹号玺苑1栋,座号,A,合同号,--,拟售价格,90469元/平方米(按建筑面积计)楼层,22层,房号,2202,用途,住宅,,建筑面积224.33平方米,户内面积,164.31平方米,分摊面积,60.02平方米,户内面积,--平方米,分摊面积--平方米,建筑面积,--平方米
项目楼栋情况,天悦壹号玺苑1栋,座号,A,合同号,--,拟售价格,93239元/平方米(按建筑面积计)楼层,32层,房号,3201,用途,住宅,,建筑面积224.38平方米,户内面积,164.34平方米,分摊面积,60.04平方米,户内面积,--平方米,分摊面积--平方米,建筑面积,--平方米
项目楼栋情况,天悦壹号玺苑1栋,座号,A,合同号,--,拟售价格,92269元/平方米(按建筑面积计)楼层,32层,房号,3202,用途,住宅,,建筑面积224.38平方米,户内面积,164.34平方米,分摊面积,60.04平方米,户内面积,--平方米,分摊面积--平方米,建筑面积,--平方米
项目楼栋情况,天悦壹号玺苑1栋,座号,A,合同号,--,拟售价格,89439元/平方米(按建筑面积计)楼层,11层,房号,1101,用途,住宅,,建筑面积224.33平方米,户内面积,164.31平方米,分摊面积,60.02平方米,户内面积,--平方米,分摊面积--平方米,建筑面积,--平方米
项目楼栋情况,天悦壹号玺苑1栋,座号,A,合同号,--,拟售价格,88469元/平方米(按建筑面积计)楼层,11层,房号,1102,用途,住宅,,建筑面积224.33平方米,户内面积,164.31平方米,分摊面积,60.02平方米,户内面积,--平方米,分摊面积--平方米,建筑面积,--平方米
项目楼栋情况,天悦壹号玺苑1栋,座号,A,合同号,--,拟售价格,91239元/平方米(按建筑面积计)楼层,21层,房号,2101,用途,住宅,,建筑面积224.33平方米,户内面积,164.31平方米,分摊面积,60.02平方米,户内面积,--平方米,分摊面积--平方米,建筑面积,--平方米
项目楼栋情况,天悦壹号玺苑1栋,座号,A,合同号,--,拟售价格,90269元/平方米(按建筑面积计)楼层,21层,房号,2102,用途,住宅,,建筑面积224.33平方米,户内面积,164.31平方米,分摊面积,60.02平方米,户内面积,--平方米,分摊面积--平方米,建筑面积,--平方米
项目楼栋情况,天悦壹号玺苑1栋,座号,A,合同号,--,拟售价格,93039元/平方米(按建筑面积计)楼层,31层,房号,3101,用途,住宅,,建筑面积224.38平方米,户内面积,164.34平方米,分摊面积,60.04平方米,户内面积,--平方米,分摊面积--平方米,建筑面积,--平方米
项目楼栋情况,天悦壹号玺苑1栋,座号,A,合同号,--,拟售价格,92069元/平方米(按建筑面积计)楼层,31层,房号,3102,用途,住宅,,建筑面积224.38平方米,户内面积,164.34平方米,分摊面积,60.04平方米,户内面积,--平方米,分摊面积--平方米,建筑面积,--平方米
项目楼栋情况,天悦壹号玺苑1栋,座号,A,合同号,--,拟售价格,89239元/平方米(按建筑面积计)楼层,10层,房号,1001,用途,住宅,,建筑面积224.33平方米,户内面积,164.31平方米,分摊面积,60.02平方米,户内面积,--平方米,分摊面积--平方米,建筑面积,--平方米
项目楼栋情况,天悦壹号玺苑1栋,座号,A,合同号,--,拟售价格,88269元/平方米(按建筑面积计)楼层,10层,房号,1002,用途,住宅,,建筑面积224.33平方米,户内面积,164.31平方米,分摊面积,60.02平方米,户内面积,--平方米,分摊面积--平方米,建筑面积,--平方米
项目楼栋情况,天悦壹号玺苑1栋,座号,A,合同号,--,拟售价格,91039元/平方米(按建筑面积计)楼层,20层,房号,2001,用途,住宅,,建筑面积224.33平方米,户内面积,164.31平方米,分摊面积,60.02平方米,户内面积,--平方米,分摊面积--平方米,建筑面积,--平方米
项目楼栋情况,天悦壹号玺苑1栋,座号,A,合同号,--,拟售价格,90069元/平方米(按建筑面积计)楼层,20层,房号,2002,用途,住宅,,建筑面积224.33平方米,户内面积,164.31平方米,分摊面积,60.02平方米,户内面积,--平方米,分摊面积--平方米,建筑面积,--平方米
项目楼栋情况,天悦壹号玺苑1栋,座号,A,合同号,--,拟售价格,92839元/平方米(按建筑面积计)楼层,30层,房号,3001,用途,住宅,,建筑面积224.38平方米,户内面积,164.34平方米,分摊面积,60.04平方米,户内面积,--平方米,分摊面积--平方米,建筑面积,--平方米
项目楼栋情况,天悦壹号玺苑1栋,座号,A,合同号,--,拟售价格,91869元/平方米(按建筑面积计)楼层,30层,房号,3002,用途,住宅,,建筑面积224.38平方米,户内面积,164.34平方米,分摊面积,60.04平方米,户内面积,--平方米,分摊面积--平方米,建筑面积,--平方米
项目楼栋情况,天悦壹号玺苑1栋,座号,B,合同号,--,拟售价格,88808元/平方米(按建筑面积计)楼层,19层,房号,1901,用途,住宅,,建筑面积121.09平方米,户内面积,88.19平方米,分摊面积,32.9平方米,户内面积,--平方米,分摊面积--平方米,建筑面积,--平方米
项目楼栋情况,天悦壹号玺苑1栋,座号,B,合同号,--,拟售价格,84051元/平方米(按建筑面积计)楼层,19层,房号,1902,用途,住宅,,建筑面积116.73平方米,户内面积,85.01平方米,分摊面积,31.72平方米,户内面积,--平方米,分摊面积--平方米,建筑面积,--平方米
项目楼栋情况,天悦壹号玺苑1栋,座号,B,合同号,深(宝)网预买字(2019)31868号,拟售价格,--元/平方米(按建筑面积计)楼层,19层,房号,1903,用途,住宅,,建筑面积120.28平方米,户内面积,87.6平方米,分摊面积,32.68平方米,户内面积,--平方米,分摊面积--平方米,建筑面积,--平方米
项目楼栋情况,天悦壹号玺苑1栋,座号,B,合同号,深(宝)网预买字(2019)31768号,拟售价格,--元/平方米(按建筑面积计)楼层,19层,房号,1905,用途,住宅,,建筑面积120.69平方米,户内面积,87.9平方米,分摊面积,32.79平方米,户内面积,--平方米,分摊面积--平方米,建筑面积,--平方米
项目楼栋情况,天悦壹号玺苑1栋,座号,B,合同号,--,拟售价格,90608元/平方米(按建筑面积计)楼层,29层,房号,2901,用途,住宅,,建筑面积121.09平方米,户内面积,88.19平方米,分摊面积,32.9平方米,户内面积,--平方米,分摊面积--平方米,建筑面积,--平方米
项目楼栋情况,天悦壹号玺苑1栋,座号,B,合同号,--,拟售价格,85851元/平方米(按建筑面积计)楼层,29层,房号,2902,用途,住宅,,建筑面积116.73平方米,户内面积,85.01平方米,分摊面积,31.72平方米,户内面积,--平方米,分摊面积--平方米,建筑面积,--平方米
项目楼栋情况,天悦壹号玺苑1栋,座号,B,合同号,--,拟售价格,91063元/平方米(按建筑面积计)楼层,29层,房号,2903,用途,住宅,,建筑面积120.28平方米,户内面积,87.6平方米,分摊面积,32.68平方米,户内面积,--平方米,分摊面积--平方米,建筑面积,--平方米
项目楼栋情况,天悦壹号玺苑1栋,座号,B,合同号,--,拟售价格,89839元/平方米(按建筑面积计)楼层,29层,房号,2905,用途,住宅,,建筑面积120.69平方米,户内面积,87.9平方米,分摊面积,32.79平方米,户内面积,--平方米,分摊面积--平方米,建筑面积,--平方米
项目楼栋情况,天悦壹号玺苑1栋,座号,B,合同号,--,拟售价格,91608元/平方米(按建筑面积计)楼层,39层,房号,3901,用途,住宅,,建筑面积121.09平方米,户内面积,88.19平方米,分摊面积,32.9平方米,户内面积,--平方米,分摊面积--平方米,建筑面积,--平方米
项目楼栋情况,天悦壹号玺苑1栋,座号,B,合同号,--,拟售价格,86851元/平方米(按建筑面积计)楼层,39层,房号,3902,用途,住宅,,建筑面积116.66平方米,户内面积,84.96平方米,分摊面积,31.7平方米,户内面积,--平方米,分摊面积--平方米,建筑面积,--平方米
项目楼栋情况,天悦壹号玺苑1栋,座号,B,合同号,--,拟售价格,92063元/平方米(按建筑面积计)楼层,39层,房号,3903,用途,住宅,,建筑面积120.28平方米,户内面积,87.6平方米,分摊面积,32.68平方米,户内面积,--平方米,分摊面积--平方米,建筑面积,--平方米
项目楼栋情况,天悦壹号玺苑1栋,座号,B,合同号,--,拟售价格,90839元/平方米(按建筑面积计)楼层,39层,房号,3905,用途,住宅,,建筑面积120.62平方米,户内面积,87.85平方米,分摊面积,32.77平方米,户内面积,--平方米,分摊面积--平方米,建筑面积,--平方米
项目楼栋情况,天悦壹号玺苑1栋,座号,B,合同号,--,拟售价格,87008元/平方米(按建筑面积计)楼层,9层,房号,901,用途,住宅,,建筑面积121.09平方米,户内面积,88.19平方米,分摊面积,32.9平方米,户内面积,--平方米,分摊面积--平方米,建筑面积,--平方米
项目楼栋情况,天悦壹号玺苑1栋,座号,B,合同号,--,拟售价格,82251元/平方米(按建筑面积计)楼层,9层,房号,902,用途,住宅,,建筑面积116.73平方米,户内面积,85.01平方米,分摊面积,31.72平方米,户内面积,--平方米,分摊面积--平方米,建筑面积,--平方米
项目楼栋情况,天悦壹号玺苑1栋,座号,B,合同号,--,拟售价格,87463元/平方米(按建筑面积计)楼层,9层,房号,903,用途,住宅,,建筑面积120.28平方米,户内面积,87.6平方米,分摊面积,32.68平方米,户内面积,--平方米,分摊面积--平方米,建筑面积,--平方米
项目楼栋情况,天悦壹号玺苑1栋,座号,B,合同号,--,拟售价格,86239元/平方米(按建筑面积计)楼层,9层,房号,905,用途,住宅,,建筑面积120.69平方米,户内面积,87.9平方米,分摊面积,32.79平方米,户内面积,--平方米,分摊面积--平方米,建筑面积,--平方米
项目楼栋情况,天悦壹号玺苑1栋,座号,B,合同号,--,拟售价格,88608元/平方米(按建筑面积计)楼层,18层,房号,1801,用途,住宅,,建筑面积121.09平方米,户内面积,88.19平方米,分摊面积,32.9平方米,户内面积,--平方米,分摊面积--平方米,建筑面积,--平方米
项目楼栋情况,天悦壹号玺苑1栋,座号,B,合同号,--,拟售价格,83851元/平方米(按建筑面积计)楼层,18层,房号,1802,用途,住宅,,建筑面积116.73平方米,户内面积,85.01平方米,分摊面积,31.72平方米,户内面积,--平方米,分摊面积--平方米,建筑面积,--平方米
项目楼栋情况,天悦壹号玺苑1栋,座号,B,合同号,--,拟售价格,89063元/平方米(按建筑面积计)楼层,18层,房号,1803,用途,住宅,,建筑面积120.28平方米,户内面积,87.6平方米,分摊面积,32.68平方米,户内面积,--平方米,分摊面积--平方米,建筑面积,--平方米
项目楼栋情况,天悦壹号玺苑1栋,座号,B,合同号,--,拟售价格,87839元/平方米(按建筑面积计)楼层,18层,房号,1805,用途,住宅,,建筑面积120.69平方米,户内面积,87.9平方米,分摊面积,32.79平方米,户内面积,--平方米,分摊面积--平方米,建筑面积,--平方米
项目楼栋情况,天悦壹号玺苑1栋,座号,B,合同号,--,拟售价格,92408元/平方米(按建筑面积计)楼层,38层,房号,3801,用途,住宅,,建筑面积121.09平方米,户内面积,88.19平方米,分摊面积,32.9平方米,户内面积,--平方米,分摊面积--平方米,建筑面积,--平方米
项目楼栋情况,天悦壹号玺苑1栋,座号,B,合同号,--,拟售价格,87651元/平方米(按建筑面积计)楼层,38层,房号,3802,用途,住宅,,建筑面积116.66平方米,户内面积,84.96平方米,分摊面积,31.7平方米,户内面积,--平方米,分摊面积--平方米,建筑面积,--平方米
项目楼栋情况,天悦壹号玺苑1栋,座号,B,合同号,--,拟售价格,92863元/平方米(按建筑面积计)楼层,38层,房号,3803,用途,住宅,,建筑面积120.28平方米,户内面积,87.6平方米,分摊面积,32.68平方米,户内面积,--平方米,分摊面积--平方米,建筑面积,--平方米
项目楼栋情况,天悦壹号玺苑1栋,座号,B,合同号,--,拟售价格,91639元/平方米(按建筑面积计)楼层,38层,房号,3805,用途,住宅,,建筑面积120.62平方米,户内面积,87.85平方米,分摊面积,32.77平方米,户内面积,--平方米,分摊面积--平方米,建筑面积,--平方米
项目楼栋情况,天悦壹号玺苑1栋,座号,B,合同号,--,拟售价格,86808元/平方米(按建筑面积计)楼层,8层,房号,801,用途,住宅,,建筑面积121.09平方米,户内面积,88.19平方米,分摊面积,32.9平方米,户内面积,--平方米,分摊面积--平方米,建筑面积,--平方米
项目楼栋情况,天悦壹号玺苑1栋,座号,B,合同号,--,拟售价格,82051元/平方米(按建筑面积计)楼层,8层,房号,802,用途,住宅,,建筑面积116.73平方米,户内面积,85.01平方米,分摊面积,31.72平方米,户内面积,--平方米,分摊面积--平方米,建筑面积,--平方米
项目楼栋情况,天悦壹号玺苑1栋,座号,B,合同号,--,拟售价格,87263元/平方米(按建筑面积计)楼层,8层,房号,803,用途,住宅,,建筑面积120.28平方米,户内面积,87.6平方米,分摊面积,32.68平方米,户内面积,--平方米,分摊面积--平方米,建筑面积,--平方米
项目楼栋情况,天悦壹号玺苑1栋,座号,B,合同号,--,拟售价格,86039元/平方米(按建筑面积计)楼层,8层,房号,805,用途,住宅,,建筑面积120.69平方米,户内面积,87.9平方米,分摊面积,32.79平方米,户内面积,--平方米,分摊面积--平方米,建筑面积,--平方米
项目楼栋情况,天悦壹号玺苑1栋,座号,B,合同号,--,拟售价格,88408元/平方米(按建筑面积计)楼层,17层,房号,1701,用途,住宅,,建筑面积121.09平方米,户内面积,88.19平方米,分摊面积,32.9平方米,户内面积,--平方米,分摊面积--平方米,建筑面积,--平方米
项目楼栋情况,天悦壹号玺苑1栋,座号,B,合同号,--,拟售价格,83651元/平方米(按建筑面积计)楼层,17层,房号,1702,用途,住宅,,建筑面积116.73平方米,户内面积,85.01平方米,分摊面积,31.72平方米,户内面积,--平方米,分摊面积--平方米,建筑面积,--平方米
项目楼栋情况,天悦壹号玺苑1栋,座号,B,合同号,--,拟售价格,88863元/平方米(按建筑面积计)楼层,17层,房号,1703,用途,住宅,,建筑面积120.28平方米,户内面积,87.6平方米,分摊面积,32.68平方米,户内面积,--平方米,分摊面积--平方米,建筑面积,--平方米
项目楼栋情况,天悦壹号玺苑1栋,座号,B,合同号,--,拟售价格,87639元/平方米(按建筑面积计)楼层,17层,房号,1705,用途,住宅,,建筑面积120.69平方米,户内面积,87.9平方米,分摊面积,32.79平方米,户内面积,--平方米,分摊面积--平方米,建筑面积,--平方米
项目楼栋情况,天悦壹号玺苑1栋,座号,B,合同号,--,拟售价格,90408元/平方米(按建筑面积计)楼层,27层,房号,2701,用途,住宅,,建筑面积121.09平方米,户内面积,88.19平方米,分摊面积,32.9平方米,户内面积,--平方米,分摊面积--平方米,建筑面积,--平方米
项目楼栋情况,天悦壹号玺苑1栋,座号,B,合同号,--,拟售价格,85651元/平方米(按建筑面积计)楼层,27层,房号,2702,用途,住宅,,建筑面积116.73平方米,户内面积,85.01平方米,分摊面积,31.72平方米,户内面积,--平方米,分摊面积--平方米,建筑面积,--平方米
项目楼栋情况,天悦壹号玺苑1栋,座号,B,合同号,--,拟售价格,90863元/平方米(按建筑面积计)楼层,27层,房号,2703,用途,住宅,,建筑面积120.28平方米,户内面积,87.6平方米,分摊面积,32.68平方米,户内面积,--平方米,分摊面积--平方米,建筑面积,--平方米
项目楼栋情况,天悦壹号玺苑1栋,座号,B,合同号,--,拟售价格,89639元/平方米(按建筑面积计)楼层,27层,房号,2705,用途,住宅,,建筑面积120.69平方米,户内面积,87.9平方米,分摊面积,32.79平方米,户内面积,--平方米,分摊面积--平方米,建筑面积,--平方米
项目楼栋情况,天悦壹号玺苑1栋,座号,B,合同号,--,拟售价格,92208元/平方米(按建筑面积计)楼层,37层,房号,3701,用途,住宅,,建筑面积121.09平方米,户内面积,88.19平方米,分摊面积,32.9平方米,户内面积,--平方米,分摊面积--平方米,建筑面积,--平方米
项目楼栋情况,天悦壹号玺苑1栋,座号,B,合同号,--,拟售价格,87451元/平方米(按建筑面积计)楼层,37层,房号,3702,用途,住宅,,建筑面积116.73平方米,户内面积,85.01平方米,分摊面积,31.72平方米,户内面积,--平方米,分摊面积--平方米,建筑面积,--平方米
项目楼栋情况,天悦壹号玺苑1栋,座号,B,合同号,--,拟售价格,92663元/平方米(按建筑面积计)楼层,37层,房号,3703,用途,住宅,,建筑面积120.28平方米,户内面积,87.6平方米,分摊面积,32.68平方米,户内面积,--平方米,分摊面积--平方米,建筑面积,--平方米
项目楼栋情况,天悦壹号玺苑1栋,座号,B,合同号,--,拟售价格,91439元/平方米(按建筑面积计)楼层,37层,房号,3705,用途,住宅,,建筑面积120.69平方米,户内面积,87.9平方米,分摊面积,32.79平方米,户内面积,--平方米,分摊面积--平方米,建筑面积,--平方米
项目楼栋情况,天悦壹号玺苑1栋,座号,B,合同号,--,拟售价格,86608元/平方米(按建筑面积计)楼层,7层,房号,701,用途,住宅,,建筑面积121.09平方米,户内面积,88.19平方米,分摊面积,32.9平方米,户内面积,--平方米,分摊面积--平方米,建筑面积,--平方米
项目楼栋情况,天悦壹号玺苑1栋,座号,B,合同号,--,拟售价格,81851元/平方米(按建筑面积计)楼层,7层,房号,702,用途,住宅,,建筑面积116.73平方米,户内面积,85.01平方米,分摊面积,31.72平方米,户内面积,--平方米,分摊面积--平方米,建筑面积,--平方米
项目楼栋情况,天悦壹号玺苑1栋,座号,B,合同号,--,拟售价格,87063元/平方米(按建筑面积计)楼层,7层,房号,703,用途,住宅,,建筑面积120.28平方米,户内面积,87.6平方米,分摊面积,32.68平方米,户内面积,--平方米,分摊面积--平方米,建筑面积,--平方米
项目楼栋情况,天悦壹号玺苑1栋,座号,B,合同号,--,拟售价格,85839元/平方米(按建筑面积计)楼层,7层,房号,705,用途,住宅,,建筑面积120.69平方米,户内面积,87.9平方米,分摊面积,32.79平方米,户内面积,--平方米,分摊面积--平方米,建筑面积,--平方米
项目楼栋情况,天悦壹号玺苑1栋,座号,B,合同号,--,拟售价格,88208元/平方米(按建筑面积计)楼层,16层,房号,1601,用途,住宅,,建筑面积121.09平方米,户内面积,88.19平方米,分摊面积,32.9平方米,户内面积,--平方米,分摊面积--平方米,建筑面积,--平方米
项目楼栋情况,天悦壹号玺苑1栋,座号,B,合同号,--,拟售价格,83451元/平方米(按建筑面积计)楼层,16层,房号,1602,用途,住宅,,建筑面积116.73平方米,户内面积,85.01平方米,分摊面积,31.72平方米,户内面积,--平方米,分摊面积--平方米,建筑面积,--平方米
项目楼栋情况,天悦壹号玺苑1栋,座号,B,合同号,--,拟售价格,88663元/平方米(按建筑面积计)楼层,16层,房号,1603,用途,住宅,,建筑面积120.28平方米,户内面积,87.6平方米,分摊面积,32.68平方米,户内面积,--平方米,分摊面积--平方米,建筑面积,--平方米
项目楼栋情况,天悦壹号玺苑1栋,座号,B,合同号,--,拟售价格,87439元/平方米(按建筑面积计)楼层,16层,房号,1605,用途,住宅,,建筑面积120.69平方米,户内面积,87.9平方米,分摊面积,32.79平方米,户内面积,--平方米,分摊面积--平方米,建筑面积,--平方米
项目楼栋情况,天悦壹号玺苑1栋,座号,B,合同号,--,拟售价格,90208元/平方米(按建筑面积计)楼层,26层,房号,2601,用途,住宅,,建筑面积121.09平方米,户内面积,88.19平方米,分摊面积,32.9平方米,户内面积,--平方米,分摊面积--平方米,建筑面积,--平方米
项目楼栋情况,天悦壹号玺苑1栋,座号,B,合同号,--,拟售价格,85451元/平方米(按建筑面积计)楼层,26层,房号,2602,用途,住宅,,建筑面积116.73平方米,户内面积,85.01平方米,分摊面积,31.72平方米,户内面积,--平方米,分摊面积--平方米,建筑面积,--平方米
项目楼栋情况,天悦壹号玺苑1栋,座号,B,合同号,--,拟售价格,90663元/平方米(按建筑面积计)楼层,26层,房号,2603,用途,住宅,,建筑面积120.28平方米,户内面积,87.6平方米,分摊面积,32.68平方米,户内面积,--平方米,分摊面积--平方米,建筑面积,--平方米
项目楼栋情况,天悦壹号玺苑1栋,座号,B,合同号,--,拟售价格,89439元/平方米(按建筑面积计)楼层,26层,房号,2605,用途,住宅,,建筑面积120.69平方米,户内面积,87.9平方米,分摊面积,32.79平方米,户内面积,--平方米,分摊面积--平方米,建筑面积,--平方米
项目楼栋情况,天悦壹号玺苑1栋,座号,B,合同号,--,拟售价格,92008元/平方米(按建筑面积计)楼层,36层,房号,3601,用途,住宅,,建筑面积121.09平方米,户内面积,88.19平方米,分摊面积,32.9平方米,户内面积,--平方米,分摊面积--平方米,建筑面积,--平方米
项目楼栋情况,天悦壹号玺苑1栋,座号,B,合同号,--,拟售价格,87251元/平方米(按建筑面积计)楼层,36层,房号,3602,用途,住宅,,建筑面积116.73平方米,户内面积,85.01平方米,分摊面积,31.72平方米,户内面积,--平方米,分摊面积--平方米,建筑面积,--平方米
项目楼栋情况,天悦壹号玺苑1栋,座号,B,合同号,--,拟售价格,92463元/平方米(按建筑面积计)楼层,36层,房号,3603,用途,住宅,,建筑面积120.28平方米,户内面积,87.6平方米,分摊面积,32.68平方米,户内面积,--平方米,分摊面积--平方米,建筑面积,--平方米
项目楼栋情况,天悦壹号玺苑1栋,座号,B,合同号,--,拟售价格,91239元/平方米(按建筑面积计)楼层,36层,房号,3605,用途,住宅,,建筑面积120.69平方米,户内面积,87.9平方米,分摊面积,32.79平方米,户内面积,--平方米,分摊面积--平方米,建筑面积,--平方米
项目楼栋情况,天悦壹号玺苑1栋,座号,B,合同号,--,拟售价格,86408元/平方米(按建筑面积计)楼层,6层,房号,601,用途,住宅,,建筑面积121.09平方米,户内面积,88.19平方米,分摊面积,32.9平方米,户内面积,--平方米,分摊面积--平方米,建筑面积,--平方米
项目楼栋情况,天悦壹号玺苑1栋,座号,B,合同号,--,拟售价格,81651元/平方米(按建筑面积计)楼层,6层,房号,602,用途,住宅,,建筑面积116.73平方米,户内面积,85.01平方米,分摊面积,31.72平方米,户内面积,--平方米,分摊面积--平方米,建筑面积,--平方米
项目楼栋情况,天悦壹号玺苑1栋,座号,B,合同号,--,拟售价格,86863元/平方米(按建筑面积计)楼层,6层,房号,603,用途,住宅,,建筑面积120.28平方米,户内面积,87.6平方米,分摊面积,32.68平方米,户内面积,--平方米,分摊面积--平方米,建筑面积,--平方米
项目楼栋情况,天悦壹号玺苑1栋,座号,B,合同号,--,拟售价格,85639元/平方米(按建筑面积计)楼层,6层,房号,605,用途,住宅,,建筑面积120.69平方米,户内面积,87.9平方米,分摊面积,32.79平方米,户内面积,--平方米,分摊面积--平方米,建筑面积,--平方米
项目楼栋情况,天悦壹号玺苑1栋,座号,B,合同号,--,拟售价格,88008元/平方米(按建筑面积计)楼层,15层,房号,1501,用途,住宅,,建筑面积121.09平方米,户内面积,88.19平方米,分摊面积,32.9平方米,户内面积,--平方米,分摊面积--平方米,建筑面积,--平方米
项目楼栋情况,天悦壹号玺苑1栋,座号,B,合同号,--,拟售价格,83251元/平方米(按建筑面积计)楼层,15层,房号,1502,用途,住宅,,建筑面积116.73平方米,户内面积,85.01平方米,分摊面积,31.72平方米,户内面积,--平方米,分摊面积--平方米,建筑面积,--平方米
项目楼栋情况,天悦壹号玺苑1栋,座号,B,合同号,--,拟售价格,88463元/平方米(按建筑面积计)楼层,15层,房号,1503,用途,住宅,,建筑面积120.28平方米,户内面积,87.6平方米,分摊面积,32.68平方米,户内面积,--平方米,分摊面积--平方米,建筑面积,--平方米
项目楼栋情况,天悦壹号玺苑1栋,座号,B,合同号,深(宝)网预买字(2019)31748号,拟售价格,--元/平方米(按建筑面积计)楼层,15层,房号,1505,用途,住宅,,建筑面积120.69平方米,户内面积,87.9平方米,分摊面积,32.79平方米,户内面积,--平方米,分摊面积--平方米,建筑面积,--平方米
项目楼栋情况,天悦壹号玺苑1栋,座号,B,合同号,--,拟售价格,90008元/平方米(按建筑面积计)楼层,25层,房号,2501,用途,住宅,,建筑面积121.09平方米,户内面积,88.19平方米,分摊面积,32.9平方米,户内面积,--平方米,分摊面积--平方米,建筑面积,--平方米
项目楼栋情况,天悦壹号玺苑1栋,座号,B,合同号,--,拟售价格,85251元/平方米(按建筑面积计)楼层,25层,房号,2502,用途,住宅,,建筑面积116.73平方米,户内面积,85.01平方米,分摊面积,31.72平方米,户内面积,--平方米,分摊面积--平方米,建筑面积,--平方米
项目楼栋情况,天悦壹号玺苑1栋,座号,B,合同号,--,拟售价格,90463元/平方米(按建筑面积计)楼层,25层,房号,2503,用途,住宅,,建筑面积120.28平方米,户内面积,87.6平方米,分摊面积,32.68平方米,户内面积,--平方米,分摊面积--平方米,建筑面积,--平方米
项目楼栋情况,天悦壹号玺苑1栋,座号,B,合同号,--,拟售价格,89239元/平方米(按建筑面积计)楼层,25层,房号,2505,用途,住宅,,建筑面积120.69平方米,户内面积,87.9平方米,分摊面积,32.79平方米,户内面积,--平方米,分摊面积--平方米,建筑面积,--平方米
项目楼栋情况,天悦壹号玺苑1栋,座号,B,合同号,--,拟售价格,91808元/平方米(按建筑面积计)楼层,35层,房号,3501,用途,住宅,,建筑面积121.09平方米,户内面积,88.19平方米,分摊面积,32.9平方米,户内面积,--平方米,分摊面积--平方米,建筑面积,--平方米
项目楼栋情况,天悦壹号玺苑1栋,座号,B,合同号,--,拟售价格,87051元/平方米(按建筑面积计)楼层,35层,房号,3502,用途,住宅,,建筑面积116.73平方米,户内面积,85.01平方米,分摊面积,31.72平方米,户内面积,--平方米,分摊面积--平方米,建筑面积,--平方米
项目楼栋情况,天悦壹号玺苑1栋,座号,B,合同号,--,拟售价格,92263元/平方米(按建筑面积计)楼层,35层,房号,3503,用途,住宅,,建筑面积120.28平方米,户内面积,87.6平方米,分摊面积,32.68平方米,户内面积,--平方米,分摊面积--平方米,建筑面积,--平方米
项目楼栋情况,天悦壹号玺苑1栋,座号,B,合同号,--,拟售价格,91039元/平方米(按建筑面积计)楼层,35层,房号,3505,用途,住宅,,建筑面积120.69平方米,户内面积,87.9平方米,分摊面积,32.79平方米,户内面积,--平方米,分摊面积--平方米,建筑面积,--平方米
项目楼栋情况,天悦壹号玺苑1栋,座号,B,合同号,--,拟售价格,86058元/平方米(按建筑面积计)楼层,5层,房号,501,用途,住宅,,建筑面积120.69平方米,户内面积,87.9平方米,分摊面积,32.79平方米,户内面积,--平方米,分摊面积--平方米,建筑面积,--平方米
项目楼栋情况,天悦壹号玺苑1栋,座号,B,合同号,--,拟售价格,81301元/平方米(按建筑面积计)楼层,5层,房号,502,用途,住宅,,建筑面积115.97平方米,户内面积,84.46平方米,分摊面积,31.51平方米,户内面积,--平方米,分摊面积--平方米,建筑面积,--平方米
项目楼栋情况,天悦壹号玺苑1栋,座号,B,合同号,--,拟售价格,86513元/平方米(按建筑面积计)楼层,5层,房号,503,用途,住宅,,建筑面积119.93平方米,户内面积,87.34平方米,分摊面积,32.59平方米,户内面积,--平方米,分摊面积--平方米,建筑面积,--平方米
项目楼栋情况,天悦壹号玺苑1栋,座号,B,合同号,--,拟售价格,87808元/平方米(按建筑面积计)楼层,14层,房号,1401,用途,住宅,,建筑面积121.09平方米,户内面积,88.19平方米,分摊面积,32.9平方米,户内面积,--平方米,分摊面积--平方米,建筑面积,--平方米
项目楼栋情况,天悦壹号玺苑1栋,座号,B,合同号,--,拟售价格,83051元/平方米(按建筑面积计)楼层,14层,房号,1402,用途,住宅,,建筑面积116.73平方米,户内面积,85.01平方米,分摊面积,31.72平方米,户内面积,--平方米,分摊面积--平方米,建筑面积,--平方米
项目楼栋情况,天悦壹号玺苑1栋,座号,B,合同号,--,拟售价格,88263元/平方米(按建筑面积计)楼层,14层,房号,1403,用途,住宅,,建筑面积120.28平方米,户内面积,87.6平方米,分摊面积,32.68平方米,户内面积,--平方米,分摊面积--平方米,建筑面积,--平方米
项目楼栋情况,天悦壹号玺苑1栋,座号,B,合同号,--,拟售价格,87039元/平方米(按建筑面积计)楼层,14层,房号,1405,用途,住宅,,建筑面积120.69平方米,户内面积,87.9平方米,分摊面积,32.79平方米,户内面积,--平方米,分摊面积--平方米,建筑面积,--平方米
项目楼栋情况,天悦壹号玺苑1栋,座号,B,合同号,深(宝)网预买字(2019)31597号,拟售价格,--元/平方米(按建筑面积计)楼层,24层,房号,2401,用途,住宅,,建筑面积121.09平方米,户内面积,88.19平方米,分摊面积,32.9平方米,户内面积,--平方米,分摊面积--平方米,建筑面积,--平方米
项目楼栋情况,天悦壹号玺苑1栋,座号,B,合同号,--,拟售价格,85051元/平方米(按建筑面积计)楼层,24层,房号,2402,用途,住宅,,建筑面积116.73平方米,户内面积,85.01平方米,分摊面积,31.72平方米,户内面积,--平方米,分摊面积--平方米,建筑面积,--平方米
项目楼栋情况,天悦壹号玺苑1栋,座号,B,合同号,--,拟售价格,90263元/平方米(按建筑面积计)楼层,24层,房号,2403,用途,住宅,,建筑面积120.28平方米,户内面积,87.6平方米,分摊面积,32.68平方米,户内面积,--平方米,分摊面积--平方米,建筑面积,--平方米
项目楼栋情况,天悦壹号玺苑1栋,座号,B,合同号,--,拟售价格,89039元/平方米(按建筑面积计)楼层,24层,房号,2405,用途,住宅,,建筑面积120.69平方米,户内面积,87.9平方米,分摊面积,32.79平方米,户内面积,--平方米,分摊面积--平方米,建筑面积,--平方米
项目楼栋情况,天悦壹号玺苑1栋,座号,B,合同号,--,拟售价格,91608元/平方米(按建筑面积计)楼层,34层,房号,3401,用途,住宅,,建筑面积121.09平方米,户内面积,88.19平方米,分摊面积,32.9平方米,户内面积,--平方米,分摊面积--平方米,建筑面积,--平方米
项目楼栋情况,天悦壹号玺苑1栋,座号,B,合同号,--,拟售价格,86851元/平方米(按建筑面积计)楼层,34层,房号,3402,用途,住宅,,建筑面积116.73平方米,户内面积,85.01平方米,分摊面积,31.72平方米,户内面积,--平方米,分摊面积--平方米,建筑面积,--平方米
项目楼栋情况,天悦壹号玺苑1栋,座号,B,合同号,--,拟售价格,92063元/平方米(按建筑面积计)楼层,34层,房号,3403,用途,住宅,,建筑面积120.28平方米,户内面积,87.6平方米,分摊面积,32.68平方米,户内面积,--平方米,分摊面积--平方米,建筑面积,--平方米
项目楼栋情况,天悦壹号玺苑1栋,座号,B,合同号,--,拟售价格,90839元/平方米(按建筑面积计)楼层,34层,房号,3405,用途,住宅,,建筑面积120.69平方米,户内面积,87.9平方米,分摊面积,32.79平方米,户内面积,--平方米,分摊面积--平方米,建筑面积,--平方米
项目楼栋情况,天悦壹号玺苑1栋,座号,B,合同号,--,拟售价格,89608元/平方米(按建筑面积计)楼层,23层,房号,2301,用途,住宅,,建筑面积121.09平方米,户内面积,88.19平方米,分摊面积,32.9平方米,户内面积,--平方米,分摊面积--平方米,建筑面积,--平方米
项目楼栋情况,天悦壹号玺苑1栋,座号,B,合同号,--,拟售价格,84851元/平方米(按建筑面积计)楼层,23层,房号,2302,用途,住宅,,建筑面积116.73平方米,户内面积,85.01平方米,分摊面积,31.72平方米,户内面积,--平方米,分摊面积--平方米,建筑面积,--平方米
项目楼栋情况,天悦壹号玺苑1栋,座号,B,合同号,深(宝)网预买字(2019)31802号,拟售价格,--元/平方米(按建筑面积计)楼层,23层,房号,2303,用途,住宅,,建筑面积120.28平方米,户内面积,87.6平方米,分摊面积,32.68平方米,户内面积,--平方米,分摊面积--平方米,建筑面积,--平方米
项目楼栋情况,天悦壹号玺苑1栋,座号,B,合同号,--,拟售价格,88839元/平方米(按建筑面积计)楼层,23层,房号,2305,用途,住宅,,建筑面积120.69平方米,户内面积,87.9平方米,分摊面积,32.79平方米,户内面积,--平方米,分摊面积--平方米,建筑面积,--平方米
项目楼栋情况,天悦壹号玺苑1栋,座号,B,合同号,--,拟售价格,91408元/平方米(按建筑面积计)楼层,33层,房号,3301,用途,住宅,,建筑面积121.09平方米,户内面积,88.19平方米,分摊面积,32.9平方米,户内面积,--平方米,分摊面积--平方米,建筑面积,--平方米
项目楼栋情况,天悦壹号玺苑1栋,座号,B,合同号,--,拟售价格,86651元/平方米(按建筑面积计)楼层,33层,房号,3302,用途,住宅,,建筑面积116.73平方米,户内面积,85.01平方米,分摊面积,31.72平方米,户内面积,--平方米,分摊面积--平方米,建筑面积,--平方米
项目楼栋情况,天悦壹号玺苑1栋,座号,B,合同号,--,拟售价格,91863元/平方米(按建筑面积计)楼层,33层,房号,3303,用途,住宅,,建筑面积120.28平方米,户内面积,87.6平方米,分摊面积,32.68平方米,户内面积,--平方米,分摊面积--平方米,建筑面积,--平方米
项目楼栋情况,天悦壹号玺苑1栋,座号,B,合同号,--,拟售价格,90639元/平方米(按建筑面积计)楼层,33层,房号,3305,用途,住宅,,建筑面积120.69平方米,户内面积,87.9平方米,分摊面积,32.79平方米,户内面积,--平方米,分摊面积--平方米,建筑面积,--平方米
项目楼栋情况,天悦壹号玺苑1栋,座号,B,合同号,--,拟售价格,87608元/平方米(按建筑面积计)楼层,12层,房号,1201,用途,住宅,,建筑面积121.09平方米,户内面积,88.19平方米,分摊面积,32.9平方米,户内面积,--平方米,分摊面积--平方米,建筑面积,--平方米
项目楼栋情况,天悦壹号玺苑1栋,座号,B,合同号,--,拟售价格,82851元/平方米(按建筑面积计)楼层,12层,房号,1202,用途,住宅,,建筑面积116.73平方米,户内面积,85.01平方米,分摊面积,31.72平方米,户内面积,--平方米,分摊面积--平方米,建筑面积,--平方米
项目楼栋情况,天悦壹号玺苑1栋,座号,B,合同号,--,拟售价格,88063元/平方米(按建筑面积计)楼层,12层,房号,1203,用途,住宅,,建筑面积120.28平方米,户内面积,87.6平方米,分摊面积,32.68平方米,户内面积,--平方米,分摊面积--平方米,建筑面积,--平方米
项目楼栋情况,天悦壹号玺苑1栋,座号,B,合同号,--,拟售价格,86839元/平方米(按建筑面积计)楼层,12层,房号,1205,用途,住宅,,建筑面积120.69平方米,户内面积,87.9平方米,分摊面积,32.79平方米,户内面积,--平方米,分摊面积--平方米,建筑面积,--平方米
项目楼栋情况,天悦壹号玺苑1栋,座号,B,合同号,--,拟售价格,89408元/平方米(按建筑面积计)楼层,22层,房号,2201,用途,住宅,,建筑面积121.09平方米,户内面积,88.19平方米,分摊面积,32.9平方米,户内面积,--平方米,分摊面积--平方米,建筑面积,--平方米
项目楼栋情况,天悦壹号玺苑1栋,座号,B,合同号,--,拟售价格,84651元/平方米(按建筑面积计)楼层,22层,房号,2202,用途,住宅,,建筑面积116.73平方米,户内面积,85.01平方米,分摊面积,31.72平方米,户内面积,--平方米,分摊面积--平方米,建筑面积,--平方米
项目楼栋情况,天悦壹号玺苑1栋,座号,B,合同号,--,拟售价格,89863元/平方米(按建筑面积计)楼层,22层,房号,2203,用途,住宅,,建筑面积120.28平方米,户内面积,87.6平方米,分摊面积,32.68平方米,户内面积,--平方米,分摊面积--平方米,建筑面积,--平方米
项目楼栋情况,天悦壹号玺苑1栋,座号,B,合同号,--,拟售价格,88639元/平方米(按建筑面积计)楼层,22层,房号,2205,用途,住宅,,建筑面积120.69平方米,户内面积,87.9平方米,分摊面积,32.79平方米,户内面积,--平方米,分摊面积--平方米,建筑面积,--平方米
项目楼栋情况,天悦壹号玺苑1栋,座号,B,合同号,--,拟售价格,91208元/平方米(按建筑面积计)楼层,32层,房号,3201,用途,住宅,,建筑面积121.09平方米,户内面积,88.19平方米,分摊面积,32.9平方米,户内面积,--平方米,分摊面积--平方米,建筑面积,--平方米
项目楼栋情况,天悦壹号玺苑1栋,座号,B,合同号,--,拟售价格,86451元/平方米(按建筑面积计)楼层,32层,房号,3202,用途,住宅,,建筑面积116.73平方米,户内面积,85.01平方米,分摊面积,31.72平方米,户内面积,--平方米,分摊面积--平方米,建筑面积,--平方米
项目楼栋情况,天悦壹号玺苑1栋,座号,B,合同号,--,拟售价格,91663元/平方米(按建筑面积计)楼层,32层,房号,3203,用途,住宅,,建筑面积120.28平方米,户内面积,87.6平方米,分摊面积,32.68平方米,户内面积,--平方米,分摊面积--平方米,建筑面积,--平方米
项目楼栋情况,天悦壹号玺苑1栋,座号,B,合同号,--,拟售价格,90439元/平方米(按建筑面积计)楼层,32层,房号,3205,用途,住宅,,建筑面积120.69平方米,户内面积,87.9平方米,分摊面积,32.79平方米,户内面积,--平方米,分摊面积--平方米,建筑面积,--平方米
项目楼栋情况,天悦壹号玺苑1栋,座号,B,合同号,--,拟售价格,87408元/平方米(按建筑面积计)楼层,11层,房号,1101,用途,住宅,,建筑面积121.09平方米,户内面积,88.19平方米,分摊面积,32.9平方米,户内面积,--平方米,分摊面积--平方米,建筑面积,--平方米
项目楼栋情况,天悦壹号玺苑1栋,座号,B,合同号,--,拟售价格,82651元/平方米(按建筑面积计)楼层,11层,房号,1102,用途,住宅,,建筑面积116.73平方米,户内面积,85.01平方米,分摊面积,31.72平方米,户内面积,--平方米,分摊面积--平方米,建筑面积,--平方米
项目楼栋情况,天悦壹号玺苑1栋,座号,B,合同号,--,拟售价格,87863元/平方米(按建筑面积计)楼层,11层,房号,1103,用途,住宅,,建筑面积120.28平方米,户内面积,87.6平方米,分摊面积,32.68平方米,户内面积,--平方米,分摊面积--平方米,建筑面积,--平方米
项目楼栋情况,天悦壹号玺苑1栋,座号,B,合同号,--,拟售价格,86639元/平方米(按建筑面积计)楼层,11层,房号,1105,用途,住宅,,建筑面积120.69平方米,户内面积,87.9平方米,分摊面积,32.79平方米,户内面积,--平方米,分摊面积--平方米,建筑面积,--平方米
项目楼栋情况,天悦壹号玺苑1栋,座号,B,合同号,--,拟售价格,89208元/平方米(按建筑面积计)楼层,21层,房号,2101,用途,住宅,,建筑面积121.09平方米,户内面积,88.19平方米,分摊面积,32.9平方米,户内面积,--平方米,分摊面积--平方米,建筑面积,--平方米
项目楼栋情况,天悦壹号玺苑1栋,座号,B,合同号,--,拟售价格,84451元/平方米(按建筑面积计)楼层,21层,房号,2102,用途,住宅,,建筑面积116.73平方米,户内面积,85.01平方米,分摊面积,31.72平方米,户内面积,--平方米,分摊面积--平方米,建筑面积,--平方米
项目楼栋情况,天悦壹号玺苑1栋,座号,B,合同号,--,拟售价格,89663元/平方米(按建筑面积计)楼层,21层,房号,2103,用途,住宅,,建筑面积120.28平方米,户内面积,87.6平方米,分摊面积,32.68平方米,户内面积,--平方米,分摊面积--平方米,建筑面积,--平方米
项目楼栋情况,天悦壹号玺苑1栋,座号,B,合同号,--,拟售价格,88439元/平方米(按建筑面积计)楼层,21层,房号,2105,用途,住宅,,建筑面积120.69平方米,户内面积,87.9平方米,分摊面积,32.79平方米,户内面积,--平方米,分摊面积--平方米,建筑面积,--平方米
项目楼栋情况,天悦壹号玺苑1栋,座号,B,合同号,--,拟售价格,91008元/平方米(按建筑面积计)楼层,31层,房号,3101,用途,住宅,,建筑面积121.09平方米,户内面积,88.19平方米,分摊面积,32.9平方米,户内面积,--平方米,分摊面积--平方米,建筑面积,--平方米
项目楼栋情况,天悦壹号玺苑1栋,座号,B,合同号,--,拟售价格,86251元/平方米(按建筑面积计)楼层,31层,房号,3102,用途,住宅,,建筑面积116.73平方米,户内面积,85.01平方米,分摊面积,31.72平方米,户内面积,--平方米,分摊面积--平方米,建筑面积,--平方米
项目楼栋情况,天悦壹号玺苑1栋,座号,B,合同号,--,拟售价格,91463元/平方米(按建筑面积计)楼层,31层,房号,3103,用途,住宅,,建筑面积120.28平方米,户内面积,87.6平方米,分摊面积,32.68平方米,户内面积,--平方米,分摊面积--平方米,建筑面积,--平方米
项目楼栋情况,天悦壹号玺苑1栋,座号,B,合同号,--,拟售价格,90239元/平方米(按建筑面积计)楼层,31层,房号,3105,用途,住宅,,建筑面积120.69平方米,户内面积,87.9平方米,分摊面积,32.79平方米,户内面积,--平方米,分摊面积--平方米,建筑面积,--平方米
项目楼栋情况,天悦壹号玺苑1栋,座号,B,合同号,--,拟售价格,87208元/平方米(按建筑面积计)楼层,10层,房号,1001,用途,住宅,,建筑面积121.09平方米,户内面积,88.19平方米,分摊面积,32.9平方米,户内面积,--平方米,分摊面积--平方米,建筑面积,--平方米
项目楼栋情况,天悦壹号玺苑1栋,座号,B,合同号,--,拟售价格,82451元/平方米(按建筑面积计)楼层,10层,房号,1002,用途,住宅,,建筑面积116.73平方米,户内面积,85.01平方米,分摊面积,31.72平方米,户内面积,--平方米,分摊面积--平方米,建筑面积,--平方米
项目楼栋情况,天悦壹号玺苑1栋,座号,B,合同号,--,拟售价格,87663元/平方米(按建筑面积计)楼层,10层,房号,1003,用途,住宅,,建筑面积120.28平方米,户内面积,87.6平方米,分摊面积,32.68平方米,户内面积,--平方米,分摊面积--平方米,建筑面积,--平方米
项目楼栋情况,天悦壹号玺苑1栋,座号,B,合同号,深(宝)网预买字(2019)31628号,拟售价格,--元/平方米(按建筑面积计)楼层,10层,房号,1005,用途,住宅,,建筑面积120.69平方米,户内面积,87.9平方米,分摊面积,32.79平方米,户内面积,--平方米,分摊面积--平方米,建筑面积,--平方米
项目楼栋情况,天悦壹号玺苑1栋,座号,B,合同号,深(宝)网预买字(2019)31632号,拟售价格,--元/平方米(按建筑面积计)楼层,20层,房号,2001,用途,住宅,,建筑面积121.09平方米,户内面积,88.19平方米,分摊面积,32.9平方米,户内面积,--平方米,分摊面积--平方米,建筑面积,--平方米
项目楼栋情况,天悦壹号玺苑1栋,座号,B,合同号,--,拟售价格,84251元/平方米(按建筑面积计)楼层,20层,房号,2002,用途,住宅,,建筑面积116.73平方米,户内面积,85.01平方米,分摊面积,31.72平方米,户内面积,--平方米,分摊面积--平方米,建筑面积,--平方米
项目楼栋情况,天悦壹号玺苑1栋,座号,B,合同号,--,拟售价格,89463元/平方米(按建筑面积计)楼层,20层,房号,2003,用途,住宅,,建筑面积120.28平方米,户内面积,87.6平方米,分摊面积,32.68平方米,户内面积,--平方米,分摊面积--平方米,建筑面积,--平方米
项目楼栋情况,天悦壹号玺苑1栋,座号,B,合同号,--,拟售价格,88239元/平方米(按建筑面积计)楼层,20层,房号,2005,用途,住宅,,建筑面积120.69平方米,户内面积,87.9平方米,分摊面积,32.79平方米,户内面积,--平方米,分摊面积--平方米,建筑面积,--平方米
项目楼栋情况,天悦壹号玺苑1栋,座号,B,合同号,--,拟售价格,90808元/平方米(按建筑面积计)楼层,30层,房号,3001,用途,住宅,,建筑面积121.09平方米,户内面积,88.19平方米,分摊面积,32.9平方米,户内面积,--平方米,分摊面积--平方米,建筑面积,--平方米
项目楼栋情况,天悦壹号玺苑1栋,座号,B,合同号,--,拟售价格,86051元/平方米(按建筑面积计)楼层,30层,房号,3002,用途,住宅,,建筑面积116.73平方米,户内面积,85.01平方米,分摊面积,31.72平方米,户内面积,--平方米,分摊面积--平方米,建筑面积,--平方米
项目楼栋情况,天悦壹号玺苑1栋,座号,B,合同号,--,拟售价格,91263元/平方米(按建筑面积计)楼层,30层,房号,3003,用途,住宅,,建筑面积120.28平方米,户内面积,87.6平方米,分摊面积,32.68平方米,户内面积,--平方米,分摊面积--平方米,建筑面积,--平方米
项目楼栋情况,天悦壹号玺苑1栋,座号,B,合同号,--,拟售价格,90039元/平方米(按建筑面积计)楼层,30层,房号,3005,用途,住宅,,建筑面积120.69平方米,户内面积,87.9平方米,分摊面积,32.79平方米,户内面积,--平方米,分摊面积--平方米,建筑面积,--平方米
