项目楼栋情况,海府生态大厦（一期）E栋,座号,--,合同号,--,拟售价格,117251元/平方米(按建筑面积计)楼层,12,房号,1201,用途,商业性办公,,建筑面积248.58平方米,户内面积,166.35平方米,分摊面积,82.23平方米,户内面积,--平方米,分摊面积--平方米,建筑面积,--平方米
项目楼栋情况,海府生态大厦（一期）E栋,座号,--,合同号,--,拟售价格,113903元/平方米(按建筑面积计)楼层,12,房号,1202,用途,商业性办公,,建筑面积229.54平方米,户内面积,153.6平方米,分摊面积,75.94平方米,户内面积,--平方米,分摊面积--平方米,建筑面积,--平方米
项目楼栋情况,海府生态大厦（一期）E栋,座号,--,合同号,深(宝)网预买字(2019)31182号,拟售价格,--元/平方米(按建筑面积计)楼层,12,房号,1203,用途,商业性办公,,建筑面积229.45平方米,户内面积,153.04平方米,分摊面积,76.41平方米,户内面积,--平方米,分摊面积--平方米,建筑面积,--平方米
项目楼栋情况,海府生态大厦（一期）E栋,座号,--,合同号,--,拟售价格,119576元/平方米(按建筑面积计)楼层,12,房号,1204,用途,商业性办公,,建筑面积242.67平方米,户内面积,161.86平方米,分摊面积,80.81平方米,户内面积,--平方米,分摊面积--平方米,建筑面积,--平方米
项目楼栋情况,海府生态大厦（一期）E栋,座号,--,合同号,--,拟售价格,110421元/平方米(按建筑面积计)楼层,11,房号,1101,用途,商业性办公,,建筑面积254.76平方米,户内面积,170.57平方米,分摊面积,84.19平方米,户内面积,--平方米,分摊面积--平方米,建筑面积,--平方米
项目楼栋情况,海府生态大厦（一期）E栋,座号,--,合同号,--,拟售价格,107090元/平方米(按建筑面积计)楼层,11,房号,1102,用途,商业性办公,,建筑面积229.41平方米,户内面积,153.6平方米,分摊面积,75.81平方米,户内面积,--平方米,分摊面积--平方米,建筑面积,--平方米
项目楼栋情况,海府生态大厦（一期）E栋,座号,--,合同号,--,拟售价格,106321元/平方米(按建筑面积计)楼层,11,房号,1103,用途,商业性办公,,建筑面积229.45平方米,户内面积,153.04平方米,分摊面积,76.41平方米,户内面积,--平方米,分摊面积--平方米,建筑面积,--平方米
项目楼栋情况,海府生态大厦（一期）E栋,座号,--,合同号,--,拟售价格,112763元/平方米(按建筑面积计)楼层,11,房号,1104,用途,商业性办公,,建筑面积242.67平方米,户内面积,161.86平方米,分摊面积,80.81平方米,户内面积,--平方米,分摊面积--平方米,建筑面积,--平方米
项目楼栋情况,海府生态大厦（一期）E栋,座号,--,合同号,--,拟售价格,109046元/平方米(按建筑面积计)楼层,10,房号,1001,用途,商业性办公,,建筑面积277.48平方米,户内面积,186.52平方米,分摊面积,90.96平方米,户内面积,--平方米,分摊面积--平方米,建筑面积,--平方米
项目楼栋情况,海府生态大厦（一期）E栋,座号,--,合同号,--,拟售价格,105689元/平方米(按建筑面积计)楼层,10,房号,1002,用途,商业性办公,,建筑面积257.07平方米,户内面积,172.8平方米,分摊面积,84.27平方米,户内面积,--平方米,分摊面积--平方米,建筑面积,--平方米
项目楼栋情况,海府生态大厦（一期）E栋,座号,--,合同号,--,拟售价格,104920元/平方米(按建筑面积计)楼层,10,房号,1003,用途,商业性办公,,建筑面积257.05平方米,户内面积,172.24平方米,分摊面积,84.81平方米,户内面积,--平方米,分摊面积--平方米,建筑面积,--平方米
项目楼栋情况,海府生态大厦（一期）E栋,座号,--,合同号,--,拟售价格,111367元/平方米(按建筑面积计)楼层,10,房号,1004,用途,商业性办公,,建筑面积271.66平方米,户内面积,182.03平方米,分摊面积,89.63平方米,户内面积,--平方米,分摊面积--平方米,建筑面积,--平方米
项目楼栋情况,海府生态大厦（一期）E栋,座号,--,合同号,--,拟售价格,107774元/平方米(按建筑面积计)楼层,9,房号,0901,用途,商业性办公,,建筑面积258.2平方米,户内面积,173.08平方米,分摊面积,85.12平方米,户内面积,--平方米,分摊面积--平方米,建筑面积,--平方米
项目楼栋情况,海府生态大厦（一期）E栋,座号,--,合同号,--,拟售价格,104418元/平方米(按建筑面积计)楼层,9,房号,0902,用途,商业性办公,,建筑面积240.26平方米,户内面积,161.06平方米,分摊面积,79.2平方米,户内面积,--平方米,分摊面积--平方米,建筑面积,--平方米
项目楼栋情况,海府生态大厦（一期）E栋,座号,--,合同号,--,拟售价格,103649元/平方米(按建筑面积计)楼层,9,房号,0903,用途,商业性办公,,建筑面积240.19平方米,户内面积,160.5平方米,分摊面积,79.69平方米,户内面积,--平方米,分摊面积--平方米,建筑面积,--平方米
项目楼栋情况,海府生态大厦（一期）E栋,座号,--,合同号,--,拟售价格,110098元/平方米(按建筑面积计)楼层,9,房号,0904,用途,商业性办公,,建筑面积252.31平方米,户内面积,168.59平方米,分摊面积,83.72平方米,户内面积,--平方米,分摊面积--平方米,建筑面积,--平方米
项目楼栋情况,海府生态大厦（一期）E栋,座号,--,合同号,--,拟售价格,106395元/平方米(按建筑面积计)楼层,8,房号,0801,用途,商业性办公,,建筑面积283.26平方米,户内面积,190.8平方米,分摊面积,92.46平方米,户内面积,--平方米,分摊面积--平方米,建筑面积,--平方米
项目楼栋情况,海府生态大厦（一期）E栋,座号,--,合同号,--,拟售价格,102992元/平方米(按建筑面积计)楼层,8,房号,0802,用途,商业性办公,,建筑面积281.63平方米,户内面积,189.7平方米,分摊面积,91.93平方米,户内面积,--平方米,分摊面积--平方米,建筑面积,--平方米
项目楼栋情况,海府生态大厦（一期）E栋,座号,--,合同号,--,拟售价格,102223元/平方米(按建筑面积计)楼层,8,房号,0803,用途,商业性办公,,建筑面积281.56平方米,户内面积,189.14平方米,分摊面积,92.42平方米,户内面积,--平方米,分摊面积--平方米,建筑面积,--平方米
项目楼栋情况,海府生态大厦（一期）E栋,座号,--,合同号,--,拟售价格,108701元/平方米(按建筑面积计)楼层,8,房号,0804,用途,商业性办公,,建筑面积284.02平方米,户内面积,190.8平方米,分摊面积,93.22平方米,户内面积,--平方米,分摊面积--平方米,建筑面积,--平方米
项目楼栋情况,海府生态大厦（一期）E栋,座号,--,合同号,--,拟售价格,105106元/平方米(按建筑面积计)楼层,7,房号,0701,用途,商业性办公,,建筑面积270.5平方米,户内面积,181.81平方米,分摊面积,88.69平方米,户内面积,--平方米,分摊面积--平方米,建筑面积,--平方米
项目楼栋情况,海府生态大厦（一期）E栋,座号,--,合同号,深(宝)网预买字(2019)31180号,拟售价格,--元/平方米(按建筑面积计)楼层,7,房号,0702,用途,商业性办公,,建筑面积262.73平方米,户内面积,176.59平方米,分摊面积,86.14平方米,户内面积,--平方米,分摊面积--平方米,建筑面积,--平方米
项目楼栋情况,海府生态大厦（一期）E栋,座号,--,合同号,--,拟售价格,100950元/平方米(按建筑面积计)楼层,7,房号,0703,用途,商业性办公,,建筑面积262.55平方米,户内面积,176平方米,分摊面积,86.55平方米,户内面积,--平方米,分摊面积--平方米,建筑面积,--平方米
项目楼栋情况,海府生态大厦（一期）E栋,座号,--,合同号,深(宝)网预买字(2019)31181号,拟售价格,--元/平方米(按建筑面积计)楼层,7,房号,0704,用途,商业性办公,,建筑面积271.23平方米,户内面积,181.81平方米,分摊面积,89.42平方米,户内面积,--平方米,分摊面积--平方米,建筑面积,--平方米
项目楼栋情况,海府生态大厦（一期）E栋,座号,--,合同号,--,拟售价格,103824元/平方米(按建筑面积计)楼层,6,房号,0601,用途,商业性办公,,建筑面积256.04平方米,户内面积,171.7平方米,分摊面积,84.34平方米,户内面积,--平方米,分摊面积--平方米,建筑面积,--平方米
项目楼栋情况,海府生态大厦（一期）E栋,座号,--,合同号,--,拟售价格,100443元/平方米(按建筑面积计)楼层,6,房号,0602,用途,商业性办公,,建筑面积246.89平方米,户内面积,165.56平方米,分摊面积,81.33平方米,户内面积,--平方米,分摊面积--平方米,建筑面积,--平方米
项目楼栋情况,海府生态大厦（一期）E栋,座号,--,合同号,--,拟售价格,99674元/平方米(按建筑面积计)楼层,6,房号,0603,用途,商业性办公,,建筑面积246.62平方米,户内面积,164.94平方米,分摊面积,81.68平方米,户内面积,--平方米,分摊面积--平方米,建筑面积,--平方米
项目楼栋情况,海府生态大厦（一期）E栋,座号,--,合同号,--,拟售价格,106130元/平方米(按建筑面积计)楼层,6,房号,0604,用途,商业性办公,,建筑面积256.74平方米,户内面积,171.7平方米,分摊面积,85.04平方米,户内面积,--平方米,分摊面积--平方米,建筑面积,--平方米
项目楼栋情况,海府生态大厦（一期）E栋,座号,--,合同号,--,拟售价格,86491元/平方米(按建筑面积计)楼层,5,房号,0501,用途,商业性办公,,建筑面积242.8平方米,户内面积,162.39平方米,分摊面积,80.41平方米,户内面积,--平方米,分摊面积--平方米,建筑面积,--平方米
项目楼栋情况,海府生态大厦（一期）E栋,座号,--,合同号,--,拟售价格,91515元/平方米(按建筑面积计)楼层,5,房号,0502,用途,商业性办公,,建筑面积229.47平方米,户内面积,153.48平方米,分摊面积,75.99平方米,户内面积,--平方米,分摊面积--平方米,建筑面积,--平方米
项目楼栋情况,海府生态大厦（一期）E栋,座号,--,合同号,--,拟售价格,91643元/平方米(按建筑面积计)楼层,5,房号,0503,用途,商业性办公,,建筑面积229.15平方米,户内面积,152.84平方米,分摊面积,76.31平方米,户内面积,--平方米,分摊面积--平方米,建筑面积,--平方米
项目楼栋情况,海府生态大厦（一期）E栋,座号,--,合同号,--,拟售价格,86256元/平方米(按建筑面积计)楼层,5,房号,0504,用途,商业性办公,,建筑面积243.46平方米,户内面积,162.39平方米,分摊面积,81.07平方米,户内面积,--平方米,分摊面积--平方米,建筑面积,--平方米
项目楼栋情况,海府生态大厦（一期）E栋,座号,--,合同号,--,拟售价格,74275元/平方米(按建筑面积计)楼层,4,房号,0401,用途,商业性办公,,建筑面积276平方米,户内面积,185.65平方米,分摊面积,90.35平方米,户内面积,--平方米,分摊面积--平方米,建筑面积,--平方米
项目楼栋情况,海府生态大厦（一期）E栋,座号,--,合同号,--,拟售价格,76498元/平方米(按建筑面积计)楼层,4,房号,0402,用途,商业性办公,,建筑面积267.98平方米,户内面积,180.26平方米,分摊面积,87.72平方米,户内面积,--平方米,分摊面积--平方米,建筑面积,--平方米
项目楼栋情况,海府生态大厦（一期）E栋,座号,--,合同号,--,拟售价格,76561元/平方米(按建筑面积计)楼层,4,房号,0403,用途,商业性办公,,建筑面积267.76平方米,户内面积,179.63平方米,分摊面积,88.13平方米,户内面积,--平方米,分摊面积--平方米,建筑面积,--平方米
项目楼栋情况,海府生态大厦（一期）E栋,座号,--,合同号,深(宝)网预买字(2019)31178号,拟售价格,--元/平方米(按建筑面积计)楼层,4,房号,0404,用途,商业性办公,,建筑面积276.74平方米,户内面积,185.65平方米,分摊面积,91.09平方米,户内面积,--平方米,分摊面积--平方米,建筑面积,--平方米
项目楼栋情况,海府生态大厦（一期）E栋,座号,--,合同号,--,拟售价格,76778元/平方米(按建筑面积计)楼层,3,房号,0301,用途,商业性办公,,建筑面积227.93平方米,户内面积,151.98平方米,分摊面积,75.95平方米,户内面积,--平方米,分摊面积--平方米,建筑面积,--平方米
项目楼栋情况,海府生态大厦（一期）E栋,座号,--,合同号,--,拟售价格,81994元/平方米(按建筑面积计)楼层,3,房号,0302,用途,商业性办公,,建筑面积213.43平方米,户内面积,142.31平方米,分摊面积,71.12平方米,户内面积,--平方米,分摊面积--平方米,建筑面积,--平方米
项目楼栋情况,海府生态大厦（一期）E栋,座号,--,合同号,--,拟售价格,82136元/平方米(按建筑面积计)楼层,3,房号,0303,用途,商业性办公,,建筑面积213.06平方米,户内面积,141.69平方米,分摊面积,71.37平方米,户内面积,--平方米,分摊面积--平方米,建筑面积,--平方米
项目楼栋情况,海府生态大厦（一期）E栋,座号,--,合同号,--,拟售价格,76570元/平方米(按建筑面积计)楼层,3,房号,0304,用途,商业性办公,,建筑面积228.55平方米,户内面积,151.99平方米,分摊面积,76.56平方米,户内面积,--平方米,分摊面积--平方米,建筑面积,--平方米
项目楼栋情况,海府生态大厦（一期）E栋,座号,--,合同号,--,拟售价格,267521元/平方米(按建筑面积计)楼层,1,房号,0101,用途,商业,,建筑面积41.54平方米,户内面积,37.98平方米,分摊面积,3.56平方米,户内面积,--平方米,分摊面积--平方米,建筑面积,--平方米
项目楼栋情况,海府生态大厦（一期）E栋,座号,--,合同号,--,拟售价格,259382元/平方米(按建筑面积计)楼层,1,房号,0102,用途,商业,,建筑面积49.11平方米,户内面积,44.89平方米,分摊面积,4.22平方米,户内面积,--平方米,分摊面积--平方米,建筑面积,--平方米
项目楼栋情况,海府生态大厦（一期）E栋,座号,--,合同号,--,拟售价格,224546元/平方米(按建筑面积计)楼层,1,房号,0103,用途,商业,,建筑面积75.01平方米,户内面积,68.56平方米,分摊面积,6.45平方米,户内面积,--平方米,分摊面积--平方米,建筑面积,--平方米
项目楼栋情况,海府生态大厦（一期）E栋,座号,--,合同号,--,拟售价格,257754元/平方米(按建筑面积计)楼层,1,房号,0104,用途,商业,,建筑面积39.17平方米,户内面积,35.81平方米,分摊面积,3.36平方米,户内面积,--平方米,分摊面积--平方米,建筑面积,--平方米
项目楼栋情况,海府生态大厦（一期）E栋,座号,--,合同号,--,拟售价格,298449元/平方米(按建筑面积计)楼层,1,房号,0105,用途,商业,,建筑面积33.67平方米,户内面积,30.78平方米,分摊面积,2.89平方米,户内面积,--平方米,分摊面积--平方米,建筑面积,--平方米
项目楼栋情况,海府生态大厦（一期）E栋,座号,--,合同号,--,拟售价格,314728元/平方米(按建筑面积计)楼层,1,房号,0106,用途,商业,,建筑面积49.77平方米,户内面积,45.49平方米,分摊面积,4.28平方米,户内面积,--平方米,分摊面积--平方米,建筑面积,--平方米
项目楼栋情况,海府生态大厦（一期）E栋,座号,--,合同号,--,拟售价格,300077元/平方米(按建筑面积计)楼层,1,房号,0107,用途,商业,,建筑面积48.74平方米,户内面积,44.55平方米,分摊面积,4.19平方米,户内面积,--平方米,分摊面积--平方米,建筑面积,--平方米
项目楼栋情况,海府生态大厦（一期）E栋,座号,--,合同号,--,拟售价格,277288元/平方米(按建筑面积计)楼层,1,房号,0108,用途,商业,,建筑面积55.29平方米,户内面积,50.54平方米,分摊面积,4.75平方米,户内面积,--平方米,分摊面积--平方米,建筑面积,--平方米
项目楼栋情况,海府生态大厦（一期）E栋,座号,--,合同号,--,拟售价格,287055元/平方米(按建筑面积计)楼层,1,房号,0109,用途,商业,,建筑面积59.15平方米,户内面积,54.07平方米,分摊面积,5.08平方米,户内面积,--平方米,分摊面积--平方米,建筑面积,--平方米
项目楼栋情况,海府生态大厦（一期）E栋,座号,--,合同号,--,拟售价格,300077元/平方米(按建筑面积计)楼层,1,房号,0110,用途,商业,,建筑面积50.54平方米,户内面积,46.2平方米,分摊面积,4.34平方米,户内面积,--平方米,分摊面积--平方米,建筑面积,--平方米
项目楼栋情况,海府生态大厦（一期）E栋,座号,--,合同号,--,拟售价格,300077元/平方米(按建筑面积计)楼层,1,房号,0111,用途,商业,,建筑面积50.54平方米,户内面积,46.2平方米,分摊面积,4.34平方米,户内面积,--平方米,分摊面积--平方米,建筑面积,--平方米
项目楼栋情况,海府生态大厦（一期）E栋,座号,--,合同号,--,拟售价格,287055元/平方米(按建筑面积计)楼层,1,房号,0112,用途,商业,,建筑面积59.15平方米,户内面积,54.07平方米,分摊面积,5.08平方米,户内面积,--平方米,分摊面积--平方米,建筑面积,--平方米
项目楼栋情况,海府生态大厦（一期）E栋,座号,--,合同号,--,拟售价格,277288元/平方米(按建筑面积计)楼层,1,房号,0113,用途,商业,,建筑面积55.29平方米,户内面积,50.54平方米,分摊面积,4.75平方米,户内面积,--平方米,分摊面积--平方米,建筑面积,--平方米
项目楼栋情况,海府生态大厦（一期）E栋,座号,--,合同号,--,拟售价格,300077元/平方米(按建筑面积计)楼层,1,房号,0114,用途,商业,,建筑面积48.74平方米,户内面积,44.55平方米,分摊面积,4.19平方米,户内面积,--平方米,分摊面积--平方米,建筑面积,--平方米
项目楼栋情况,海府生态大厦（一期）E栋,座号,--,合同号,--,拟售价格,314728元/平方米(按建筑面积计)楼层,1,房号,0115,用途,商业,,建筑面积49.77平方米,户内面积,45.49平方米,分摊面积,4.28平方米,户内面积,--平方米,分摊面积--平方米,建筑面积,--平方米
项目楼栋情况,海府生态大厦（一期）E栋,座号,--,合同号,--,拟售价格,282171元/平方米(按建筑面积计)楼层,1,房号,0116,用途,商业,,建筑面积73.46平方米,户内面积,67.15平方米,分摊面积,6.31平方米,户内面积,--平方米,分摊面积--平方米,建筑面积,--平方米
项目楼栋情况,海府生态大厦（一期）E栋,座号,--,合同号,--,拟售价格,261009元/平方米(按建筑面积计)楼层,1,房号,0117,用途,商业,,建筑面积36.17平方米,户内面积,33.06平方米,分摊面积,3.11平方米,户内面积,--平方米,分摊面积--平方米,建筑面积,--平方米
项目楼栋情况,海府生态大厦（一期）E栋,座号,--,合同号,--,拟售价格,304961元/平方米(按建筑面积计)楼层,1,房号,0118,用途,商业,,建筑面积42平方米,户内面积,38.39平方米,分摊面积,3.61平方米,户内面积,--平方米,分摊面积--平方米,建筑面积,--平方米
项目楼栋情况,海府生态大厦（一期）E栋,座号,--,合同号,--,拟售价格,249615元/平方米(按建筑面积计)楼层,1,房号,0119,用途,商业,,建筑面积48.66平方米,户内面积,44.48平方米,分摊面积,4.18平方米,户内面积,--平方米,分摊面积--平方米,建筑面积,--平方米
项目楼栋情况,海府生态大厦（一期）F栋,座号,--,合同号,--,拟售价格,84375元/平方米(按建筑面积计)楼层,11,房号,1101,用途,商业性办公,,建筑面积41.23平方米,户内面积,28.66平方米,分摊面积,12.57平方米,户内面积,--平方米,分摊面积--平方米,建筑面积,--平方米
项目楼栋情况,海府生态大厦（一期）F栋,座号,--,合同号,--,拟售价格,89123元/平方米(按建筑面积计)楼层,11,房号,1102,用途,商业性办公,,建筑面积280.46平方米,户内面积,194.91平方米,分摊面积,85.55平方米,户内面积,--平方米,分摊面积--平方米,建筑面积,--平方米
项目楼栋情况,海府生态大厦（一期）F栋,座号,--,合同号,--,拟售价格,86162元/平方米(按建筑面积计)楼层,11,房号,1103,用途,商业性办公,,建筑面积135.8平方米,户内面积,94.38平方米,分摊面积,41.42平方米,户内面积,--平方米,分摊面积--平方米,建筑面积,--平方米
项目楼栋情况,海府生态大厦（一期）F栋,座号,--,合同号,--,拟售价格,86162元/平方米(按建筑面积计)楼层,11,房号,1104,用途,商业性办公,,建筑面积121.47平方米,户内面积,84.42平方米,分摊面积,37.05平方米,户内面积,--平方米,分摊面积--平方米,建筑面积,--平方米
项目楼栋情况,海府生态大厦（一期）F栋,座号,--,合同号,--,拟售价格,85045元/平方米(按建筑面积计)楼层,11,房号,1105,用途,商业性办公,,建筑面积121.47平方米,户内面积,84.42平方米,分摊面积,37.05平方米,户内面积,--平方米,分摊面积--平方米,建筑面积,--平方米
项目楼栋情况,海府生态大厦（一期）F栋,座号,--,合同号,--,拟售价格,85045元/平方米(按建筑面积计)楼层,11,房号,1106,用途,商业性办公,,建筑面积121.47平方米,户内面积,84.42平方米,分摊面积,37.05平方米,户内面积,--平方米,分摊面积--平方米,建筑面积,--平方米
项目楼栋情况,海府生态大厦（一期）F栋,座号,--,合同号,--,拟售价格,91329元/平方米(按建筑面积计)楼层,11,房号,1107,用途,商业性办公,,建筑面积269.74平方米,户内面积,187.46平方米,分摊面积,82.28平方米,户内面积,--平方米,分摊面积--平方米,建筑面积,--平方米
项目楼栋情况,海府生态大厦（一期）F栋,座号,--,合同号,--,拟售价格,83816元/平方米(按建筑面积计)楼层,10,房号,1001,用途,商业性办公,,建筑面积50.79平方米,户内面积,35.26平方米,分摊面积,15.53平方米,户内面积,--平方米,分摊面积--平方米,建筑面积,--平方米
项目楼栋情况,海府生态大厦（一期）F栋,座号,--,合同号,--,拟售价格,88564元/平方米(按建筑面积计)楼层,10,房号,1002,用途,商业性办公,,建筑面积242.11平方米,户内面积,168.07平方米,分摊面积,74.04平方米,户内面积,--平方米,分摊面积--平方米,建筑面积,--平方米
项目楼栋情况,海府生态大厦（一期）F栋,座号,--,合同号,--,拟售价格,85604元/平方米(按建筑面积计)楼层,10,房号,1003,用途,商业性办公,,建筑面积121.61平方米,户内面积,84.42平方米,分摊面积,37.19平方米,户内面积,--平方米,分摊面积--平方米,建筑面积,--平方米
项目楼栋情况,海府生态大厦（一期）F栋,座号,--,合同号,--,拟售价格,85604元/平方米(按建筑面积计)楼层,10,房号,1004,用途,商业性办公,,建筑面积121.61平方米,户内面积,84.42平方米,分摊面积,37.19平方米,户内面积,--平方米,分摊面积--平方米,建筑面积,--平方米
项目楼栋情况,海府生态大厦（一期）F栋,座号,--,合同号,--,拟售价格,84487元/平方米(按建筑面积计)楼层,10,房号,1005,用途,商业性办公,,建筑面积121.61平方米,户内面积,84.42平方米,分摊面积,37.19平方米,户内面积,--平方米,分摊面积--平方米,建筑面积,--平方米
项目楼栋情况,海府生态大厦（一期）F栋,座号,--,合同号,--,拟售价格,84487元/平方米(按建筑面积计)楼层,10,房号,1006,用途,商业性办公,,建筑面积136.13平方米,户内面积,94.5平方米,分摊面积,41.63平方米,户内面积,--平方米,分摊面积--平方米,建筑面积,--平方米
项目楼栋情况,海府生态大厦（一期）F栋,座号,--,合同号,--,拟售价格,90770元/平方米(按建筑面积计)楼层,10,房号,1007,用途,商业性办公,,建筑面积274.47平方米,户内面积,190.53平方米,分摊面积,83.94平方米,户内面积,--平方米,分摊面积--平方米,建筑面积,--平方米
项目楼栋情况,海府生态大厦（一期）F栋,座号,--,合同号,--,拟售价格,84235元/平方米(按建筑面积计)楼层,10,房号,1008,用途,商业性办公,,建筑面积40.52平方米,户内面积,28.13平方米,分摊面积,12.39平方米,户内面积,--平方米,分摊面积--平方米,建筑面积,--平方米
项目楼栋情况,海府生态大厦（一期）F栋,座号,--,合同号,--,拟售价格,83258元/平方米(按建筑面积计)楼层,9,房号,0901,用途,商业性办公,,建筑面积41.19平方米,户内面积,28.65平方米,分摊面积,12.54平方米,户内面积,--平方米,分摊面积--平方米,建筑面积,--平方米
项目楼栋情况,海府生态大厦（一期）F栋,座号,--,合同号,--,拟售价格,88005元/平方米(按建筑面积计)楼层,9,房号,0902,用途,商业性办公,,建筑面积279.99平方米,户内面积,194.79平方米,分摊面积,85.2平方米,户内面积,--平方米,分摊面积--平方米,建筑面积,--平方米
项目楼栋情况,海府生态大厦（一期）F栋,座号,--,合同号,--,拟售价格,85045元/平方米(按建筑面积计)楼层,9,房号,0903,用途,商业性办公,,建筑面积121.34平方米,户内面积,84.42平方米,分摊面积,36.92平方米,户内面积,--平方米,分摊面积--平方米,建筑面积,--平方米
项目楼栋情况,海府生态大厦（一期）F栋,座号,--,合同号,--,拟售价格,85045元/平方米(按建筑面积计)楼层,9,房号,0904,用途,商业性办公,,建筑面积120.39平方米,户内面积,83.75平方米,分摊面积,36.64平方米,户内面积,--平方米,分摊面积--平方米,建筑面积,--平方米
项目楼栋情况,海府生态大厦（一期）F栋,座号,--,合同号,--,拟售价格,83928元/平方米(按建筑面积计)楼层,9,房号,0905,用途,商业性办公,,建筑面积121.34平方米,户内面积,84.42平方米,分摊面积,36.92平方米,户内面积,--平方米,分摊面积--平方米,建筑面积,--平方米
项目楼栋情况,海府生态大厦（一期）F栋,座号,--,合同号,--,拟售价格,83928元/平方米(按建筑面积计)楼层,9,房号,0906,用途,商业性办公,,建筑面积121.34平方米,户内面积,84.42平方米,分摊面积,36.92平方米,户内面积,--平方米,分摊面积--平方米,建筑面积,--平方米
项目楼栋情况,海府生态大厦（一期）F栋,座号,--,合同号,--,拟售价格,90212元/平方米(按建筑面积计)楼层,9,房号,0907,用途,商业性办公,,建筑面积254.6平方米,户内面积,177.13平方米,分摊面积,77.47平方米,户内面积,--平方米,分摊面积--平方米,建筑面积,--平方米
项目楼栋情况,海府生态大厦（一期）F栋,座号,--,合同号,--,拟售价格,83677元/平方米(按建筑面积计)楼层,9,房号,0908,用途,商业性办公,,建筑面积38.62平方米,户内面积,26.87平方米,分摊面积,11.75平方米,户内面积,--平方米,分摊面积--平方米,建筑面积,--平方米
项目楼栋情况,海府生态大厦（一期）F栋,座号,--,合同号,--,拟售价格,82699元/平方米(按建筑面积计)楼层,8,房号,0801,用途,商业性办公,,建筑面积40.93平方米,户内面积,28.65平方米,分摊面积,12.28平方米,户内面积,--平方米,分摊面积--平方米,建筑面积,--平方米
项目楼栋情况,海府生态大厦（一期）F栋,座号,--,合同号,--,拟售价格,87447元/平方米(按建筑面积计)楼层,8,房号,0802,用途,商业性办公,,建筑面积278.39平方米,户内面积,194.91平方米,分摊面积,83.48平方米,户内面积,--平方米,分摊面积--平方米,建筑面积,--平方米
项目楼栋情况,海府生态大厦（一期）F栋,座号,--,合同号,--,拟售价格,84487元/平方米(按建筑面积计)楼层,8,房号,0803,用途,商业性办公,,建筑面积134.97平方米,户内面积,94.5平方米,分摊面积,40.47平方米,户内面积,--平方米,分摊面积--平方米,建筑面积,--平方米
项目楼栋情况,海府生态大厦（一期）F栋,座号,--,合同号,--,拟售价格,84487元/平方米(按建筑面积计)楼层,8,房号,0804,用途,商业性办公,,建筑面积134.02平方米,户内面积,93.84平方米,分摊面积,40.18平方米,户内面积,--平方米,分摊面积--平方米,建筑面积,--平方米
项目楼栋情况,海府生态大厦（一期）F栋,座号,--,合同号,--,拟售价格,83369元/平方米(按建筑面积计)楼层,8,房号,0805,用途,商业性办公,,建筑面积134.97平方米,户内面积,94.5平方米,分摊面积,40.47平方米,户内面积,--平方米,分摊面积--平方米,建筑面积,--平方米
项目楼栋情况,海府生态大厦（一期）F栋,座号,--,合同号,--,拟售价格,83369元/平方米(按建筑面积计)楼层,8,房号,0806,用途,商业性办公,,建筑面积134.97平方米,户内面积,94.5平方米,分摊面积,40.47平方米,户内面积,--平方米,分摊面积--平方米,建筑面积,--平方米
项目楼栋情况,海府生态大厦（一期）F栋,座号,--,合同号,--,拟售价格,89653元/平方米(按建筑面积计)楼层,8,房号,0807,用途,商业性办公,,建筑面积272.14平方米,户内面积,190.54平方米,分摊面积,81.6平方米,户内面积,--平方米,分摊面积--平方米,建筑面积,--平方米
项目楼栋情况,海府生态大厦（一期）F栋,座号,--,合同号,--,拟售价格,83118元/平方米(按建筑面积计)楼层,8,房号,0808,用途,商业性办公,,建筑面积40.19平方米,户内面积,28.14平方米,分摊面积,12.05平方米,户内面积,--平方米,分摊面积--平方米,建筑面积,--平方米
项目楼栋情况,海府生态大厦（一期）F栋,座号,--,合同号,--,拟售价格,83218元/平方米(按建筑面积计)楼层,7,房号,0701,用途,商业性办公,,建筑面积269.49平方米,户内面积,189.01平方米,分摊面积,80.48平方米,户内面积,--平方米,分摊面积--平方米,建筑面积,--平方米
项目楼栋情况,海府生态大厦（一期）F栋,座号,--,合同号,--,拟售价格,81933元/平方米(按建筑面积计)楼层,7,房号,0702,用途,商业性办公,,建筑面积121.26平方米,户内面积,85.05平方米,分摊面积,36.21平方米,户内面积,--平方米,分摊面积--平方米,建筑面积,--平方米
项目楼栋情况,海府生态大厦（一期）F栋,座号,--,合同号,深(宝)网预买字(2019)31183号,拟售价格,--元/平方米(按建筑面积计)楼层,7,房号,0703,用途,商业性办公,,建筑面积120.27平方米,户内面积,84.35平方米,分摊面积,35.92平方米,户内面积,--平方米,分摊面积--平方米,建筑面积,--平方米
项目楼栋情况,海府生态大厦（一期）F栋,座号,--,合同号,--,拟售价格,81794元/平方米(按建筑面积计)楼层,7,房号,0704,用途,商业性办公,,建筑面积121.26平方米,户内面积,85.05平方米,分摊面积,36.21平方米,户内面积,--平方米,分摊面积--平方米,建筑面积,--平方米
项目楼栋情况,海府生态大厦（一期）F栋,座号,--,合同号,--,拟售价格,81235元/平方米(按建筑面积计)楼层,7,房号,0705,用途,商业性办公,,建筑面积135.64平方米,户内面积,95.13平方米,分摊面积,40.51平方米,户内面积,--平方米,分摊面积--平方米,建筑面积,--平方米
项目楼栋情况,海府生态大厦（一期）F栋,座号,--,合同号,--,拟售价格,83190元/平方米(按建筑面积计)楼层,7,房号,0706,用途,商业性办公,,建筑面积271.56平方米,户内面积,190.46平方米,分摊面积,81.1平方米,户内面积,--平方米,分摊面积--平方米,建筑面积,--平方米
项目楼栋情况,海府生态大厦（一期）F栋,座号,--,合同号,--,拟售价格,84754元/平方米(按建筑面积计)楼层,7,房号,0707,用途,商业性办公,,建筑面积40.11平方米,户内面积,28.13平方米,分摊面积,11.98平方米,户内面积,--平方米,分摊面积--平方米,建筑面积,--平方米
项目楼栋情况,海府生态大厦（一期）F栋,座号,--,合同号,--,拟售价格,81582元/平方米(按建筑面积计)楼层,6,房号,0601,用途,商业性办公,,建筑面积39.41平方米,户内面积,27.51平方米,分摊面积,11.9平方米,户内面积,--平方米,分摊面积--平方米,建筑面积,--平方米
项目楼栋情况,海府生态大厦（一期）F栋,座号,--,合同号,--,拟售价格,86330元/平方米(按建筑面积计)楼层,6,房号,0602,用途,商业性办公,,建筑面积255.87平方米,户内面积,178.66平方米,分摊面积,77.21平方米,户内面积,--平方米,分摊面积--平方米,建筑面积,--平方米
项目楼栋情况,海府生态大厦（一期）F栋,座号,--,合同号,--,拟售价格,83369元/平方米(按建筑面积计)楼层,6,房号,0603,用途,商业性办公,,建筑面积121.81平方米,户内面积,85.05平方米,分摊面积,36.76平方米,户内面积,--平方米,分摊面积--平方米,建筑面积,--平方米
项目楼栋情况,海府生态大厦（一期）F栋,座号,--,合同号,--,拟售价格,83369元/平方米(按建筑面积计)楼层,6,房号,0604,用途,商业性办公,,建筑面积120.81平方米,户内面积,84.35平方米,分摊面积,36.46平方米,户内面积,--平方米,分摊面积--平方米,建筑面积,--平方米
项目楼栋情况,海府生态大厦（一期）F栋,座号,--,合同号,--,拟售价格,82252元/平方米(按建筑面积计)楼层,6,房号,0605,用途,商业性办公,,建筑面积121.81平方米,户内面积,85.05平方米,分摊面积,36.76平方米,户内面积,--平方米,分摊面积--平方米,建筑面积,--平方米
项目楼栋情况,海府生态大厦（一期）F栋,座号,--,合同号,--,拟售价格,82252元/平方米(按建筑面积计)楼层,6,房号,0606,用途,商业性办公,,建筑面积121.81平方米,户内面积,85.05平方米,分摊面积,36.76平方米,户内面积,--平方米,分摊面积--平方米,建筑面积,--平方米
项目楼栋情况,海府生态大厦（一期）F栋,座号,--,合同号,--,拟售价格,88536元/平方米(按建筑面积计)楼层,6,房号,0607,用途,商业性办公,,建筑面积253.47平方米,户内面积,176.97平方米,分摊面积,76.5平方米,户内面积,--平方米,分摊面积--平方米,建筑面积,--平方米
项目楼栋情况,海府生态大厦（一期）F栋,座号,--,合同号,--,拟售价格,82001元/平方米(按建筑面积计)楼层,6,房号,0608,用途,商业性办公,,建筑面积38.48平方米,户内面积,26.87平方米,分摊面积,11.61平方米,户内面积,--平方米,分摊面积--平方米,建筑面积,--平方米
项目楼栋情况,海府生态大厦（一期）F栋,座号,--,合同号,--,拟售价格,80984元/平方米(按建筑面积计)楼层,5,房号,0501,用途,商业性办公,,建筑面积153.45平方米,户内面积,107.98平方米,分摊面积,45.47平方米,户内面积,--平方米,分摊面积--平方米,建筑面积,--平方米
项目楼栋情况,海府生态大厦（一期）F栋,座号,--,合同号,--,拟售价格,79699元/平方米(按建筑面积计)楼层,5,房号,0502,用途,商业性办公,,建筑面积198.33平方米,户内面积,139.56平方米,分摊面积,58.77平方米,户内面积,--平方米,分摊面积--平方米,建筑面积,--平方米
项目楼栋情况,海府生态大厦（一期）F栋,座号,--,合同号,--,拟售价格,78023元/平方米(按建筑面积计)楼层,5,房号,0503,用途,商业性办公,,建筑面积254.88平方米,户内面积,179.36平方米,分摊面积,75.52平方米,户内面积,--平方米,分摊面积--平方米,建筑面积,--平方米
项目楼栋情况,海府生态大厦（一期）F栋,座号,--,合同号,--,拟售价格,79559元/平方米(按建筑面积计)楼层,5,房号,0504,用途,商业性办公,,建筑面积120.86平方米,户内面积,85.05平方米,分摊面积,35.81平方米,户内面积,--平方米,分摊面积--平方米,建筑面积,--平方米
项目楼栋情况,海府生态大厦（一期）F栋,座号,--,合同号,--,拟售价格,79001元/平方米(按建筑面积计)楼层,5,房号,0505,用途,商业性办公,,建筑面积120.86平方米,户内面积,85.05平方米,分摊面积,35.81平方米,户内面积,--平方米,分摊面积--平方米,建筑面积,--平方米
项目楼栋情况,海府生态大厦（一期）F栋,座号,--,合同号,--,拟售价格,80509元/平方米(按建筑面积计)楼层,5,房号,0506,用途,商业性办公,,建筑面积282.51平方米,户内面积,198.8平方米,分摊面积,83.71平方米,户内面积,--平方米,分摊面积--平方米,建筑面积,--平方米
项目楼栋情况,海府生态大厦（一期）F栋,座号,--,合同号,--,拟售价格,82520元/平方米(按建筑面积计)楼层,5,房号,0507,用途,商业性办公,,建筑面积39.97平方米,户内面积,28.13平方米,分摊面积,11.84平方米,户内面积,--平方米,分摊面积--平方米,建筑面积,--平方米
项目楼栋情况,海府生态大厦（一期）F栋,座号,--,合同号,--,拟售价格,79236元/平方米(按建筑面积计)楼层,4,房号,0401,用途,商业性办公,,建筑面积50.14平方米,户内面积,35.25平方米,分摊面积,14.89平方米,户内面积,--平方米,分摊面积--平方米,建筑面积,--平方米
项目楼栋情况,海府生态大厦（一期）F栋,座号,--,合同号,--,拟售价格,79795元/平方米(按建筑面积计)楼层,4,房号,0402,用途,商业性办公,,建筑面积271.36平方米,户内面积,190.81平方米,分摊面积,80.55平方米,户内面积,--平方米,分摊面积--平方米,建筑面积,--平方米
项目楼栋情况,海府生态大厦（一期）F栋,座号,--,合同号,--,拟售价格,79180元/平方米(按建筑面积计)楼层,4,房号,0403,用途,商业性办公,,建筑面积135.21平方米,户内面积,95.07平方米,分摊面积,40.14平方米,户内面积,--平方米,分摊面积--平方米,建筑面积,--平方米
项目楼栋情况,海府生态大厦（一期）F栋,座号,--,合同号,--,拟售价格,79180元/平方米(按建筑面积计)楼层,4,房号,0404,用途,商业性办公,,建筑面积134.3平方米,户内面积,94.43平方米,分摊面积,39.87平方米,户内面积,--平方米,分摊面积--平方米,建筑面积,--平方米
项目楼栋情况,海府生态大厦（一期）F栋,座号,--,合同号,--,拟售价格,78063元/平方米(按建筑面积计)楼层,4,房号,0405,用途,商业性办公,,建筑面积135.29平方米,户内面积,95.13平方米,分摊面积,40.16平方米,户内面积,--平方米,分摊面积--平方米,建筑面积,--平方米
项目楼栋情况,海府生态大厦（一期）F栋,座号,--,合同号,--,拟售价格,78063元/平方米(按建筑面积计)楼层,4,房号,0406,用途,商业性办公,,建筑面积135.29平方米,户内面积,95.13平方米,分摊面积,40.16平方米,户内面积,--平方米,分摊面积--平方米,建筑面积,--平方米
项目楼栋情况,海府生态大厦（一期）F栋,座号,--,合同号,--,拟售价格,78510元/平方米(按建筑面积计)楼层,4,房号,0407,用途,商业性办公,,建筑面积204.39平方米,户内面积,143.71平方米,分摊面积,60.68平方米,户内面积,--平方米,分摊面积--平方米,建筑面积,--平方米
项目楼栋情况,海府生态大厦（一期）F栋,座号,--,合同号,--,拟售价格,78454元/平方米(按建筑面积计)楼层,4,房号,0408,用途,商业性办公,,建筑面积163.07平方米,户内面积,114.66平方米,分摊面积,48.41平方米,户内面积,--平方米,分摊面积--平方米,建筑面积,--平方米
项目楼栋情况,海府生态大厦（一期）F栋,座号,--,合同号,--,拟售价格,76543元/平方米(按建筑面积计)楼层,3,房号,0301,用途,商业性办公,,建筑面积102.44平方米,户内面积,72.24平方米,分摊面积,30.2平方米,户内面积,--平方米,分摊面积--平方米,建筑面积,--平方米
项目楼栋情况,海府生态大厦（一期）F栋,座号,--,合同号,--,拟售价格,79448元/平方米(按建筑面积计)楼层,3,房号,0302,用途,商业性办公,,建筑面积246.41平方米,户内面积,173.77平方米,分摊面积,72.64平方米,户内面积,--平方米,分摊面积--平方米,建筑面积,--平方米
项目楼栋情况,海府生态大厦（一期）F栋,座号,--,合同号,--,拟售价格,76906元/平方米(按建筑面积计)楼层,3,房号,0303,用途,商业性办公,,建筑面积268.22平方米,户内面积,189.16平方米,分摊面积,79.06平方米,户内面积,--平方米,分摊面积--平方米,建筑面积,--平方米
项目楼栋情况,海府生态大厦（一期）F栋,座号,--,合同号,--,拟售价格,78442元/平方米(按建筑面积计)楼层,3,房号,0304,用途,商业性办公,,建筑面积120.6平方米,户内面积,85.05平方米,分摊面积,35.55平方米,户内面积,--平方米,分摊面积--平方米,建筑面积,--平方米
项目楼栋情况,海府生态大厦（一期）F栋,座号,--,合同号,--,拟售价格,77884元/平方米(按建筑面积计)楼层,3,房号,0305,用途,商业性办公,,建筑面积120.6平方米,户内面积,85.05平方米,分摊面积,35.55平方米,户内面积,--平方米,分摊面积--平方米,建筑面积,--平方米
项目楼栋情况,海府生态大厦（一期）F栋,座号,--,合同号,--,拟售价格,79112元/平方米(按建筑面积计)楼层,3,房号,0306,用途,商业性办公,,建筑面积283.02平方米,户内面积,199.6平方米,分摊面积,83.42平方米,户内面积,--平方米,分摊面积--平方米,建筑面积,--平方米
项目楼栋情况,海府生态大厦（一期）F栋,座号,--,合同号,--,拟售价格,79448元/平方米(按建筑面积计)楼层,3,房号,0307,用途,商业性办公,,建筑面积38.1平方米,户内面积,26.87平方米,分摊面积,11.23平方米,户内面积,--平方米,分摊面积--平方米,建筑面积,--平方米
项目楼栋情况,海府生态大厦（一期）F栋,座号,--,合同号,--,拟售价格,75885元/平方米(按建筑面积计)楼层,2,房号,0202,用途,商业性办公,,建筑面积129.61平方米,户内面积,88.03平方米,分摊面积,41.58平方米,户内面积,--平方米,分摊面积--平方米,建筑面积,--平方米
项目楼栋情况,海府生态大厦（一期）F栋,座号,--,合同号,--,拟售价格,79795元/平方米(按建筑面积计)楼层,2,房号,0203,用途,商业性办公,,建筑面积307.44平方米,户内面积,208.8平方米,分摊面积,98.64平方米,户内面积,--平方米,分摊面积--平方米,建筑面积,--平方米
项目楼栋情况,海府生态大厦（一期）F栋,座号,--,合同号,--,拟售价格,246359元/平方米(按建筑面积计)楼层,1,房号,0102,用途,商业,,建筑面积48.56平方米,户内面积,43.95平方米,分摊面积,4.61平方米,户内面积,--平方米,分摊面积--平方米,建筑面积,--平方米
项目楼栋情况,海府生态大厦（一期）F栋,座号,--,合同号,--,拟售价格,241476元/平方米(按建筑面积计)楼层,1,房号,0103,用途,商业,,建筑面积51.18平方米,户内面积,46.32平方米,分摊面积,4.86平方米,户内面积,--平方米,分摊面积--平方米,建筑面积,--平方米
项目楼栋情况,海府生态大厦（一期）F栋,座号,--,合同号,--,拟售价格,309844元/平方米(按建筑面积计)楼层,1,房号,0104,用途,商业,,建筑面积40.38平方米,户内面积,36.54平方米,分摊面积,3.84平方米,户内面积,--平方米,分摊面积--平方米,建筑面积,--平方米
项目楼栋情况,海府生态大厦（一期）F栋,座号,--,合同号,--,拟售价格,311472元/平方米(按建筑面积计)楼层,1,房号,0105,用途,商业,,建筑面积56.67平方米,户内面积,51.29平方米,分摊面积,5.38平方米,户内面积,--平方米,分摊面积--平方米,建筑面积,--平方米
项目楼栋情况,海府生态大厦（一期）F栋,座号,--,合同号,--,拟售价格,311472元/平方米(按建筑面积计)楼层,1,房号,0106,用途,商业,,建筑面积56.67平方米,户内面积,51.29平方米,分摊面积,5.38平方米,户内面积,--平方米,分摊面积--平方米,建筑面积,--平方米
项目楼栋情况,海府生态大厦（一期）F栋,座号,--,合同号,--,拟售价格,309844元/平方米(按建筑面积计)楼层,1,房号,0107,用途,商业,,建筑面积40.38平方米,户内面积,36.54平方米,分摊面积,3.84平方米,户内面积,--平方米,分摊面积--平方米,建筑面积,--平方米
项目楼栋情况,海府生态大厦（一期）F栋,座号,--,合同号,--,拟售价格,236592元/平方米(按建筑面积计)楼层,1,房号,0108,用途,商业,,建筑面积47.62平方米,户内面积,43.1平方米,分摊面积,4.52平方米,户内面积,--平方米,分摊面积--平方米,建筑面积,--平方米
项目楼栋情况,海府生态大厦（一期）F栋,座号,--,合同号,--,拟售价格,277288元/平方米(按建筑面积计)楼层,1,房号,0109,用途,商业,,建筑面积53.9平方米,户内面积,48.78平方米,分摊面积,5.12平方米,户内面积,--平方米,分摊面积--平方米,建筑面积,--平方米
项目楼栋情况,海府生态大厦（一期）F栋,座号,--,合同号,--,拟售价格,251243元/平方米(按建筑面积计)楼层,1,房号,0110,用途,商业,,建筑面积68.15平方米,户内面积,61.67平方米,分摊面积,6.48平方米,户内面积,--平方米,分摊面积--平方米,建筑面积,--平方米
项目楼栋情况,海府生态大厦（一期）G栋,座号,1,合同号,--,拟售价格,--元/平方米(按建筑面积计)楼层,12,房号,1201,用途,商业性办公,,建筑面积240.06平方米,户内面积,161.86平方米,分摊面积,78.2平方米,户内面积,--平方米,分摊面积--平方米,建筑面积,--平方米
项目楼栋情况,海府生态大厦（一期）G栋,座号,1,合同号,--,拟售价格,--元/平方米(按建筑面积计)楼层,12,房号,1202,用途,商业性办公,,建筑面积227.81平方米,户内面积,153.6平方米,分摊面积,74.21平方米,户内面积,--平方米,分摊面积--平方米,建筑面积,--平方米
项目楼栋情况,海府生态大厦（一期）G栋,座号,1,合同号,--,拟售价格,--元/平方米(按建筑面积计)楼层,12,房号,1203,用途,商业性办公,,建筑面积226.71平方米,户内面积,153.04平方米,分摊面积,73.67平方米,户内面积,--平方米,分摊面积--平方米,建筑面积,--平方米
项目楼栋情况,海府生态大厦（一期）G栋,座号,1,合同号,--,拟售价格,--元/平方米(按建筑面积计)楼层,12,房号,1204,用途,商业性办公,,建筑面积246.42平方米,户内面积,166.35平方米,分摊面积,80.07平方米,户内面积,--平方米,分摊面积--平方米,建筑面积,--平方米
项目楼栋情况,海府生态大厦（一期）G栋,座号,1,合同号,--,拟售价格,--元/平方米(按建筑面积计)楼层,11,房号,1101,用途,商业性办公,,建筑面积240.06平方米,户内面积,161.86平方米,分摊面积,78.2平方米,户内面积,--平方米,分摊面积--平方米,建筑面积,--平方米
项目楼栋情况,海府生态大厦（一期）G栋,座号,1,合同号,--,拟售价格,--元/平方米(按建筑面积计)楼层,11,房号,1102,用途,商业性办公,,建筑面积227.81平方米,户内面积,153.6平方米,分摊面积,74.21平方米,户内面积,--平方米,分摊面积--平方米,建筑面积,--平方米
项目楼栋情况,海府生态大厦（一期）G栋,座号,1,合同号,--,拟售价格,--元/平方米(按建筑面积计)楼层,11,房号,1103,用途,商业性办公,,建筑面积226.59平方米,户内面积,153.04平方米,分摊面积,73.55平方米,户内面积,--平方米,分摊面积--平方米,建筑面积,--平方米
项目楼栋情况,海府生态大厦（一期）G栋,座号,1,合同号,--,拟售价格,--元/平方米(按建筑面积计)楼层,11,房号,1104,用途,商业性办公,,建筑面积252.55平方米,户内面积,170.58平方米,分摊面积,81.97平方米,户内面积,--平方米,分摊面积--平方米,建筑面积,--平方米
项目楼栋情况,海府生态大厦（一期）G栋,座号,1,合同号,--,拟售价格,--元/平方米(按建筑面积计)楼层,10,房号,1001,用途,商业性办公,,建筑面积268.74平方米,户内面积,182.03平方米,分摊面积,86.71平方米,户内面积,--平方米,分摊面积--平方米,建筑面积,--平方米
项目楼栋情况,海府生态大厦（一期）G栋,座号,1,合同号,--,拟售价格,--元/平方米(按建筑面积计)楼层,10,房号,1002,用途,商业性办公,,建筑面积255.11平方米,户内面积,172.8平方米,分摊面积,82.31平方米,户内面积,--平方米,分摊面积--平方米,建筑面积,--平方米
项目楼栋情况,海府生态大厦（一期）G栋,座号,1,合同号,--,拟售价格,--元/平方米(按建筑面积计)楼层,10,房号,1003,用途,商业性办公,,建筑面积254.01平方米,户内面积,172.24平方米,分摊面积,81.77平方米,户内面积,--平方米,分摊面积--平方米,建筑面积,--平方米
项目楼栋情况,海府生态大厦（一期）G栋,座号,1,合同号,--,拟售价格,--元/平方米(按建筑面积计)楼层,10,房号,1004,用途,商业性办公,,建筑面积275.07平方米,户内面积,186.52平方米,分摊面积,88.55平方米,户内面积,--平方米,分摊面积--平方米,建筑面积,--平方米
项目楼栋情况,海府生态大厦（一期）G栋,座号,1,合同号,--,拟售价格,--元/平方米(按建筑面积计)楼层,9,房号,0901,用途,商业性办公,,建筑面积249.6平方米,户内面积,168.59平方米,分摊面积,81.01平方米,户内面积,--平方米,分摊面积--平方米,建筑面积,--平方米
项目楼栋情况,海府生态大厦（一期）G栋,座号,1,合同号,--,拟售价格,--元/平方米(按建筑面积计)楼层,9,房号,0902,用途,商业性办公,,建筑面积238.44平方米,户内面积,161.06平方米,分摊面积,77.38平方米,户内面积,--平方米,分摊面积--平方米,建筑面积,--平方米
项目楼栋情况,海府生态大厦（一期）G栋,座号,1,合同号,--,拟售价格,--元/平方米(按建筑面积计)楼层,9,房号,0903,用途,商业性办公,,建筑面积237.34平方米,户内面积,160.5平方米,分摊面积,76.84平方米,户内面积,--平方米,分摊面积--平方米,建筑面积,--平方米
项目楼栋情况,海府生态大厦（一期）G栋,座号,1,合同号,--,拟售价格,--元/平方米(按建筑面积计)楼层,9,房号,0904,用途,商业性办公,,建筑面积255.96平方米,户内面积,173.08平方米,分摊面积,82.88平方米,户内面积,--平方米,分摊面积--平方米,建筑面积,--平方米
项目楼栋情况,海府生态大厦（一期）G栋,座号,1,合同号,--,拟售价格,--元/平方米(按建筑面积计)楼层,8,房号,0801,用途,商业性办公,,建筑面积280.97平方米,户内面积,190.8平方米,分摊面积,90.17平方米,户内面积,--平方米,分摊面积--平方米,建筑面积,--平方米
项目楼栋情况,海府生态大厦（一期）G栋,座号,1,合同号,--,拟售价格,--元/平方米(按建筑面积计)楼层,8,房号,0802,用途,商业性办公,,建筑面积279.36平方米,户内面积,189.7平方米,分摊面积,89.66平方米,户内面积,--平方米,分摊面积--平方米,建筑面积,--平方米
项目楼栋情况,海府生态大厦（一期）G栋,座号,1,合同号,--,拟售价格,--元/平方米(按建筑面积计)楼层,8,房号,0803,用途,商业性办公,,建筑面积278.36平方米,户内面积,189.14平方米,分摊面积,89.22平方米,户内面积,--平方米,分摊面积--平方米,建筑面积,--平方米
项目楼栋情况,海府生态大厦（一期）G栋,座号,1,合同号,深(宝)网预买字(2019)31191号,拟售价格,--元/平方米(按建筑面积计)楼层,8,房号,0804,用途,商业性办公,,建筑面积280.8平方米,户内面积,190.8平方米,分摊面积,90平方米,户内面积,--平方米,分摊面积--平方米,建筑面积,--平方米
项目楼栋情况,海府生态大厦（一期）G栋,座号,1,合同号,--,拟售价格,--元/平方米(按建筑面积计)楼层,7,房号,0701,用途,商业性办公,,建筑面积268.31平方米,户内面积,181.81平方米,分摊面积,86.5平方米,户内面积,--平方米,分摊面积--平方米,建筑面积,--平方米
项目楼栋情况,海府生态大厦（一期）G栋,座号,1,合同号,深(宝)网预买字(2019)31190号,拟售价格,--元/平方米(按建筑面积计)楼层,7,房号,0702,用途,商业性办公,,建筑面积260.6平方米,户内面积,176.59平方米,分摊面积,84.01平方米,户内面积,--平方米,分摊面积--平方米,建筑面积,--平方米
项目楼栋情况,海府生态大厦（一期）G栋,座号,1,合同号,--,拟售价格,--元/平方米(按建筑面积计)楼层,7,房号,0703,用途,商业性办公,,建筑面积259.57平方米,户内面积,176平方米,分摊面积,83.57平方米,户内面积,--平方米,分摊面积--平方米,建筑面积,--平方米
项目楼栋情况,海府生态大厦（一期）G栋,座号,1,合同号,--,拟售价格,--元/平方米(按建筑面积计)楼层,7,房号,0704,用途,商业性办公,,建筑面积268.15平方米,户内面积,181.81平方米,分摊面积,86.34平方米,户内面积,--平方米,分摊面积--平方米,建筑面积,--平方米
项目楼栋情况,海府生态大厦（一期）G栋,座号,1,合同号,--,拟售价格,--元/平方米(按建筑面积计)楼层,6,房号,0601,用途,商业性办公,,建筑面积253.97平方米,户内面积,171.7平方米,分摊面积,82.27平方米,户内面积,--平方米,分摊面积--平方米,建筑面积,--平方米
项目楼栋情况,海府生态大厦（一期）G栋,座号,1,合同号,深(宝)网预买字(2019)31187号,拟售价格,--元/平方米(按建筑面积计)楼层,6,房号,0602,用途,商业性办公,,建筑面积244.9平方米,户内面积,165.56平方米,分摊面积,79.34平方米,户内面积,--平方米,分摊面积--平方米,建筑面积,--平方米
项目楼栋情况,海府生态大厦（一期）G栋,座号,1,合同号,--,拟售价格,--元/平方米(按建筑面积计)楼层,6,房号,0603,用途,商业性办公,,建筑面积243.83平方米,户内面积,164.94平方米,分摊面积,78.89平方米,户内面积,--平方米,分摊面积--平方米,建筑面积,--平方米
项目楼栋情况,海府生态大厦（一期）G栋,座号,1,合同号,--,拟售价格,--元/平方米(按建筑面积计)楼层,6,房号,0604,用途,商业性办公,,建筑面积253.82平方米,户内面积,171.7平方米,分摊面积,82.12平方米,户内面积,--平方米,分摊面积--平方米,建筑面积,--平方米
项目楼栋情况,海府生态大厦（一期）G栋,座号,1,合同号,--,拟售价格,--元/平方米(按建筑面积计)楼层,5,房号,0501,用途,商业性办公,,建筑面积240.83平方米,户内面积,162.39平方米,分摊面积,78.44平方米,户内面积,--平方米,分摊面积--平方米,建筑面积,--平方米
项目楼栋情况,海府生态大厦（一期）G栋,座号,1,合同号,--,拟售价格,--元/平方米(按建筑面积计)楼层,5,房号,0502,用途,商业性办公,,建筑面积227.61平方米,户内面积,153.48平方米,分摊面积,74.13平方米,户内面积,--平方米,分摊面积--平方米,建筑面积,--平方米
项目楼栋情况,海府生态大厦（一期）G栋,座号,1,合同号,深(宝)网预买字(2019)28732号,拟售价格,--元/平方米(按建筑面积计)楼层,5,房号,0503,用途,商业性办公,,建筑面积226.55平方米,户内面积,152.84平方米,分摊面积,73.71平方米,户内面积,--平方米,分摊面积--平方米,建筑面积,--平方米
项目楼栋情况,海府生态大厦（一期）G栋,座号,1,合同号,--,拟售价格,--元/平方米(按建筑面积计)楼层,5,房号,0504,用途,商业性办公,,建筑面积240.69平方米,户内面积,162.39平方米,分摊面积,78.3平方米,户内面积,--平方米,分摊面积--平方米,建筑面积,--平方米
项目楼栋情况,海府生态大厦（一期）G栋,座号,1,合同号,--,拟售价格,--元/平方米(按建筑面积计)楼层,4,房号,0401,用途,商业性办公,,建筑面积273.75平方米,户内面积,185.64平方米,分摊面积,88.11平方米,户内面积,--平方米,分摊面积--平方米,建筑面积,--平方米
项目楼栋情况,海府生态大厦（一期）G栋,座号,1,合同号,--,拟售价格,--元/平方米(按建筑面积计)楼层,4,房号,0402,用途,商业性办公,,建筑面积265.81平方米,户内面积,180.26平方米,分摊面积,85.55平方米,户内面积,--平方米,分摊面积--平方米,建筑面积,--平方米
项目楼栋情况,海府生态大厦（一期）G栋,座号,1,合同号,--,拟售价格,--元/平方米(按建筑面积计)楼层,4,房号,0403,用途,商业性办公,,建筑面积264.73平方米,户内面积,179.63平方米,分摊面积,85.1平方米,户内面积,--平方米,分摊面积--平方米,建筑面积,--平方米
项目楼栋情况,海府生态大厦（一期）G栋,座号,1,合同号,--,拟售价格,--元/平方米(按建筑面积计)楼层,4,房号,0404,用途,商业性办公,,建筑面积273.58平方米,户内面积,185.64平方米,分摊面积,87.94平方米,户内面积,--平方米,分摊面积--平方米,建筑面积,--平方米
项目楼栋情况,海府生态大厦（一期）G栋,座号,1,合同号,--,拟售价格,--元/平方米(按建筑面积计)楼层,3,房号,0301,用途,商业性办公,,建筑面积226.09平方米,户内面积,151.98平方米,分摊面积,74.11平方米,户内面积,--平方米,分摊面积--平方米,建筑面积,--平方米
项目楼栋情况,海府生态大厦（一期）G栋,座号,1,合同号,--,拟售价格,--元/平方米(按建筑面积计)楼层,3,房号,0302,用途,商业性办公,,建筑面积211.7平方米,户内面积,142.32平方米,分摊面积,69.38平方米,户内面积,--平方米,分摊面积--平方米,建筑面积,--平方米
项目楼栋情况,海府生态大厦（一期）G栋,座号,1,合同号,--,拟售价格,--元/平方米(按建筑面积计)楼层,3,房号,0303,用途,商业性办公,,建筑面积210.64平方米,户内面积,141.68平方米,分摊面积,68.96平方米,户内面积,--平方米,分摊面积--平方米,建筑面积,--平方米
项目楼栋情况,海府生态大厦（一期）G栋,座号,1,合同号,--,拟售价格,--元/平方米(按建筑面积计)楼层,3,房号,0304,用途,商业性办公,,建筑面积225.96平方米,户内面积,151.99平方米,分摊面积,73.97平方米,户内面积,--平方米,分摊面积--平方米,建筑面积,--平方米
项目楼栋情况,海府生态大厦（一期）G栋,座号,1,合同号,--,拟售价格,--元/平方米(按建筑面积计)楼层,1,房号,0101,用途,商业,,建筑面积40.09平方米,户内面积,38.47平方米,分摊面积,1.62平方米,户内面积,--平方米,分摊面积--平方米,建筑面积,--平方米
项目楼栋情况,海府生态大厦（一期）G栋,座号,1,合同号,--,拟售价格,--元/平方米(按建筑面积计)楼层,1,房号,0102,用途,商业,,建筑面积44.12平方米,户内面积,42.34平方米,分摊面积,1.78平方米,户内面积,--平方米,分摊面积--平方米,建筑面积,--平方米
项目楼栋情况,海府生态大厦（一期）G栋,座号,1,合同号,--,拟售价格,--元/平方米(按建筑面积计)楼层,1,房号,0103,用途,商业,,建筑面积69.5平方米,户内面积,66.7平方米,分摊面积,2.8平方米,户内面积,--平方米,分摊面积--平方米,建筑面积,--平方米
项目楼栋情况,海府生态大厦（一期）G栋,座号,1,合同号,--,拟售价格,--元/平方米(按建筑面积计)楼层,1,房号,0104,用途,商业,,建筑面积37.4平方米,户内面积,35.89平方米,分摊面积,1.51平方米,户内面积,--平方米,分摊面积--平方米,建筑面积,--平方米
项目楼栋情况,海府生态大厦（一期）G栋,座号,1,合同号,--,拟售价格,--元/平方米(按建筑面积计)楼层,1,房号,0105,用途,商业,,建筑面积32.84平方米,户内面积,31.51平方米,分摊面积,1.33平方米,户内面积,--平方米,分摊面积--平方米,建筑面积,--平方米
项目楼栋情况,海府生态大厦（一期）G栋,座号,1,合同号,--,拟售价格,--元/平方米(按建筑面积计)楼层,1,房号,0106,用途,商业,,建筑面积47.37平方米,户内面积,45.46平方米,分摊面积,1.91平方米,户内面积,--平方米,分摊面积--平方米,建筑面积,--平方米
项目楼栋情况,海府生态大厦（一期）G栋,座号,1,合同号,--,拟售价格,--元/平方米(按建筑面积计)楼层,1,房号,0107,用途,商业,,建筑面积46.42平方米,户内面积,44.55平方米,分摊面积,1.87平方米,户内面积,--平方米,分摊面积--平方米,建筑面积,--平方米
项目楼栋情况,海府生态大厦（一期）G栋,座号,1,合同号,--,拟售价格,--元/平方米(按建筑面积计)楼层,1,房号,0108,用途,商业,,建筑面积46.42平方米,户内面积,44.55平方米,分摊面积,1.87平方米,户内面积,--平方米,分摊面积--平方米,建筑面积,--平方米
项目楼栋情况,海府生态大厦（一期）G栋,座号,1,合同号,--,拟售价格,--元/平方米(按建筑面积计)楼层,1,房号,0109,用途,商业,,建筑面积46.42平方米,户内面积,44.55平方米,分摊面积,1.87平方米,户内面积,--平方米,分摊面积--平方米,建筑面积,--平方米
项目楼栋情况,海府生态大厦（一期）G栋,座号,1,合同号,--,拟售价格,--元/平方米(按建筑面积计)楼层,1,房号,0110,用途,商业,,建筑面积48.14平方米,户内面积,46.2平方米,分摊面积,1.94平方米,户内面积,--平方米,分摊面积--平方米,建筑面积,--平方米
项目楼栋情况,海府生态大厦（一期）G栋,座号,1,合同号,--,拟售价格,--元/平方米(按建筑面积计)楼层,1,房号,0111,用途,商业,,建筑面积48.14平方米,户内面积,46.2平方米,分摊面积,1.94平方米,户内面积,--平方米,分摊面积--平方米,建筑面积,--平方米
项目楼栋情况,海府生态大厦（一期）G栋,座号,1,合同号,--,拟售价格,--元/平方米(按建筑面积计)楼层,1,房号,0112,用途,商业,,建筑面积46.42平方米,户内面积,44.55平方米,分摊面积,1.87平方米,户内面积,--平方米,分摊面积--平方米,建筑面积,--平方米
项目楼栋情况,海府生态大厦（一期）G栋,座号,1,合同号,--,拟售价格,--元/平方米(按建筑面积计)楼层,1,房号,0113,用途,商业,,建筑面积46.42平方米,户内面积,44.55平方米,分摊面积,1.87平方米,户内面积,--平方米,分摊面积--平方米,建筑面积,--平方米
项目楼栋情况,海府生态大厦（一期）G栋,座号,1,合同号,--,拟售价格,--元/平方米(按建筑面积计)楼层,1,房号,0114,用途,商业,,建筑面积46.42平方米,户内面积,44.55平方米,分摊面积,1.87平方米,户内面积,--平方米,分摊面积--平方米,建筑面积,--平方米
项目楼栋情况,海府生态大厦（一期）G栋,座号,1,合同号,--,拟售价格,--元/平方米(按建筑面积计)楼层,1,房号,0115,用途,商业,,建筑面积47.37平方米,户内面积,45.46平方米,分摊面积,1.91平方米,户内面积,--平方米,分摊面积--平方米,建筑面积,--平方米
项目楼栋情况,海府生态大厦（一期）G栋,座号,1,合同号,--,拟售价格,--元/平方米(按建筑面积计)楼层,1,房号,0116,用途,商业,,建筑面积32.88平方米,户内面积,31.55平方米,分摊面积,1.33平方米,户内面积,--平方米,分摊面积--平方米,建筑面积,--平方米
项目楼栋情况,海府生态大厦（一期）G栋,座号,1,合同号,--,拟售价格,--元/平方米(按建筑面积计)楼层,1,房号,0117,用途,商业,,建筑面积37.37平方米,户内面积,35.86平方米,分摊面积,1.51平方米,户内面积,--平方米,分摊面积--平方米,建筑面积,--平方米
项目楼栋情况,海府生态大厦（一期）G栋,座号,1,合同号,--,拟售价格,--元/平方米(按建筑面积计)楼层,1,房号,0118,用途,商业,,建筑面积69.5平方米,户内面积,66.69平方米,分摊面积,2.81平方米,户内面积,--平方米,分摊面积--平方米,建筑面积,--平方米
项目楼栋情况,海府生态大厦（一期）G栋,座号,1,合同号,--,拟售价格,--元/平方米(按建筑面积计)楼层,1,房号,0119,用途,商业,,建筑面积39.92平方米,户内面积,38.31平方米,分摊面积,1.61平方米,户内面积,--平方米,分摊面积--平方米,建筑面积,--平方米
项目楼栋情况,海府生态大厦（一期）G栋,座号,1,合同号,--,拟售价格,--元/平方米(按建筑面积计)楼层,1,房号,0120,用途,商业,,建筑面积43.13平方米,户内面积,41.39平方米,分摊面积,1.74平方米,户内面积,--平方米,分摊面积--平方米,建筑面积,--平方米
项目楼栋情况,海府生态大厦（一期）G栋,座号,1,合同号,--,拟售价格,--元/平方米(按建筑面积计)楼层,1,房号,0121,用途,商业,,建筑面积75.12平方米,户内面积,72.09平方米,分摊面积,3.03平方米,户内面积,--平方米,分摊面积--平方米,建筑面积,--平方米
项目楼栋情况,海府生态大厦（一期）G栋,座号,1,合同号,--,拟售价格,--元/平方米(按建筑面积计)楼层,1,房号,0122,用途,商业,,建筑面积72.32平方米,户内面积,69.4平方米,分摊面积,2.92平方米,户内面积,--平方米,分摊面积--平方米,建筑面积,--平方米
