项目楼栋情况,嘉信云峰公馆1栋,座号,C,合同号,--,拟售价格,48248元/平方米(按建筑面积计)楼层,45,房号,4501,用途,住宅,,建筑面积75.79平方米,户内面积,56.83平方米,分摊面积,18.96平方米,户内面积,--平方米,分摊面积--平方米,建筑面积,--平方米
项目楼栋情况,嘉信云峰公馆1栋,座号,C,合同号,--,拟售价格,46591元/平方米(按建筑面积计)楼层,45,房号,4502,用途,住宅,,建筑面积75.89平方米,户内面积,56.91平方米,分摊面积,18.98平方米,户内面积,--平方米,分摊面积--平方米,建筑面积,--平方米
项目楼栋情况,嘉信云峰公馆1栋,座号,C,合同号,--,拟售价格,48397.99元/平方米(按建筑面积计)楼层,44,房号,4401,用途,住宅,,建筑面积75.79平方米,户内面积,56.83平方米,分摊面积,18.96平方米,户内面积,--平方米,分摊面积--平方米,建筑面积,--平方米
项目楼栋情况,嘉信云峰公馆1栋,座号,C,合同号,--,拟售价格,46740.99元/平方米(按建筑面积计)楼层,44,房号,4402,用途,住宅,,建筑面积75.89平方米,户内面积,56.91平方米,分摊面积,18.98平方米,户内面积,--平方米,分摊面积--平方米,建筑面积,--平方米
项目楼栋情况,嘉信云峰公馆1栋,座号,C,合同号,--,拟售价格,46722元/平方米(按建筑面积计)楼层,44,房号,4403,用途,住宅,,建筑面积90.63平方米,户内面积,67.97平方米,分摊面积,22.66平方米,户内面积,--平方米,分摊面积--平方米,建筑面积,--平方米
项目楼栋情况,嘉信云峰公馆1栋,座号,C,合同号,--,拟售价格,49191元/平方米(按建筑面积计)楼层,44,房号,4404,用途,住宅,,建筑面积97.13平方米,户内面积,72.84平方米,分摊面积,24.29平方米,户内面积,--平方米,分摊面积--平方米,建筑面积,--平方米
项目楼栋情况,嘉信云峰公馆1栋,座号,C,合同号,--,拟售价格,49380元/平方米(按建筑面积计)楼层,44,房号,4405,用途,住宅,,建筑面积115.68平方米,户内面积,86.76平方米,分摊面积,28.92平方米,户内面积,--平方米,分摊面积--平方米,建筑面积,--平方米
项目楼栋情况,嘉信云峰公馆1栋,座号,C,合同号,--,拟售价格,48397.99元/平方米(按建筑面积计)楼层,43,房号,4301,用途,住宅,,建筑面积75.79平方米,户内面积,56.83平方米,分摊面积,18.96平方米,户内面积,--平方米,分摊面积--平方米,建筑面积,--平方米
项目楼栋情况,嘉信云峰公馆1栋,座号,C,合同号,--,拟售价格,46740.99元/平方米(按建筑面积计)楼层,43,房号,4302,用途,住宅,,建筑面积75.89平方米,户内面积,56.91平方米,分摊面积,18.98平方米,户内面积,--平方米,分摊面积--平方米,建筑面积,--平方米
项目楼栋情况,嘉信云峰公馆1栋,座号,C,合同号,--,拟售价格,46722元/平方米(按建筑面积计)楼层,43,房号,4303,用途,住宅,,建筑面积90.63平方米,户内面积,67.97平方米,分摊面积,22.66平方米,户内面积,--平方米,分摊面积--平方米,建筑面积,--平方米
项目楼栋情况,嘉信云峰公馆1栋,座号,C,合同号,--,拟售价格,49191元/平方米(按建筑面积计)楼层,43,房号,4304,用途,住宅,,建筑面积97.13平方米,户内面积,72.84平方米,分摊面积,24.29平方米,户内面积,--平方米,分摊面积--平方米,建筑面积,--平方米
项目楼栋情况,嘉信云峰公馆1栋,座号,C,合同号,--,拟售价格,49380元/平方米(按建筑面积计)楼层,43,房号,4305,用途,住宅,,建筑面积115.68平方米,户内面积,86.76平方米,分摊面积,28.92平方米,户内面积,--平方米,分摊面积--平方米,建筑面积,--平方米
项目楼栋情况,嘉信云峰公馆1栋,座号,C,合同号,--,拟售价格,48397.99元/平方米(按建筑面积计)楼层,42,房号,4201,用途,住宅,,建筑面积75.79平方米,户内面积,56.83平方米,分摊面积,18.96平方米,户内面积,--平方米,分摊面积--平方米,建筑面积,--平方米
项目楼栋情况,嘉信云峰公馆1栋,座号,C,合同号,--,拟售价格,46740.99元/平方米(按建筑面积计)楼层,42,房号,4202,用途,住宅,,建筑面积75.89平方米,户内面积,56.91平方米,分摊面积,18.98平方米,户内面积,--平方米,分摊面积--平方米,建筑面积,--平方米
项目楼栋情况,嘉信云峰公馆1栋,座号,C,合同号,--,拟售价格,46722元/平方米(按建筑面积计)楼层,42,房号,4203,用途,住宅,,建筑面积90.63平方米,户内面积,67.97平方米,分摊面积,22.66平方米,户内面积,--平方米,分摊面积--平方米,建筑面积,--平方米
项目楼栋情况,嘉信云峰公馆1栋,座号,C,合同号,--,拟售价格,49191元/平方米(按建筑面积计)楼层,42,房号,4204,用途,住宅,,建筑面积97.13平方米,户内面积,72.84平方米,分摊面积,24.29平方米,户内面积,--平方米,分摊面积--平方米,建筑面积,--平方米
项目楼栋情况,嘉信云峰公馆1栋,座号,C,合同号,--,拟售价格,49380元/平方米(按建筑面积计)楼层,42,房号,4205,用途,住宅,,建筑面积115.68平方米,户内面积,86.76平方米,分摊面积,28.92平方米,户内面积,--平方米,分摊面积--平方米,建筑面积,--平方米
项目楼栋情况,嘉信云峰公馆1栋,座号,C,合同号,--,拟售价格,48397.99元/平方米(按建筑面积计)楼层,41,房号,4101,用途,住宅,,建筑面积75.79平方米,户内面积,56.83平方米,分摊面积,18.96平方米,户内面积,--平方米,分摊面积--平方米,建筑面积,--平方米
项目楼栋情况,嘉信云峰公馆1栋,座号,C,合同号,--,拟售价格,46740.99元/平方米(按建筑面积计)楼层,41,房号,4102,用途,住宅,,建筑面积75.89平方米,户内面积,56.91平方米,分摊面积,18.98平方米,户内面积,--平方米,分摊面积--平方米,建筑面积,--平方米
项目楼栋情况,嘉信云峰公馆1栋,座号,C,合同号,--,拟售价格,46722元/平方米(按建筑面积计)楼层,41,房号,4103,用途,住宅,,建筑面积90.63平方米,户内面积,67.97平方米,分摊面积,22.66平方米,户内面积,--平方米,分摊面积--平方米,建筑面积,--平方米
项目楼栋情况,嘉信云峰公馆1栋,座号,C,合同号,--,拟售价格,49191元/平方米(按建筑面积计)楼层,41,房号,4104,用途,住宅,,建筑面积97.13平方米,户内面积,72.84平方米,分摊面积,24.29平方米,户内面积,--平方米,分摊面积--平方米,建筑面积,--平方米
项目楼栋情况,嘉信云峰公馆1栋,座号,C,合同号,--,拟售价格,49380元/平方米(按建筑面积计)楼层,41,房号,4105,用途,住宅,,建筑面积115.68平方米,户内面积,86.76平方米,分摊面积,28.92平方米,户内面积,--平方米,分摊面积--平方米,建筑面积,--平方米
项目楼栋情况,嘉信云峰公馆1栋,座号,C,合同号,--,拟售价格,48397.99元/平方米(按建筑面积计)楼层,40,房号,4001,用途,住宅,,建筑面积75.79平方米,户内面积,56.83平方米,分摊面积,18.96平方米,户内面积,--平方米,分摊面积--平方米,建筑面积,--平方米
项目楼栋情况,嘉信云峰公馆1栋,座号,C,合同号,--,拟售价格,46740.99元/平方米(按建筑面积计)楼层,40,房号,4002,用途,住宅,,建筑面积75.89平方米,户内面积,56.91平方米,分摊面积,18.98平方米,户内面积,--平方米,分摊面积--平方米,建筑面积,--平方米
项目楼栋情况,嘉信云峰公馆1栋,座号,C,合同号,--,拟售价格,46722元/平方米(按建筑面积计)楼层,40,房号,4003,用途,住宅,,建筑面积90.63平方米,户内面积,67.97平方米,分摊面积,22.66平方米,户内面积,--平方米,分摊面积--平方米,建筑面积,--平方米
项目楼栋情况,嘉信云峰公馆1栋,座号,C,合同号,--,拟售价格,49191元/平方米(按建筑面积计)楼层,40,房号,4004,用途,住宅,,建筑面积97.13平方米,户内面积,72.84平方米,分摊面积,24.29平方米,户内面积,--平方米,分摊面积--平方米,建筑面积,--平方米
项目楼栋情况,嘉信云峰公馆1栋,座号,C,合同号,--,拟售价格,49380元/平方米(按建筑面积计)楼层,40,房号,4005,用途,住宅,,建筑面积115.68平方米,户内面积,86.76平方米,分摊面积,28.92平方米,户内面积,--平方米,分摊面积--平方米,建筑面积,--平方米
项目楼栋情况,嘉信云峰公馆1栋,座号,C,合同号,--,拟售价格,48368元/平方米(按建筑面积计)楼层,39,房号,3901,用途,住宅,,建筑面积75.79平方米,户内面积,56.83平方米,分摊面积,18.96平方米,户内面积,--平方米,分摊面积--平方米,建筑面积,--平方米
项目楼栋情况,嘉信云峰公馆1栋,座号,C,合同号,--,拟售价格,46711元/平方米(按建筑面积计)楼层,39,房号,3902,用途,住宅,,建筑面积75.89平方米,户内面积,56.91平方米,分摊面积,18.98平方米,户内面积,--平方米,分摊面积--平方米,建筑面积,--平方米
项目楼栋情况,嘉信云峰公馆1栋,座号,C,合同号,--,拟售价格,46692元/平方米(按建筑面积计)楼层,39,房号,3903,用途,住宅,,建筑面积90.63平方米,户内面积,67.97平方米,分摊面积,22.66平方米,户内面积,--平方米,分摊面积--平方米,建筑面积,--平方米
项目楼栋情况,嘉信云峰公馆1栋,座号,C,合同号,--,拟售价格,49141元/平方米(按建筑面积计)楼层,39,房号,3904,用途,住宅,,建筑面积97.13平方米,户内面积,72.84平方米,分摊面积,24.29平方米,户内面积,--平方米,分摊面积--平方米,建筑面积,--平方米
项目楼栋情况,嘉信云峰公馆1栋,座号,C,合同号,--,拟售价格,49330元/平方米(按建筑面积计)楼层,39,房号,3905,用途,住宅,,建筑面积115.68平方米,户内面积,86.76平方米,分摊面积,28.92平方米,户内面积,--平方米,分摊面积--平方米,建筑面积,--平方米
项目楼栋情况,嘉信云峰公馆1栋,座号,C,合同号,--,拟售价格,48338元/平方米(按建筑面积计)楼层,38,房号,3801,用途,住宅,,建筑面积75.79平方米,户内面积,56.83平方米,分摊面积,18.96平方米,户内面积,--平方米,分摊面积--平方米,建筑面积,--平方米
项目楼栋情况,嘉信云峰公馆1栋,座号,C,合同号,--,拟售价格,46681元/平方米(按建筑面积计)楼层,38,房号,3802,用途,住宅,,建筑面积75.89平方米,户内面积,56.91平方米,分摊面积,18.98平方米,户内面积,--平方米,分摊面积--平方米,建筑面积,--平方米
项目楼栋情况,嘉信云峰公馆1栋,座号,C,合同号,--,拟售价格,46662元/平方米(按建筑面积计)楼层,38,房号,3803,用途,住宅,,建筑面积90.63平方米,户内面积,67.97平方米,分摊面积,22.66平方米,户内面积,--平方米,分摊面积--平方米,建筑面积,--平方米
项目楼栋情况,嘉信云峰公馆1栋,座号,C,合同号,--,拟售价格,49091元/平方米(按建筑面积计)楼层,38,房号,3804,用途,住宅,,建筑面积97.13平方米,户内面积,72.84平方米,分摊面积,24.29平方米,户内面积,--平方米,分摊面积--平方米,建筑面积,--平方米
项目楼栋情况,嘉信云峰公馆1栋,座号,C,合同号,--,拟售价格,49280元/平方米(按建筑面积计)楼层,38,房号,3805,用途,住宅,,建筑面积115.68平方米,户内面积,86.76平方米,分摊面积,28.92平方米,户内面积,--平方米,分摊面积--平方米,建筑面积,--平方米
项目楼栋情况,嘉信云峰公馆1栋,座号,C,合同号,--,拟售价格,48308元/平方米(按建筑面积计)楼层,37,房号,3701,用途,住宅,,建筑面积75.79平方米,户内面积,56.83平方米,分摊面积,18.96平方米,户内面积,--平方米,分摊面积--平方米,建筑面积,--平方米
项目楼栋情况,嘉信云峰公馆1栋,座号,C,合同号,--,拟售价格,46650.99元/平方米(按建筑面积计)楼层,37,房号,3702,用途,住宅,,建筑面积75.89平方米,户内面积,56.91平方米,分摊面积,18.98平方米,户内面积,--平方米,分摊面积--平方米,建筑面积,--平方米
项目楼栋情况,嘉信云峰公馆1栋,座号,C,合同号,--,拟售价格,46632元/平方米(按建筑面积计)楼层,37,房号,3703,用途,住宅,,建筑面积90.63平方米,户内面积,67.97平方米,分摊面积,22.66平方米,户内面积,--平方米,分摊面积--平方米,建筑面积,--平方米
项目楼栋情况,嘉信云峰公馆1栋,座号,C,合同号,--,拟售价格,49041元/平方米(按建筑面积计)楼层,37,房号,3704,用途,住宅,,建筑面积97.13平方米,户内面积,72.84平方米,分摊面积,24.29平方米,户内面积,--平方米,分摊面积--平方米,建筑面积,--平方米
项目楼栋情况,嘉信云峰公馆1栋,座号,C,合同号,--,拟售价格,49230元/平方米(按建筑面积计)楼层,37,房号,3705,用途,住宅,,建筑面积115.68平方米,户内面积,86.76平方米,分摊面积,28.92平方米,户内面积,--平方米,分摊面积--平方米,建筑面积,--平方米
项目楼栋情况,嘉信云峰公馆1栋,座号,C,合同号,--,拟售价格,48278.01元/平方米(按建筑面积计)楼层,36,房号,3601,用途,住宅,,建筑面积75.79平方米,户内面积,56.83平方米,分摊面积,18.96平方米,户内面积,--平方米,分摊面积--平方米,建筑面积,--平方米
项目楼栋情况,嘉信云峰公馆1栋,座号,C,合同号,--,拟售价格,46621元/平方米(按建筑面积计)楼层,36,房号,3602,用途,住宅,,建筑面积75.89平方米,户内面积,56.91平方米,分摊面积,18.98平方米,户内面积,--平方米,分摊面积--平方米,建筑面积,--平方米
项目楼栋情况,嘉信云峰公馆1栋,座号,C,合同号,--,拟售价格,46602元/平方米(按建筑面积计)楼层,36,房号,3603,用途,住宅,,建筑面积90.63平方米,户内面积,67.97平方米,分摊面积,22.66平方米,户内面积,--平方米,分摊面积--平方米,建筑面积,--平方米
项目楼栋情况,嘉信云峰公馆1栋,座号,C,合同号,--,拟售价格,48991元/平方米(按建筑面积计)楼层,36,房号,3604,用途,住宅,,建筑面积97.13平方米,户内面积,72.84平方米,分摊面积,24.29平方米,户内面积,--平方米,分摊面积--平方米,建筑面积,--平方米
项目楼栋情况,嘉信云峰公馆1栋,座号,C,合同号,--,拟售价格,49180元/平方米(按建筑面积计)楼层,36,房号,3605,用途,住宅,,建筑面积115.68平方米,户内面积,86.76平方米,分摊面积,28.92平方米,户内面积,--平方米,分摊面积--平方米,建筑面积,--平方米
项目楼栋情况,嘉信云峰公馆1栋,座号,C,合同号,--,拟售价格,48248元/平方米(按建筑面积计)楼层,35,房号,3501,用途,住宅,,建筑面积75.79平方米,户内面积,56.83平方米,分摊面积,18.96平方米,户内面积,--平方米,分摊面积--平方米,建筑面积,--平方米
项目楼栋情况,嘉信云峰公馆1栋,座号,C,合同号,--,拟售价格,46591元/平方米(按建筑面积计)楼层,35,房号,3502,用途,住宅,,建筑面积75.89平方米,户内面积,56.91平方米,分摊面积,18.98平方米,户内面积,--平方米,分摊面积--平方米,建筑面积,--平方米
项目楼栋情况,嘉信云峰公馆1栋,座号,C,合同号,--,拟售价格,46572元/平方米(按建筑面积计)楼层,35,房号,3503,用途,住宅,,建筑面积90.63平方米,户内面积,67.97平方米,分摊面积,22.66平方米,户内面积,--平方米,分摊面积--平方米,建筑面积,--平方米
项目楼栋情况,嘉信云峰公馆1栋,座号,C,合同号,--,拟售价格,48941元/平方米(按建筑面积计)楼层,35,房号,3504,用途,住宅,,建筑面积97.13平方米,户内面积,72.84平方米,分摊面积,24.29平方米,户内面积,--平方米,分摊面积--平方米,建筑面积,--平方米
项目楼栋情况,嘉信云峰公馆1栋,座号,C,合同号,--,拟售价格,49130元/平方米(按建筑面积计)楼层,35,房号,3505,用途,住宅,,建筑面积115.68平方米,户内面积,86.76平方米,分摊面积,28.92平方米,户内面积,--平方米,分摊面积--平方米,建筑面积,--平方米
项目楼栋情况,嘉信云峰公馆1栋,座号,C,合同号,--,拟售价格,48218元/平方米(按建筑面积计)楼层,34,房号,3401,用途,住宅,,建筑面积75.79平方米,户内面积,56.83平方米,分摊面积,18.96平方米,户内面积,--平方米,分摊面积--平方米,建筑面积,--平方米
项目楼栋情况,嘉信云峰公馆1栋,座号,C,合同号,--,拟售价格,46561元/平方米(按建筑面积计)楼层,34,房号,3402,用途,住宅,,建筑面积75.89平方米,户内面积,56.91平方米,分摊面积,18.98平方米,户内面积,--平方米,分摊面积--平方米,建筑面积,--平方米
项目楼栋情况,嘉信云峰公馆1栋,座号,C,合同号,--,拟售价格,46541.99元/平方米(按建筑面积计)楼层,34,房号,3403,用途,住宅,,建筑面积90.63平方米,户内面积,67.97平方米,分摊面积,22.66平方米,户内面积,--平方米,分摊面积--平方米,建筑面积,--平方米
项目楼栋情况,嘉信云峰公馆1栋,座号,C,合同号,--,拟售价格,48891元/平方米(按建筑面积计)楼层,34,房号,3404,用途,住宅,,建筑面积97.13平方米,户内面积,72.84平方米,分摊面积,24.29平方米,户内面积,--平方米,分摊面积--平方米,建筑面积,--平方米
项目楼栋情况,嘉信云峰公馆1栋,座号,C,合同号,--,拟售价格,49080元/平方米(按建筑面积计)楼层,34,房号,3405,用途,住宅,,建筑面积115.68平方米,户内面积,86.76平方米,分摊面积,28.92平方米,户内面积,--平方米,分摊面积--平方米,建筑面积,--平方米
项目楼栋情况,嘉信云峰公馆1栋,座号,C,合同号,--,拟售价格,48188.01元/平方米(按建筑面积计)楼层,33,房号,3301,用途,住宅,,建筑面积75.79平方米,户内面积,56.83平方米,分摊面积,18.96平方米,户内面积,--平方米,分摊面积--平方米,建筑面积,--平方米
项目楼栋情况,嘉信云峰公馆1栋,座号,C,合同号,--,拟售价格,46531.01元/平方米(按建筑面积计)楼层,33,房号,3302,用途,住宅,,建筑面积75.89平方米,户内面积,56.91平方米,分摊面积,18.98平方米,户内面积,--平方米,分摊面积--平方米,建筑面积,--平方米
项目楼栋情况,嘉信云峰公馆1栋,座号,C,合同号,--,拟售价格,46512元/平方米(按建筑面积计)楼层,33,房号,3303,用途,住宅,,建筑面积90.63平方米,户内面积,67.97平方米,分摊面积,22.66平方米,户内面积,--平方米,分摊面积--平方米,建筑面积,--平方米
项目楼栋情况,嘉信云峰公馆1栋,座号,C,合同号,--,拟售价格,48841元/平方米(按建筑面积计)楼层,33,房号,3304,用途,住宅,,建筑面积97.13平方米,户内面积,72.84平方米,分摊面积,24.29平方米,户内面积,--平方米,分摊面积--平方米,建筑面积,--平方米
项目楼栋情况,嘉信云峰公馆1栋,座号,C,合同号,--,拟售价格,49030元/平方米(按建筑面积计)楼层,33,房号,3305,用途,住宅,,建筑面积115.68平方米,户内面积,86.76平方米,分摊面积,28.92平方米,户内面积,--平方米,分摊面积--平方米,建筑面积,--平方米
项目楼栋情况,嘉信云峰公馆1栋,座号,C,合同号,--,拟售价格,48128元/平方米(按建筑面积计)楼层,31,房号,3101,用途,住宅,,建筑面积75.79平方米,户内面积,56.83平方米,分摊面积,18.96平方米,户内面积,--平方米,分摊面积--平方米,建筑面积,--平方米
项目楼栋情况,嘉信云峰公馆1栋,座号,C,合同号,--,拟售价格,46471元/平方米(按建筑面积计)楼层,31,房号,3102,用途,住宅,,建筑面积75.89平方米,户内面积,56.91平方米,分摊面积,18.98平方米,户内面积,--平方米,分摊面积--平方米,建筑面积,--平方米
项目楼栋情况,嘉信云峰公馆1栋,座号,C,合同号,--,拟售价格,46452元/平方米(按建筑面积计)楼层,31,房号,3103,用途,住宅,,建筑面积90.63平方米,户内面积,67.97平方米,分摊面积,22.66平方米,户内面积,--平方米,分摊面积--平方米,建筑面积,--平方米
项目楼栋情况,嘉信云峰公馆1栋,座号,C,合同号,--,拟售价格,48741元/平方米(按建筑面积计)楼层,31,房号,3104,用途,住宅,,建筑面积97.13平方米,户内面积,72.84平方米,分摊面积,24.29平方米,户内面积,--平方米,分摊面积--平方米,建筑面积,--平方米
项目楼栋情况,嘉信云峰公馆1栋,座号,C,合同号,--,拟售价格,48930元/平方米(按建筑面积计)楼层,31,房号,3105,用途,住宅,,建筑面积115.68平方米,户内面积,86.76平方米,分摊面积,28.92平方米,户内面积,--平方米,分摊面积--平方米,建筑面积,--平方米
项目楼栋情况,嘉信云峰公馆1栋,座号,C,合同号,--,拟售价格,48097.99元/平方米(按建筑面积计)楼层,30,房号,3001,用途,住宅,,建筑面积75.79平方米,户内面积,56.83平方米,分摊面积,18.96平方米,户内面积,--平方米,分摊面积--平方米,建筑面积,--平方米
项目楼栋情况,嘉信云峰公馆1栋,座号,C,合同号,--,拟售价格,46440.99元/平方米(按建筑面积计)楼层,30,房号,3002,用途,住宅,,建筑面积75.89平方米,户内面积,56.91平方米,分摊面积,18.98平方米,户内面积,--平方米,分摊面积--平方米,建筑面积,--平方米
项目楼栋情况,嘉信云峰公馆1栋,座号,C,合同号,--,拟售价格,46422元/平方米(按建筑面积计)楼层,30,房号,3003,用途,住宅,,建筑面积90.63平方米,户内面积,67.97平方米,分摊面积,22.66平方米,户内面积,--平方米,分摊面积--平方米,建筑面积,--平方米
项目楼栋情况,嘉信云峰公馆1栋,座号,C,合同号,--,拟售价格,48611元/平方米(按建筑面积计)楼层,30,房号,3004,用途,住宅,,建筑面积97.13平方米,户内面积,72.84平方米,分摊面积,24.29平方米,户内面积,--平方米,分摊面积--平方米,建筑面积,--平方米
项目楼栋情况,嘉信云峰公馆1栋,座号,C,合同号,--,拟售价格,48790元/平方米(按建筑面积计)楼层,30,房号,3005,用途,住宅,,建筑面积115.68平方米,户内面积,86.76平方米,分摊面积,28.92平方米,户内面积,--平方米,分摊面积--平方米,建筑面积,--平方米
项目楼栋情况,嘉信云峰公馆1栋,座号,C,合同号,--,拟售价格,48068元/平方米(按建筑面积计)楼层,29,房号,2901,用途,住宅,,建筑面积75.79平方米,户内面积,56.83平方米,分摊面积,18.96平方米,户内面积,--平方米,分摊面积--平方米,建筑面积,--平方米
项目楼栋情况,嘉信云峰公馆1栋,座号,C,合同号,--,拟售价格,46411元/平方米(按建筑面积计)楼层,29,房号,2902,用途,住宅,,建筑面积75.89平方米,户内面积,56.91平方米,分摊面积,18.98平方米,户内面积,--平方米,分摊面积--平方米,建筑面积,--平方米
项目楼栋情况,嘉信云峰公馆1栋,座号,C,合同号,--,拟售价格,46392元/平方米(按建筑面积计)楼层,29,房号,2903,用途,住宅,,建筑面积90.63平方米,户内面积,67.97平方米,分摊面积,22.66平方米,户内面积,--平方米,分摊面积--平方米,建筑面积,--平方米
项目楼栋情况,嘉信云峰公馆1栋,座号,C,合同号,--,拟售价格,48561元/平方米(按建筑面积计)楼层,29,房号,2904,用途,住宅,,建筑面积97.13平方米,户内面积,72.84平方米,分摊面积,24.29平方米,户内面积,--平方米,分摊面积--平方米,建筑面积,--平方米
项目楼栋情况,嘉信云峰公馆1栋,座号,C,合同号,--,拟售价格,48740元/平方米(按建筑面积计)楼层,29,房号,2905,用途,住宅,,建筑面积115.68平方米,户内面积,86.76平方米,分摊面积,28.92平方米,户内面积,--平方米,分摊面积--平方米,建筑面积,--平方米
项目楼栋情况,嘉信云峰公馆1栋,座号,C,合同号,--,拟售价格,48038元/平方米(按建筑面积计)楼层,28,房号,2801,用途,住宅,,建筑面积75.79平方米,户内面积,56.83平方米,分摊面积,18.96平方米,户内面积,--平方米,分摊面积--平方米,建筑面积,--平方米
项目楼栋情况,嘉信云峰公馆1栋,座号,C,合同号,--,拟售价格,46381元/平方米(按建筑面积计)楼层,28,房号,2802,用途,住宅,,建筑面积75.89平方米,户内面积,56.91平方米,分摊面积,18.98平方米,户内面积,--平方米,分摊面积--平方米,建筑面积,--平方米
项目楼栋情况,嘉信云峰公馆1栋,座号,C,合同号,--,拟售价格,46362元/平方米(按建筑面积计)楼层,28,房号,2803,用途,住宅,,建筑面积90.63平方米,户内面积,67.97平方米,分摊面积,22.66平方米,户内面积,--平方米,分摊面积--平方米,建筑面积,--平方米
项目楼栋情况,嘉信云峰公馆1栋,座号,C,合同号,--,拟售价格,48511元/平方米(按建筑面积计)楼层,28,房号,2804,用途,住宅,,建筑面积97.13平方米,户内面积,72.84平方米,分摊面积,24.29平方米,户内面积,--平方米,分摊面积--平方米,建筑面积,--平方米
项目楼栋情况,嘉信云峰公馆1栋,座号,C,合同号,--,拟售价格,48690元/平方米(按建筑面积计)楼层,28,房号,2805,用途,住宅,,建筑面积115.68平方米,户内面积,86.76平方米,分摊面积,28.92平方米,户内面积,--平方米,分摊面积--平方米,建筑面积,--平方米
项目楼栋情况,嘉信云峰公馆1栋,座号,C,合同号,--,拟售价格,48008元/平方米(按建筑面积计)楼层,27,房号,2701,用途,住宅,,建筑面积75.79平方米,户内面积,56.83平方米,分摊面积,18.96平方米,户内面积,--平方米,分摊面积--平方米,建筑面积,--平方米
项目楼栋情况,嘉信云峰公馆1栋,座号,C,合同号,--,拟售价格,46350.99元/平方米(按建筑面积计)楼层,27,房号,2702,用途,住宅,,建筑面积75.89平方米,户内面积,56.91平方米,分摊面积,18.98平方米,户内面积,--平方米,分摊面积--平方米,建筑面积,--平方米
项目楼栋情况,嘉信云峰公馆1栋,座号,C,合同号,--,拟售价格,46332元/平方米(按建筑面积计)楼层,27,房号,2703,用途,住宅,,建筑面积90.63平方米,户内面积,67.97平方米,分摊面积,22.66平方米,户内面积,--平方米,分摊面积--平方米,建筑面积,--平方米
项目楼栋情况,嘉信云峰公馆1栋,座号,C,合同号,--,拟售价格,48461元/平方米(按建筑面积计)楼层,27,房号,2704,用途,住宅,,建筑面积97.13平方米,户内面积,72.84平方米,分摊面积,24.29平方米,户内面积,--平方米,分摊面积--平方米,建筑面积,--平方米
项目楼栋情况,嘉信云峰公馆1栋,座号,C,合同号,--,拟售价格,48640元/平方米(按建筑面积计)楼层,27,房号,2705,用途,住宅,,建筑面积115.68平方米,户内面积,86.76平方米,分摊面积,28.92平方米,户内面积,--平方米,分摊面积--平方米,建筑面积,--平方米
项目楼栋情况,嘉信云峰公馆1栋,座号,C,合同号,--,拟售价格,47978.01元/平方米(按建筑面积计)楼层,26,房号,2601,用途,住宅,,建筑面积75.79平方米,户内面积,56.83平方米,分摊面积,18.96平方米,户内面积,--平方米,分摊面积--平方米,建筑面积,--平方米
项目楼栋情况,嘉信云峰公馆1栋,座号,C,合同号,--,拟售价格,46321元/平方米(按建筑面积计)楼层,26,房号,2602,用途,住宅,,建筑面积75.89平方米,户内面积,56.91平方米,分摊面积,18.98平方米,户内面积,--平方米,分摊面积--平方米,建筑面积,--平方米
项目楼栋情况,嘉信云峰公馆1栋,座号,C,合同号,--,拟售价格,46302元/平方米(按建筑面积计)楼层,26,房号,2603,用途,住宅,,建筑面积90.63平方米,户内面积,67.97平方米,分摊面积,22.66平方米,户内面积,--平方米,分摊面积--平方米,建筑面积,--平方米
项目楼栋情况,嘉信云峰公馆1栋,座号,C,合同号,--,拟售价格,48411元/平方米(按建筑面积计)楼层,26,房号,2604,用途,住宅,,建筑面积97.13平方米,户内面积,72.84平方米,分摊面积,24.29平方米,户内面积,--平方米,分摊面积--平方米,建筑面积,--平方米
项目楼栋情况,嘉信云峰公馆1栋,座号,C,合同号,--,拟售价格,48590元/平方米(按建筑面积计)楼层,26,房号,2605,用途,住宅,,建筑面积115.68平方米,户内面积,86.76平方米,分摊面积,28.92平方米,户内面积,--平方米,分摊面积--平方米,建筑面积,--平方米
项目楼栋情况,嘉信云峰公馆1栋,座号,C,合同号,--,拟售价格,47948元/平方米(按建筑面积计)楼层,25,房号,2501,用途,住宅,,建筑面积75.79平方米,户内面积,56.83平方米,分摊面积,18.96平方米,户内面积,--平方米,分摊面积--平方米,建筑面积,--平方米
项目楼栋情况,嘉信云峰公馆1栋,座号,C,合同号,--,拟售价格,46291元/平方米(按建筑面积计)楼层,25,房号,2502,用途,住宅,,建筑面积75.89平方米,户内面积,56.91平方米,分摊面积,18.98平方米,户内面积,--平方米,分摊面积--平方米,建筑面积,--平方米
项目楼栋情况,嘉信云峰公馆1栋,座号,C,合同号,--,拟售价格,46272元/平方米(按建筑面积计)楼层,25,房号,2503,用途,住宅,,建筑面积90.63平方米,户内面积,67.97平方米,分摊面积,22.66平方米,户内面积,--平方米,分摊面积--平方米,建筑面积,--平方米
项目楼栋情况,嘉信云峰公馆1栋,座号,C,合同号,--,拟售价格,48361元/平方米(按建筑面积计)楼层,25,房号,2504,用途,住宅,,建筑面积97.13平方米,户内面积,72.84平方米,分摊面积,24.29平方米,户内面积,--平方米,分摊面积--平方米,建筑面积,--平方米
项目楼栋情况,嘉信云峰公馆1栋,座号,C,合同号,--,拟售价格,48540元/平方米(按建筑面积计)楼层,25,房号,2505,用途,住宅,,建筑面积115.68平方米,户内面积,86.76平方米,分摊面积,28.92平方米,户内面积,--平方米,分摊面积--平方米,建筑面积,--平方米
项目楼栋情况,嘉信云峰公馆1栋,座号,C,合同号,--,拟售价格,47868元/平方米(按建筑面积计)楼层,24,房号,2401,用途,住宅,,建筑面积75.79平方米,户内面积,56.83平方米,分摊面积,18.96平方米,户内面积,--平方米,分摊面积--平方米,建筑面积,--平方米
项目楼栋情况,嘉信云峰公馆1栋,座号,C,合同号,--,拟售价格,46211元/平方米(按建筑面积计)楼层,24,房号,2402,用途,住宅,,建筑面积75.89平方米,户内面积,56.91平方米,分摊面积,18.98平方米,户内面积,--平方米,分摊面积--平方米,建筑面积,--平方米
项目楼栋情况,嘉信云峰公馆1栋,座号,C,合同号,--,拟售价格,46241.99元/平方米(按建筑面积计)楼层,24,房号,2403,用途,住宅,,建筑面积90.63平方米,户内面积,67.97平方米,分摊面积,22.66平方米,户内面积,--平方米,分摊面积--平方米,建筑面积,--平方米
项目楼栋情况,嘉信云峰公馆1栋,座号,C,合同号,--,拟售价格,48311元/平方米(按建筑面积计)楼层,24,房号,2404,用途,住宅,,建筑面积97.13平方米,户内面积,72.84平方米,分摊面积,24.29平方米,户内面积,--平方米,分摊面积--平方米,建筑面积,--平方米
项目楼栋情况,嘉信云峰公馆1栋,座号,C,合同号,--,拟售价格,48490元/平方米(按建筑面积计)楼层,24,房号,2405,用途,住宅,,建筑面积115.68平方米,户内面积,86.76平方米,分摊面积,28.92平方米,户内面积,--平方米,分摊面积--平方米,建筑面积,--平方米
项目楼栋情况,嘉信云峰公馆1栋,座号,C,合同号,--,拟售价格,47838元/平方米(按建筑面积计)楼层,23,房号,2301,用途,住宅,,建筑面积75.79平方米,户内面积,56.83平方米,分摊面积,18.96平方米,户内面积,--平方米,分摊面积--平方米,建筑面积,--平方米
项目楼栋情况,嘉信云峰公馆1栋,座号,C,合同号,--,拟售价格,46181元/平方米(按建筑面积计)楼层,23,房号,2302,用途,住宅,,建筑面积75.89平方米,户内面积,56.91平方米,分摊面积,18.98平方米,户内面积,--平方米,分摊面积--平方米,建筑面积,--平方米
项目楼栋情况,嘉信云峰公馆1栋,座号,C,合同号,--,拟售价格,46212元/平方米(按建筑面积计)楼层,23,房号,2303,用途,住宅,,建筑面积90.63平方米,户内面积,67.97平方米,分摊面积,22.66平方米,户内面积,--平方米,分摊面积--平方米,建筑面积,--平方米
项目楼栋情况,嘉信云峰公馆1栋,座号,C,合同号,--,拟售价格,48261元/平方米(按建筑面积计)楼层,23,房号,2304,用途,住宅,,建筑面积97.13平方米,户内面积,72.84平方米,分摊面积,24.29平方米,户内面积,--平方米,分摊面积--平方米,建筑面积,--平方米
项目楼栋情况,嘉信云峰公馆1栋,座号,C,合同号,--,拟售价格,48440元/平方米(按建筑面积计)楼层,23,房号,2305,用途,住宅,,建筑面积115.68平方米,户内面积,86.76平方米,分摊面积,28.92平方米,户内面积,--平方米,分摊面积--平方米,建筑面积,--平方米
项目楼栋情况,嘉信云峰公馆1栋,座号,C,合同号,--,拟售价格,47808元/平方米(按建筑面积计)楼层,22,房号,2201,用途,住宅,,建筑面积75.79平方米,户内面积,56.83平方米,分摊面积,18.96平方米,户内面积,--平方米,分摊面积--平方米,建筑面积,--平方米
项目楼栋情况,嘉信云峰公馆1栋,座号,C,合同号,--,拟售价格,46150.99元/平方米(按建筑面积计)楼层,22,房号,2202,用途,住宅,,建筑面积75.89平方米,户内面积,56.91平方米,分摊面积,18.98平方米,户内面积,--平方米,分摊面积--平方米,建筑面积,--平方米
项目楼栋情况,嘉信云峰公馆1栋,座号,C,合同号,--,拟售价格,46182元/平方米(按建筑面积计)楼层,22,房号,2203,用途,住宅,,建筑面积90.63平方米,户内面积,67.97平方米,分摊面积,22.66平方米,户内面积,--平方米,分摊面积--平方米,建筑面积,--平方米
项目楼栋情况,嘉信云峰公馆1栋,座号,C,合同号,--,拟售价格,48211元/平方米(按建筑面积计)楼层,22,房号,2204,用途,住宅,,建筑面积97.13平方米,户内面积,72.84平方米,分摊面积,24.29平方米,户内面积,--平方米,分摊面积--平方米,建筑面积,--平方米
项目楼栋情况,嘉信云峰公馆1栋,座号,C,合同号,--,拟售价格,48390元/平方米(按建筑面积计)楼层,22,房号,2205,用途,住宅,,建筑面积115.68平方米,户内面积,86.76平方米,分摊面积,28.92平方米,户内面积,--平方米,分摊面积--平方米,建筑面积,--平方米
项目楼栋情况,嘉信云峰公馆1栋,座号,C,合同号,--,拟售价格,47778.01元/平方米(按建筑面积计)楼层,21,房号,2101,用途,住宅,,建筑面积75.79平方米,户内面积,56.83平方米,分摊面积,18.96平方米,户内面积,--平方米,分摊面积--平方米,建筑面积,--平方米
项目楼栋情况,嘉信云峰公馆1栋,座号,C,合同号,--,拟售价格,46121元/平方米(按建筑面积计)楼层,21,房号,2102,用途,住宅,,建筑面积75.89平方米,户内面积,56.91平方米,分摊面积,18.98平方米,户内面积,--平方米,分摊面积--平方米,建筑面积,--平方米
项目楼栋情况,嘉信云峰公馆1栋,座号,C,合同号,--,拟售价格,46152元/平方米(按建筑面积计)楼层,21,房号,2103,用途,住宅,,建筑面积90.63平方米,户内面积,67.97平方米,分摊面积,22.66平方米,户内面积,--平方米,分摊面积--平方米,建筑面积,--平方米
项目楼栋情况,嘉信云峰公馆1栋,座号,C,合同号,--,拟售价格,48161元/平方米(按建筑面积计)楼层,21,房号,2104,用途,住宅,,建筑面积97.13平方米,户内面积,72.84平方米,分摊面积,24.29平方米,户内面积,--平方米,分摊面积--平方米,建筑面积,--平方米
项目楼栋情况,嘉信云峰公馆1栋,座号,C,合同号,--,拟售价格,48340元/平方米(按建筑面积计)楼层,21,房号,2105,用途,住宅,,建筑面积115.68平方米,户内面积,86.76平方米,分摊面积,28.92平方米,户内面积,--平方米,分摊面积--平方米,建筑面积,--平方米
项目楼栋情况,嘉信云峰公馆1栋,座号,C,合同号,--,拟售价格,47748元/平方米(按建筑面积计)楼层,20,房号,2001,用途,住宅,,建筑面积75.79平方米,户内面积,56.83平方米,分摊面积,18.96平方米,户内面积,--平方米,分摊面积--平方米,建筑面积,--平方米
项目楼栋情况,嘉信云峰公馆1栋,座号,C,合同号,--,拟售价格,46091元/平方米(按建筑面积计)楼层,20,房号,2002,用途,住宅,,建筑面积75.89平方米,户内面积,56.91平方米,分摊面积,18.98平方米,户内面积,--平方米,分摊面积--平方米,建筑面积,--平方米
项目楼栋情况,嘉信云峰公馆1栋,座号,C,合同号,--,拟售价格,46122元/平方米(按建筑面积计)楼层,20,房号,2003,用途,住宅,,建筑面积90.63平方米,户内面积,67.97平方米,分摊面积,22.66平方米,户内面积,--平方米,分摊面积--平方米,建筑面积,--平方米
项目楼栋情况,嘉信云峰公馆1栋,座号,C,合同号,--,拟售价格,48111元/平方米(按建筑面积计)楼层,20,房号,2004,用途,住宅,,建筑面积97.13平方米,户内面积,72.84平方米,分摊面积,24.29平方米,户内面积,--平方米,分摊面积--平方米,建筑面积,--平方米
项目楼栋情况,嘉信云峰公馆1栋,座号,C,合同号,--,拟售价格,48290元/平方米(按建筑面积计)楼层,20,房号,2005,用途,住宅,,建筑面积115.68平方米,户内面积,86.76平方米,分摊面积,28.92平方米,户内面积,--平方米,分摊面积--平方米,建筑面积,--平方米
项目楼栋情况,嘉信云峰公馆1栋,座号,C,合同号,--,拟售价格,47718元/平方米(按建筑面积计)楼层,19,房号,1901,用途,住宅,,建筑面积75.79平方米,户内面积,56.83平方米,分摊面积,18.96平方米,户内面积,--平方米,分摊面积--平方米,建筑面积,--平方米
项目楼栋情况,嘉信云峰公馆1栋,座号,C,合同号,--,拟售价格,46061元/平方米(按建筑面积计)楼层,19,房号,1902,用途,住宅,,建筑面积75.89平方米,户内面积,56.91平方米,分摊面积,18.98平方米,户内面积,--平方米,分摊面积--平方米,建筑面积,--平方米
项目楼栋情况,嘉信云峰公馆1栋,座号,C,合同号,--,拟售价格,46092元/平方米(按建筑面积计)楼层,19,房号,1903,用途,住宅,,建筑面积90.63平方米,户内面积,67.97平方米,分摊面积,22.66平方米,户内面积,--平方米,分摊面积--平方米,建筑面积,--平方米
项目楼栋情况,嘉信云峰公馆1栋,座号,C,合同号,--,拟售价格,48061元/平方米(按建筑面积计)楼层,19,房号,1904,用途,住宅,,建筑面积97.13平方米,户内面积,72.84平方米,分摊面积,24.29平方米,户内面积,--平方米,分摊面积--平方米,建筑面积,--平方米
项目楼栋情况,嘉信云峰公馆1栋,座号,C,合同号,--,拟售价格,48240元/平方米(按建筑面积计)楼层,19,房号,1905,用途,住宅,,建筑面积115.68平方米,户内面积,86.76平方米,分摊面积,28.92平方米,户内面积,--平方米,分摊面积--平方米,建筑面积,--平方米
项目楼栋情况,嘉信云峰公馆1栋,座号,C,合同号,--,拟售价格,47688.01元/平方米(按建筑面积计)楼层,18,房号,1801,用途,住宅,,建筑面积75.79平方米,户内面积,56.83平方米,分摊面积,18.96平方米,户内面积,--平方米,分摊面积--平方米,建筑面积,--平方米
项目楼栋情况,嘉信云峰公馆1栋,座号,C,合同号,--,拟售价格,46031.01元/平方米(按建筑面积计)楼层,18,房号,1802,用途,住宅,,建筑面积75.89平方米,户内面积,56.91平方米,分摊面积,18.98平方米,户内面积,--平方米,分摊面积--平方米,建筑面积,--平方米
项目楼栋情况,嘉信云峰公馆1栋,座号,C,合同号,--,拟售价格,46062元/平方米(按建筑面积计)楼层,18,房号,1803,用途,住宅,,建筑面积90.63平方米,户内面积,67.97平方米,分摊面积,22.66平方米,户内面积,--平方米,分摊面积--平方米,建筑面积,--平方米
项目楼栋情况,嘉信云峰公馆1栋,座号,C,合同号,--,拟售价格,48011元/平方米(按建筑面积计)楼层,18,房号,1804,用途,住宅,,建筑面积97.13平方米,户内面积,72.84平方米,分摊面积,24.29平方米,户内面积,--平方米,分摊面积--平方米,建筑面积,--平方米
项目楼栋情况,嘉信云峰公馆1栋,座号,C,合同号,--,拟售价格,48190元/平方米(按建筑面积计)楼层,18,房号,1805,用途,住宅,,建筑面积115.68平方米,户内面积,86.76平方米,分摊面积,28.92平方米,户内面积,--平方米,分摊面积--平方米,建筑面积,--平方米
项目楼栋情况,嘉信云峰公馆1栋,座号,C,合同号,--,拟售价格,47658元/平方米(按建筑面积计)楼层,17,房号,1701,用途,住宅,,建筑面积75.79平方米,户内面积,56.83平方米,分摊面积,18.96平方米,户内面积,--平方米,分摊面积--平方米,建筑面积,--平方米
项目楼栋情况,嘉信云峰公馆1栋,座号,C,合同号,--,拟售价格,46001元/平方米(按建筑面积计)楼层,17,房号,1702,用途,住宅,,建筑面积75.89平方米,户内面积,56.91平方米,分摊面积,18.98平方米,户内面积,--平方米,分摊面积--平方米,建筑面积,--平方米
项目楼栋情况,嘉信云峰公馆1栋,座号,C,合同号,--,拟售价格,46032元/平方米(按建筑面积计)楼层,17,房号,1703,用途,住宅,,建筑面积90.63平方米,户内面积,67.97平方米,分摊面积,22.66平方米,户内面积,--平方米,分摊面积--平方米,建筑面积,--平方米
项目楼栋情况,嘉信云峰公馆1栋,座号,C,合同号,--,拟售价格,47961元/平方米(按建筑面积计)楼层,17,房号,1704,用途,住宅,,建筑面积97.13平方米,户内面积,72.84平方米,分摊面积,24.29平方米,户内面积,--平方米,分摊面积--平方米,建筑面积,--平方米
项目楼栋情况,嘉信云峰公馆1栋,座号,C,合同号,--,拟售价格,48140元/平方米(按建筑面积计)楼层,17,房号,1705,用途,住宅,,建筑面积115.68平方米,户内面积,86.76平方米,分摊面积,28.92平方米,户内面积,--平方米,分摊面积--平方米,建筑面积,--平方米
项目楼栋情况,嘉信云峰公馆1栋,座号,C,合同号,--,拟售价格,47597.99元/平方米(按建筑面积计)楼层,15,房号,1501,用途,住宅,,建筑面积75.79平方米,户内面积,56.83平方米,分摊面积,18.96平方米,户内面积,--平方米,分摊面积--平方米,建筑面积,--平方米
项目楼栋情况,嘉信云峰公馆1栋,座号,C,合同号,--,拟售价格,45940.99元/平方米(按建筑面积计)楼层,15,房号,1502,用途,住宅,,建筑面积75.89平方米,户内面积,56.91平方米,分摊面积,18.98平方米,户内面积,--平方米,分摊面积--平方米,建筑面积,--平方米
项目楼栋情况,嘉信云峰公馆1栋,座号,C,合同号,--,拟售价格,45972元/平方米(按建筑面积计)楼层,15,房号,1503,用途,住宅,,建筑面积90.63平方米,户内面积,67.97平方米,分摊面积,22.66平方米,户内面积,--平方米,分摊面积--平方米,建筑面积,--平方米
项目楼栋情况,嘉信云峰公馆1栋,座号,C,合同号,--,拟售价格,47861元/平方米(按建筑面积计)楼层,15,房号,1504,用途,住宅,,建筑面积97.13平方米,户内面积,72.84平方米,分摊面积,24.29平方米,户内面积,--平方米,分摊面积--平方米,建筑面积,--平方米
项目楼栋情况,嘉信云峰公馆1栋,座号,C,合同号,--,拟售价格,48040元/平方米(按建筑面积计)楼层,15,房号,1505,用途,住宅,,建筑面积115.68平方米,户内面积,86.76平方米,分摊面积,28.92平方米,户内面积,--平方米,分摊面积--平方米,建筑面积,--平方米
项目楼栋情况,嘉信云峰公馆1栋,座号,C,合同号,--,拟售价格,47568元/平方米(按建筑面积计)楼层,14,房号,1401,用途,住宅,,建筑面积75.6平方米,户内面积,56.7平方米,分摊面积,18.9平方米,户内面积,--平方米,分摊面积--平方米,建筑面积,--平方米
项目楼栋情况,嘉信云峰公馆1栋,座号,C,合同号,--,拟售价格,45911元/平方米(按建筑面积计)楼层,14,房号,1402,用途,住宅,,建筑面积75.61平方米,户内面积,56.7平方米,分摊面积,18.91平方米,户内面积,--平方米,分摊面积--平方米,建筑面积,--平方米
项目楼栋情况,嘉信云峰公馆1栋,座号,C,合同号,--,拟售价格,45792元/平方米(按建筑面积计)楼层,14,房号,1403,用途,住宅,,建筑面积90.41平方米,户内面积,67.8平方米,分摊面积,22.61平方米,户内面积,--平方米,分摊面积--平方米,建筑面积,--平方米
项目楼栋情况,嘉信云峰公馆1栋,座号,C,合同号,--,拟售价格,47811元/平方米(按建筑面积计)楼层,14,房号,1404,用途,住宅,,建筑面积96.92平方米,户内面积,72.68平方米,分摊面积,24.24平方米,户内面积,--平方米,分摊面积--平方米,建筑面积,--平方米
项目楼栋情况,嘉信云峰公馆1栋,座号,C,合同号,--,拟售价格,47990元/平方米(按建筑面积计)楼层,14,房号,1405,用途,住宅,,建筑面积115.47平方米,户内面积,86.6平方米,分摊面积,28.87平方米,户内面积,--平方米,分摊面积--平方米,建筑面积,--平方米
项目楼栋情况,嘉信云峰公馆1栋,座号,C,合同号,--,拟售价格,47538元/平方米(按建筑面积计)楼层,13,房号,1301,用途,住宅,,建筑面积75.6平方米,户内面积,56.7平方米,分摊面积,18.9平方米,户内面积,--平方米,分摊面积--平方米,建筑面积,--平方米
项目楼栋情况,嘉信云峰公馆1栋,座号,C,合同号,--,拟售价格,45880.99元/平方米(按建筑面积计)楼层,13,房号,1302,用途,住宅,,建筑面积75.61平方米,户内面积,56.7平方米,分摊面积,18.91平方米,户内面积,--平方米,分摊面积--平方米,建筑面积,--平方米
项目楼栋情况,嘉信云峰公馆1栋,座号,C,合同号,--,拟售价格,45762元/平方米(按建筑面积计)楼层,13,房号,1303,用途,住宅,,建筑面积90.41平方米,户内面积,67.8平方米,分摊面积,22.61平方米,户内面积,--平方米,分摊面积--平方米,建筑面积,--平方米
项目楼栋情况,嘉信云峰公馆1栋,座号,C,合同号,--,拟售价格,47761元/平方米(按建筑面积计)楼层,13,房号,1304,用途,住宅,,建筑面积96.92平方米,户内面积,72.68平方米,分摊面积,24.24平方米,户内面积,--平方米,分摊面积--平方米,建筑面积,--平方米
项目楼栋情况,嘉信云峰公馆1栋,座号,C,合同号,--,拟售价格,47940元/平方米(按建筑面积计)楼层,13,房号,1305,用途,住宅,,建筑面积115.47平方米,户内面积,86.6平方米,分摊面积,28.87平方米,户内面积,--平方米,分摊面积--平方米,建筑面积,--平方米
项目楼栋情况,嘉信云峰公馆1栋,座号,C,合同号,--,拟售价格,47508元/平方米(按建筑面积计)楼层,12,房号,1201,用途,住宅,,建筑面积75.6平方米,户内面积,56.7平方米,分摊面积,18.9平方米,户内面积,--平方米,分摊面积--平方米,建筑面积,--平方米
项目楼栋情况,嘉信云峰公馆1栋,座号,C,合同号,--,拟售价格,45851元/平方米(按建筑面积计)楼层,12,房号,1202,用途,住宅,,建筑面积75.61平方米,户内面积,56.7平方米,分摊面积,18.91平方米,户内面积,--平方米,分摊面积--平方米,建筑面积,--平方米
项目楼栋情况,嘉信云峰公馆1栋,座号,C,合同号,--,拟售价格,45732元/平方米(按建筑面积计)楼层,12,房号,1203,用途,住宅,,建筑面积90.41平方米,户内面积,67.8平方米,分摊面积,22.61平方米,户内面积,--平方米,分摊面积--平方米,建筑面积,--平方米
项目楼栋情况,嘉信云峰公馆1栋,座号,C,合同号,--,拟售价格,47711元/平方米(按建筑面积计)楼层,12,房号,1204,用途,住宅,,建筑面积96.92平方米,户内面积,72.68平方米,分摊面积,24.24平方米,户内面积,--平方米,分摊面积--平方米,建筑面积,--平方米
项目楼栋情况,嘉信云峰公馆1栋,座号,C,合同号,--,拟售价格,47890元/平方米(按建筑面积计)楼层,12,房号,1205,用途,住宅,,建筑面积115.47平方米,户内面积,86.6平方米,分摊面积,28.87平方米,户内面积,--平方米,分摊面积--平方米,建筑面积,--平方米
项目楼栋情况,嘉信云峰公馆1栋,座号,C,合同号,--,拟售价格,47478元/平方米(按建筑面积计)楼层,11,房号,1101,用途,住宅,,建筑面积75.6平方米,户内面积,56.7平方米,分摊面积,18.9平方米,户内面积,--平方米,分摊面积--平方米,建筑面积,--平方米
项目楼栋情况,嘉信云峰公馆1栋,座号,C,合同号,--,拟售价格,45821元/平方米(按建筑面积计)楼层,11,房号,1102,用途,住宅,,建筑面积75.61平方米,户内面积,56.7平方米,分摊面积,18.91平方米,户内面积,--平方米,分摊面积--平方米,建筑面积,--平方米
项目楼栋情况,嘉信云峰公馆1栋,座号,C,合同号,--,拟售价格,45702元/平方米(按建筑面积计)楼层,11,房号,1103,用途,住宅,,建筑面积90.41平方米,户内面积,67.8平方米,分摊面积,22.61平方米,户内面积,--平方米,分摊面积--平方米,建筑面积,--平方米
项目楼栋情况,嘉信云峰公馆1栋,座号,C,合同号,--,拟售价格,47661元/平方米(按建筑面积计)楼层,11,房号,1104,用途,住宅,,建筑面积96.92平方米,户内面积,72.68平方米,分摊面积,24.24平方米,户内面积,--平方米,分摊面积--平方米,建筑面积,--平方米
项目楼栋情况,嘉信云峰公馆1栋,座号,C,合同号,--,拟售价格,47840元/平方米(按建筑面积计)楼层,11,房号,1105,用途,住宅,,建筑面积115.47平方米,户内面积,86.6平方米,分摊面积,28.87平方米,户内面积,--平方米,分摊面积--平方米,建筑面积,--平方米
项目楼栋情况,嘉信云峰公馆1栋,座号,C,合同号,--,拟售价格,47448元/平方米(按建筑面积计)楼层,10,房号,1001,用途,住宅,,建筑面积75.6平方米,户内面积,56.7平方米,分摊面积,18.9平方米,户内面积,--平方米,分摊面积--平方米,建筑面积,--平方米
项目楼栋情况,嘉信云峰公馆1栋,座号,C,合同号,--,拟售价格,45791.01元/平方米(按建筑面积计)楼层,10,房号,1002,用途,住宅,,建筑面积75.61平方米,户内面积,56.7平方米,分摊面积,18.91平方米,户内面积,--平方米,分摊面积--平方米,建筑面积,--平方米
项目楼栋情况,嘉信云峰公馆1栋,座号,C,合同号,--,拟售价格,45672.01元/平方米(按建筑面积计)楼层,10,房号,1003,用途,住宅,,建筑面积90.41平方米,户内面积,67.8平方米,分摊面积,22.61平方米,户内面积,--平方米,分摊面积--平方米,建筑面积,--平方米
项目楼栋情况,嘉信云峰公馆1栋,座号,C,合同号,--,拟售价格,47611元/平方米(按建筑面积计)楼层,10,房号,1004,用途,住宅,,建筑面积96.92平方米,户内面积,72.68平方米,分摊面积,24.24平方米,户内面积,--平方米,分摊面积--平方米,建筑面积,--平方米
项目楼栋情况,嘉信云峰公馆1栋,座号,C,合同号,--,拟售价格,47790元/平方米(按建筑面积计)楼层,10,房号,1005,用途,住宅,,建筑面积115.47平方米,户内面积,86.6平方米,分摊面积,28.87平方米,户内面积,--平方米,分摊面积--平方米,建筑面积,--平方米
项目楼栋情况,嘉信云峰公馆1栋,座号,C,合同号,--,拟售价格,47418元/平方米(按建筑面积计)楼层,9,房号,0901,用途,住宅,,建筑面积75.6平方米,户内面积,56.7平方米,分摊面积,18.9平方米,户内面积,--平方米,分摊面积--平方米,建筑面积,--平方米
项目楼栋情况,嘉信云峰公馆1栋,座号,C,合同号,--,拟售价格,45761元/平方米(按建筑面积计)楼层,9,房号,0902,用途,住宅,,建筑面积75.61平方米,户内面积,56.7平方米,分摊面积,18.91平方米,户内面积,--平方米,分摊面积--平方米,建筑面积,--平方米
项目楼栋情况,嘉信云峰公馆1栋,座号,C,合同号,--,拟售价格,45642元/平方米(按建筑面积计)楼层,9,房号,0903,用途,住宅,,建筑面积90.41平方米,户内面积,67.8平方米,分摊面积,22.61平方米,户内面积,--平方米,分摊面积--平方米,建筑面积,--平方米
项目楼栋情况,嘉信云峰公馆1栋,座号,C,合同号,--,拟售价格,47561元/平方米(按建筑面积计)楼层,9,房号,0904,用途,住宅,,建筑面积96.92平方米,户内面积,72.68平方米,分摊面积,24.24平方米,户内面积,--平方米,分摊面积--平方米,建筑面积,--平方米
项目楼栋情况,嘉信云峰公馆1栋,座号,C,合同号,--,拟售价格,47740元/平方米(按建筑面积计)楼层,9,房号,0905,用途,住宅,,建筑面积115.47平方米,户内面积,86.6平方米,分摊面积,28.87平方米,户内面积,--平方米,分摊面积--平方米,建筑面积,--平方米
项目楼栋情况,嘉信云峰公馆1栋,座号,C,合同号,--,拟售价格,47338元/平方米(按建筑面积计)楼层,8,房号,0801,用途,住宅,,建筑面积75.6平方米,户内面积,56.7平方米,分摊面积,18.9平方米,户内面积,--平方米,分摊面积--平方米,建筑面积,--平方米
项目楼栋情况,嘉信云峰公馆1栋,座号,C,合同号,--,拟售价格,45680.99元/平方米(按建筑面积计)楼层,8,房号,0802,用途,住宅,,建筑面积75.61平方米,户内面积,56.7平方米,分摊面积,18.91平方米,户内面积,--平方米,分摊面积--平方米,建筑面积,--平方米
项目楼栋情况,嘉信云峰公馆1栋,座号,C,合同号,--,拟售价格,44762元/平方米(按建筑面积计)楼层,8,房号,0803,用途,住宅,,建筑面积90.41平方米,户内面积,67.8平方米,分摊面积,22.61平方米,户内面积,--平方米,分摊面积--平方米,建筑面积,--平方米
项目楼栋情况,嘉信云峰公馆1栋,座号,C,合同号,--,拟售价格,47511元/平方米(按建筑面积计)楼层,8,房号,0804,用途,住宅,,建筑面积96.92平方米,户内面积,72.68平方米,分摊面积,24.24平方米,户内面积,--平方米,分摊面积--平方米,建筑面积,--平方米
项目楼栋情况,嘉信云峰公馆1栋,座号,C,合同号,--,拟售价格,47690元/平方米(按建筑面积计)楼层,8,房号,0805,用途,住宅,,建筑面积115.47平方米,户内面积,86.6平方米,分摊面积,28.87平方米,户内面积,--平方米,分摊面积--平方米,建筑面积,--平方米
项目楼栋情况,嘉信云峰公馆1栋,座号,C,合同号,--,拟售价格,47308元/平方米(按建筑面积计)楼层,7,房号,0701,用途,住宅,,建筑面积75.22平方米,户内面积,56.41平方米,分摊面积,18.81平方米,户内面积,--平方米,分摊面积--平方米,建筑面积,--平方米
项目楼栋情况,嘉信云峰公馆1栋,座号,C,合同号,--,拟售价格,45651元/平方米(按建筑面积计)楼层,7,房号,0702,用途,住宅,,建筑面积75.33平方米,户内面积,56.49平方米,分摊面积,18.84平方米,户内面积,--平方米,分摊面积--平方米,建筑面积,--平方米
项目楼栋情况,嘉信云峰公馆1栋,座号,C,合同号,--,拟售价格,44742元/平方米(按建筑面积计)楼层,7,房号,0703,用途,住宅,,建筑面积89.78平方米,户内面积,67.33平方米,分摊面积,22.45平方米,户内面积,--平方米,分摊面积--平方米,建筑面积,--平方米
项目楼栋情况,嘉信云峰公馆1栋,座号,C,合同号,--,拟售价格,47461元/平方米(按建筑面积计)楼层,7,房号,0704,用途,住宅,,建筑面积96.7平方米,户内面积,72.52平方米,分摊面积,24.18平方米,户内面积,--平方米,分摊面积--平方米,建筑面积,--平方米
项目楼栋情况,嘉信云峰公馆1栋,座号,C,合同号,--,拟售价格,47640元/平方米(按建筑面积计)楼层,7,房号,0705,用途,住宅,,建筑面积115.23平方米,户内面积,86.42平方米,分摊面积,28.81平方米,户内面积,--平方米,分摊面积--平方米,建筑面积,--平方米
项目楼栋情况,嘉信云峰公馆1栋,座号,C,合同号,--,拟售价格,47278元/平方米(按建筑面积计)楼层,6,房号,0601,用途,住宅,,建筑面积75.22平方米,户内面积,56.41平方米,分摊面积,18.81平方米,户内面积,--平方米,分摊面积--平方米,建筑面积,--平方米
项目楼栋情况,嘉信云峰公馆1栋,座号,C,合同号,--,拟售价格,45621元/平方米(按建筑面积计)楼层,6,房号,0602,用途,住宅,,建筑面积75.33平方米,户内面积,56.49平方米,分摊面积,18.84平方米,户内面积,--平方米,分摊面积--平方米,建筑面积,--平方米
项目楼栋情况,嘉信云峰公馆1栋,座号,C,合同号,--,拟售价格,44722元/平方米(按建筑面积计)楼层,6,房号,0603,用途,住宅,,建筑面积89.78平方米,户内面积,67.33平方米,分摊面积,22.45平方米,户内面积,--平方米,分摊面积--平方米,建筑面积,--平方米
项目楼栋情况,嘉信云峰公馆1栋,座号,C,合同号,--,拟售价格,47411元/平方米(按建筑面积计)楼层,6,房号,0604,用途,住宅,,建筑面积96.7平方米,户内面积,72.52平方米,分摊面积,24.18平方米,户内面积,--平方米,分摊面积--平方米,建筑面积,--平方米
项目楼栋情况,嘉信云峰公馆1栋,座号,C,合同号,--,拟售价格,47590元/平方米(按建筑面积计)楼层,6,房号,0605,用途,住宅,,建筑面积115.23平方米,户内面积,86.42平方米,分摊面积,28.81平方米,户内面积,--平方米,分摊面积--平方米,建筑面积,--平方米
项目楼栋情况,嘉信云峰公馆1栋,座号,C,合同号,--,拟售价格,46800元/平方米(按建筑面积计)楼层,5,房号,0205,用途,住宅,,建筑面积115.23平方米,户内面积,86.42平方米,分摊面积,28.81平方米,户内面积,--平方米,分摊面积--平方米,建筑面积,--平方米
项目楼栋情况,嘉信云峰公馆1栋,座号,C,合同号,--,拟售价格,47248.01元/平方米(按建筑面积计)楼层,5,房号,0501,用途,住宅,,建筑面积75.22平方米,户内面积,56.41平方米,分摊面积,18.81平方米,户内面积,--平方米,分摊面积--平方米,建筑面积,--平方米
项目楼栋情况,嘉信云峰公馆1栋,座号,C,合同号,--,拟售价格,45591元/平方米(按建筑面积计)楼层,5,房号,0502,用途,住宅,,建筑面积75.33平方米,户内面积,56.49平方米,分摊面积,18.84平方米,户内面积,--平方米,分摊面积--平方米,建筑面积,--平方米
项目楼栋情况,嘉信云峰公馆1栋,座号,C,合同号,--,拟售价格,44702元/平方米(按建筑面积计)楼层,5,房号,0503,用途,住宅,,建筑面积89.78平方米,户内面积,67.33平方米,分摊面积,22.45平方米,户内面积,--平方米,分摊面积--平方米,建筑面积,--平方米
项目楼栋情况,嘉信云峰公馆1栋,座号,C,合同号,--,拟售价格,46691元/平方米(按建筑面积计)楼层,5,房号,0504,用途,住宅,,建筑面积96.7平方米,户内面积,72.52平方米,分摊面积,24.18平方米,户内面积,--平方米,分摊面积--平方米,建筑面积,--平方米
项目楼栋情况,嘉信云峰公馆1栋,座号,C,合同号,--,拟售价格,46860元/平方米(按建筑面积计)楼层,5,房号,0505,用途,住宅,,建筑面积115.23平方米,户内面积,86.42平方米,分摊面积,28.81平方米,户内面积,--平方米,分摊面积--平方米,建筑面积,--平方米
项目楼栋情况,嘉信云峰公馆1栋,座号,C,合同号,--,拟售价格,47168元/平方米(按建筑面积计)楼层,4,房号,0401,用途,住宅,,建筑面积75.22平方米,户内面积,56.41平方米,分摊面积,18.81平方米,户内面积,--平方米,分摊面积--平方米,建筑面积,--平方米
项目楼栋情况,嘉信云峰公馆1栋,座号,C,合同号,--,拟售价格,45511元/平方米(按建筑面积计)楼层,4,房号,0402,用途,住宅,,建筑面积75.33平方米,户内面积,56.49平方米,分摊面积,18.84平方米,户内面积,--平方米,分摊面积--平方米,建筑面积,--平方米
项目楼栋情况,嘉信云峰公馆1栋,座号,C,合同号,--,拟售价格,44682元/平方米(按建筑面积计)楼层,4,房号,0403,用途,住宅,,建筑面积89.78平方米,户内面积,67.33平方米,分摊面积,22.45平方米,户内面积,--平方米,分摊面积--平方米,建筑面积,--平方米
项目楼栋情况,嘉信云峰公馆1栋,座号,C,合同号,--,拟售价格,46671元/平方米(按建筑面积计)楼层,4,房号,0404,用途,住宅,,建筑面积96.7平方米,户内面积,72.52平方米,分摊面积,24.18平方米,户内面积,--平方米,分摊面积--平方米,建筑面积,--平方米
项目楼栋情况,嘉信云峰公馆1栋,座号,C,合同号,--,拟售价格,46840元/平方米(按建筑面积计)楼层,4,房号,0405,用途,住宅,,建筑面积115.23平方米,户内面积,86.42平方米,分摊面积,28.81平方米,户内面积,--平方米,分摊面积--平方米,建筑面积,--平方米
项目楼栋情况,嘉信云峰公馆1栋,座号,C,合同号,--,拟售价格,47148.01元/平方米(按建筑面积计)楼层,3,房号,0301,用途,住宅,,建筑面积75.22平方米,户内面积,56.41平方米,分摊面积,18.81平方米,户内面积,--平方米,分摊面积--平方米,建筑面积,--平方米
项目楼栋情况,嘉信云峰公馆1栋,座号,C,合同号,--,拟售价格,45491元/平方米(按建筑面积计)楼层,3,房号,0302,用途,住宅,,建筑面积75.33平方米,户内面积,56.49平方米,分摊面积,18.84平方米,户内面积,--平方米,分摊面积--平方米,建筑面积,--平方米
项目楼栋情况,嘉信云峰公馆1栋,座号,C,合同号,--,拟售价格,46651元/平方米(按建筑面积计)楼层,3,房号,0304,用途,住宅,,建筑面积96.7平方米,户内面积,72.52平方米,分摊面积,24.18平方米,户内面积,--平方米,分摊面积--平方米,建筑面积,--平方米
项目楼栋情况,嘉信云峰公馆1栋,座号,C,合同号,--,拟售价格,46820元/平方米(按建筑面积计)楼层,3,房号,0305,用途,住宅,,建筑面积115.23平方米,户内面积,86.42平方米,分摊面积,28.81平方米,户内面积,--平方米,分摊面积--平方米,建筑面积,--平方米
项目楼栋情况,嘉信云峰公馆1栋,座号,C,合同号,--,拟售价格,47128元/平方米(按建筑面积计)楼层,2,房号,0201,用途,住宅,,建筑面积75.22平方米,户内面积,56.41平方米,分摊面积,18.81平方米,户内面积,--平方米,分摊面积--平方米,建筑面积,--平方米
项目楼栋情况,嘉信云峰公馆1栋,座号,C,合同号,--,拟售价格,45470.99元/平方米(按建筑面积计)楼层,2,房号,0202,用途,住宅,,建筑面积75.33平方米,户内面积,56.49平方米,分摊面积,18.84平方米,户内面积,--平方米,分摊面积--平方米,建筑面积,--平方米
项目楼栋情况,嘉信云峰公馆1栋,座号,C,合同号,--,拟售价格,46631元/平方米(按建筑面积计)楼层,2,房号,0204,用途,住宅,,建筑面积96.7平方米,户内面积,72.52平方米,分摊面积,24.18平方米,户内面积,--平方米,分摊面积--平方米,建筑面积,--平方米
项目楼栋情况,嘉信云峰公馆1栋,座号,A,合同号,--,拟售价格,42653元/平方米(按建筑面积计)楼层,30,房号,3001,用途,商务公寓,,建筑面积65.87平方米,户内面积,42.57平方米,分摊面积,23.3平方米,户内面积,--平方米,分摊面积--平方米,建筑面积,--平方米
项目楼栋情况,嘉信云峰公馆1栋,座号,A,合同号,--,拟售价格,42139元/平方米(按建筑面积计)楼层,30,房号,3002,用途,商务公寓,,建筑面积46.38平方米,户内面积,29.97平方米,分摊面积,16.41平方米,户内面积,--平方米,分摊面积--平方米,建筑面积,--平方米
项目楼栋情况,嘉信云峰公馆1栋,座号,A,合同号,--,拟售价格,42097元/平方米(按建筑面积计)楼层,30,房号,3003,用途,商务公寓,,建筑面积46.3平方米,户内面积,29.93平方米,分摊面积,16.37平方米,户内面积,--平方米,分摊面积--平方米,建筑面积,--平方米
项目楼栋情况,嘉信云峰公馆1栋,座号,A,合同号,--,拟售价格,42682.99元/平方米(按建筑面积计)楼层,30,房号,3004,用途,商务公寓,,建筑面积65.74平方米,户内面积,42.49平方米,分摊面积,23.25平方米,户内面积,--平方米,分摊面积--平方米,建筑面积,--平方米
项目楼栋情况,嘉信云峰公馆1栋,座号,A,合同号,--,拟售价格,40219元/平方米(按建筑面积计)楼层,30,房号,3005,用途,商务公寓,,建筑面积40.84平方米,户内面积,26.39平方米,分摊面积,14.45平方米,户内面积,--平方米,分摊面积--平方米,建筑面积,--平方米
项目楼栋情况,嘉信云峰公馆1栋,座号,A,合同号,--,拟售价格,40219元/平方米(按建筑面积计)楼层,30,房号,3006,用途,商务公寓,,建筑面积40.9平方米,户内面积,26.44平方米,分摊面积,14.46平方米,户内面积,--平方米,分摊面积--平方米,建筑面积,--平方米
项目楼栋情况,嘉信云峰公馆1栋,座号,A,合同号,--,拟售价格,40825.01元/平方米(按建筑面积计)楼层,30,房号,3007,用途,商务公寓,,建筑面积65.38平方米,户内面积,42.25平方米,分摊面积,23.13平方米,户内面积,--平方米,分摊面积--平方米,建筑面积,--平方米
项目楼栋情况,嘉信云峰公馆1栋,座号,A,合同号,--,拟售价格,39682.99元/平方米(按建筑面积计)楼层,30,房号,3008,用途,商务公寓,,建筑面积36.75平方米,户内面积,23.75平方米,分摊面积,13平方米,户内面积,--平方米,分摊面积--平方米,建筑面积,--平方米
项目楼栋情况,嘉信云峰公馆1栋,座号,A,合同号,--,拟售价格,40003元/平方米(按建筑面积计)楼层,30,房号,3009,用途,商务公寓,,建筑面积37.34平方米,户内面积,24.14平方米,分摊面积,13.2平方米,户内面积,--平方米,分摊面积--平方米,建筑面积,--平方米
项目楼栋情况,嘉信云峰公馆1栋,座号,A,合同号,--,拟售价格,39855.99元/平方米(按建筑面积计)楼层,30,房号,3010,用途,商务公寓,,建筑面积44.74平方米,户内面积,28.91平方米,分摊面积,15.83平方米,户内面积,--平方米,分摊面积--平方米,建筑面积,--平方米
项目楼栋情况,嘉信云峰公馆1栋,座号,A,合同号,--,拟售价格,42573.01元/平方米(按建筑面积计)楼层,29,房号,2901,用途,商务公寓,,建筑面积65.87平方米,户内面积,42.57平方米,分摊面积,23.3平方米,户内面积,--平方米,分摊面积--平方米,建筑面积,--平方米
项目楼栋情况,嘉信云峰公馆1栋,座号,A,合同号,--,拟售价格,42058.99元/平方米(按建筑面积计)楼层,29,房号,2902,用途,商务公寓,,建筑面积46.38平方米,户内面积,29.97平方米,分摊面积,16.41平方米,户内面积,--平方米,分摊面积--平方米,建筑面积,--平方米
项目楼栋情况,嘉信云峰公馆1栋,座号,A,合同号,--,拟售价格,42017元/平方米(按建筑面积计)楼层,29,房号,2903,用途,商务公寓,,建筑面积46.3平方米,户内面积,29.93平方米,分摊面积,16.37平方米,户内面积,--平方米,分摊面积--平方米,建筑面积,--平方米
项目楼栋情况,嘉信云峰公馆1栋,座号,A,合同号,--,拟售价格,42603元/平方米(按建筑面积计)楼层,29,房号,2904,用途,商务公寓,,建筑面积65.74平方米,户内面积,42.49平方米,分摊面积,23.25平方米,户内面积,--平方米,分摊面积--平方米,建筑面积,--平方米
项目楼栋情况,嘉信云峰公馆1栋,座号,A,合同号,--,拟售价格,40139.01元/平方米(按建筑面积计)楼层,29,房号,2905,用途,商务公寓,,建筑面积40.84平方米,户内面积,26.39平方米,分摊面积,14.45平方米,户内面积,--平方米,分摊面积--平方米,建筑面积,--平方米
项目楼栋情况,嘉信云峰公馆1栋,座号,A,合同号,--,拟售价格,40139元/平方米(按建筑面积计)楼层,29,房号,2906,用途,商务公寓,,建筑面积40.9平方米,户内面积,26.44平方米,分摊面积,14.46平方米,户内面积,--平方米,分摊面积--平方米,建筑面积,--平方米
项目楼栋情况,嘉信云峰公馆1栋,座号,A,合同号,--,拟售价格,40745元/平方米(按建筑面积计)楼层,29,房号,2907,用途,商务公寓,,建筑面积65.38平方米,户内面积,42.25平方米,分摊面积,23.13平方米,户内面积,--平方米,分摊面积--平方米,建筑面积,--平方米
项目楼栋情况,嘉信云峰公馆1栋,座号,A,合同号,--,拟售价格,39602.99元/平方米(按建筑面积计)楼层,29,房号,2908,用途,商务公寓,,建筑面积36.75平方米,户内面积,23.75平方米,分摊面积,13平方米,户内面积,--平方米,分摊面积--平方米,建筑面积,--平方米
项目楼栋情况,嘉信云峰公馆1栋,座号,A,合同号,--,拟售价格,39923元/平方米(按建筑面积计)楼层,29,房号,2909,用途,商务公寓,,建筑面积37.34平方米,户内面积,24.14平方米,分摊面积,13.2平方米,户内面积,--平方米,分摊面积--平方米,建筑面积,--平方米
项目楼栋情况,嘉信云峰公馆1栋,座号,A,合同号,--,拟售价格,39775.99元/平方米(按建筑面积计)楼层,29,房号,2910,用途,商务公寓,,建筑面积44.74平方米,户内面积,28.91平方米,分摊面积,15.83平方米,户内面积,--平方米,分摊面积--平方米,建筑面积,--平方米
项目楼栋情况,嘉信云峰公馆1栋,座号,A,合同号,--,拟售价格,42493元/平方米(按建筑面积计)楼层,28,房号,2801,用途,商务公寓,,建筑面积65.87平方米,户内面积,42.57平方米,分摊面积,23.3平方米,户内面积,--平方米,分摊面积--平方米,建筑面积,--平方米
项目楼栋情况,嘉信云峰公馆1栋,座号,A,合同号,--,拟售价格,41979元/平方米(按建筑面积计)楼层,28,房号,2802,用途,商务公寓,,建筑面积46.38平方米,户内面积,29.97平方米,分摊面积,16.41平方米,户内面积,--平方米,分摊面积--平方米,建筑面积,--平方米
项目楼栋情况,嘉信云峰公馆1栋,座号,A,合同号,--,拟售价格,41937元/平方米(按建筑面积计)楼层,28,房号,2803,用途,商务公寓,,建筑面积46.3平方米,户内面积,29.93平方米,分摊面积,16.37平方米,户内面积,--平方米,分摊面积--平方米,建筑面积,--平方米
项目楼栋情况,嘉信云峰公馆1栋,座号,A,合同号,--,拟售价格,42523元/平方米(按建筑面积计)楼层,28,房号,2804,用途,商务公寓,,建筑面积65.74平方米,户内面积,42.49平方米,分摊面积,23.25平方米,户内面积,--平方米,分摊面积--平方米,建筑面积,--平方米
项目楼栋情况,嘉信云峰公馆1栋,座号,A,合同号,--,拟售价格,40059.01元/平方米(按建筑面积计)楼层,28,房号,2805,用途,商务公寓,,建筑面积40.84平方米,户内面积,26.39平方米,分摊面积,14.45平方米,户内面积,--平方米,分摊面积--平方米,建筑面积,--平方米
项目楼栋情况,嘉信云峰公馆1栋,座号,A,合同号,--,拟售价格,40059元/平方米(按建筑面积计)楼层,28,房号,2806,用途,商务公寓,,建筑面积40.9平方米,户内面积,26.44平方米,分摊面积,14.46平方米,户内面积,--平方米,分摊面积--平方米,建筑面积,--平方米
项目楼栋情况,嘉信云峰公馆1栋,座号,A,合同号,--,拟售价格,40665元/平方米(按建筑面积计)楼层,28,房号,2807,用途,商务公寓,,建筑面积65.38平方米,户内面积,42.25平方米,分摊面积,23.13平方米,户内面积,--平方米,分摊面积--平方米,建筑面积,--平方米
项目楼栋情况,嘉信云峰公馆1栋,座号,A,合同号,--,拟售价格,39522.99元/平方米(按建筑面积计)楼层,28,房号,2808,用途,商务公寓,,建筑面积36.75平方米,户内面积,23.75平方米,分摊面积,13平方米,户内面积,--平方米,分摊面积--平方米,建筑面积,--平方米
项目楼栋情况,嘉信云峰公馆1栋,座号,A,合同号,--,拟售价格,39843.01元/平方米(按建筑面积计)楼层,28,房号,2809,用途,商务公寓,,建筑面积37.34平方米,户内面积,24.14平方米,分摊面积,13.2平方米,户内面积,--平方米,分摊面积--平方米,建筑面积,--平方米
项目楼栋情况,嘉信云峰公馆1栋,座号,A,合同号,--,拟售价格,39696元/平方米(按建筑面积计)楼层,28,房号,2810,用途,商务公寓,,建筑面积44.74平方米,户内面积,28.91平方米,分摊面积,15.83平方米,户内面积,--平方米,分摊面积--平方米,建筑面积,--平方米
项目楼栋情况,嘉信云峰公馆1栋,座号,A,合同号,--,拟售价格,42413元/平方米(按建筑面积计)楼层,27,房号,2701,用途,商务公寓,,建筑面积65.87平方米,户内面积,42.57平方米,分摊面积,23.3平方米,户内面积,--平方米,分摊面积--平方米,建筑面积,--平方米
项目楼栋情况,嘉信云峰公馆1栋,座号,A,合同号,--,拟售价格,41899.01元/平方米(按建筑面积计)楼层,27,房号,2702,用途,商务公寓,,建筑面积46.38平方米,户内面积,29.97平方米,分摊面积,16.41平方米,户内面积,--平方米,分摊面积--平方米,建筑面积,--平方米
项目楼栋情况,嘉信云峰公馆1栋,座号,A,合同号,--,拟售价格,41857元/平方米(按建筑面积计)楼层,27,房号,2703,用途,商务公寓,,建筑面积46.3平方米,户内面积,29.93平方米,分摊面积,16.37平方米,户内面积,--平方米,分摊面积--平方米,建筑面积,--平方米
项目楼栋情况,嘉信云峰公馆1栋,座号,A,合同号,--,拟售价格,42443元/平方米(按建筑面积计)楼层,27,房号,2704,用途,商务公寓,,建筑面积65.74平方米,户内面积,42.49平方米,分摊面积,23.25平方米,户内面积,--平方米,分摊面积--平方米,建筑面积,--平方米
项目楼栋情况,嘉信云峰公馆1栋,座号,A,合同号,--,拟售价格,39978.99元/平方米(按建筑面积计)楼层,27,房号,2705,用途,商务公寓,,建筑面积40.84平方米,户内面积,26.39平方米,分摊面积,14.45平方米,户内面积,--平方米,分摊面积--平方米,建筑面积,--平方米
项目楼栋情况,嘉信云峰公馆1栋,座号,A,合同号,--,拟售价格,39979元/平方米(按建筑面积计)楼层,27,房号,2706,用途,商务公寓,,建筑面积40.9平方米,户内面积,26.44平方米,分摊面积,14.46平方米,户内面积,--平方米,分摊面积--平方米,建筑面积,--平方米
项目楼栋情况,嘉信云峰公馆1栋,座号,A,合同号,--,拟售价格,40585元/平方米(按建筑面积计)楼层,27,房号,2707,用途,商务公寓,,建筑面积65.38平方米,户内面积,42.25平方米,分摊面积,23.13平方米,户内面积,--平方米,分摊面积--平方米,建筑面积,--平方米
项目楼栋情况,嘉信云峰公馆1栋,座号,A,合同号,--,拟售价格,39442.99元/平方米(按建筑面积计)楼层,27,房号,2708,用途,商务公寓,,建筑面积36.75平方米,户内面积,23.75平方米,分摊面积,13平方米,户内面积,--平方米,分摊面积--平方米,建筑面积,--平方米
项目楼栋情况,嘉信云峰公馆1栋,座号,A,合同号,--,拟售价格,39762.99元/平方米(按建筑面积计)楼层,27,房号,2709,用途,商务公寓,,建筑面积37.34平方米,户内面积,24.14平方米,分摊面积,13.2平方米,户内面积,--平方米,分摊面积--平方米,建筑面积,--平方米
项目楼栋情况,嘉信云峰公馆1栋,座号,A,合同号,--,拟售价格,39616元/平方米(按建筑面积计)楼层,27,房号,2710,用途,商务公寓,,建筑面积44.74平方米,户内面积,28.91平方米,分摊面积,15.83平方米,户内面积,--平方米,分摊面积--平方米,建筑面积,--平方米
项目楼栋情况,嘉信云峰公馆1栋,座号,A,合同号,--,拟售价格,42333元/平方米(按建筑面积计)楼层,26,房号,2601,用途,商务公寓,,建筑面积65.87平方米,户内面积,42.57平方米,分摊面积,23.3平方米,户内面积,--平方米,分摊面积--平方米,建筑面积,--平方米
项目楼栋情况,嘉信云峰公馆1栋,座号,A,合同号,--,拟售价格,41819元/平方米(按建筑面积计)楼层,26,房号,2602,用途,商务公寓,,建筑面积46.38平方米,户内面积,29.97平方米,分摊面积,16.41平方米,户内面积,--平方米,分摊面积--平方米,建筑面积,--平方米
项目楼栋情况,嘉信云峰公馆1栋,座号,A,合同号,--,拟售价格,41777元/平方米(按建筑面积计)楼层,26,房号,2603,用途,商务公寓,,建筑面积46.3平方米,户内面积,29.93平方米,分摊面积,16.37平方米,户内面积,--平方米,分摊面积--平方米,建筑面积,--平方米
项目楼栋情况,嘉信云峰公馆1栋,座号,A,合同号,--,拟售价格,42363.01元/平方米(按建筑面积计)楼层,26,房号,2604,用途,商务公寓,,建筑面积65.74平方米,户内面积,42.49平方米,分摊面积,23.25平方米,户内面积,--平方米,分摊面积--平方米,建筑面积,--平方米
项目楼栋情况,嘉信云峰公馆1栋,座号,A,合同号,--,拟售价格,39899元/平方米(按建筑面积计)楼层,26,房号,2605,用途,商务公寓,,建筑面积40.84平方米,户内面积,26.39平方米,分摊面积,14.45平方米,户内面积,--平方米,分摊面积--平方米,建筑面积,--平方米
项目楼栋情况,嘉信云峰公馆1栋,座号,A,合同号,--,拟售价格,39899元/平方米(按建筑面积计)楼层,26,房号,2606,用途,商务公寓,,建筑面积40.9平方米,户内面积,26.44平方米,分摊面积,14.46平方米,户内面积,--平方米,分摊面积--平方米,建筑面积,--平方米
项目楼栋情况,嘉信云峰公馆1栋,座号,A,合同号,--,拟售价格,40505元/平方米(按建筑面积计)楼层,26,房号,2607,用途,商务公寓,,建筑面积65.38平方米,户内面积,42.25平方米,分摊面积,23.13平方米,户内面积,--平方米,分摊面积--平方米,建筑面积,--平方米
项目楼栋情况,嘉信云峰公馆1栋,座号,A,合同号,--,拟售价格,39362.99元/平方米(按建筑面积计)楼层,26,房号,2608,用途,商务公寓,,建筑面积36.75平方米,户内面积,23.75平方米,分摊面积,13平方米,户内面积,--平方米,分摊面积--平方米,建筑面积,--平方米
项目楼栋情况,嘉信云峰公馆1栋,座号,A,合同号,--,拟售价格,39682.99元/平方米(按建筑面积计)楼层,26,房号,2609,用途,商务公寓,,建筑面积37.34平方米,户内面积,24.14平方米,分摊面积,13.2平方米,户内面积,--平方米,分摊面积--平方米,建筑面积,--平方米
项目楼栋情况,嘉信云峰公馆1栋,座号,A,合同号,--,拟售价格,39536.01元/平方米(按建筑面积计)楼层,26,房号,2610,用途,商务公寓,,建筑面积44.74平方米,户内面积,28.91平方米,分摊面积,15.83平方米,户内面积,--平方米,分摊面积--平方米,建筑面积,--平方米
项目楼栋情况,嘉信云峰公馆1栋,座号,A,合同号,--,拟售价格,42253元/平方米(按建筑面积计)楼层,25,房号,2501,用途,商务公寓,,建筑面积65.87平方米,户内面积,42.57平方米,分摊面积,23.3平方米,户内面积,--平方米,分摊面积--平方米,建筑面积,--平方米
项目楼栋情况,嘉信云峰公馆1栋,座号,A,合同号,--,拟售价格,41739元/平方米(按建筑面积计)楼层,25,房号,2502,用途,商务公寓,,建筑面积46.38平方米,户内面积,29.97平方米,分摊面积,16.41平方米,户内面积,--平方米,分摊面积--平方米,建筑面积,--平方米
项目楼栋情况,嘉信云峰公馆1栋,座号,A,合同号,--,拟售价格,41697元/平方米(按建筑面积计)楼层,25,房号,2503,用途,商务公寓,,建筑面积46.3平方米,户内面积,29.93平方米,分摊面积,16.37平方米,户内面积,--平方米,分摊面积--平方米,建筑面积,--平方米
项目楼栋情况,嘉信云峰公馆1栋,座号,A,合同号,--,拟售价格,42282.99元/平方米(按建筑面积计)楼层,25,房号,2504,用途,商务公寓,,建筑面积65.74平方米,户内面积,42.49平方米,分摊面积,23.25平方米,户内面积,--平方米,分摊面积--平方米,建筑面积,--平方米
项目楼栋情况,嘉信云峰公馆1栋,座号,A,合同号,--,拟售价格,39819元/平方米(按建筑面积计)楼层,25,房号,2505,用途,商务公寓,,建筑面积40.84平方米,户内面积,26.39平方米,分摊面积,14.45平方米,户内面积,--平方米,分摊面积--平方米,建筑面积,--平方米
项目楼栋情况,嘉信云峰公馆1栋,座号,A,合同号,--,拟售价格,39819元/平方米(按建筑面积计)楼层,25,房号,2506,用途,商务公寓,,建筑面积40.9平方米,户内面积,26.44平方米,分摊面积,14.46平方米,户内面积,--平方米,分摊面积--平方米,建筑面积,--平方米
项目楼栋情况,嘉信云峰公馆1栋,座号,A,合同号,--,拟售价格,40425.01元/平方米(按建筑面积计)楼层,25,房号,2507,用途,商务公寓,,建筑面积65.38平方米,户内面积,42.25平方米,分摊面积,23.13平方米,户内面积,--平方米,分摊面积--平方米,建筑面积,--平方米
项目楼栋情况,嘉信云峰公馆1栋,座号,A,合同号,--,拟售价格,39282.99元/平方米(按建筑面积计)楼层,25,房号,2508,用途,商务公寓,,建筑面积36.75平方米,户内面积,23.75平方米,分摊面积,13平方米,户内面积,--平方米,分摊面积--平方米,建筑面积,--平方米
项目楼栋情况,嘉信云峰公馆1栋,座号,A,合同号,--,拟售价格,39603元/平方米(按建筑面积计)楼层,25,房号,2509,用途,商务公寓,,建筑面积37.34平方米,户内面积,24.14平方米,分摊面积,13.2平方米,户内面积,--平方米,分摊面积--平方米,建筑面积,--平方米
项目楼栋情况,嘉信云峰公馆1栋,座号,A,合同号,--,拟售价格,39455.99元/平方米(按建筑面积计)楼层,25,房号,2510,用途,商务公寓,,建筑面积44.74平方米,户内面积,28.91平方米,分摊面积,15.83平方米,户内面积,--平方米,分摊面积--平方米,建筑面积,--平方米
项目楼栋情况,嘉信云峰公馆1栋,座号,A,合同号,--,拟售价格,42173.01元/平方米(按建筑面积计)楼层,24,房号,2401,用途,商务公寓,,建筑面积65.87平方米,户内面积,42.57平方米,分摊面积,23.3平方米,户内面积,--平方米,分摊面积--平方米,建筑面积,--平方米
项目楼栋情况,嘉信云峰公馆1栋,座号,A,合同号,--,拟售价格,41658.99元/平方米(按建筑面积计)楼层,24,房号,2402,用途,商务公寓,,建筑面积46.38平方米,户内面积,29.97平方米,分摊面积,16.41平方米,户内面积,--平方米,分摊面积--平方米,建筑面积,--平方米
项目楼栋情况,嘉信云峰公馆1栋,座号,A,合同号,--,拟售价格,41617元/平方米(按建筑面积计)楼层,24,房号,2403,用途,商务公寓,,建筑面积46.3平方米,户内面积,29.93平方米,分摊面积,16.37平方米,户内面积,--平方米,分摊面积--平方米,建筑面积,--平方米
项目楼栋情况,嘉信云峰公馆1栋,座号,A,合同号,--,拟售价格,42203元/平方米(按建筑面积计)楼层,24,房号,2404,用途,商务公寓,,建筑面积65.74平方米,户内面积,42.49平方米,分摊面积,23.25平方米,户内面积,--平方米,分摊面积--平方米,建筑面积,--平方米
项目楼栋情况,嘉信云峰公馆1栋,座号,A,合同号,--,拟售价格,39739.01元/平方米(按建筑面积计)楼层,24,房号,2405,用途,商务公寓,,建筑面积40.84平方米,户内面积,26.39平方米,分摊面积,14.45平方米,户内面积,--平方米,分摊面积--平方米,建筑面积,--平方米
项目楼栋情况,嘉信云峰公馆1栋,座号,A,合同号,--,拟售价格,39739元/平方米(按建筑面积计)楼层,24,房号,2406,用途,商务公寓,,建筑面积40.9平方米,户内面积,26.44平方米,分摊面积,14.46平方米,户内面积,--平方米,分摊面积--平方米,建筑面积,--平方米
项目楼栋情况,嘉信云峰公馆1栋,座号,A,合同号,--,拟售价格,40345元/平方米(按建筑面积计)楼层,24,房号,2407,用途,商务公寓,,建筑面积65.38平方米,户内面积,42.25平方米,分摊面积,23.13平方米,户内面积,--平方米,分摊面积--平方米,建筑面积,--平方米
项目楼栋情况,嘉信云峰公馆1栋,座号,A,合同号,--,拟售价格,39202.99元/平方米(按建筑面积计)楼层,24,房号,2408,用途,商务公寓,,建筑面积36.75平方米,户内面积,23.75平方米,分摊面积,13平方米,户内面积,--平方米,分摊面积--平方米,建筑面积,--平方米
项目楼栋情况,嘉信云峰公馆1栋,座号,A,合同号,--,拟售价格,39523元/平方米(按建筑面积计)楼层,24,房号,2409,用途,商务公寓,,建筑面积37.34平方米,户内面积,24.14平方米,分摊面积,13.2平方米,户内面积,--平方米,分摊面积--平方米,建筑面积,--平方米
项目楼栋情况,嘉信云峰公馆1栋,座号,A,合同号,--,拟售价格,39375.99元/平方米(按建筑面积计)楼层,24,房号,2410,用途,商务公寓,,建筑面积44.74平方米,户内面积,28.91平方米,分摊面积,15.83平方米,户内面积,--平方米,分摊面积--平方米,建筑面积,--平方米
项目楼栋情况,嘉信云峰公馆1栋,座号,A,合同号,--,拟售价格,42093元/平方米(按建筑面积计)楼层,23,房号,2301,用途,商务公寓,,建筑面积65.87平方米,户内面积,42.57平方米,分摊面积,23.3平方米,户内面积,--平方米,分摊面积--平方米,建筑面积,--平方米
项目楼栋情况,嘉信云峰公馆1栋,座号,A,合同号,--,拟售价格,41579元/平方米(按建筑面积计)楼层,23,房号,2302,用途,商务公寓,,建筑面积46.38平方米,户内面积,29.97平方米,分摊面积,16.41平方米,户内面积,--平方米,分摊面积--平方米,建筑面积,--平方米
项目楼栋情况,嘉信云峰公馆1栋,座号,A,合同号,--,拟售价格,41537元/平方米(按建筑面积计)楼层,23,房号,2303,用途,商务公寓,,建筑面积46.3平方米,户内面积,29.93平方米,分摊面积,16.37平方米,户内面积,--平方米,分摊面积--平方米,建筑面积,--平方米
项目楼栋情况,嘉信云峰公馆1栋,座号,A,合同号,--,拟售价格,42123元/平方米(按建筑面积计)楼层,23,房号,2304,用途,商务公寓,,建筑面积65.74平方米,户内面积,42.49平方米,分摊面积,23.25平方米,户内面积,--平方米,分摊面积--平方米,建筑面积,--平方米
项目楼栋情况,嘉信云峰公馆1栋,座号,A,合同号,--,拟售价格,39659.01元/平方米(按建筑面积计)楼层,23,房号,2305,用途,商务公寓,,建筑面积40.84平方米,户内面积,26.39平方米,分摊面积,14.45平方米,户内面积,--平方米,分摊面积--平方米,建筑面积,--平方米
项目楼栋情况,嘉信云峰公馆1栋,座号,A,合同号,--,拟售价格,39659元/平方米(按建筑面积计)楼层,23,房号,2306,用途,商务公寓,,建筑面积40.9平方米,户内面积,26.44平方米,分摊面积,14.46平方米,户内面积,--平方米,分摊面积--平方米,建筑面积,--平方米
项目楼栋情况,嘉信云峰公馆1栋,座号,A,合同号,--,拟售价格,40265元/平方米(按建筑面积计)楼层,23,房号,2307,用途,商务公寓,,建筑面积65.38平方米,户内面积,42.25平方米,分摊面积,23.13平方米,户内面积,--平方米,分摊面积--平方米,建筑面积,--平方米
项目楼栋情况,嘉信云峰公馆1栋,座号,A,合同号,--,拟售价格,39122.99元/平方米(按建筑面积计)楼层,23,房号,2308,用途,商务公寓,,建筑面积36.75平方米,户内面积,23.75平方米,分摊面积,13平方米,户内面积,--平方米,分摊面积--平方米,建筑面积,--平方米
项目楼栋情况,嘉信云峰公馆1栋,座号,A,合同号,--,拟售价格,39443.01元/平方米(按建筑面积计)楼层,23,房号,2309,用途,商务公寓,,建筑面积37.34平方米,户内面积,24.14平方米,分摊面积,13.2平方米,户内面积,--平方米,分摊面积--平方米,建筑面积,--平方米
项目楼栋情况,嘉信云峰公馆1栋,座号,A,合同号,--,拟售价格,39296元/平方米(按建筑面积计)楼层,23,房号,2310,用途,商务公寓,,建筑面积44.74平方米,户内面积,28.91平方米,分摊面积,15.83平方米,户内面积,--平方米,分摊面积--平方米,建筑面积,--平方米
项目楼栋情况,嘉信云峰公馆1栋,座号,A,合同号,--,拟售价格,42013元/平方米(按建筑面积计)楼层,22,房号,2201,用途,商务公寓,,建筑面积65.87平方米,户内面积,42.57平方米,分摊面积,23.3平方米,户内面积,--平方米,分摊面积--平方米,建筑面积,--平方米
项目楼栋情况,嘉信云峰公馆1栋,座号,A,合同号,--,拟售价格,41499.01元/平方米(按建筑面积计)楼层,22,房号,2202,用途,商务公寓,,建筑面积46.38平方米,户内面积,29.97平方米,分摊面积,16.41平方米,户内面积,--平方米,分摊面积--平方米,建筑面积,--平方米
项目楼栋情况,嘉信云峰公馆1栋,座号,A,合同号,--,拟售价格,41457元/平方米(按建筑面积计)楼层,22,房号,2203,用途,商务公寓,,建筑面积46.3平方米,户内面积,29.93平方米,分摊面积,16.37平方米,户内面积,--平方米,分摊面积--平方米,建筑面积,--平方米
项目楼栋情况,嘉信云峰公馆1栋,座号,A,合同号,--,拟售价格,42043元/平方米(按建筑面积计)楼层,22,房号,2204,用途,商务公寓,,建筑面积65.74平方米,户内面积,42.49平方米,分摊面积,23.25平方米,户内面积,--平方米,分摊面积--平方米,建筑面积,--平方米
项目楼栋情况,嘉信云峰公馆1栋,座号,A,合同号,--,拟售价格,39549元/平方米(按建筑面积计)楼层,22,房号,2205,用途,商务公寓,,建筑面积40.84平方米,户内面积,26.39平方米,分摊面积,14.45平方米,户内面积,--平方米,分摊面积--平方米,建筑面积,--平方米
项目楼栋情况,嘉信云峰公馆1栋,座号,A,合同号,--,拟售价格,39549元/平方米(按建筑面积计)楼层,22,房号,2206,用途,商务公寓,,建筑面积40.9平方米,户内面积,26.44平方米,分摊面积,14.46平方米,户内面积,--平方米,分摊面积--平方米,建筑面积,--平方米
项目楼栋情况,嘉信云峰公馆1栋,座号,A,合同号,--,拟售价格,40185元/平方米(按建筑面积计)楼层,22,房号,2207,用途,商务公寓,,建筑面积65.38平方米,户内面积,42.25平方米,分摊面积,23.13平方米,户内面积,--平方米,分摊面积--平方米,建筑面积,--平方米
项目楼栋情况,嘉信云峰公馆1栋,座号,A,合同号,--,拟售价格,39042.99元/平方米(按建筑面积计)楼层,22,房号,2208,用途,商务公寓,,建筑面积36.75平方米,户内面积,23.75平方米,分摊面积,13平方米,户内面积,--平方米,分摊面积--平方米,建筑面积,--平方米
项目楼栋情况,嘉信云峰公馆1栋,座号,A,合同号,--,拟售价格,39362.99元/平方米(按建筑面积计)楼层,22,房号,2209,用途,商务公寓,,建筑面积37.34平方米,户内面积,24.14平方米,分摊面积,13.2平方米,户内面积,--平方米,分摊面积--平方米,建筑面积,--平方米
项目楼栋情况,嘉信云峰公馆1栋,座号,A,合同号,--,拟售价格,39216元/平方米(按建筑面积计)楼层,22,房号,2210,用途,商务公寓,,建筑面积44.74平方米,户内面积,28.91平方米,分摊面积,15.83平方米,户内面积,--平方米,分摊面积--平方米,建筑面积,--平方米
项目楼栋情况,嘉信云峰公馆1栋,座号,A,合同号,--,拟售价格,41933元/平方米(按建筑面积计)楼层,21,房号,2101,用途,商务公寓,,建筑面积65.87平方米,户内面积,42.57平方米,分摊面积,23.3平方米,户内面积,--平方米,分摊面积--平方米,建筑面积,--平方米
项目楼栋情况,嘉信云峰公馆1栋,座号,A,合同号,--,拟售价格,41419元/平方米(按建筑面积计)楼层,21,房号,2102,用途,商务公寓,,建筑面积46.38平方米,户内面积,29.97平方米,分摊面积,16.41平方米,户内面积,--平方米,分摊面积--平方米,建筑面积,--平方米
项目楼栋情况,嘉信云峰公馆1栋,座号,A,合同号,--,拟售价格,41377元/平方米(按建筑面积计)楼层,21,房号,2103,用途,商务公寓,,建筑面积46.3平方米,户内面积,29.93平方米,分摊面积,16.37平方米,户内面积,--平方米,分摊面积--平方米,建筑面积,--平方米
项目楼栋情况,嘉信云峰公馆1栋,座号,A,合同号,--,拟售价格,41963.01元/平方米(按建筑面积计)楼层,21,房号,2104,用途,商务公寓,,建筑面积65.74平方米,户内面积,42.49平方米,分摊面积,23.25平方米,户内面积,--平方米,分摊面积--平方米,建筑面积,--平方米
项目楼栋情况,嘉信云峰公馆1栋,座号,A,合同号,--,拟售价格,39469元/平方米(按建筑面积计)楼层,21,房号,2105,用途,商务公寓,,建筑面积40.84平方米,户内面积,26.39平方米,分摊面积,14.45平方米,户内面积,--平方米,分摊面积--平方米,建筑面积,--平方米
项目楼栋情况,嘉信云峰公馆1栋,座号,A,合同号,--,拟售价格,39469元/平方米(按建筑面积计)楼层,21,房号,2106,用途,商务公寓,,建筑面积40.9平方米,户内面积,26.44平方米,分摊面积,14.46平方米,户内面积,--平方米,分摊面积--平方米,建筑面积,--平方米
项目楼栋情况,嘉信云峰公馆1栋,座号,A,合同号,--,拟售价格,40105元/平方米(按建筑面积计)楼层,21,房号,2107,用途,商务公寓,,建筑面积65.38平方米,户内面积,42.25平方米,分摊面积,23.13平方米,户内面积,--平方米,分摊面积--平方米,建筑面积,--平方米
项目楼栋情况,嘉信云峰公馆1栋,座号,A,合同号,--,拟售价格,38962.99元/平方米(按建筑面积计)楼层,21,房号,2108,用途,商务公寓,,建筑面积36.75平方米,户内面积,23.75平方米,分摊面积,13平方米,户内面积,--平方米,分摊面积--平方米,建筑面积,--平方米
项目楼栋情况,嘉信云峰公馆1栋,座号,A,合同号,--,拟售价格,39282.99元/平方米(按建筑面积计)楼层,21,房号,2109,用途,商务公寓,,建筑面积37.34平方米,户内面积,24.14平方米,分摊面积,13.2平方米,户内面积,--平方米,分摊面积--平方米,建筑面积,--平方米
项目楼栋情况,嘉信云峰公馆1栋,座号,A,合同号,--,拟售价格,39136.01元/平方米(按建筑面积计)楼层,21,房号,2110,用途,商务公寓,,建筑面积44.74平方米,户内面积,28.91平方米,分摊面积,15.83平方米,户内面积,--平方米,分摊面积--平方米,建筑面积,--平方米
项目楼栋情况,嘉信云峰公馆1栋,座号,A,合同号,--,拟售价格,41853元/平方米(按建筑面积计)楼层,20,房号,2001,用途,商务公寓,,建筑面积65.87平方米,户内面积,42.57平方米,分摊面积,23.3平方米,户内面积,--平方米,分摊面积--平方米,建筑面积,--平方米
项目楼栋情况,嘉信云峰公馆1栋,座号,A,合同号,--,拟售价格,41339元/平方米(按建筑面积计)楼层,20,房号,2002,用途,商务公寓,,建筑面积46.38平方米,户内面积,29.97平方米,分摊面积,16.41平方米,户内面积,--平方米,分摊面积--平方米,建筑面积,--平方米
项目楼栋情况,嘉信云峰公馆1栋,座号,A,合同号,--,拟售价格,41297元/平方米(按建筑面积计)楼层,20,房号,2003,用途,商务公寓,,建筑面积46.3平方米,户内面积,29.93平方米,分摊面积,16.37平方米,户内面积,--平方米,分摊面积--平方米,建筑面积,--平方米
项目楼栋情况,嘉信云峰公馆1栋,座号,A,合同号,--,拟售价格,41882.99元/平方米(按建筑面积计)楼层,20,房号,2004,用途,商务公寓,,建筑面积65.74平方米,户内面积,42.49平方米,分摊面积,23.25平方米,户内面积,--平方米,分摊面积--平方米,建筑面积,--平方米
项目楼栋情况,嘉信云峰公馆1栋,座号,A,合同号,--,拟售价格,39389.01元/平方米(按建筑面积计)楼层,20,房号,2005,用途,商务公寓,,建筑面积40.84平方米,户内面积,26.39平方米,分摊面积,14.45平方米,户内面积,--平方米,分摊面积--平方米,建筑面积,--平方米
项目楼栋情况,嘉信云峰公馆1栋,座号,A,合同号,--,拟售价格,39389元/平方米(按建筑面积计)楼层,20,房号,2006,用途,商务公寓,,建筑面积40.9平方米,户内面积,26.44平方米,分摊面积,14.46平方米,户内面积,--平方米,分摊面积--平方米,建筑面积,--平方米
项目楼栋情况,嘉信云峰公馆1栋,座号,A,合同号,--,拟售价格,40025.01元/平方米(按建筑面积计)楼层,20,房号,2007,用途,商务公寓,,建筑面积65.38平方米,户内面积,42.25平方米,分摊面积,23.13平方米,户内面积,--平方米,分摊面积--平方米,建筑面积,--平方米
项目楼栋情况,嘉信云峰公馆1栋,座号,A,合同号,--,拟售价格,38882.99元/平方米(按建筑面积计)楼层,20,房号,2008,用途,商务公寓,,建筑面积36.75平方米,户内面积,23.75平方米,分摊面积,13平方米,户内面积,--平方米,分摊面积--平方米,建筑面积,--平方米
项目楼栋情况,嘉信云峰公馆1栋,座号,A,合同号,--,拟售价格,39203元/平方米(按建筑面积计)楼层,20,房号,2009,用途,商务公寓,,建筑面积37.34平方米,户内面积,24.14平方米,分摊面积,13.2平方米,户内面积,--平方米,分摊面积--平方米,建筑面积,--平方米
项目楼栋情况,嘉信云峰公馆1栋,座号,A,合同号,--,拟售价格,39055.99元/平方米(按建筑面积计)楼层,20,房号,2010,用途,商务公寓,,建筑面积44.74平方米,户内面积,28.91平方米,分摊面积,15.83平方米,户内面积,--平方米,分摊面积--平方米,建筑面积,--平方米
项目楼栋情况,嘉信云峰公馆1栋,座号,A,合同号,--,拟售价格,41773.01元/平方米(按建筑面积计)楼层,19,房号,1901,用途,商务公寓,,建筑面积65.87平方米,户内面积,42.57平方米,分摊面积,23.3平方米,户内面积,--平方米,分摊面积--平方米,建筑面积,--平方米
项目楼栋情况,嘉信云峰公馆1栋,座号,A,合同号,--,拟售价格,41258.99元/平方米(按建筑面积计)楼层,19,房号,1902,用途,商务公寓,,建筑面积46.38平方米,户内面积,29.97平方米,分摊面积,16.41平方米,户内面积,--平方米,分摊面积--平方米,建筑面积,--平方米
项目楼栋情况,嘉信云峰公馆1栋,座号,A,合同号,--,拟售价格,41217元/平方米(按建筑面积计)楼层,19,房号,1903,用途,商务公寓,,建筑面积46.3平方米,户内面积,29.93平方米,分摊面积,16.37平方米,户内面积,--平方米,分摊面积--平方米,建筑面积,--平方米
项目楼栋情况,嘉信云峰公馆1栋,座号,A,合同号,--,拟售价格,41803元/平方米(按建筑面积计)楼层,19,房号,1904,用途,商务公寓,,建筑面积65.74平方米,户内面积,42.49平方米,分摊面积,23.25平方米,户内面积,--平方米,分摊面积--平方米,建筑面积,--平方米
项目楼栋情况,嘉信云峰公馆1栋,座号,A,合同号,--,拟售价格,39309.01元/平方米(按建筑面积计)楼层,19,房号,1905,用途,商务公寓,,建筑面积40.84平方米,户内面积,26.39平方米,分摊面积,14.45平方米,户内面积,--平方米,分摊面积--平方米,建筑面积,--平方米
项目楼栋情况,嘉信云峰公馆1栋,座号,A,合同号,--,拟售价格,39309元/平方米(按建筑面积计)楼层,19,房号,1906,用途,商务公寓,,建筑面积40.9平方米,户内面积,26.44平方米,分摊面积,14.46平方米,户内面积,--平方米,分摊面积--平方米,建筑面积,--平方米
项目楼栋情况,嘉信云峰公馆1栋,座号,A,合同号,--,拟售价格,39945元/平方米(按建筑面积计)楼层,19,房号,1907,用途,商务公寓,,建筑面积65.38平方米,户内面积,42.25平方米,分摊面积,23.13平方米,户内面积,--平方米,分摊面积--平方米,建筑面积,--平方米
项目楼栋情况,嘉信云峰公馆1栋,座号,A,合同号,--,拟售价格,38802.99元/平方米(按建筑面积计)楼层,19,房号,1908,用途,商务公寓,,建筑面积36.75平方米,户内面积,23.75平方米,分摊面积,13平方米,户内面积,--平方米,分摊面积--平方米,建筑面积,--平方米
项目楼栋情况,嘉信云峰公馆1栋,座号,A,合同号,--,拟售价格,39123元/平方米(按建筑面积计)楼层,19,房号,1909,用途,商务公寓,,建筑面积37.34平方米,户内面积,24.14平方米,分摊面积,13.2平方米,户内面积,--平方米,分摊面积--平方米,建筑面积,--平方米
项目楼栋情况,嘉信云峰公馆1栋,座号,A,合同号,--,拟售价格,38975.99元/平方米(按建筑面积计)楼层,19,房号,1910,用途,商务公寓,,建筑面积44.74平方米,户内面积,28.91平方米,分摊面积,15.83平方米,户内面积,--平方米,分摊面积--平方米,建筑面积,--平方米
项目楼栋情况,嘉信云峰公馆1栋,座号,A,合同号,--,拟售价格,41693元/平方米(按建筑面积计)楼层,18,房号,1801,用途,商务公寓,,建筑面积65.87平方米,户内面积,42.57平方米,分摊面积,23.3平方米,户内面积,--平方米,分摊面积--平方米,建筑面积,--平方米
项目楼栋情况,嘉信云峰公馆1栋,座号,A,合同号,--,拟售价格,41179元/平方米(按建筑面积计)楼层,18,房号,1802,用途,商务公寓,,建筑面积46.38平方米,户内面积,29.97平方米,分摊面积,16.41平方米,户内面积,--平方米,分摊面积--平方米,建筑面积,--平方米
项目楼栋情况,嘉信云峰公馆1栋,座号,A,合同号,--,拟售价格,41137元/平方米(按建筑面积计)楼层,18,房号,1803,用途,商务公寓,,建筑面积46.3平方米,户内面积,29.93平方米,分摊面积,16.37平方米,户内面积,--平方米,分摊面积--平方米,建筑面积,--平方米
项目楼栋情况,嘉信云峰公馆1栋,座号,A,合同号,--,拟售价格,41723元/平方米(按建筑面积计)楼层,18,房号,1804,用途,商务公寓,,建筑面积65.74平方米,户内面积,42.49平方米,分摊面积,23.25平方米,户内面积,--平方米,分摊面积--平方米,建筑面积,--平方米
项目楼栋情况,嘉信云峰公馆1栋,座号,A,合同号,--,拟售价格,39228.99元/平方米(按建筑面积计)楼层,18,房号,1805,用途,商务公寓,,建筑面积40.84平方米,户内面积,26.39平方米,分摊面积,14.45平方米,户内面积,--平方米,分摊面积--平方米,建筑面积,--平方米
项目楼栋情况,嘉信云峰公馆1栋,座号,A,合同号,--,拟售价格,39229元/平方米(按建筑面积计)楼层,18,房号,1806,用途,商务公寓,,建筑面积40.9平方米,户内面积,26.44平方米,分摊面积,14.46平方米,户内面积,--平方米,分摊面积--平方米,建筑面积,--平方米
项目楼栋情况,嘉信云峰公馆1栋,座号,A,合同号,--,拟售价格,39865元/平方米(按建筑面积计)楼层,18,房号,1807,用途,商务公寓,,建筑面积65.38平方米,户内面积,42.25平方米,分摊面积,23.13平方米,户内面积,--平方米,分摊面积--平方米,建筑面积,--平方米
项目楼栋情况,嘉信云峰公馆1栋,座号,A,合同号,--,拟售价格,38722.99元/平方米(按建筑面积计)楼层,18,房号,1808,用途,商务公寓,,建筑面积36.75平方米,户内面积,23.75平方米,分摊面积,13平方米,户内面积,--平方米,分摊面积--平方米,建筑面积,--平方米
项目楼栋情况,嘉信云峰公馆1栋,座号,A,合同号,--,拟售价格,39043.01元/平方米(按建筑面积计)楼层,18,房号,1809,用途,商务公寓,,建筑面积37.34平方米,户内面积,24.14平方米,分摊面积,13.2平方米,户内面积,--平方米,分摊面积--平方米,建筑面积,--平方米
项目楼栋情况,嘉信云峰公馆1栋,座号,A,合同号,--,拟售价格,38896元/平方米(按建筑面积计)楼层,18,房号,1810,用途,商务公寓,,建筑面积44.74平方米,户内面积,28.91平方米,分摊面积,15.83平方米,户内面积,--平方米,分摊面积--平方米,建筑面积,--平方米
项目楼栋情况,嘉信云峰公馆1栋,座号,A,合同号,--,拟售价格,41613元/平方米(按建筑面积计)楼层,17,房号,1701,用途,商务公寓,,建筑面积65.87平方米,户内面积,42.57平方米,分摊面积,23.3平方米,户内面积,--平方米,分摊面积--平方米,建筑面积,--平方米
项目楼栋情况,嘉信云峰公馆1栋,座号,A,合同号,--,拟售价格,41099.01元/平方米(按建筑面积计)楼层,17,房号,1702,用途,商务公寓,,建筑面积46.38平方米,户内面积,29.97平方米,分摊面积,16.41平方米,户内面积,--平方米,分摊面积--平方米,建筑面积,--平方米
项目楼栋情况,嘉信云峰公馆1栋,座号,A,合同号,--,拟售价格,41057元/平方米(按建筑面积计)楼层,17,房号,1703,用途,商务公寓,,建筑面积46.3平方米,户内面积,29.93平方米,分摊面积,16.37平方米,户内面积,--平方米,分摊面积--平方米,建筑面积,--平方米
项目楼栋情况,嘉信云峰公馆1栋,座号,A,合同号,--,拟售价格,41643元/平方米(按建筑面积计)楼层,17,房号,1704,用途,商务公寓,,建筑面积65.74平方米,户内面积,42.49平方米,分摊面积,23.25平方米,户内面积,--平方米,分摊面积--平方米,建筑面积,--平方米
项目楼栋情况,嘉信云峰公馆1栋,座号,A,合同号,--,拟售价格,39149元/平方米(按建筑面积计)楼层,17,房号,1705,用途,商务公寓,,建筑面积40.84平方米,户内面积,26.39平方米,分摊面积,14.45平方米,户内面积,--平方米,分摊面积--平方米,建筑面积,--平方米
项目楼栋情况,嘉信云峰公馆1栋,座号,A,合同号,--,拟售价格,39149元/平方米(按建筑面积计)楼层,17,房号,1706,用途,商务公寓,,建筑面积40.9平方米,户内面积,26.44平方米,分摊面积,14.46平方米,户内面积,--平方米,分摊面积--平方米,建筑面积,--平方米
项目楼栋情况,嘉信云峰公馆1栋,座号,A,合同号,--,拟售价格,39785元/平方米(按建筑面积计)楼层,17,房号,1707,用途,商务公寓,,建筑面积65.38平方米,户内面积,42.25平方米,分摊面积,23.13平方米,户内面积,--平方米,分摊面积--平方米,建筑面积,--平方米
项目楼栋情况,嘉信云峰公馆1栋,座号,A,合同号,--,拟售价格,38642.99元/平方米(按建筑面积计)楼层,17,房号,1708,用途,商务公寓,,建筑面积36.75平方米,户内面积,23.75平方米,分摊面积,13平方米,户内面积,--平方米,分摊面积--平方米,建筑面积,--平方米
项目楼栋情况,嘉信云峰公馆1栋,座号,A,合同号,--,拟售价格,38962.99元/平方米(按建筑面积计)楼层,17,房号,1709,用途,商务公寓,,建筑面积37.34平方米,户内面积,24.14平方米,分摊面积,13.2平方米,户内面积,--平方米,分摊面积--平方米,建筑面积,--平方米
项目楼栋情况,嘉信云峰公馆1栋,座号,A,合同号,--,拟售价格,38816元/平方米(按建筑面积计)楼层,17,房号,1710,用途,商务公寓,,建筑面积44.74平方米,户内面积,28.91平方米,分摊面积,15.83平方米,户内面积,--平方米,分摊面积--平方米,建筑面积,--平方米
项目楼栋情况,嘉信云峰公馆1栋,座号,A,合同号,--,拟售价格,41533元/平方米(按建筑面积计)楼层,16,房号,1601,用途,商务公寓,,建筑面积65.87平方米,户内面积,42.57平方米,分摊面积,23.3平方米,户内面积,--平方米,分摊面积--平方米,建筑面积,--平方米
项目楼栋情况,嘉信云峰公馆1栋,座号,A,合同号,--,拟售价格,41019元/平方米(按建筑面积计)楼层,16,房号,1602,用途,商务公寓,,建筑面积46.38平方米,户内面积,29.97平方米,分摊面积,16.41平方米,户内面积,--平方米,分摊面积--平方米,建筑面积,--平方米
项目楼栋情况,嘉信云峰公馆1栋,座号,A,合同号,--,拟售价格,40977元/平方米(按建筑面积计)楼层,16,房号,1603,用途,商务公寓,,建筑面积46.3平方米,户内面积,29.93平方米,分摊面积,16.37平方米,户内面积,--平方米,分摊面积--平方米,建筑面积,--平方米
项目楼栋情况,嘉信云峰公馆1栋,座号,A,合同号,--,拟售价格,41563.01元/平方米(按建筑面积计)楼层,16,房号,1604,用途,商务公寓,,建筑面积65.74平方米,户内面积,42.49平方米,分摊面积,23.25平方米,户内面积,--平方米,分摊面积--平方米,建筑面积,--平方米
项目楼栋情况,嘉信云峰公馆1栋,座号,A,合同号,--,拟售价格,39069元/平方米(按建筑面积计)楼层,16,房号,1605,用途,商务公寓,,建筑面积40.84平方米,户内面积,26.39平方米,分摊面积,14.45平方米,户内面积,--平方米,分摊面积--平方米,建筑面积,--平方米
项目楼栋情况,嘉信云峰公馆1栋,座号,A,合同号,--,拟售价格,39069元/平方米(按建筑面积计)楼层,16,房号,1606,用途,商务公寓,,建筑面积40.9平方米,户内面积,26.44平方米,分摊面积,14.46平方米,户内面积,--平方米,分摊面积--平方米,建筑面积,--平方米
项目楼栋情况,嘉信云峰公馆1栋,座号,A,合同号,--,拟售价格,39705元/平方米(按建筑面积计)楼层,16,房号,1607,用途,商务公寓,,建筑面积65.38平方米,户内面积,42.25平方米,分摊面积,23.13平方米,户内面积,--平方米,分摊面积--平方米,建筑面积,--平方米
项目楼栋情况,嘉信云峰公馆1栋,座号,A,合同号,--,拟售价格,38562.99元/平方米(按建筑面积计)楼层,16,房号,1608,用途,商务公寓,,建筑面积36.75平方米,户内面积,23.75平方米,分摊面积,13平方米,户内面积,--平方米,分摊面积--平方米,建筑面积,--平方米
项目楼栋情况,嘉信云峰公馆1栋,座号,A,合同号,--,拟售价格,38882.99元/平方米(按建筑面积计)楼层,16,房号,1609,用途,商务公寓,,建筑面积37.34平方米,户内面积,24.14平方米,分摊面积,13.2平方米,户内面积,--平方米,分摊面积--平方米,建筑面积,--平方米
项目楼栋情况,嘉信云峰公馆1栋,座号,A,合同号,--,拟售价格,38736.01元/平方米(按建筑面积计)楼层,16,房号,1610,用途,商务公寓,,建筑面积44.74平方米,户内面积,28.91平方米,分摊面积,15.83平方米,户内面积,--平方米,分摊面积--平方米,建筑面积,--平方米
项目楼栋情况,嘉信云峰公馆1栋,座号,A,合同号,--,拟售价格,41453元/平方米(按建筑面积计)楼层,15,房号,1501,用途,商务公寓,,建筑面积65.87平方米,户内面积,42.57平方米,分摊面积,23.3平方米,户内面积,--平方米,分摊面积--平方米,建筑面积,--平方米
项目楼栋情况,嘉信云峰公馆1栋,座号,A,合同号,--,拟售价格,40939元/平方米(按建筑面积计)楼层,15,房号,1502,用途,商务公寓,,建筑面积46.38平方米,户内面积,29.97平方米,分摊面积,16.41平方米,户内面积,--平方米,分摊面积--平方米,建筑面积,--平方米
项目楼栋情况,嘉信云峰公馆1栋,座号,A,合同号,--,拟售价格,40897元/平方米(按建筑面积计)楼层,15,房号,1503,用途,商务公寓,,建筑面积46.3平方米,户内面积,29.93平方米,分摊面积,16.37平方米,户内面积,--平方米,分摊面积--平方米,建筑面积,--平方米
项目楼栋情况,嘉信云峰公馆1栋,座号,A,合同号,--,拟售价格,41482.99元/平方米(按建筑面积计)楼层,15,房号,1504,用途,商务公寓,,建筑面积65.74平方米,户内面积,42.49平方米,分摊面积,23.25平方米,户内面积,--平方米,分摊面积--平方米,建筑面积,--平方米
项目楼栋情况,嘉信云峰公馆1栋,座号,A,合同号,--,拟售价格,38989.01元/平方米(按建筑面积计)楼层,15,房号,1505,用途,商务公寓,,建筑面积40.84平方米,户内面积,26.39平方米,分摊面积,14.45平方米,户内面积,--平方米,分摊面积--平方米,建筑面积,--平方米
项目楼栋情况,嘉信云峰公馆1栋,座号,A,合同号,--,拟售价格,38989元/平方米(按建筑面积计)楼层,15,房号,1506,用途,商务公寓,,建筑面积40.9平方米,户内面积,26.44平方米,分摊面积,14.46平方米,户内面积,--平方米,分摊面积--平方米,建筑面积,--平方米
项目楼栋情况,嘉信云峰公馆1栋,座号,A,合同号,--,拟售价格,39575.01元/平方米(按建筑面积计)楼层,15,房号,1507,用途,商务公寓,,建筑面积65.38平方米,户内面积,42.25平方米,分摊面积,23.13平方米,户内面积,--平方米,分摊面积--平方米,建筑面积,--平方米
项目楼栋情况,嘉信云峰公馆1栋,座号,A,合同号,--,拟售价格,38433.01元/平方米(按建筑面积计)楼层,15,房号,1508,用途,商务公寓,,建筑面积36.75平方米,户内面积,23.75平方米,分摊面积,13平方米,户内面积,--平方米,分摊面积--平方米,建筑面积,--平方米
项目楼栋情况,嘉信云峰公馆1栋,座号,A,合同号,--,拟售价格,38753元/平方米(按建筑面积计)楼层,15,房号,1509,用途,商务公寓,,建筑面积37.34平方米,户内面积,24.14平方米,分摊面积,13.2平方米,户内面积,--平方米,分摊面积--平方米,建筑面积,--平方米
项目楼栋情况,嘉信云峰公馆1栋,座号,A,合同号,--,拟售价格,38605.99元/平方米(按建筑面积计)楼层,15,房号,1510,用途,商务公寓,,建筑面积44.74平方米,户内面积,28.91平方米,分摊面积,15.83平方米,户内面积,--平方米,分摊面积--平方米,建筑面积,--平方米
项目楼栋情况,嘉信云峰公馆1栋,座号,A,合同号,--,拟售价格,41293元/平方米(按建筑面积计)楼层,13,房号,1301,用途,商务公寓,,建筑面积65.87平方米,户内面积,42.57平方米,分摊面积,23.3平方米,户内面积,--平方米,分摊面积--平方米,建筑面积,--平方米
项目楼栋情况,嘉信云峰公馆1栋,座号,A,合同号,--,拟售价格,40779元/平方米(按建筑面积计)楼层,13,房号,1302,用途,商务公寓,,建筑面积46.38平方米,户内面积,29.97平方米,分摊面积,16.41平方米,户内面积,--平方米,分摊面积--平方米,建筑面积,--平方米
项目楼栋情况,嘉信云峰公馆1栋,座号,A,合同号,--,拟售价格,40736.99元/平方米(按建筑面积计)楼层,13,房号,1303,用途,商务公寓,,建筑面积46.31平方米,户内面积,29.93平方米,分摊面积,16.38平方米,户内面积,--平方米,分摊面积--平方米,建筑面积,--平方米
项目楼栋情况,嘉信云峰公馆1栋,座号,A,合同号,--,拟售价格,41323元/平方米(按建筑面积计)楼层,13,房号,1304,用途,商务公寓,,建筑面积65.74平方米,户内面积,42.49平方米,分摊面积,23.25平方米,户内面积,--平方米,分摊面积--平方米,建筑面积,--平方米
项目楼栋情况,嘉信云峰公馆1栋,座号,A,合同号,--,拟售价格,38829元/平方米(按建筑面积计)楼层,13,房号,1305,用途,商务公寓,,建筑面积40.69平方米,户内面积,26.3平方米,分摊面积,14.39平方米,户内面积,--平方米,分摊面积--平方米,建筑面积,--平方米
项目楼栋情况,嘉信云峰公馆1栋,座号,A,合同号,--,拟售价格,38828.99元/平方米(按建筑面积计)楼层,13,房号,1306,用途,商务公寓,,建筑面积40.81平方米,户内面积,26.38平方米,分摊面积,14.43平方米,户内面积,--平方米,分摊面积--平方米,建筑面积,--平方米
项目楼栋情况,嘉信云峰公馆1栋,座号,A,合同号,--,拟售价格,39415元/平方米(按建筑面积计)楼层,13,房号,1307,用途,商务公寓,,建筑面积65.38平方米,户内面积,42.25平方米,分摊面积,23.13平方米,户内面积,--平方米,分摊面积--平方米,建筑面积,--平方米
项目楼栋情况,嘉信云峰公馆1栋,座号,A,合同号,--,拟售价格,38273.01元/平方米(按建筑面积计)楼层,13,房号,1308,用途,商务公寓,,建筑面积36.75平方米,户内面积,23.75平方米,分摊面积,13平方米,户内面积,--平方米,分摊面积--平方米,建筑面积,--平方米
项目楼栋情况,嘉信云峰公馆1栋,座号,A,合同号,--,拟售价格,38593.01元/平方米(按建筑面积计)楼层,13,房号,1309,用途,商务公寓,,建筑面积37.35平方米,户内面积,24.14平方米,分摊面积,13.21平方米,户内面积,--平方米,分摊面积--平方米,建筑面积,--平方米
项目楼栋情况,嘉信云峰公馆1栋,座号,A,合同号,--,拟售价格,38446.01元/平方米(按建筑面积计)楼层,13,房号,1310,用途,商务公寓,,建筑面积44.62平方米,户内面积,28.83平方米,分摊面积,15.79平方米,户内面积,--平方米,分摊面积--平方米,建筑面积,--平方米
项目楼栋情况,嘉信云峰公馆1栋,座号,A,合同号,--,拟售价格,41213元/平方米(按建筑面积计)楼层,12,房号,1201,用途,商务公寓,,建筑面积65.87平方米,户内面积,42.57平方米,分摊面积,23.3平方米,户内面积,--平方米,分摊面积--平方米,建筑面积,--平方米
项目楼栋情况,嘉信云峰公馆1栋,座号,A,合同号,--,拟售价格,40699.01元/平方米(按建筑面积计)楼层,12,房号,1202,用途,商务公寓,,建筑面积46.38平方米,户内面积,29.97平方米,分摊面积,16.41平方米,户内面积,--平方米,分摊面积--平方米,建筑面积,--平方米
项目楼栋情况,嘉信云峰公馆1栋,座号,A,合同号,--,拟售价格,40657.01元/平方米(按建筑面积计)楼层,12,房号,1203,用途,商务公寓,,建筑面积46.31平方米,户内面积,29.93平方米,分摊面积,16.38平方米,户内面积,--平方米,分摊面积--平方米,建筑面积,--平方米
项目楼栋情况,嘉信云峰公馆1栋,座号,A,合同号,--,拟售价格,41243元/平方米(按建筑面积计)楼层,12,房号,1204,用途,商务公寓,,建筑面积65.74平方米,户内面积,42.49平方米,分摊面积,23.25平方米,户内面积,--平方米,分摊面积--平方米,建筑面积,--平方米
项目楼栋情况,嘉信云峰公馆1栋,座号,A,合同号,--,拟售价格,38749元/平方米(按建筑面积计)楼层,12,房号,1205,用途,商务公寓,,建筑面积40.69平方米,户内面积,26.3平方米,分摊面积,14.39平方米,户内面积,--平方米,分摊面积--平方米,建筑面积,--平方米
项目楼栋情况,嘉信云峰公馆1栋,座号,A,合同号,--,拟售价格,38749.01元/平方米(按建筑面积计)楼层,12,房号,1206,用途,商务公寓,,建筑面积40.81平方米,户内面积,26.38平方米,分摊面积,14.43平方米,户内面积,--平方米,分摊面积--平方米,建筑面积,--平方米
项目楼栋情况,嘉信云峰公馆1栋,座号,A,合同号,--,拟售价格,39335元/平方米(按建筑面积计)楼层,12,房号,1207,用途,商务公寓,,建筑面积65.38平方米,户内面积,42.25平方米,分摊面积,23.13平方米,户内面积,--平方米,分摊面积--平方米,建筑面积,--平方米
项目楼栋情况,嘉信云峰公馆1栋,座号,A,合同号,--,拟售价格,38193.01元/平方米(按建筑面积计)楼层,12,房号,1208,用途,商务公寓,,建筑面积36.75平方米,户内面积,23.75平方米,分摊面积,13平方米,户内面积,--平方米,分摊面积--平方米,建筑面积,--平方米
项目楼栋情况,嘉信云峰公馆1栋,座号,A,合同号,--,拟售价格,38513.01元/平方米(按建筑面积计)楼层,12,房号,1209,用途,商务公寓,,建筑面积37.35平方米,户内面积,24.14平方米,分摊面积,13.21平方米,户内面积,--平方米,分摊面积--平方米,建筑面积,--平方米
项目楼栋情况,嘉信云峰公馆1栋,座号,A,合同号,--,拟售价格,38366元/平方米(按建筑面积计)楼层,12,房号,1210,用途,商务公寓,,建筑面积44.62平方米,户内面积,28.83平方米,分摊面积,15.79平方米,户内面积,--平方米,分摊面积--平方米,建筑面积,--平方米
项目楼栋情况,嘉信云峰公馆1栋,座号,A,合同号,--,拟售价格,41133元/平方米(按建筑面积计)楼层,11,房号,1101,用途,商务公寓,,建筑面积65.87平方米,户内面积,42.57平方米,分摊面积,23.3平方米,户内面积,--平方米,分摊面积--平方米,建筑面积,--平方米
项目楼栋情况,嘉信云峰公馆1栋,座号,A,合同号,--,拟售价格,40619元/平方米(按建筑面积计)楼层,11,房号,1102,用途,商务公寓,,建筑面积46.38平方米,户内面积,29.97平方米,分摊面积,16.41平方米,户内面积,--平方米,分摊面积--平方米,建筑面积,--平方米
项目楼栋情况,嘉信云峰公馆1栋,座号,A,合同号,--,拟售价格,40577元/平方米(按建筑面积计)楼层,11,房号,1103,用途,商务公寓,,建筑面积46.31平方米,户内面积,29.93平方米,分摊面积,16.38平方米,户内面积,--平方米,分摊面积--平方米,建筑面积,--平方米
项目楼栋情况,嘉信云峰公馆1栋,座号,A,合同号,--,拟售价格,41163.01元/平方米(按建筑面积计)楼层,11,房号,1104,用途,商务公寓,,建筑面积65.74平方米,户内面积,42.49平方米,分摊面积,23.25平方米,户内面积,--平方米,分摊面积--平方米,建筑面积,--平方米
项目楼栋情况,嘉信云峰公馆1栋,座号,A,合同号,--,拟售价格,38669.01元/平方米(按建筑面积计)楼层,11,房号,1105,用途,商务公寓,,建筑面积40.69平方米,户内面积,26.3平方米,分摊面积,14.39平方米,户内面积,--平方米,分摊面积--平方米,建筑面积,--平方米
项目楼栋情况,嘉信云峰公馆1栋,座号,A,合同号,--,拟售价格,38669元/平方米(按建筑面积计)楼层,11,房号,1106,用途,商务公寓,,建筑面积40.81平方米,户内面积,26.38平方米,分摊面积,14.43平方米,户内面积,--平方米,分摊面积--平方米,建筑面积,--平方米
项目楼栋情况,嘉信云峰公馆1栋,座号,A,合同号,--,拟售价格,39255元/平方米(按建筑面积计)楼层,11,房号,1107,用途,商务公寓,,建筑面积65.38平方米,户内面积,42.25平方米,分摊面积,23.13平方米,户内面积,--平方米,分摊面积--平方米,建筑面积,--平方米
项目楼栋情况,嘉信云峰公馆1栋,座号,A,合同号,--,拟售价格,38113.01元/平方米(按建筑面积计)楼层,11,房号,1108,用途,商务公寓,,建筑面积36.75平方米,户内面积,23.75平方米,分摊面积,13平方米,户内面积,--平方米,分摊面积--平方米,建筑面积,--平方米
项目楼栋情况,嘉信云峰公馆1栋,座号,A,合同号,--,拟售价格,38433.01元/平方米(按建筑面积计)楼层,11,房号,1109,用途,商务公寓,,建筑面积37.35平方米,户内面积,24.14平方米,分摊面积,13.21平方米,户内面积,--平方米,分摊面积--平方米,建筑面积,--平方米
项目楼栋情况,嘉信云峰公馆1栋,座号,A,合同号,--,拟售价格,38285.99元/平方米(按建筑面积计)楼层,11,房号,1110,用途,商务公寓,,建筑面积44.62平方米,户内面积,28.83平方米,分摊面积,15.79平方米,户内面积,--平方米,分摊面积--平方米,建筑面积,--平方米
项目楼栋情况,嘉信云峰公馆1栋,座号,A,合同号,--,拟售价格,41053元/平方米(按建筑面积计)楼层,10,房号,1001,用途,商务公寓,,建筑面积65.87平方米,户内面积,42.57平方米,分摊面积,23.3平方米,户内面积,--平方米,分摊面积--平方米,建筑面积,--平方米
项目楼栋情况,嘉信云峰公馆1栋,座号,A,合同号,--,拟售价格,40539元/平方米(按建筑面积计)楼层,10,房号,1002,用途,商务公寓,,建筑面积46.38平方米,户内面积,29.97平方米,分摊面积,16.41平方米,户内面积,--平方米,分摊面积--平方米,建筑面积,--平方米
项目楼栋情况,嘉信云峰公馆1栋,座号,A,合同号,--,拟售价格,40497元/平方米(按建筑面积计)楼层,10,房号,1003,用途,商务公寓,,建筑面积46.31平方米,户内面积,29.93平方米,分摊面积,16.38平方米,户内面积,--平方米,分摊面积--平方米,建筑面积,--平方米
项目楼栋情况,嘉信云峰公馆1栋,座号,A,合同号,--,拟售价格,41082.99元/平方米(按建筑面积计)楼层,10,房号,1004,用途,商务公寓,,建筑面积65.74平方米,户内面积,42.49平方米,分摊面积,23.25平方米,户内面积,--平方米,分摊面积--平方米,建筑面积,--平方米
项目楼栋情况,嘉信云峰公馆1栋,座号,A,合同号,--,拟售价格,38588.99元/平方米(按建筑面积计)楼层,10,房号,1005,用途,商务公寓,,建筑面积40.69平方米,户内面积,26.3平方米,分摊面积,14.39平方米,户内面积,--平方米,分摊面积--平方米,建筑面积,--平方米
项目楼栋情况,嘉信云峰公馆1栋,座号,A,合同号,--,拟售价格,38589元/平方米(按建筑面积计)楼层,10,房号,1006,用途,商务公寓,,建筑面积40.81平方米,户内面积,26.38平方米,分摊面积,14.43平方米,户内面积,--平方米,分摊面积--平方米,建筑面积,--平方米
项目楼栋情况,嘉信云峰公馆1栋,座号,A,合同号,--,拟售价格,39175.01元/平方米(按建筑面积计)楼层,10,房号,1007,用途,商务公寓,,建筑面积65.38平方米,户内面积,42.25平方米,分摊面积,23.13平方米,户内面积,--平方米,分摊面积--平方米,建筑面积,--平方米
项目楼栋情况,嘉信云峰公馆1栋,座号,A,合同号,--,拟售价格,38033.01元/平方米(按建筑面积计)楼层,10,房号,1008,用途,商务公寓,,建筑面积36.75平方米,户内面积,23.75平方米,分摊面积,13平方米,户内面积,--平方米,分摊面积--平方米,建筑面积,--平方米
项目楼栋情况,嘉信云峰公馆1栋,座号,A,合同号,--,拟售价格,38353.01元/平方米(按建筑面积计)楼层,10,房号,1009,用途,商务公寓,,建筑面积37.35平方米,户内面积,24.14平方米,分摊面积,13.21平方米,户内面积,--平方米,分摊面积--平方米,建筑面积,--平方米
项目楼栋情况,嘉信云峰公馆1栋,座号,A,合同号,--,拟售价格,38206.01元/平方米(按建筑面积计)楼层,10,房号,1010,用途,商务公寓,,建筑面积44.62平方米,户内面积,28.83平方米,分摊面积,15.79平方米,户内面积,--平方米,分摊面积--平方米,建筑面积,--平方米
项目楼栋情况,嘉信云峰公馆1栋,座号,A,合同号,--,拟售价格,40923元/平方米(按建筑面积计)楼层,9,房号,0901,用途,商务公寓,,建筑面积65.78平方米,户内面积,42.5平方米,分摊面积,23.28平方米,户内面积,--平方米,分摊面积--平方米,建筑面积,--平方米
项目楼栋情况,嘉信云峰公馆1栋,座号,A,合同号,--,拟售价格,40409元/平方米(按建筑面积计)楼层,9,房号,0902,用途,商务公寓,,建筑面积46.22平方米,户内面积,29.86平方米,分摊面积,16.36平方米,户内面积,--平方米,分摊面积--平方米,建筑面积,--平方米
项目楼栋情况,嘉信云峰公馆1栋,座号,A,合同号,--,拟售价格,40367元/平方米(按建筑面积计)楼层,9,房号,0903,用途,商务公寓,,建筑面积46.18平方米,户内面积,29.83平方米,分摊面积,16.35平方米,户内面积,--平方米,分摊面积--平方米,建筑面积,--平方米
项目楼栋情况,嘉信云峰公馆1栋,座号,A,合同号,--,拟售价格,40952.99元/平方米(按建筑面积计)楼层,9,房号,0904,用途,商务公寓,,建筑面积65.63平方米,户内面积,42.4平方米,分摊面积,23.23平方米,户内面积,--平方米,分摊面积--平方米,建筑面积,--平方米
项目楼栋情况,嘉信云峰公馆1栋,座号,A,合同号,--,拟售价格,38508.99元/平方米(按建筑面积计)楼层,9,房号,0905,用途,商务公寓,,建筑面积40.59平方米,户内面积,26.22平方米,分摊面积,14.37平方米,户内面积,--平方米,分摊面积--平方米,建筑面积,--平方米
项目楼栋情况,嘉信云峰公馆1栋,座号,A,合同号,--,拟售价格,38508.99元/平方米(按建筑面积计)楼层,9,房号,0906,用途,商务公寓,,建筑面积40.72平方米,户内面积,26.3平方米,分摊面积,14.42平方米,户内面积,--平方米,分摊面积--平方米,建筑面积,--平方米
项目楼栋情况,嘉信云峰公馆1栋,座号,A,合同号,--,拟售价格,39095元/平方米(按建筑面积计)楼层,9,房号,0907,用途,商务公寓,,建筑面积65.02平方米,户内面积,42.01平方米,分摊面积,23.01平方米,户内面积,--平方米,分摊面积--平方米,建筑面积,--平方米
项目楼栋情况,嘉信云峰公馆1栋,座号,A,合同号,--,拟售价格,37953.01元/平方米(按建筑面积计)楼层,9,房号,0908,用途,商务公寓,,建筑面积36.77平方米,户内面积,23.75平方米,分摊面积,13.02平方米,户内面积,--平方米,分摊面积--平方米,建筑面积,--平方米
项目楼栋情况,嘉信云峰公馆1栋,座号,A,合同号,--,拟售价格,38272.99元/平方米(按建筑面积计)楼层,9,房号,0909,用途,商务公寓,,建筑面积37.36平方米,户内面积,24.14平方米,分摊面积,13.22平方米,户内面积,--平方米,分摊面积--平方米,建筑面积,--平方米
项目楼栋情况,嘉信云峰公馆1栋,座号,A,合同号,--,拟售价格,38125.99元/平方米(按建筑面积计)楼层,9,房号,0910,用途,商务公寓,,建筑面积44.63平方米,户内面积,28.83平方米,分摊面积,15.8平方米,户内面积,--平方米,分摊面积--平方米,建筑面积,--平方米
项目楼栋情况,嘉信云峰公馆1栋,座号,A,合同号,--,拟售价格,40843.01元/平方米(按建筑面积计)楼层,8,房号,0801,用途,商务公寓,,建筑面积65.78平方米,户内面积,42.5平方米,分摊面积,23.28平方米,户内面积,--平方米,分摊面积--平方米,建筑面积,--平方米
项目楼栋情况,嘉信云峰公馆1栋,座号,A,合同号,--,拟售价格,40328.99元/平方米(按建筑面积计)楼层,8,房号,0802,用途,商务公寓,,建筑面积46.22平方米,户内面积,29.86平方米,分摊面积,16.36平方米,户内面积,--平方米,分摊面积--平方米,建筑面积,--平方米
项目楼栋情况,嘉信云峰公馆1栋,座号,A,合同号,--,拟售价格,40287.01元/平方米(按建筑面积计)楼层,8,房号,0803,用途,商务公寓,,建筑面积46.18平方米,户内面积,29.83平方米,分摊面积,16.35平方米,户内面积,--平方米,分摊面积--平方米,建筑面积,--平方米
项目楼栋情况,嘉信云峰公馆1栋,座号,A,合同号,--,拟售价格,40873元/平方米(按建筑面积计)楼层,8,房号,0804,用途,商务公寓,,建筑面积65.63平方米,户内面积,42.4平方米,分摊面积,23.23平方米,户内面积,--平方米,分摊面积--平方米,建筑面积,--平方米
项目楼栋情况,嘉信云峰公馆1栋,座号,A,合同号,--,拟售价格,38429元/平方米(按建筑面积计)楼层,8,房号,0805,用途,商务公寓,,建筑面积40.59平方米,户内面积,26.22平方米,分摊面积,14.37平方米,户内面积,--平方米,分摊面积--平方米,建筑面积,--平方米
项目楼栋情况,嘉信云峰公馆1栋,座号,A,合同号,--,拟售价格,38429元/平方米(按建筑面积计)楼层,8,房号,0806,用途,商务公寓,,建筑面积40.72平方米,户内面积,26.3平方米,分摊面积,14.42平方米,户内面积,--平方米,分摊面积--平方米,建筑面积,--平方米
项目楼栋情况,嘉信云峰公馆1栋,座号,A,合同号,--,拟售价格,39015元/平方米(按建筑面积计)楼层,8,房号,0807,用途,商务公寓,,建筑面积65.02平方米,户内面积,42.01平方米,分摊面积,23.01平方米,户内面积,--平方米,分摊面积--平方米,建筑面积,--平方米
项目楼栋情况,嘉信云峰公馆1栋,座号,A,合同号,--,拟售价格,37872.99元/平方米(按建筑面积计)楼层,8,房号,0808,用途,商务公寓,,建筑面积36.77平方米,户内面积,23.75平方米,分摊面积,13.02平方米,户内面积,--平方米,分摊面积--平方米,建筑面积,--平方米
项目楼栋情况,嘉信云峰公馆1栋,座号,A,合同号,--,拟售价格,38192.99元/平方米(按建筑面积计)楼层,8,房号,0809,用途,商务公寓,,建筑面积37.36平方米,户内面积,24.14平方米,分摊面积,13.22平方米,户内面积,--平方米,分摊面积--平方米,建筑面积,--平方米
项目楼栋情况,嘉信云峰公馆1栋,座号,A,合同号,--,拟售价格,38046元/平方米(按建筑面积计)楼层,8,房号,0810,用途,商务公寓,,建筑面积44.63平方米,户内面积,28.83平方米,分摊面积,15.8平方米,户内面积,--平方米,分摊面积--平方米,建筑面积,--平方米
项目楼栋情况,嘉信云峰公馆1栋,座号,A,合同号,--,拟售价格,40763元/平方米(按建筑面积计)楼层,7,房号,0701,用途,商务公寓,,建筑面积65.78平方米,户内面积,42.5平方米,分摊面积,23.28平方米,户内面积,--平方米,分摊面积--平方米,建筑面积,--平方米
项目楼栋情况,嘉信云峰公馆1栋,座号,A,合同号,--,拟售价格,40249元/平方米(按建筑面积计)楼层,7,房号,0702,用途,商务公寓,,建筑面积46.22平方米,户内面积,29.86平方米,分摊面积,16.36平方米,户内面积,--平方米,分摊面积--平方米,建筑面积,--平方米
项目楼栋情况,嘉信云峰公馆1栋,座号,A,合同号,--,拟售价格,40206.99元/平方米(按建筑面积计)楼层,7,房号,0703,用途,商务公寓,,建筑面积46.18平方米,户内面积,29.83平方米,分摊面积,16.35平方米,户内面积,--平方米,分摊面积--平方米,建筑面积,--平方米
项目楼栋情况,嘉信云峰公馆1栋,座号,A,合同号,--,拟售价格,40793.01元/平方米(按建筑面积计)楼层,7,房号,0704,用途,商务公寓,,建筑面积65.63平方米,户内面积,42.4平方米,分摊面积,23.23平方米,户内面积,--平方米,分摊面积--平方米,建筑面积,--平方米
项目楼栋情况,嘉信云峰公馆1栋,座号,A,合同号,--,拟售价格,38349元/平方米(按建筑面积计)楼层,7,房号,0705,用途,商务公寓,,建筑面积40.59平方米,户内面积,26.22平方米,分摊面积,14.37平方米,户内面积,--平方米,分摊面积--平方米,建筑面积,--平方米
项目楼栋情况,嘉信云峰公馆1栋,座号,A,合同号,--,拟售价格,38348.99元/平方米(按建筑面积计)楼层,7,房号,0706,用途,商务公寓,,建筑面积40.72平方米,户内面积,26.3平方米,分摊面积,14.42平方米,户内面积,--平方米,分摊面积--平方米,建筑面积,--平方米
项目楼栋情况,嘉信云峰公馆1栋,座号,A,合同号,--,拟售价格,38935元/平方米(按建筑面积计)楼层,7,房号,0707,用途,商务公寓,,建筑面积65.02平方米,户内面积,42.01平方米,分摊面积,23.01平方米,户内面积,--平方米,分摊面积--平方米,建筑面积,--平方米
项目楼栋情况,嘉信云峰公馆1栋,座号,A,合同号,--,拟售价格,37793.01元/平方米(按建筑面积计)楼层,7,房号,0708,用途,商务公寓,,建筑面积36.77平方米,户内面积,23.75平方米,分摊面积,13.02平方米,户内面积,--平方米,分摊面积--平方米,建筑面积,--平方米
项目楼栋情况,嘉信云峰公馆1栋,座号,A,合同号,--,拟售价格,38113.01元/平方米(按建筑面积计)楼层,7,房号,0709,用途,商务公寓,,建筑面积37.36平方米,户内面积,24.14平方米,分摊面积,13.22平方米,户内面积,--平方米,分摊面积--平方米,建筑面积,--平方米
项目楼栋情况,嘉信云峰公馆1栋,座号,A,合同号,--,拟售价格,37966.01元/平方米(按建筑面积计)楼层,7,房号,0710,用途,商务公寓,,建筑面积44.63平方米,户内面积,28.83平方米,分摊面积,15.8平方米,户内面积,--平方米,分摊面积--平方米,建筑面积,--平方米
项目楼栋情况,嘉信云峰公馆1栋,座号,A,合同号,--,拟售价格,40683元/平方米(按建筑面积计)楼层,6,房号,0601,用途,商务公寓,,建筑面积65.78平方米,户内面积,42.5平方米,分摊面积,23.28平方米,户内面积,--平方米,分摊面积--平方米,建筑面积,--平方米
项目楼栋情况,嘉信云峰公馆1栋,座号,A,合同号,--,拟售价格,40169元/平方米(按建筑面积计)楼层,6,房号,0602,用途,商务公寓,,建筑面积46.22平方米,户内面积,29.86平方米,分摊面积,16.36平方米,户内面积,--平方米,分摊面积--平方米,建筑面积,--平方米
项目楼栋情况,嘉信云峰公馆1栋,座号,A,合同号,--,拟售价格,40127元/平方米(按建筑面积计)楼层,6,房号,0603,用途,商务公寓,,建筑面积46.18平方米,户内面积,29.83平方米,分摊面积,16.35平方米,户内面积,--平方米,分摊面积--平方米,建筑面积,--平方米
项目楼栋情况,嘉信云峰公馆1栋,座号,A,合同号,--,拟售价格,40713元/平方米(按建筑面积计)楼层,6,房号,0604,用途,商务公寓,,建筑面积65.63平方米,户内面积,42.4平方米,分摊面积,23.23平方米,户内面积,--平方米,分摊面积--平方米,建筑面积,--平方米
项目楼栋情况,嘉信云峰公馆1栋,座号,A,合同号,--,拟售价格,38269.01元/平方米(按建筑面积计)楼层,6,房号,0605,用途,商务公寓,,建筑面积40.59平方米,户内面积,26.22平方米,分摊面积,14.37平方米,户内面积,--平方米,分摊面积--平方米,建筑面积,--平方米
项目楼栋情况,嘉信云峰公馆1栋,座号,A,合同号,--,拟售价格,38269.01元/平方米(按建筑面积计)楼层,6,房号,0606,用途,商务公寓,,建筑面积40.72平方米,户内面积,26.3平方米,分摊面积,14.42平方米,户内面积,--平方米,分摊面积--平方米,建筑面积,--平方米
项目楼栋情况,嘉信云峰公馆1栋,座号,A,合同号,--,拟售价格,38855元/平方米(按建筑面积计)楼层,6,房号,0607,用途,商务公寓,,建筑面积65.02平方米,户内面积,42.01平方米,分摊面积,23.01平方米,户内面积,--平方米,分摊面积--平方米,建筑面积,--平方米
项目楼栋情况,嘉信云峰公馆1栋,座号,A,合同号,--,拟售价格,37713元/平方米(按建筑面积计)楼层,6,房号,0608,用途,商务公寓,,建筑面积36.77平方米,户内面积,23.75平方米,分摊面积,13.02平方米,户内面积,--平方米,分摊面积--平方米,建筑面积,--平方米
项目楼栋情况,嘉信云峰公馆1栋,座号,A,合同号,--,拟售价格,38033元/平方米(按建筑面积计)楼层,6,房号,0609,用途,商务公寓,,建筑面积37.36平方米,户内面积,24.14平方米,分摊面积,13.22平方米,户内面积,--平方米,分摊面积--平方米,建筑面积,--平方米
项目楼栋情况,嘉信云峰公馆1栋,座号,A,合同号,--,拟售价格,49184元/平方米(按建筑面积计)楼层,5,房号,0501,用途,商业,,建筑面积93.04平方米,户内面积,42.38平方米,分摊面积,50.66平方米,户内面积,--平方米,分摊面积--平方米,建筑面积,--平方米
项目楼栋情况,嘉信云峰公馆1栋,座号,A,合同号,--,拟售价格,49330元/平方米(按建筑面积计)楼层,5,房号,0502,用途,商业,,建筑面积67.07平方米,户内面积,30.55平方米,分摊面积,36.52平方米,户内面积,--平方米,分摊面积--平方米,建筑面积,--平方米
项目楼栋情况,嘉信云峰公馆1栋,座号,A,合同号,--,拟售价格,49295元/平方米(按建筑面积计)楼层,5,房号,0503,用途,商业,,建筑面积67.01平方米,户内面积,30.52平方米,分摊面积,36.49平方米,户内面积,--平方米,分摊面积--平方米,建筑面积,--平方米
项目楼栋情况,嘉信云峰公馆1栋,座号,A,合同号,--,拟售价格,47768.01元/平方米(按建筑面积计)楼层,5,房号,0504,用途,商业,,建筑面积63.98平方米,户内面积,29.14平方米,分摊面积,34.84平方米,户内面积,--平方米,分摊面积--平方米,建筑面积,--平方米
项目楼栋情况,嘉信云峰公馆1栋,座号,A,合同号,--,拟售价格,47894元/平方米(按建筑面积计)楼层,5,房号,0505,用途,商业,,建筑面积91.21平方米,户内面积,41.55平方米,分摊面积,49.66平方米,户内面积,--平方米,分摊面积--平方米,建筑面积,--平方米
项目楼栋情况,嘉信云峰公馆1栋,座号,A,合同号,--,拟售价格,46208元/平方米(按建筑面积计)楼层,5,房号,0506,用途,商业,,建筑面积99.46平方米,户内面积,45.3平方米,分摊面积,54.16平方米,户内面积,--平方米,分摊面积--平方米,建筑面积,--平方米
项目楼栋情况,嘉信云峰公馆1栋,座号,A,合同号,--,拟售价格,49064元/平方米(按建筑面积计)楼层,4,房号,0401,用途,商业,,建筑面积93.04平方米,户内面积,42.38平方米,分摊面积,50.66平方米,户内面积,--平方米,分摊面积--平方米,建筑面积,--平方米
项目楼栋情况,嘉信云峰公馆1栋,座号,A,合同号,--,拟售价格,49210元/平方米(按建筑面积计)楼层,4,房号,0402,用途,商业,,建筑面积67.07平方米,户内面积,30.55平方米,分摊面积,36.52平方米,户内面积,--平方米,分摊面积--平方米,建筑面积,--平方米
项目楼栋情况,嘉信云峰公馆1栋,座号,A,合同号,--,拟售价格,49175元/平方米(按建筑面积计)楼层,4,房号,0403,用途,商业,,建筑面积67.01平方米,户内面积,30.52平方米,分摊面积,36.49平方米,户内面积,--平方米,分摊面积--平方米,建筑面积,--平方米
项目楼栋情况,嘉信云峰公馆1栋,座号,A,合同号,--,拟售价格,47648元/平方米(按建筑面积计)楼层,4,房号,0404,用途,商业,,建筑面积63.98平方米,户内面积,29.14平方米,分摊面积,34.84平方米,户内面积,--平方米,分摊面积--平方米,建筑面积,--平方米
项目楼栋情况,嘉信云峰公馆1栋,座号,A,合同号,--,拟售价格,47774.01元/平方米(按建筑面积计)楼层,4,房号,0405,用途,商业,,建筑面积91.21平方米,户内面积,41.55平方米,分摊面积,49.66平方米,户内面积,--平方米,分摊面积--平方米,建筑面积,--平方米
项目楼栋情况,嘉信云峰公馆1栋,座号,A,合同号,--,拟售价格,46088元/平方米(按建筑面积计)楼层,4,房号,0406,用途,商业,,建筑面积99.46平方米,户内面积,45.3平方米,分摊面积,54.16平方米,户内面积,--平方米,分摊面积--平方米,建筑面积,--平方米
项目楼栋情况,嘉信云峰公馆1栋,座号,A,合同号,--,拟售价格,48944元/平方米(按建筑面积计)楼层,3,房号,0301,用途,商业,,建筑面积93.04平方米,户内面积,42.38平方米,分摊面积,50.66平方米,户内面积,--平方米,分摊面积--平方米,建筑面积,--平方米
项目楼栋情况,嘉信云峰公馆1栋,座号,A,合同号,--,拟售价格,49090元/平方米(按建筑面积计)楼层,3,房号,0302,用途,商业,,建筑面积67.07平方米,户内面积,30.55平方米,分摊面积,36.52平方米,户内面积,--平方米,分摊面积--平方米,建筑面积,--平方米
项目楼栋情况,嘉信云峰公馆1栋,座号,A,合同号,--,拟售价格,49055.01元/平方米(按建筑面积计)楼层,3,房号,0303,用途,商业,,建筑面积67.01平方米,户内面积,30.52平方米,分摊面积,36.49平方米,户内面积,--平方米,分摊面积--平方米,建筑面积,--平方米
项目楼栋情况,嘉信云峰公馆1栋,座号,A,合同号,--,拟售价格,47527.99元/平方米(按建筑面积计)楼层,3,房号,0304,用途,商业,,建筑面积63.98平方米,户内面积,29.14平方米,分摊面积,34.84平方米,户内面积,--平方米,分摊面积--平方米,建筑面积,--平方米
项目楼栋情况,嘉信云峰公馆1栋,座号,A,合同号,--,拟售价格,47654元/平方米(按建筑面积计)楼层,3,房号,0305,用途,商业,,建筑面积91.21平方米,户内面积,41.55平方米,分摊面积,49.66平方米,户内面积,--平方米,分摊面积--平方米,建筑面积,--平方米
项目楼栋情况,嘉信云峰公馆1栋,座号,A,合同号,--,拟售价格,45968元/平方米(按建筑面积计)楼层,3,房号,0306,用途,商业,,建筑面积99.46平方米,户内面积,45.3平方米,分摊面积,54.16平方米,户内面积,--平方米,分摊面积--平方米,建筑面积,--平方米
项目楼栋情况,嘉信云峰公馆1栋,座号,A,合同号,--,拟售价格,58024元/平方米(按建筑面积计)楼层,2,房号,0201,用途,商业,,建筑面积78.38平方米,户内面积,42.38平方米,分摊面积,36平方米,户内面积,--平方米,分摊面积--平方米,建筑面积,--平方米
项目楼栋情况,嘉信云峰公馆1栋,座号,A,合同号,--,拟售价格,58070元/平方米(按建筑面积计)楼层,2,房号,0202,用途,商业,,建筑面积56.5平方米,户内面积,30.55平方米,分摊面积,25.95平方米,户内面积,--平方米,分摊面积--平方米,建筑面积,--平方米
项目楼栋情况,嘉信云峰公馆1栋,座号,A,合同号,--,拟售价格,58110元/平方米(按建筑面积计)楼层,2,房号,0203,用途,商业,,建筑面积56.45平方米,户内面积,30.52平方米,分摊面积,25.93平方米,户内面积,--平方米,分摊面积--平方米,建筑面积,--平方米
项目楼栋情况,嘉信云峰公馆1栋,座号,A,合同号,--,拟售价格,56400元/平方米(按建筑面积计)楼层,2,房号,0205,用途,商业,,建筑面积76.85平方米,户内面积,41.55平方米,分摊面积,35.3平方米,户内面积,--平方米,分摊面积--平方米,建筑面积,--平方米
项目楼栋情况,嘉信云峰公馆1栋,座号,A,合同号,--,拟售价格,54448元/平方米(按建筑面积计)楼层,2,房号,0206,用途,商业,,建筑面积83.79平方米,户内面积,45.3平方米,分摊面积,38.49平方米,户内面积,--平方米,分摊面积--平方米,建筑面积,--平方米
项目楼栋情况,嘉信云峰公馆1栋,座号,A,合同号,--,拟售价格,99693.94元/平方米(按建筑面积计)楼层,1,房号,0101,用途,商业,,建筑面积114.53平方米,户内面积,83.95平方米,分摊面积,30.58平方米,户内面积,--平方米,分摊面积--平方米,建筑面积,--平方米
项目楼栋情况,嘉信云峰公馆1栋,座号,A,合同号,--,拟售价格,103254.18元/平方米(按建筑面积计)楼层,1,房号,0102,用途,商业,,建筑面积58.32平方米,户内面积,42.75平方米,分摊面积,15.57平方米,户内面积,--平方米,分摊面积--平方米,建筑面积,--平方米
项目楼栋情况,嘉信云峰公馆1栋,座号,A,合同号,--,拟售价格,100202.85元/平方米(按建筑面积计)楼层,1,房号,0103,用途,商业,,建筑面积74.79平方米,户内面积,54.82平方米,分摊面积,19.97平方米,户内面积,--平方米,分摊面积--平方米,建筑面积,--平方米
项目楼栋情况,嘉信云峰公馆1栋,座号,A,合同号,--,拟售价格,122074.21元/平方米(按建筑面积计)楼层,1,房号,0104,用途,商业,,建筑面积48.97平方米,户内面积,35.9平方米,分摊面积,13.07平方米,户内面积,--平方米,分摊面积--平方米,建筑面积,--平方米
项目楼栋情况,嘉信云峰公馆1栋,座号,A,合同号,--,拟售价格,126652.26元/平方米(按建筑面积计)楼层,1,房号,0105,用途,商业,,建筑面积50.48平方米,户内面积,37平方米,分摊面积,13.48平方米,户内面积,--平方米,分摊面积--平方米,建筑面积,--平方米
项目楼栋情况,嘉信云峰公馆1栋,座号,A,合同号,--,拟售价格,111392.47元/平方米(按建筑面积计)楼层,1,房号,0106,用途,商业,,建筑面积55.13平方米,户内面积,40.41平方米,分摊面积,14.72平方米,户内面积,--平方米,分摊面积--平方米,建筑面积,--平方米
项目楼栋情况,嘉信云峰公馆1栋,座号,A,合同号,--,拟售价格,102746.32元/平方米(按建筑面积计)楼层,1,房号,0107,用途,商业,,建筑面积71.05平方米,户内面积,52.08平方米,分摊面积,18.97平方米,户内面积,--平方米,分摊面积--平方米,建筑面积,--平方米
项目楼栋情况,嘉信云峰公馆1栋,座号,A,合同号,--,拟售价格,101728.53元/平方米(按建筑面积计)楼层,1,房号,0108,用途,商业,,建筑面积61.83平方米,户内面积,45.32平方米,分摊面积,16.51平方米,户内面积,--平方米,分摊面积--平方米,建筑面积,--平方米
项目楼栋情况,嘉信云峰公馆1栋,座号,A,合同号,--,拟售价格,69175.4元/平方米(按建筑面积计)楼层,1,房号,0109,用途,商业,,建筑面积85.97平方米,户内面积,63.02平方米,分摊面积,22.95平方米,户内面积,--平方米,分摊面积--平方米,建筑面积,--平方米
项目楼栋情况,嘉信云峰公馆1栋,座号,A,合同号,--,拟售价格,80366.04元/平方米(按建筑面积计)楼层,1,房号,0110,用途,商业,,建筑面积44.32平方米,户内面积,32.49平方米,分摊面积,11.83平方米,户内面积,--平方米,分摊面积--平方米,建筑面积,--平方米
项目楼栋情况,嘉信云峰公馆1栋,座号,B,合同号,--,拟售价格,45133.99元/平方米(按建筑面积计)楼层,45,房号,4501,用途,住宅,,建筑面积80.72平方米,户内面积,56.92平方米,分摊面积,23.8平方米,户内面积,--平方米,分摊面积--平方米,建筑面积,--平方米
项目楼栋情况,嘉信云峰公馆1栋,座号,B,合同号,--,拟售价格,45202元/平方米(按建筑面积计)楼层,45,房号,4502,用途,住宅,,建筑面积81.85平方米,户内面积,57.71平方米,分摊面积,24.14平方米,户内面积,--平方米,分摊面积--平方米,建筑面积,--平方米
项目楼栋情况,嘉信云峰公馆1栋,座号,B,合同号,--,拟售价格,44730元/平方米(按建筑面积计)楼层,45,房号,4503,用途,住宅,,建筑面积97.47平方米,户内面积,68.73平方米,分摊面积,28.74平方米,户内面积,--平方米,分摊面积--平方米,建筑面积,--平方米
项目楼栋情况,嘉信云峰公馆1栋,座号,B,合同号,--,拟售价格,44877元/平方米(按建筑面积计)楼层,45,房号,4504,用途,住宅,,建筑面积97.47平方米,户内面积,68.73平方米,分摊面积,28.74平方米,户内面积,--平方米,分摊面积--平方米,建筑面积,--平方米
项目楼栋情况,嘉信云峰公馆1栋,座号,B,合同号,--,拟售价格,45283.99元/平方米(按建筑面积计)楼层,44,房号,4401,用途,住宅,,建筑面积80.72平方米,户内面积,56.92平方米,分摊面积,23.8平方米,户内面积,--平方米,分摊面积--平方米,建筑面积,--平方米
项目楼栋情况,嘉信云峰公馆1栋,座号,B,合同号,--,拟售价格,45352元/平方米(按建筑面积计)楼层,44,房号,4402,用途,住宅,,建筑面积81.85平方米,户内面积,57.71平方米,分摊面积,24.14平方米,户内面积,--平方米,分摊面积--平方米,建筑面积,--平方米
项目楼栋情况,嘉信云峰公馆1栋,座号,B,合同号,--,拟售价格,44880元/平方米(按建筑面积计)楼层,44,房号,4403,用途,住宅,,建筑面积97.47平方米,户内面积,68.73平方米,分摊面积,28.74平方米,户内面积,--平方米,分摊面积--平方米,建筑面积,--平方米
项目楼栋情况,嘉信云峰公馆1栋,座号,B,合同号,--,拟售价格,44997元/平方米(按建筑面积计)楼层,44,房号,4404,用途,住宅,,建筑面积97.47平方米,户内面积,68.73平方米,分摊面积,28.74平方米,户内面积,--平方米,分摊面积--平方米,建筑面积,--平方米
项目楼栋情况,嘉信云峰公馆1栋,座号,B,合同号,--,拟售价格,45283.99元/平方米(按建筑面积计)楼层,43,房号,4301,用途,住宅,,建筑面积80.72平方米,户内面积,56.92平方米,分摊面积,23.8平方米,户内面积,--平方米,分摊面积--平方米,建筑面积,--平方米
项目楼栋情况,嘉信云峰公馆1栋,座号,B,合同号,--,拟售价格,45352元/平方米(按建筑面积计)楼层,43,房号,4302,用途,住宅,,建筑面积81.85平方米,户内面积,57.71平方米,分摊面积,24.14平方米,户内面积,--平方米,分摊面积--平方米,建筑面积,--平方米
项目楼栋情况,嘉信云峰公馆1栋,座号,B,合同号,--,拟售价格,44880元/平方米(按建筑面积计)楼层,43,房号,4303,用途,住宅,,建筑面积97.47平方米,户内面积,68.73平方米,分摊面积,28.74平方米,户内面积,--平方米,分摊面积--平方米,建筑面积,--平方米
项目楼栋情况,嘉信云峰公馆1栋,座号,B,合同号,--,拟售价格,44997元/平方米(按建筑面积计)楼层,43,房号,4304,用途,住宅,,建筑面积97.47平方米,户内面积,68.73平方米,分摊面积,28.74平方米,户内面积,--平方米,分摊面积--平方米,建筑面积,--平方米
项目楼栋情况,嘉信云峰公馆1栋,座号,B,合同号,--,拟售价格,45283.99元/平方米(按建筑面积计)楼层,42,房号,4201,用途,住宅,,建筑面积80.72平方米,户内面积,56.92平方米,分摊面积,23.8平方米,户内面积,--平方米,分摊面积--平方米,建筑面积,--平方米
项目楼栋情况,嘉信云峰公馆1栋,座号,B,合同号,--,拟售价格,45352元/平方米(按建筑面积计)楼层,42,房号,4202,用途,住宅,,建筑面积81.85平方米,户内面积,57.71平方米,分摊面积,24.14平方米,户内面积,--平方米,分摊面积--平方米,建筑面积,--平方米
项目楼栋情况,嘉信云峰公馆1栋,座号,B,合同号,--,拟售价格,44880元/平方米(按建筑面积计)楼层,42,房号,4203,用途,住宅,,建筑面积97.47平方米,户内面积,68.73平方米,分摊面积,28.74平方米,户内面积,--平方米,分摊面积--平方米,建筑面积,--平方米
项目楼栋情况,嘉信云峰公馆1栋,座号,B,合同号,--,拟售价格,44997元/平方米(按建筑面积计)楼层,42,房号,4204,用途,住宅,,建筑面积97.47平方米,户内面积,68.73平方米,分摊面积,28.74平方米,户内面积,--平方米,分摊面积--平方米,建筑面积,--平方米
项目楼栋情况,嘉信云峰公馆1栋,座号,B,合同号,--,拟售价格,45283.99元/平方米(按建筑面积计)楼层,41,房号,4101,用途,住宅,,建筑面积80.72平方米,户内面积,56.92平方米,分摊面积,23.8平方米,户内面积,--平方米,分摊面积--平方米,建筑面积,--平方米
项目楼栋情况,嘉信云峰公馆1栋,座号,B,合同号,--,拟售价格,45352元/平方米(按建筑面积计)楼层,41,房号,4102,用途,住宅,,建筑面积81.85平方米,户内面积,57.71平方米,分摊面积,24.14平方米,户内面积,--平方米,分摊面积--平方米,建筑面积,--平方米
项目楼栋情况,嘉信云峰公馆1栋,座号,B,合同号,--,拟售价格,44880元/平方米(按建筑面积计)楼层,41,房号,4103,用途,住宅,,建筑面积97.47平方米,户内面积,68.73平方米,分摊面积,28.74平方米,户内面积,--平方米,分摊面积--平方米,建筑面积,--平方米
项目楼栋情况,嘉信云峰公馆1栋,座号,B,合同号,--,拟售价格,44997元/平方米(按建筑面积计)楼层,41,房号,4104,用途,住宅,,建筑面积97.47平方米,户内面积,68.73平方米,分摊面积,28.74平方米,户内面积,--平方米,分摊面积--平方米,建筑面积,--平方米
项目楼栋情况,嘉信云峰公馆1栋,座号,B,合同号,--,拟售价格,45283.99元/平方米(按建筑面积计)楼层,40,房号,4001,用途,住宅,,建筑面积80.72平方米,户内面积,56.92平方米,分摊面积,23.8平方米,户内面积,--平方米,分摊面积--平方米,建筑面积,--平方米
项目楼栋情况,嘉信云峰公馆1栋,座号,B,合同号,--,拟售价格,45352元/平方米(按建筑面积计)楼层,40,房号,4002,用途,住宅,,建筑面积81.85平方米,户内面积,57.71平方米,分摊面积,24.14平方米,户内面积,--平方米,分摊面积--平方米,建筑面积,--平方米
项目楼栋情况,嘉信云峰公馆1栋,座号,B,合同号,--,拟售价格,44880元/平方米(按建筑面积计)楼层,40,房号,4003,用途,住宅,,建筑面积97.47平方米,户内面积,68.73平方米,分摊面积,28.74平方米,户内面积,--平方米,分摊面积--平方米,建筑面积,--平方米
项目楼栋情况,嘉信云峰公馆1栋,座号,B,合同号,--,拟售价格,44997元/平方米(按建筑面积计)楼层,40,房号,4004,用途,住宅,,建筑面积97.47平方米,户内面积,68.73平方米,分摊面积,28.74平方米,户内面积,--平方米,分摊面积--平方米,建筑面积,--平方米
项目楼栋情况,嘉信云峰公馆1栋,座号,B,合同号,--,拟售价格,45254元/平方米(按建筑面积计)楼层,39,房号,3901,用途,住宅,,建筑面积80.72平方米,户内面积,56.92平方米,分摊面积,23.8平方米,户内面积,--平方米,分摊面积--平方米,建筑面积,--平方米
项目楼栋情况,嘉信云峰公馆1栋,座号,B,合同号,--,拟售价格,45322元/平方米(按建筑面积计)楼层,39,房号,3902,用途,住宅,,建筑面积81.85平方米,户内面积,57.71平方米,分摊面积,24.14平方米,户内面积,--平方米,分摊面积--平方米,建筑面积,--平方米
项目楼栋情况,嘉信云峰公馆1栋,座号,B,合同号,--,拟售价格,44850.01元/平方米(按建筑面积计)楼层,39,房号,3903,用途,住宅,,建筑面积97.47平方米,户内面积,68.73平方米,分摊面积,28.74平方米,户内面积,--平方米,分摊面积--平方米,建筑面积,--平方米
项目楼栋情况,嘉信云峰公馆1栋,座号,B,合同号,--,拟售价格,44997元/平方米(按建筑面积计)楼层,39,房号,3904,用途,住宅,,建筑面积97.47平方米,户内面积,68.73平方米,分摊面积,28.74平方米,户内面积,--平方米,分摊面积--平方米,建筑面积,--平方米
项目楼栋情况,嘉信云峰公馆1栋,座号,B,合同号,--,拟售价格,45224元/平方米(按建筑面积计)楼层,38,房号,3801,用途,住宅,,建筑面积80.72平方米,户内面积,56.92平方米,分摊面积,23.8平方米,户内面积,--平方米,分摊面积--平方米,建筑面积,--平方米
项目楼栋情况,嘉信云峰公馆1栋,座号,B,合同号,--,拟售价格,45292元/平方米(按建筑面积计)楼层,38,房号,3802,用途,住宅,,建筑面积81.85平方米,户内面积,57.71平方米,分摊面积,24.14平方米,户内面积,--平方米,分摊面积--平方米,建筑面积,--平方米
项目楼栋情况,嘉信云峰公馆1栋,座号,B,合同号,--,拟售价格,44820元/平方米(按建筑面积计)楼层,38,房号,3803,用途,住宅,,建筑面积97.47平方米,户内面积,68.73平方米,分摊面积,28.74平方米,户内面积,--平方米,分摊面积--平方米,建筑面积,--平方米
项目楼栋情况,嘉信云峰公馆1栋,座号,B,合同号,--,拟售价格,44966.99元/平方米(按建筑面积计)楼层,38,房号,3804,用途,住宅,,建筑面积97.47平方米,户内面积,68.73平方米,分摊面积,28.74平方米,户内面积,--平方米,分摊面积--平方米,建筑面积,--平方米
项目楼栋情况,嘉信云峰公馆1栋,座号,B,合同号,--,拟售价格,45194元/平方米(按建筑面积计)楼层,37,房号,3701,用途,住宅,,建筑面积80.72平方米,户内面积,56.92平方米,分摊面积,23.8平方米,户内面积,--平方米,分摊面积--平方米,建筑面积,--平方米
项目楼栋情况,嘉信云峰公馆1栋,座号,B,合同号,--,拟售价格,45262元/平方米(按建筑面积计)楼层,37,房号,3702,用途,住宅,,建筑面积81.85平方米,户内面积,57.71平方米,分摊面积,24.14平方米,户内面积,--平方米,分摊面积--平方米,建筑面积,--平方米
项目楼栋情况,嘉信云峰公馆1栋,座号,B,合同号,--,拟售价格,44790元/平方米(按建筑面积计)楼层,37,房号,3703,用途,住宅,,建筑面积97.47平方米,户内面积,68.73平方米,分摊面积,28.74平方米,户内面积,--平方米,分摊面积--平方米,建筑面积,--平方米
项目楼栋情况,嘉信云峰公馆1栋,座号,B,合同号,--,拟售价格,44937元/平方米(按建筑面积计)楼层,37,房号,3704,用途,住宅,,建筑面积97.47平方米,户内面积,68.73平方米,分摊面积,28.74平方米,户内面积,--平方米,分摊面积--平方米,建筑面积,--平方米
项目楼栋情况,嘉信云峰公馆1栋,座号,B,合同号,--,拟售价格,45164元/平方米(按建筑面积计)楼层,36,房号,3601,用途,住宅,,建筑面积80.72平方米,户内面积,56.92平方米,分摊面积,23.8平方米,户内面积,--平方米,分摊面积--平方米,建筑面积,--平方米
项目楼栋情况,嘉信云峰公馆1栋,座号,B,合同号,--,拟售价格,45232元/平方米(按建筑面积计)楼层,36,房号,3602,用途,住宅,,建筑面积81.85平方米,户内面积,57.71平方米,分摊面积,24.14平方米,户内面积,--平方米,分摊面积--平方米,建筑面积,--平方米
项目楼栋情况,嘉信云峰公馆1栋,座号,B,合同号,--,拟售价格,44760元/平方米(按建筑面积计)楼层,36,房号,3603,用途,住宅,,建筑面积97.47平方米,户内面积,68.73平方米,分摊面积,28.74平方米,户内面积,--平方米,分摊面积--平方米,建筑面积,--平方米
项目楼栋情况,嘉信云峰公馆1栋,座号,B,合同号,--,拟售价格,44907元/平方米(按建筑面积计)楼层,36,房号,3604,用途,住宅,,建筑面积97.47平方米,户内面积,68.73平方米,分摊面积,28.74平方米,户内面积,--平方米,分摊面积--平方米,建筑面积,--平方米
项目楼栋情况,嘉信云峰公馆1栋,座号,B,合同号,--,拟售价格,45133.99元/平方米(按建筑面积计)楼层,35,房号,3501,用途,住宅,,建筑面积80.72平方米,户内面积,56.92平方米,分摊面积,23.8平方米,户内面积,--平方米,分摊面积--平方米,建筑面积,--平方米
项目楼栋情况,嘉信云峰公馆1栋,座号,B,合同号,--,拟售价格,45202元/平方米(按建筑面积计)楼层,35,房号,3502,用途,住宅,,建筑面积81.85平方米,户内面积,57.71平方米,分摊面积,24.14平方米,户内面积,--平方米,分摊面积--平方米,建筑面积,--平方米
项目楼栋情况,嘉信云峰公馆1栋,座号,B,合同号,--,拟售价格,44730元/平方米(按建筑面积计)楼层,35,房号,3503,用途,住宅,,建筑面积97.47平方米,户内面积,68.73平方米,分摊面积,28.74平方米,户内面积,--平方米,分摊面积--平方米,建筑面积,--平方米
项目楼栋情况,嘉信云峰公馆1栋,座号,B,合同号,--,拟售价格,44877元/平方米(按建筑面积计)楼层,35,房号,3504,用途,住宅,,建筑面积97.47平方米,户内面积,68.73平方米,分摊面积,28.74平方米,户内面积,--平方米,分摊面积--平方米,建筑面积,--平方米
项目楼栋情况,嘉信云峰公馆1栋,座号,B,合同号,--,拟售价格,45104元/平方米(按建筑面积计)楼层,34,房号,3401,用途,住宅,,建筑面积80.69平方米,户内面积,56.92平方米,分摊面积,23.77平方米,户内面积,--平方米,分摊面积--平方米,建筑面积,--平方米
项目楼栋情况,嘉信云峰公馆1栋,座号,B,合同号,--,拟售价格,44700元/平方米(按建筑面积计)楼层,34,房号,3403,用途,住宅,,建筑面积97.44平方米,户内面积,68.73平方米,分摊面积,28.71平方米,户内面积,--平方米,分摊面积--平方米,建筑面积,--平方米
项目楼栋情况,嘉信云峰公馆1栋,座号,B,合同号,--,拟售价格,44847元/平方米(按建筑面积计)楼层,34,房号,3404,用途,住宅,,建筑面积97.44平方米,户内面积,68.73平方米,分摊面积,28.71平方米,户内面积,--平方米,分摊面积--平方米,建筑面积,--平方米
项目楼栋情况,嘉信云峰公馆1栋,座号,B,合同号,--,拟售价格,45074元/平方米(按建筑面积计)楼层,33,房号,3301,用途,住宅,,建筑面积80.69平方米,户内面积,56.92平方米,分摊面积,23.77平方米,户内面积,--平方米,分摊面积--平方米,建筑面积,--平方米
项目楼栋情况,嘉信云峰公馆1栋,座号,B,合同号,--,拟售价格,44670元/平方米(按建筑面积计)楼层,33,房号,3303,用途,住宅,,建筑面积97.44平方米,户内面积,68.73平方米,分摊面积,28.71平方米,户内面积,--平方米,分摊面积--平方米,建筑面积,--平方米
项目楼栋情况,嘉信云峰公馆1栋,座号,B,合同号,--,拟售价格,44817元/平方米(按建筑面积计)楼层,33,房号,3304,用途,住宅,,建筑面积97.44平方米,户内面积,68.73平方米,分摊面积,28.71平方米,户内面积,--平方米,分摊面积--平方米,建筑面积,--平方米
项目楼栋情况,嘉信云峰公馆1栋,座号,B,合同号,--,拟售价格,45014元/平方米(按建筑面积计)楼层,31,房号,3101,用途,住宅,,建筑面积80.69平方米,户内面积,56.92平方米,分摊面积,23.77平方米,户内面积,--平方米,分摊面积--平方米,建筑面积,--平方米
项目楼栋情况,嘉信云峰公馆1栋,座号,B,合同号,--,拟售价格,44610元/平方米(按建筑面积计)楼层,31,房号,3103,用途,住宅,,建筑面积97.44平方米,户内面积,68.73平方米,分摊面积,28.71平方米,户内面积,--平方米,分摊面积--平方米,建筑面积,--平方米
项目楼栋情况,嘉信云峰公馆1栋,座号,B,合同号,--,拟售价格,44757元/平方米(按建筑面积计)楼层,31,房号,3104,用途,住宅,,建筑面积97.44平方米,户内面积,68.73平方米,分摊面积,28.71平方米,户内面积,--平方米,分摊面积--平方米,建筑面积,--平方米
项目楼栋情况,嘉信云峰公馆1栋,座号,B,合同号,--,拟售价格,44984元/平方米(按建筑面积计)楼层,30,房号,3001,用途,住宅,,建筑面积80.69平方米,户内面积,56.92平方米,分摊面积,23.77平方米,户内面积,--平方米,分摊面积--平方米,建筑面积,--平方米
项目楼栋情况,嘉信云峰公馆1栋,座号,B,合同号,--,拟售价格,44580元/平方米(按建筑面积计)楼层,30,房号,3003,用途,住宅,,建筑面积97.44平方米,户内面积,68.73平方米,分摊面积,28.71平方米,户内面积,--平方米,分摊面积--平方米,建筑面积,--平方米
项目楼栋情况,嘉信云峰公馆1栋,座号,B,合同号,--,拟售价格,44727元/平方米(按建筑面积计)楼层,30,房号,3004,用途,住宅,,建筑面积97.44平方米,户内面积,68.73平方米,分摊面积,28.71平方米,户内面积,--平方米,分摊面积--平方米,建筑面积,--平方米
项目楼栋情况,嘉信云峰公馆1栋,座号,B,合同号,--,拟售价格,44954元/平方米(按建筑面积计)楼层,29,房号,2901,用途,住宅,,建筑面积80.69平方米,户内面积,56.92平方米,分摊面积,23.77平方米,户内面积,--平方米,分摊面积--平方米,建筑面积,--平方米
项目楼栋情况,嘉信云峰公馆1栋,座号,B,合同号,--,拟售价格,44550元/平方米(按建筑面积计)楼层,29,房号,2903,用途,住宅,,建筑面积97.44平方米,户内面积,68.73平方米,分摊面积,28.71平方米,户内面积,--平方米,分摊面积--平方米,建筑面积,--平方米
项目楼栋情况,嘉信云峰公馆1栋,座号,B,合同号,--,拟售价格,44697元/平方米(按建筑面积计)楼层,29,房号,2904,用途,住宅,,建筑面积97.44平方米,户内面积,68.73平方米,分摊面积,28.71平方米,户内面积,--平方米,分摊面积--平方米,建筑面积,--平方米
项目楼栋情况,嘉信云峰公馆1栋,座号,B,合同号,--,拟售价格,44924.01元/平方米(按建筑面积计)楼层,28,房号,2801,用途,住宅,,建筑面积80.69平方米,户内面积,56.92平方米,分摊面积,23.77平方米,户内面积,--平方米,分摊面积--平方米,建筑面积,--平方米
项目楼栋情况,嘉信云峰公馆1栋,座号,B,合同号,--,拟售价格,44520元/平方米(按建筑面积计)楼层,28,房号,2803,用途,住宅,,建筑面积97.44平方米,户内面积,68.73平方米,分摊面积,28.71平方米,户内面积,--平方米,分摊面积--平方米,建筑面积,--平方米
项目楼栋情况,嘉信云峰公馆1栋,座号,B,合同号,--,拟售价格,44667元/平方米(按建筑面积计)楼层,28,房号,2804,用途,住宅,,建筑面积97.44平方米,户内面积,68.73平方米,分摊面积,28.71平方米,户内面积,--平方米,分摊面积--平方米,建筑面积,--平方米
项目楼栋情况,嘉信云峰公馆1栋,座号,B,合同号,--,拟售价格,44894元/平方米(按建筑面积计)楼层,27,房号,2701,用途,住宅,,建筑面积80.69平方米,户内面积,56.92平方米,分摊面积,23.77平方米,户内面积,--平方米,分摊面积--平方米,建筑面积,--平方米
项目楼栋情况,嘉信云峰公馆1栋,座号,B,合同号,--,拟售价格,44490元/平方米(按建筑面积计)楼层,27,房号,2703,用途,住宅,,建筑面积97.44平方米,户内面积,68.73平方米,分摊面积,28.71平方米,户内面积,--平方米,分摊面积--平方米,建筑面积,--平方米
项目楼栋情况,嘉信云峰公馆1栋,座号,B,合同号,--,拟售价格,44637元/平方米(按建筑面积计)楼层,27,房号,2704,用途,住宅,,建筑面积97.44平方米,户内面积,68.73平方米,分摊面积,28.71平方米,户内面积,--平方米,分摊面积--平方米,建筑面积,--平方米
项目楼栋情况,嘉信云峰公馆1栋,座号,B,合同号,--,拟售价格,44864元/平方米(按建筑面积计)楼层,26,房号,2601,用途,住宅,,建筑面积80.69平方米,户内面积,56.92平方米,分摊面积,23.77平方米,户内面积,--平方米,分摊面积--平方米,建筑面积,--平方米
项目楼栋情况,嘉信云峰公馆1栋,座号,B,合同号,--,拟售价格,44460元/平方米(按建筑面积计)楼层,26,房号,2603,用途,住宅,,建筑面积97.44平方米,户内面积,68.73平方米,分摊面积,28.71平方米,户内面积,--平方米,分摊面积--平方米,建筑面积,--平方米
项目楼栋情况,嘉信云峰公馆1栋,座号,B,合同号,--,拟售价格,44607元/平方米(按建筑面积计)楼层,26,房号,2604,用途,住宅,,建筑面积97.44平方米,户内面积,68.73平方米,分摊面积,28.71平方米,户内面积,--平方米,分摊面积--平方米,建筑面积,--平方米
项目楼栋情况,嘉信云峰公馆1栋,座号,B,合同号,--,拟售价格,44833.99元/平方米(按建筑面积计)楼层,25,房号,2501,用途,住宅,,建筑面积80.69平方米,户内面积,56.92平方米,分摊面积,23.77平方米,户内面积,--平方米,分摊面积--平方米,建筑面积,--平方米
项目楼栋情况,嘉信云峰公馆1栋,座号,B,合同号,--,拟售价格,44430元/平方米(按建筑面积计)楼层,25,房号,2503,用途,住宅,,建筑面积97.44平方米,户内面积,68.73平方米,分摊面积,28.71平方米,户内面积,--平方米,分摊面积--平方米,建筑面积,--平方米
项目楼栋情况,嘉信云峰公馆1栋,座号,B,合同号,--,拟售价格,44577元/平方米(按建筑面积计)楼层,25,房号,2504,用途,住宅,,建筑面积97.44平方米,户内面积,68.73平方米,分摊面积,28.71平方米,户内面积,--平方米,分摊面积--平方米,建筑面积,--平方米
项目楼栋情况,嘉信云峰公馆1栋,座号,B,合同号,--,拟售价格,44754元/平方米(按建筑面积计)楼层,24,房号,2401,用途,住宅,,建筑面积80.69平方米,户内面积,56.92平方米,分摊面积,23.77平方米,户内面积,--平方米,分摊面积--平方米,建筑面积,--平方米
项目楼栋情况,嘉信云峰公馆1栋,座号,B,合同号,--,拟售价格,44400元/平方米(按建筑面积计)楼层,24,房号,2403,用途,住宅,,建筑面积97.44平方米,户内面积,68.73平方米,分摊面积,28.71平方米,户内面积,--平方米,分摊面积--平方米,建筑面积,--平方米
项目楼栋情况,嘉信云峰公馆1栋,座号,B,合同号,--,拟售价格,44547元/平方米(按建筑面积计)楼层,24,房号,2404,用途,住宅,,建筑面积97.44平方米,户内面积,68.73平方米,分摊面积,28.71平方米,户内面积,--平方米,分摊面积--平方米,建筑面积,--平方米
项目楼栋情况,嘉信云峰公馆1栋,座号,B,合同号,--,拟售价格,44724.01元/平方米(按建筑面积计)楼层,23,房号,2301,用途,住宅,,建筑面积80.69平方米,户内面积,56.92平方米,分摊面积,23.77平方米,户内面积,--平方米,分摊面积--平方米,建筑面积,--平方米
项目楼栋情况,嘉信云峰公馆1栋,座号,B,合同号,--,拟售价格,44370元/平方米(按建筑面积计)楼层,23,房号,2303,用途,住宅,,建筑面积97.44平方米,户内面积,68.73平方米,分摊面积,28.71平方米,户内面积,--平方米,分摊面积--平方米,建筑面积,--平方米
项目楼栋情况,嘉信云峰公馆1栋,座号,B,合同号,--,拟售价格,44517元/平方米(按建筑面积计)楼层,23,房号,2304,用途,住宅,,建筑面积97.44平方米,户内面积,68.73平方米,分摊面积,28.71平方米,户内面积,--平方米,分摊面积--平方米,建筑面积,--平方米
项目楼栋情况,嘉信云峰公馆1栋,座号,B,合同号,--,拟售价格,44694元/平方米(按建筑面积计)楼层,22,房号,2201,用途,住宅,,建筑面积80.69平方米,户内面积,56.92平方米,分摊面积,23.77平方米,户内面积,--平方米,分摊面积--平方米,建筑面积,--平方米
项目楼栋情况,嘉信云峰公馆1栋,座号,B,合同号,--,拟售价格,44340元/平方米(按建筑面积计)楼层,22,房号,2203,用途,住宅,,建筑面积97.44平方米,户内面积,68.73平方米,分摊面积,28.71平方米,户内面积,--平方米,分摊面积--平方米,建筑面积,--平方米
项目楼栋情况,嘉信云峰公馆1栋,座号,B,合同号,--,拟售价格,44487元/平方米(按建筑面积计)楼层,22,房号,2204,用途,住宅,,建筑面积97.44平方米,户内面积,68.73平方米,分摊面积,28.71平方米,户内面积,--平方米,分摊面积--平方米,建筑面积,--平方米
项目楼栋情况,嘉信云峰公馆1栋,座号,B,合同号,--,拟售价格,44664元/平方米(按建筑面积计)楼层,21,房号,2101,用途,住宅,,建筑面积80.69平方米,户内面积,56.92平方米,分摊面积,23.77平方米,户内面积,--平方米,分摊面积--平方米,建筑面积,--平方米
项目楼栋情况,嘉信云峰公馆1栋,座号,B,合同号,--,拟售价格,44310元/平方米(按建筑面积计)楼层,21,房号,2103,用途,住宅,,建筑面积97.44平方米,户内面积,68.73平方米,分摊面积,28.71平方米,户内面积,--平方米,分摊面积--平方米,建筑面积,--平方米
项目楼栋情况,嘉信云峰公馆1栋,座号,B,合同号,--,拟售价格,44457元/平方米(按建筑面积计)楼层,21,房号,2104,用途,住宅,,建筑面积97.44平方米,户内面积,68.73平方米,分摊面积,28.71平方米,户内面积,--平方米,分摊面积--平方米,建筑面积,--平方米
项目楼栋情况,嘉信云峰公馆1栋,座号,B,合同号,--,拟售价格,44633.99元/平方米(按建筑面积计)楼层,20,房号,2001,用途,住宅,,建筑面积80.69平方米,户内面积,56.92平方米,分摊面积,23.77平方米,户内面积,--平方米,分摊面积--平方米,建筑面积,--平方米
项目楼栋情况,嘉信云峰公馆1栋,座号,B,合同号,--,拟售价格,44280元/平方米(按建筑面积计)楼层,20,房号,2003,用途,住宅,,建筑面积97.44平方米,户内面积,68.73平方米,分摊面积,28.71平方米,户内面积,--平方米,分摊面积--平方米,建筑面积,--平方米
项目楼栋情况,嘉信云峰公馆1栋,座号,B,合同号,--,拟售价格,44427元/平方米(按建筑面积计)楼层,20,房号,2004,用途,住宅,,建筑面积97.44平方米,户内面积,68.73平方米,分摊面积,28.71平方米,户内面积,--平方米,分摊面积--平方米,建筑面积,--平方米
项目楼栋情况,嘉信云峰公馆1栋,座号,B,合同号,--,拟售价格,44604元/平方米(按建筑面积计)楼层,19,房号,1901,用途,住宅,,建筑面积80.69平方米,户内面积,56.92平方米,分摊面积,23.77平方米,户内面积,--平方米,分摊面积--平方米,建筑面积,--平方米
项目楼栋情况,嘉信云峰公馆1栋,座号,B,合同号,--,拟售价格,44250元/平方米(按建筑面积计)楼层,19,房号,1903,用途,住宅,,建筑面积97.44平方米,户内面积,68.73平方米,分摊面积,28.71平方米,户内面积,--平方米,分摊面积--平方米,建筑面积,--平方米
项目楼栋情况,嘉信云峰公馆1栋,座号,B,合同号,--,拟售价格,44397元/平方米(按建筑面积计)楼层,19,房号,1904,用途,住宅,,建筑面积97.44平方米,户内面积,68.73平方米,分摊面积,28.71平方米,户内面积,--平方米,分摊面积--平方米,建筑面积,--平方米
项目楼栋情况,嘉信云峰公馆1栋,座号,B,合同号,--,拟售价格,44574元/平方米(按建筑面积计)楼层,18,房号,1801,用途,住宅,,建筑面积80.69平方米,户内面积,56.92平方米,分摊面积,23.77平方米,户内面积,--平方米,分摊面积--平方米,建筑面积,--平方米
项目楼栋情况,嘉信云峰公馆1栋,座号,B,合同号,--,拟售价格,44220元/平方米(按建筑面积计)楼层,18,房号,1803,用途,住宅,,建筑面积97.44平方米,户内面积,68.73平方米,分摊面积,28.71平方米,户内面积,--平方米,分摊面积--平方米,建筑面积,--平方米
项目楼栋情况,嘉信云峰公馆1栋,座号,B,合同号,--,拟售价格,44367元/平方米(按建筑面积计)楼层,18,房号,1804,用途,住宅,,建筑面积97.44平方米,户内面积,68.73平方米,分摊面积,28.71平方米,户内面积,--平方米,分摊面积--平方米,建筑面积,--平方米
项目楼栋情况,嘉信云峰公馆1栋,座号,B,合同号,--,拟售价格,44544元/平方米(按建筑面积计)楼层,17,房号,1701,用途,住宅,,建筑面积80.69平方米,户内面积,56.92平方米,分摊面积,23.77平方米,户内面积,--平方米,分摊面积--平方米,建筑面积,--平方米
项目楼栋情况,嘉信云峰公馆1栋,座号,B,合同号,--,拟售价格,44190元/平方米(按建筑面积计)楼层,17,房号,1703,用途,住宅,,建筑面积97.44平方米,户内面积,68.73平方米,分摊面积,28.71平方米,户内面积,--平方米,分摊面积--平方米,建筑面积,--平方米
项目楼栋情况,嘉信云峰公馆1栋,座号,B,合同号,--,拟售价格,44337元/平方米(按建筑面积计)楼层,17,房号,1704,用途,住宅,,建筑面积97.44平方米,户内面积,68.73平方米,分摊面积,28.71平方米,户内面积,--平方米,分摊面积--平方米,建筑面积,--平方米
项目楼栋情况,嘉信云峰公馆1栋,座号,B,合同号,--,拟售价格,44484元/平方米(按建筑面积计)楼层,15,房号,1501,用途,住宅,,建筑面积80.69平方米,户内面积,56.92平方米,分摊面积,23.77平方米,户内面积,--平方米,分摊面积--平方米,建筑面积,--平方米
项目楼栋情况,嘉信云峰公馆1栋,座号,B,合同号,--,拟售价格,44130元/平方米(按建筑面积计)楼层,15,房号,1503,用途,住宅,,建筑面积97.44平方米,户内面积,68.73平方米,分摊面积,28.71平方米,户内面积,--平方米,分摊面积--平方米,建筑面积,--平方米
项目楼栋情况,嘉信云峰公馆1栋,座号,B,合同号,--,拟售价格,44277元/平方米(按建筑面积计)楼层,15,房号,1504,用途,住宅,,建筑面积97.44平方米,户内面积,68.73平方米,分摊面积,28.71平方米,户内面积,--平方米,分摊面积--平方米,建筑面积,--平方米
项目楼栋情况,嘉信云峰公馆1栋,座号,B,合同号,--,拟售价格,44454.01元/平方米(按建筑面积计)楼层,14,房号,1401,用途,住宅,,建筑面积80.27平方米,户内面积,56.61平方米,分摊面积,23.66平方米,户内面积,--平方米,分摊面积--平方米,建筑面积,--平方米
项目楼栋情况,嘉信云峰公馆1栋,座号,B,合同号,--,拟售价格,43950元/平方米(按建筑面积计)楼层,14,房号,1403,用途,住宅,,建筑面积97.22平方米,户内面积,68.56平方米,分摊面积,28.66平方米,户内面积,--平方米,分摊面积--平方米,建筑面积,--平方米
项目楼栋情况,嘉信云峰公馆1栋,座号,B,合同号,--,拟售价格,44097元/平方米(按建筑面积计)楼层,14,房号,1404,用途,住宅,,建筑面积97.22平方米,户内面积,68.56平方米,分摊面积,28.66平方米,户内面积,--平方米,分摊面积--平方米,建筑面积,--平方米
项目楼栋情况,嘉信云峰公馆1栋,座号,B,合同号,--,拟售价格,44423.99元/平方米(按建筑面积计)楼层,13,房号,1301,用途,住宅,,建筑面积80.27平方米,户内面积,56.61平方米,分摊面积,23.66平方米,户内面积,--平方米,分摊面积--平方米,建筑面积,--平方米
项目楼栋情况,嘉信云峰公馆1栋,座号,B,合同号,--,拟售价格,43920元/平方米(按建筑面积计)楼层,13,房号,1303,用途,住宅,,建筑面积97.22平方米,户内面积,68.56平方米,分摊面积,28.66平方米,户内面积,--平方米,分摊面积--平方米,建筑面积,--平方米
项目楼栋情况,嘉信云峰公馆1栋,座号,B,合同号,--,拟售价格,44067元/平方米(按建筑面积计)楼层,13,房号,1304,用途,住宅,,建筑面积97.22平方米,户内面积,68.56平方米,分摊面积,28.66平方米,户内面积,--平方米,分摊面积--平方米,建筑面积,--平方米
项目楼栋情况,嘉信云峰公馆1栋,座号,B,合同号,--,拟售价格,44394元/平方米(按建筑面积计)楼层,12,房号,1201,用途,住宅,,建筑面积80.27平方米,户内面积,56.61平方米,分摊面积,23.66平方米,户内面积,--平方米,分摊面积--平方米,建筑面积,--平方米
项目楼栋情况,嘉信云峰公馆1栋,座号,B,合同号,--,拟售价格,43890元/平方米(按建筑面积计)楼层,12,房号,1203,用途,住宅,,建筑面积97.22平方米,户内面积,68.56平方米,分摊面积,28.66平方米,户内面积,--平方米,分摊面积--平方米,建筑面积,--平方米
项目楼栋情况,嘉信云峰公馆1栋,座号,B,合同号,--,拟售价格,44037元/平方米(按建筑面积计)楼层,12,房号,1204,用途,住宅,,建筑面积97.22平方米,户内面积,68.56平方米,分摊面积,28.66平方米,户内面积,--平方米,分摊面积--平方米,建筑面积,--平方米
项目楼栋情况,嘉信云峰公馆1栋,座号,B,合同号,--,拟售价格,44364元/平方米(按建筑面积计)楼层,11,房号,1101,用途,住宅,,建筑面积80.27平方米,户内面积,56.61平方米,分摊面积,23.66平方米,户内面积,--平方米,分摊面积--平方米,建筑面积,--平方米
项目楼栋情况,嘉信云峰公馆1栋,座号,B,合同号,--,拟售价格,43860元/平方米(按建筑面积计)楼层,11,房号,1103,用途,住宅,,建筑面积97.22平方米,户内面积,68.56平方米,分摊面积,28.66平方米,户内面积,--平方米,分摊面积--平方米,建筑面积,--平方米
项目楼栋情况,嘉信云峰公馆1栋,座号,B,合同号,--,拟售价格,44007元/平方米(按建筑面积计)楼层,11,房号,1104,用途,住宅,,建筑面积97.22平方米,户内面积,68.56平方米,分摊面积,28.66平方米,户内面积,--平方米,分摊面积--平方米,建筑面积,--平方米
项目楼栋情况,嘉信云峰公馆1栋,座号,B,合同号,--,拟售价格,44334元/平方米(按建筑面积计)楼层,10,房号,1001,用途,住宅,,建筑面积80.27平方米,户内面积,56.61平方米,分摊面积,23.66平方米,户内面积,--平方米,分摊面积--平方米,建筑面积,--平方米
项目楼栋情况,嘉信云峰公馆1栋,座号,B,合同号,--,拟售价格,43830元/平方米(按建筑面积计)楼层,10,房号,1003,用途,住宅,,建筑面积97.22平方米,户内面积,68.56平方米,分摊面积,28.66平方米,户内面积,--平方米,分摊面积--平方米,建筑面积,--平方米
项目楼栋情况,嘉信云峰公馆1栋,座号,B,合同号,--,拟售价格,43977元/平方米(按建筑面积计)楼层,10,房号,1004,用途,住宅,,建筑面积97.22平方米,户内面积,68.56平方米,分摊面积,28.66平方米,户内面积,--平方米,分摊面积--平方米,建筑面积,--平方米
项目楼栋情况,嘉信云峰公馆1栋,座号,B,合同号,--,拟售价格,44304元/平方米(按建筑面积计)楼层,9,房号,0901,用途,住宅,,建筑面积80.27平方米,户内面积,56.61平方米,分摊面积,23.66平方米,户内面积,--平方米,分摊面积--平方米,建筑面积,--平方米
项目楼栋情况,嘉信云峰公馆1栋,座号,B,合同号,--,拟售价格,43800元/平方米(按建筑面积计)楼层,9,房号,0903,用途,住宅,,建筑面积97.22平方米,户内面积,68.56平方米,分摊面积,28.66平方米,户内面积,--平方米,分摊面积--平方米,建筑面积,--平方米
项目楼栋情况,嘉信云峰公馆1栋,座号,B,合同号,--,拟售价格,43947元/平方米(按建筑面积计)楼层,9,房号,0904,用途,住宅,,建筑面积97.22平方米,户内面积,68.56平方米,分摊面积,28.66平方米,户内面积,--平方米,分摊面积--平方米,建筑面积,--平方米
项目楼栋情况,嘉信云峰公馆1栋,座号,B,合同号,--,拟售价格,44223.99元/平方米(按建筑面积计)楼层,8,房号,0801,用途,住宅,,建筑面积80.27平方米,户内面积,56.61平方米,分摊面积,23.66平方米,户内面积,--平方米,分摊面积--平方米,建筑面积,--平方米
项目楼栋情况,嘉信云峰公馆1栋,座号,B,合同号,--,拟售价格,42920元/平方米(按建筑面积计)楼层,8,房号,0803,用途,住宅,,建筑面积97.22平方米,户内面积,68.56平方米,分摊面积,28.66平方米,户内面积,--平方米,分摊面积--平方米,建筑面积,--平方米
项目楼栋情况,嘉信云峰公馆1栋,座号,B,合同号,--,拟售价格,43067元/平方米(按建筑面积计)楼层,8,房号,0804,用途,住宅,,建筑面积97.22平方米,户内面积,68.56平方米,分摊面积,28.66平方米,户内面积,--平方米,分摊面积--平方米,建筑面积,--平方米
项目楼栋情况,嘉信云峰公馆1栋,座号,B,合同号,--,拟售价格,44194元/平方米(按建筑面积计)楼层,7,房号,0701,用途,住宅,,建筑面积80.1平方米,户内面积,56.49平方米,分摊面积,23.61平方米,户内面积,--平方米,分摊面积--平方米,建筑面积,--平方米
项目楼栋情况,嘉信云峰公馆1栋,座号,B,合同号,--,拟售价格,42900元/平方米(按建筑面积计)楼层,7,房号,0703,用途,住宅,,建筑面积97.02平方米,户内面积,68.42平方米,分摊面积,28.6平方米,户内面积,--平方米,分摊面积--平方米,建筑面积,--平方米
项目楼栋情况,嘉信云峰公馆1栋,座号,B,合同号,--,拟售价格,43047元/平方米(按建筑面积计)楼层,7,房号,0704,用途,住宅,,建筑面积97.02平方米,户内面积,68.42平方米,分摊面积,28.6平方米,户内面积,--平方米,分摊面积--平方米,建筑面积,--平方米
项目楼栋情况,嘉信云峰公馆1栋,座号,B,合同号,--,拟售价格,44164元/平方米(按建筑面积计)楼层,6,房号,0601,用途,住宅,,建筑面积80.1平方米,户内面积,56.49平方米,分摊面积,23.61平方米,户内面积,--平方米,分摊面积--平方米,建筑面积,--平方米
项目楼栋情况,嘉信云峰公馆1栋,座号,B,合同号,--,拟售价格,42880元/平方米(按建筑面积计)楼层,6,房号,0603,用途,住宅,,建筑面积97.02平方米,户内面积,68.42平方米,分摊面积,28.6平方米,户内面积,--平方米,分摊面积--平方米,建筑面积,--平方米
项目楼栋情况,嘉信云峰公馆1栋,座号,B,合同号,--,拟售价格,43027元/平方米(按建筑面积计)楼层,6,房号,0604,用途,住宅,,建筑面积97.02平方米,户内面积,68.42平方米,分摊面积,28.6平方米,户内面积,--平方米,分摊面积--平方米,建筑面积,--平方米
项目楼栋情况,嘉信云峰公馆1栋,座号,B,合同号,--,拟售价格,44134元/平方米(按建筑面积计)楼层,5,房号,0501,用途,住宅,,建筑面积80.1平方米,户内面积,56.49平方米,分摊面积,23.61平方米,户内面积,--平方米,分摊面积--平方米,建筑面积,--平方米
项目楼栋情况,嘉信云峰公馆1栋,座号,B,合同号,--,拟售价格,42860元/平方米(按建筑面积计)楼层,5,房号,0503,用途,住宅,,建筑面积97.02平方米,户内面积,68.42平方米,分摊面积,28.6平方米,户内面积,--平方米,分摊面积--平方米,建筑面积,--平方米
项目楼栋情况,嘉信云峰公馆1栋,座号,B,合同号,--,拟售价格,43007元/平方米(按建筑面积计)楼层,5,房号,0504,用途,住宅,,建筑面积97.02平方米,户内面积,68.42平方米,分摊面积,28.6平方米,户内面积,--平方米,分摊面积--平方米,建筑面积,--平方米
项目楼栋情况,嘉信云峰公馆1栋,座号,B,合同号,--,拟售价格,43454元/平方米(按建筑面积计)楼层,4,房号,0401,用途,住宅,,建筑面积80.72平方米,户内面积,56.49平方米,分摊面积,24.23平方米,户内面积,--平方米,分摊面积--平方米,建筑面积,--平方米
项目楼栋情况,嘉信云峰公馆1栋,座号,B,合同号,--,拟售价格,42987元/平方米(按建筑面积计)楼层,4,房号,0404,用途,住宅,,建筑面积97.77平方米,户内面积,68.42平方米,分摊面积,29.35平方米,户内面积,--平方米,分摊面积--平方米,建筑面积,--平方米
项目楼栋情况,嘉信云峰公馆1栋,座号,B,合同号,--,拟售价格,43434元/平方米(按建筑面积计)楼层,3,房号,0301,用途,住宅,,建筑面积82.05平方米,户内面积,56.49平方米,分摊面积,25.56平方米,户内面积,--平方米,分摊面积--平方米,建筑面积,--平方米
项目楼栋情况,嘉信云峰公馆1栋,座号,B,合同号,--,拟售价格,43414元/平方米(按建筑面积计)楼层,2,房号,0201,用途,住宅,,建筑面积82.05平方米,户内面积,56.49平方米,分摊面积,25.56平方米,户内面积,--平方米,分摊面积--平方米,建筑面积,--平方米
