项目楼栋情况,星河天地花园二期1栋,座号,B,合同号,--,拟售价格,36866.61元/平方米(按建筑面积计)楼层,28,房号,2801,用途,办公,,建筑面积152.28平方米,户内面积,99.11平方米,分摊面积,53.17平方米,户内面积,--平方米,分摊面积--平方米,建筑面积,--平方米
项目楼栋情况,星河天地花园二期1栋,座号,B,合同号,--,拟售价格,43787.81元/平方米(按建筑面积计)楼层,28,房号,2802,用途,办公,,建筑面积74.3平方米,户内面积,48.36平方米,分摊面积,25.94平方米,户内面积,--平方米,分摊面积--平方米,建筑面积,--平方米
项目楼栋情况,星河天地花园二期1栋,座号,B,合同号,--,拟售价格,44696.24元/平方米(按建筑面积计)楼层,28,房号,2803,用途,办公,,建筑面积39.23平方米,户内面积,25.53平方米,分摊面积,13.7平方米,户内面积,--平方米,分摊面积--平方米,建筑面积,--平方米
项目楼栋情况,星河天地花园二期1栋,座号,B,合同号,--,拟售价格,45209.49元/平方米(按建筑面积计)楼层,28,房号,2805,用途,办公,,建筑面积39.23平方米,户内面积,25.53平方米,分摊面积,13.7平方米,户内面积,--平方米,分摊面积--平方米,建筑面积,--平方米
项目楼栋情况,星河天地花园二期1栋,座号,B,合同号,--,拟售价格,45154.91元/平方米(按建筑面积计)楼层,28,房号,2806,用途,办公,,建筑面积39.23平方米,户内面积,25.53平方米,分摊面积,13.7平方米,户内面积,--平方米,分摊面积--平方米,建筑面积,--平方米
项目楼栋情况,星河天地花园二期1栋,座号,B,合同号,--,拟售价格,45209.49元/平方米(按建筑面积计)楼层,28,房号,2807,用途,办公,,建筑面积39.23平方米,户内面积,25.53平方米,分摊面积,13.7平方米,户内面积,--平方米,分摊面积--平方米,建筑面积,--平方米
项目楼栋情况,星河天地花园二期1栋,座号,B,合同号,--,拟售价格,44696.24元/平方米(按建筑面积计)楼层,28,房号,2808,用途,办公,,建筑面积39.23平方米,户内面积,25.53平方米,分摊面积,13.7平方米,户内面积,--平方米,分摊面积--平方米,建筑面积,--平方米
项目楼栋情况,星河天地花园二期1栋,座号,B,合同号,--,拟售价格,43227.57元/平方米(按建筑面积计)楼层,28,房号,2809,用途,办公,,建筑面积74.1平方米,户内面积,48.23平方米,分摊面积,25.87平方米,户内面积,--平方米,分摊面积--平方米,建筑面积,--平方米
项目楼栋情况,星河天地花园二期1栋,座号,B,合同号,--,拟售价格,43209.49元/平方米(按建筑面积计)楼层,28,房号,2810,用途,办公,,建筑面积64.65平方米,户内面积,42.08平方米,分摊面积,22.57平方米,户内面积,--平方米,分摊面积--平方米,建筑面积,--平方米
项目楼栋情况,星河天地花园二期1栋,座号,B,合同号,--,拟售价格,37366.61元/平方米(按建筑面积计)楼层,28,房号,2811,用途,办公,,建筑面积256.37平方米,户内面积,166.85平方米,分摊面积,89.52平方米,户内面积,--平方米,分摊面积--平方米,建筑面积,--平方米
项目楼栋情况,星河天地花园二期1栋,座号,B,合同号,--,拟售价格,36766.61元/平方米(按建筑面积计)楼层,27,房号,2701,用途,办公,,建筑面积277.58平方米,户内面积,183.27平方米,分摊面积,94.31平方米,户内面积,--平方米,分摊面积--平方米,建筑面积,--平方米
项目楼栋情况,星河天地花园二期1栋,座号,B,合同号,--,拟售价格,43687.81元/平方米(按建筑面积计)楼层,27,房号,2702,用途,办公,,建筑面积73.25平方米,户内面积,48.36平方米,分摊面积,24.89平方米,户内面积,--平方米,分摊面积--平方米,建筑面积,--平方米
项目楼栋情况,星河天地花园二期1栋,座号,B,合同号,--,拟售价格,44596.24元/平方米(按建筑面积计)楼层,27,房号,2703,用途,办公,,建筑面积38.67平方米,户内面积,25.53平方米,分摊面积,13.14平方米,户内面积,--平方米,分摊面积--平方米,建筑面积,--平方米
项目楼栋情况,星河天地花园二期1栋,座号,B,合同号,--,拟售价格,45109.49元/平方米(按建筑面积计)楼层,27,房号,2705,用途,办公,,建筑面积38.67平方米,户内面积,25.53平方米,分摊面积,13.14平方米,户内面积,--平方米,分摊面积--平方米,建筑面积,--平方米
项目楼栋情况,星河天地花园二期1栋,座号,B,合同号,--,拟售价格,45054.91元/平方米(按建筑面积计)楼层,27,房号,2706,用途,办公,,建筑面积38.67平方米,户内面积,25.53平方米,分摊面积,13.14平方米,户内面积,--平方米,分摊面积--平方米,建筑面积,--平方米
项目楼栋情况,星河天地花园二期1栋,座号,B,合同号,--,拟售价格,45109.49元/平方米(按建筑面积计)楼层,27,房号,2707,用途,办公,,建筑面积38.67平方米,户内面积,25.53平方米,分摊面积,13.14平方米,户内面积,--平方米,分摊面积--平方米,建筑面积,--平方米
项目楼栋情况,星河天地花园二期1栋,座号,B,合同号,--,拟售价格,44596.24元/平方米(按建筑面积计)楼层,27,房号,2708,用途,办公,,建筑面积38.67平方米,户内面积,25.53平方米,分摊面积,13.14平方米,户内面积,--平方米,分摊面积--平方米,建筑面积,--平方米
项目楼栋情况,星河天地花园二期1栋,座号,B,合同号,--,拟售价格,43127.57元/平方米(按建筑面积计)楼层,27,房号,2709,用途,办公,,建筑面积73.05平方米,户内面积,48.23平方米,分摊面积,24.82平方米,户内面积,--平方米,分摊面积--平方米,建筑面积,--平方米
项目楼栋情况,星河天地花园二期1栋,座号,B,合同号,--,拟售价格,43109.49元/平方米(按建筑面积计)楼层,27,房号,2710,用途,办公,,建筑面积63.73平方米,户内面积,42.08平方米,分摊面积,21.65平方米,户内面积,--平方米,分摊面积--平方米,建筑面积,--平方米
项目楼栋情况,星河天地花园二期1栋,座号,B,合同号,--,拟售价格,37266.61元/平方米(按建筑面积计)楼层,27,房号,2711,用途,办公,,建筑面积252.72平方米,户内面积,166.85平方米,分摊面积,85.87平方米,户内面积,--平方米,分摊面积--平方米,建筑面积,--平方米
项目楼栋情况,星河天地花园二期1栋,座号,B,合同号,--,拟售价格,36666.61元/平方米(按建筑面积计)楼层,26,房号,2601,用途,办公,,建筑面积277.58平方米,户内面积,183.27平方米,分摊面积,94.31平方米,户内面积,--平方米,分摊面积--平方米,建筑面积,--平方米
项目楼栋情况,星河天地花园二期1栋,座号,B,合同号,--,拟售价格,43587.81元/平方米(按建筑面积计)楼层,26,房号,2602,用途,办公,,建筑面积73.25平方米,户内面积,48.36平方米,分摊面积,24.89平方米,户内面积,--平方米,分摊面积--平方米,建筑面积,--平方米
项目楼栋情况,星河天地花园二期1栋,座号,B,合同号,--,拟售价格,44496.24元/平方米(按建筑面积计)楼层,26,房号,2603,用途,办公,,建筑面积38.67平方米,户内面积,25.53平方米,分摊面积,13.14平方米,户内面积,--平方米,分摊面积--平方米,建筑面积,--平方米
项目楼栋情况,星河天地花园二期1栋,座号,B,合同号,--,拟售价格,45009.49元/平方米(按建筑面积计)楼层,26,房号,2605,用途,办公,,建筑面积38.67平方米,户内面积,25.53平方米,分摊面积,13.14平方米,户内面积,--平方米,分摊面积--平方米,建筑面积,--平方米
项目楼栋情况,星河天地花园二期1栋,座号,B,合同号,--,拟售价格,44954.91元/平方米(按建筑面积计)楼层,26,房号,2606,用途,办公,,建筑面积38.67平方米,户内面积,25.53平方米,分摊面积,13.14平方米,户内面积,--平方米,分摊面积--平方米,建筑面积,--平方米
项目楼栋情况,星河天地花园二期1栋,座号,B,合同号,--,拟售价格,45009.49元/平方米(按建筑面积计)楼层,26,房号,2607,用途,办公,,建筑面积38.67平方米,户内面积,25.53平方米,分摊面积,13.14平方米,户内面积,--平方米,分摊面积--平方米,建筑面积,--平方米
项目楼栋情况,星河天地花园二期1栋,座号,B,合同号,--,拟售价格,44496.24元/平方米(按建筑面积计)楼层,26,房号,2608,用途,办公,,建筑面积38.67平方米,户内面积,25.53平方米,分摊面积,13.14平方米,户内面积,--平方米,分摊面积--平方米,建筑面积,--平方米
项目楼栋情况,星河天地花园二期1栋,座号,B,合同号,--,拟售价格,43027.57元/平方米(按建筑面积计)楼层,26,房号,2609,用途,办公,,建筑面积73.05平方米,户内面积,48.23平方米,分摊面积,24.82平方米,户内面积,--平方米,分摊面积--平方米,建筑面积,--平方米
项目楼栋情况,星河天地花园二期1栋,座号,B,合同号,--,拟售价格,43009.49元/平方米(按建筑面积计)楼层,26,房号,2610,用途,办公,,建筑面积63.73平方米,户内面积,42.08平方米,分摊面积,21.65平方米,户内面积,--平方米,分摊面积--平方米,建筑面积,--平方米
项目楼栋情况,星河天地花园二期1栋,座号,B,合同号,--,拟售价格,37166.61元/平方米(按建筑面积计)楼层,26,房号,2611,用途,办公,,建筑面积252.72平方米,户内面积,166.85平方米,分摊面积,85.87平方米,户内面积,--平方米,分摊面积--平方米,建筑面积,--平方米
项目楼栋情况,星河天地花园二期1栋,座号,B,合同号,--,拟售价格,36566.61元/平方米(按建筑面积计)楼层,25,房号,2501,用途,办公,,建筑面积277.58平方米,户内面积,183.27平方米,分摊面积,94.31平方米,户内面积,--平方米,分摊面积--平方米,建筑面积,--平方米
项目楼栋情况,星河天地花园二期1栋,座号,B,合同号,--,拟售价格,43487.81元/平方米(按建筑面积计)楼层,25,房号,2502,用途,办公,,建筑面积73.25平方米,户内面积,48.36平方米,分摊面积,24.89平方米,户内面积,--平方米,分摊面积--平方米,建筑面积,--平方米
项目楼栋情况,星河天地花园二期1栋,座号,B,合同号,--,拟售价格,44396.24元/平方米(按建筑面积计)楼层,25,房号,2503,用途,办公,,建筑面积38.67平方米,户内面积,25.53平方米,分摊面积,13.14平方米,户内面积,--平方米,分摊面积--平方米,建筑面积,--平方米
项目楼栋情况,星河天地花园二期1栋,座号,B,合同号,--,拟售价格,44909.49元/平方米(按建筑面积计)楼层,25,房号,2505,用途,办公,,建筑面积38.67平方米,户内面积,25.53平方米,分摊面积,13.14平方米,户内面积,--平方米,分摊面积--平方米,建筑面积,--平方米
项目楼栋情况,星河天地花园二期1栋,座号,B,合同号,--,拟售价格,44854.91元/平方米(按建筑面积计)楼层,25,房号,2506,用途,办公,,建筑面积38.67平方米,户内面积,25.53平方米,分摊面积,13.14平方米,户内面积,--平方米,分摊面积--平方米,建筑面积,--平方米
项目楼栋情况,星河天地花园二期1栋,座号,B,合同号,--,拟售价格,44909.49元/平方米(按建筑面积计)楼层,25,房号,2507,用途,办公,,建筑面积38.67平方米,户内面积,25.53平方米,分摊面积,13.14平方米,户内面积,--平方米,分摊面积--平方米,建筑面积,--平方米
项目楼栋情况,星河天地花园二期1栋,座号,B,合同号,--,拟售价格,44396.24元/平方米(按建筑面积计)楼层,25,房号,2508,用途,办公,,建筑面积38.67平方米,户内面积,25.53平方米,分摊面积,13.14平方米,户内面积,--平方米,分摊面积--平方米,建筑面积,--平方米
项目楼栋情况,星河天地花园二期1栋,座号,B,合同号,--,拟售价格,42927.57元/平方米(按建筑面积计)楼层,25,房号,2509,用途,办公,,建筑面积73.05平方米,户内面积,48.23平方米,分摊面积,24.82平方米,户内面积,--平方米,分摊面积--平方米,建筑面积,--平方米
项目楼栋情况,星河天地花园二期1栋,座号,B,合同号,--,拟售价格,42909.49元/平方米(按建筑面积计)楼层,25,房号,2510,用途,办公,,建筑面积63.73平方米,户内面积,42.08平方米,分摊面积,21.65平方米,户内面积,--平方米,分摊面积--平方米,建筑面积,--平方米
项目楼栋情况,星河天地花园二期1栋,座号,B,合同号,--,拟售价格,37066.61元/平方米(按建筑面积计)楼层,25,房号,2511,用途,办公,,建筑面积252.72平方米,户内面积,166.85平方米,分摊面积,85.87平方米,户内面积,--平方米,分摊面积--平方米,建筑面积,--平方米
项目楼栋情况,星河天地花园二期1栋,座号,B,合同号,--,拟售价格,36466.61元/平方米(按建筑面积计)楼层,24,房号,2401,用途,办公,,建筑面积277.58平方米,户内面积,183.27平方米,分摊面积,94.31平方米,户内面积,--平方米,分摊面积--平方米,建筑面积,--平方米
项目楼栋情况,星河天地花园二期1栋,座号,B,合同号,--,拟售价格,43387.81元/平方米(按建筑面积计)楼层,24,房号,2402,用途,办公,,建筑面积73.25平方米,户内面积,48.36平方米,分摊面积,24.89平方米,户内面积,--平方米,分摊面积--平方米,建筑面积,--平方米
项目楼栋情况,星河天地花园二期1栋,座号,B,合同号,--,拟售价格,44296.24元/平方米(按建筑面积计)楼层,24,房号,2403,用途,办公,,建筑面积38.67平方米,户内面积,25.53平方米,分摊面积,13.14平方米,户内面积,--平方米,分摊面积--平方米,建筑面积,--平方米
项目楼栋情况,星河天地花园二期1栋,座号,B,合同号,--,拟售价格,44809.49元/平方米(按建筑面积计)楼层,24,房号,2405,用途,办公,,建筑面积38.67平方米,户内面积,25.53平方米,分摊面积,13.14平方米,户内面积,--平方米,分摊面积--平方米,建筑面积,--平方米
项目楼栋情况,星河天地花园二期1栋,座号,B,合同号,--,拟售价格,44754.91元/平方米(按建筑面积计)楼层,24,房号,2406,用途,办公,,建筑面积38.67平方米,户内面积,25.53平方米,分摊面积,13.14平方米,户内面积,--平方米,分摊面积--平方米,建筑面积,--平方米
项目楼栋情况,星河天地花园二期1栋,座号,B,合同号,--,拟售价格,44809.49元/平方米(按建筑面积计)楼层,24,房号,2407,用途,办公,,建筑面积38.67平方米,户内面积,25.53平方米,分摊面积,13.14平方米,户内面积,--平方米,分摊面积--平方米,建筑面积,--平方米
项目楼栋情况,星河天地花园二期1栋,座号,B,合同号,--,拟售价格,44296.24元/平方米(按建筑面积计)楼层,24,房号,2408,用途,办公,,建筑面积38.67平方米,户内面积,25.53平方米,分摊面积,13.14平方米,户内面积,--平方米,分摊面积--平方米,建筑面积,--平方米
项目楼栋情况,星河天地花园二期1栋,座号,B,合同号,--,拟售价格,42827.57元/平方米(按建筑面积计)楼层,24,房号,2409,用途,办公,,建筑面积73.05平方米,户内面积,48.23平方米,分摊面积,24.82平方米,户内面积,--平方米,分摊面积--平方米,建筑面积,--平方米
项目楼栋情况,星河天地花园二期1栋,座号,B,合同号,--,拟售价格,42809.49元/平方米(按建筑面积计)楼层,24,房号,2410,用途,办公,,建筑面积63.73平方米,户内面积,42.08平方米,分摊面积,21.65平方米,户内面积,--平方米,分摊面积--平方米,建筑面积,--平方米
项目楼栋情况,星河天地花园二期1栋,座号,B,合同号,--,拟售价格,36966.61元/平方米(按建筑面积计)楼层,24,房号,2411,用途,办公,,建筑面积252.72平方米,户内面积,166.85平方米,分摊面积,85.87平方米,户内面积,--平方米,分摊面积--平方米,建筑面积,--平方米
项目楼栋情况,星河天地花园二期1栋,座号,B,合同号,--,拟售价格,36366.61元/平方米(按建筑面积计)楼层,23,房号,2301,用途,办公,,建筑面积277.58平方米,户内面积,183.27平方米,分摊面积,94.31平方米,户内面积,--平方米,分摊面积--平方米,建筑面积,--平方米
项目楼栋情况,星河天地花园二期1栋,座号,B,合同号,--,拟售价格,43287.81元/平方米(按建筑面积计)楼层,23,房号,2302,用途,办公,,建筑面积73.25平方米,户内面积,48.36平方米,分摊面积,24.89平方米,户内面积,--平方米,分摊面积--平方米,建筑面积,--平方米
项目楼栋情况,星河天地花园二期1栋,座号,B,合同号,--,拟售价格,44196.24元/平方米(按建筑面积计)楼层,23,房号,2303,用途,办公,,建筑面积38.67平方米,户内面积,25.53平方米,分摊面积,13.14平方米,户内面积,--平方米,分摊面积--平方米,建筑面积,--平方米
项目楼栋情况,星河天地花园二期1栋,座号,B,合同号,--,拟售价格,44709.49元/平方米(按建筑面积计)楼层,23,房号,2305,用途,办公,,建筑面积38.67平方米,户内面积,25.53平方米,分摊面积,13.14平方米,户内面积,--平方米,分摊面积--平方米,建筑面积,--平方米
项目楼栋情况,星河天地花园二期1栋,座号,B,合同号,--,拟售价格,44654.91元/平方米(按建筑面积计)楼层,23,房号,2306,用途,办公,,建筑面积38.67平方米,户内面积,25.53平方米,分摊面积,13.14平方米,户内面积,--平方米,分摊面积--平方米,建筑面积,--平方米
项目楼栋情况,星河天地花园二期1栋,座号,B,合同号,--,拟售价格,44709.49元/平方米(按建筑面积计)楼层,23,房号,2307,用途,办公,,建筑面积38.67平方米,户内面积,25.53平方米,分摊面积,13.14平方米,户内面积,--平方米,分摊面积--平方米,建筑面积,--平方米
项目楼栋情况,星河天地花园二期1栋,座号,B,合同号,--,拟售价格,44196.24元/平方米(按建筑面积计)楼层,23,房号,2308,用途,办公,,建筑面积38.67平方米,户内面积,25.53平方米,分摊面积,13.14平方米,户内面积,--平方米,分摊面积--平方米,建筑面积,--平方米
项目楼栋情况,星河天地花园二期1栋,座号,B,合同号,--,拟售价格,42727.57元/平方米(按建筑面积计)楼层,23,房号,2309,用途,办公,,建筑面积73.05平方米,户内面积,48.23平方米,分摊面积,24.82平方米,户内面积,--平方米,分摊面积--平方米,建筑面积,--平方米
项目楼栋情况,星河天地花园二期1栋,座号,B,合同号,--,拟售价格,42709.49元/平方米(按建筑面积计)楼层,23,房号,2310,用途,办公,,建筑面积63.73平方米,户内面积,42.08平方米,分摊面积,21.65平方米,户内面积,--平方米,分摊面积--平方米,建筑面积,--平方米
项目楼栋情况,星河天地花园二期1栋,座号,B,合同号,--,拟售价格,36866.61元/平方米(按建筑面积计)楼层,23,房号,2311,用途,办公,,建筑面积252.72平方米,户内面积,166.85平方米,分摊面积,85.87平方米,户内面积,--平方米,分摊面积--平方米,建筑面积,--平方米
项目楼栋情况,星河天地花园二期1栋,座号,B,合同号,--,拟售价格,36266.61元/平方米(按建筑面积计)楼层,22,房号,2201,用途,办公,,建筑面积277.58平方米,户内面积,183.27平方米,分摊面积,94.31平方米,户内面积,--平方米,分摊面积--平方米,建筑面积,--平方米
项目楼栋情况,星河天地花园二期1栋,座号,B,合同号,--,拟售价格,43187.81元/平方米(按建筑面积计)楼层,22,房号,2202,用途,办公,,建筑面积73.25平方米,户内面积,48.36平方米,分摊面积,24.89平方米,户内面积,--平方米,分摊面积--平方米,建筑面积,--平方米
项目楼栋情况,星河天地花园二期1栋,座号,B,合同号,--,拟售价格,44096.24元/平方米(按建筑面积计)楼层,22,房号,2203,用途,办公,,建筑面积38.67平方米,户内面积,25.53平方米,分摊面积,13.14平方米,户内面积,--平方米,分摊面积--平方米,建筑面积,--平方米
项目楼栋情况,星河天地花园二期1栋,座号,B,合同号,--,拟售价格,44609.49元/平方米(按建筑面积计)楼层,22,房号,2205,用途,办公,,建筑面积38.67平方米,户内面积,25.53平方米,分摊面积,13.14平方米,户内面积,--平方米,分摊面积--平方米,建筑面积,--平方米
项目楼栋情况,星河天地花园二期1栋,座号,B,合同号,--,拟售价格,44554.91元/平方米(按建筑面积计)楼层,22,房号,2206,用途,办公,,建筑面积38.67平方米,户内面积,25.53平方米,分摊面积,13.14平方米,户内面积,--平方米,分摊面积--平方米,建筑面积,--平方米
项目楼栋情况,星河天地花园二期1栋,座号,B,合同号,--,拟售价格,44609.49元/平方米(按建筑面积计)楼层,22,房号,2207,用途,办公,,建筑面积38.67平方米,户内面积,25.53平方米,分摊面积,13.14平方米,户内面积,--平方米,分摊面积--平方米,建筑面积,--平方米
项目楼栋情况,星河天地花园二期1栋,座号,B,合同号,--,拟售价格,44096.24元/平方米(按建筑面积计)楼层,22,房号,2208,用途,办公,,建筑面积38.67平方米,户内面积,25.53平方米,分摊面积,13.14平方米,户内面积,--平方米,分摊面积--平方米,建筑面积,--平方米
项目楼栋情况,星河天地花园二期1栋,座号,B,合同号,--,拟售价格,42627.57元/平方米(按建筑面积计)楼层,22,房号,2209,用途,办公,,建筑面积73.05平方米,户内面积,48.23平方米,分摊面积,24.82平方米,户内面积,--平方米,分摊面积--平方米,建筑面积,--平方米
项目楼栋情况,星河天地花园二期1栋,座号,B,合同号,--,拟售价格,42609.49元/平方米(按建筑面积计)楼层,22,房号,2210,用途,办公,,建筑面积63.73平方米,户内面积,42.08平方米,分摊面积,21.65平方米,户内面积,--平方米,分摊面积--平方米,建筑面积,--平方米
项目楼栋情况,星河天地花园二期1栋,座号,B,合同号,--,拟售价格,36766.61元/平方米(按建筑面积计)楼层,22,房号,2211,用途,办公,,建筑面积252.72平方米,户内面积,166.85平方米,分摊面积,85.87平方米,户内面积,--平方米,分摊面积--平方米,建筑面积,--平方米
项目楼栋情况,星河天地花园二期1栋,座号,B,合同号,--,拟售价格,36166.61元/平方米(按建筑面积计)楼层,20,房号,2001,用途,办公,,建筑面积276.44平方米,户内面积,182.95平方米,分摊面积,93.49平方米,户内面积,--平方米,分摊面积--平方米,建筑面积,--平方米
项目楼栋情况,星河天地花园二期1栋,座号,B,合同号,--,拟售价格,43087.81元/平方米(按建筑面积计)楼层,20,房号,2002,用途,办公,,建筑面积73.07平方米,户内面积,48.36平方米,分摊面积,24.71平方米,户内面积,--平方米,分摊面积--平方米,建筑面积,--平方米
项目楼栋情况,星河天地花园二期1栋,座号,B,合同号,--,拟售价格,43996.24元/平方米(按建筑面积计)楼层,20,房号,2003,用途,办公,,建筑面积38.58平方米,户内面积,25.53平方米,分摊面积,13.05平方米,户内面积,--平方米,分摊面积--平方米,建筑面积,--平方米
项目楼栋情况,星河天地花园二期1栋,座号,B,合同号,--,拟售价格,44509.49元/平方米(按建筑面积计)楼层,20,房号,2005,用途,办公,,建筑面积38.58平方米,户内面积,25.53平方米,分摊面积,13.05平方米,户内面积,--平方米,分摊面积--平方米,建筑面积,--平方米
项目楼栋情况,星河天地花园二期1栋,座号,B,合同号,--,拟售价格,44454.91元/平方米(按建筑面积计)楼层,20,房号,2006,用途,办公,,建筑面积38.58平方米,户内面积,25.53平方米,分摊面积,13.05平方米,户内面积,--平方米,分摊面积--平方米,建筑面积,--平方米
项目楼栋情况,星河天地花园二期1栋,座号,B,合同号,--,拟售价格,44509.49元/平方米(按建筑面积计)楼层,20,房号,2007,用途,办公,,建筑面积38.58平方米,户内面积,25.53平方米,分摊面积,13.05平方米,户内面积,--平方米,分摊面积--平方米,建筑面积,--平方米
项目楼栋情况,星河天地花园二期1栋,座号,B,合同号,--,拟售价格,43996.24元/平方米(按建筑面积计)楼层,20,房号,2008,用途,办公,,建筑面积38.58平方米,户内面积,25.53平方米,分摊面积,13.05平方米,户内面积,--平方米,分摊面积--平方米,建筑面积,--平方米
项目楼栋情况,星河天地花园二期1栋,座号,B,合同号,--,拟售价格,42527.57元/平方米(按建筑面积计)楼层,20,房号,2009,用途,办公,,建筑面积72.88平方米,户内面积,48.23平方米,分摊面积,24.65平方米,户内面积,--平方米,分摊面积--平方米,建筑面积,--平方米
项目楼栋情况,星河天地花园二期1栋,座号,B,合同号,--,拟售价格,42509.49元/平方米(按建筑面积计)楼层,20,房号,2010,用途,办公,,建筑面积63.43平方米,户内面积,41.98平方米,分摊面积,21.45平方米,户内面积,--平方米,分摊面积--平方米,建筑面积,--平方米
项目楼栋情况,星河天地花园二期1栋,座号,B,合同号,--,拟售价格,36666.61元/平方米(按建筑面积计)楼层,20,房号,2011,用途,办公,,建筑面积251.79平方米,户内面积,166.63平方米,分摊面积,85.16平方米,户内面积,--平方米,分摊面积--平方米,建筑面积,--平方米
项目楼栋情况,星河天地花园二期1栋,座号,B,合同号,--,拟售价格,36066.61元/平方米(按建筑面积计)楼层,19,房号,1901,用途,办公,,建筑面积276.44平方米,户内面积,182.95平方米,分摊面积,93.49平方米,户内面积,--平方米,分摊面积--平方米,建筑面积,--平方米
项目楼栋情况,星河天地花园二期1栋,座号,B,合同号,--,拟售价格,42987.81元/平方米(按建筑面积计)楼层,19,房号,1902,用途,办公,,建筑面积73.07平方米,户内面积,48.36平方米,分摊面积,24.71平方米,户内面积,--平方米,分摊面积--平方米,建筑面积,--平方米
项目楼栋情况,星河天地花园二期1栋,座号,B,合同号,--,拟售价格,43896.24元/平方米(按建筑面积计)楼层,19,房号,1903,用途,办公,,建筑面积38.58平方米,户内面积,25.53平方米,分摊面积,13.05平方米,户内面积,--平方米,分摊面积--平方米,建筑面积,--平方米
项目楼栋情况,星河天地花园二期1栋,座号,B,合同号,--,拟售价格,44409.49元/平方米(按建筑面积计)楼层,19,房号,1905,用途,办公,,建筑面积38.58平方米,户内面积,25.53平方米,分摊面积,13.05平方米,户内面积,--平方米,分摊面积--平方米,建筑面积,--平方米
项目楼栋情况,星河天地花园二期1栋,座号,B,合同号,--,拟售价格,44354.91元/平方米(按建筑面积计)楼层,19,房号,1906,用途,办公,,建筑面积38.58平方米,户内面积,25.53平方米,分摊面积,13.05平方米,户内面积,--平方米,分摊面积--平方米,建筑面积,--平方米
项目楼栋情况,星河天地花园二期1栋,座号,B,合同号,--,拟售价格,44409.49元/平方米(按建筑面积计)楼层,19,房号,1907,用途,办公,,建筑面积38.58平方米,户内面积,25.53平方米,分摊面积,13.05平方米,户内面积,--平方米,分摊面积--平方米,建筑面积,--平方米
项目楼栋情况,星河天地花园二期1栋,座号,B,合同号,--,拟售价格,43896.24元/平方米(按建筑面积计)楼层,19,房号,1908,用途,办公,,建筑面积38.58平方米,户内面积,25.53平方米,分摊面积,13.05平方米,户内面积,--平方米,分摊面积--平方米,建筑面积,--平方米
项目楼栋情况,星河天地花园二期1栋,座号,B,合同号,--,拟售价格,42427.57元/平方米(按建筑面积计)楼层,19,房号,1909,用途,办公,,建筑面积72.88平方米,户内面积,48.23平方米,分摊面积,24.65平方米,户内面积,--平方米,分摊面积--平方米,建筑面积,--平方米
项目楼栋情况,星河天地花园二期1栋,座号,B,合同号,--,拟售价格,42409.49元/平方米(按建筑面积计)楼层,19,房号,1910,用途,办公,,建筑面积63.43平方米,户内面积,41.98平方米,分摊面积,21.45平方米,户内面积,--平方米,分摊面积--平方米,建筑面积,--平方米
项目楼栋情况,星河天地花园二期1栋,座号,B,合同号,--,拟售价格,36566.61元/平方米(按建筑面积计)楼层,19,房号,1911,用途,办公,,建筑面积251.79平方米,户内面积,166.63平方米,分摊面积,85.16平方米,户内面积,--平方米,分摊面积--平方米,建筑面积,--平方米
项目楼栋情况,星河天地花园二期1栋,座号,B,合同号,--,拟售价格,35966.61元/平方米(按建筑面积计)楼层,18,房号,1801,用途,办公,,建筑面积276.44平方米,户内面积,182.95平方米,分摊面积,93.49平方米,户内面积,--平方米,分摊面积--平方米,建筑面积,--平方米
项目楼栋情况,星河天地花园二期1栋,座号,B,合同号,--,拟售价格,42887.81元/平方米(按建筑面积计)楼层,18,房号,1802,用途,办公,,建筑面积73.07平方米,户内面积,48.36平方米,分摊面积,24.71平方米,户内面积,--平方米,分摊面积--平方米,建筑面积,--平方米
项目楼栋情况,星河天地花园二期1栋,座号,B,合同号,--,拟售价格,43796.24元/平方米(按建筑面积计)楼层,18,房号,1803,用途,办公,,建筑面积38.58平方米,户内面积,25.53平方米,分摊面积,13.05平方米,户内面积,--平方米,分摊面积--平方米,建筑面积,--平方米
项目楼栋情况,星河天地花园二期1栋,座号,B,合同号,--,拟售价格,44309.49元/平方米(按建筑面积计)楼层,18,房号,1805,用途,办公,,建筑面积38.58平方米,户内面积,25.53平方米,分摊面积,13.05平方米,户内面积,--平方米,分摊面积--平方米,建筑面积,--平方米
项目楼栋情况,星河天地花园二期1栋,座号,B,合同号,--,拟售价格,44254.91元/平方米(按建筑面积计)楼层,18,房号,1806,用途,办公,,建筑面积38.58平方米,户内面积,25.53平方米,分摊面积,13.05平方米,户内面积,--平方米,分摊面积--平方米,建筑面积,--平方米
项目楼栋情况,星河天地花园二期1栋,座号,B,合同号,--,拟售价格,44309.49元/平方米(按建筑面积计)楼层,18,房号,1807,用途,办公,,建筑面积38.58平方米,户内面积,25.53平方米,分摊面积,13.05平方米,户内面积,--平方米,分摊面积--平方米,建筑面积,--平方米
项目楼栋情况,星河天地花园二期1栋,座号,B,合同号,--,拟售价格,43796.24元/平方米(按建筑面积计)楼层,18,房号,1808,用途,办公,,建筑面积38.58平方米,户内面积,25.53平方米,分摊面积,13.05平方米,户内面积,--平方米,分摊面积--平方米,建筑面积,--平方米
项目楼栋情况,星河天地花园二期1栋,座号,B,合同号,--,拟售价格,42327.57元/平方米(按建筑面积计)楼层,18,房号,1809,用途,办公,,建筑面积72.88平方米,户内面积,48.23平方米,分摊面积,24.65平方米,户内面积,--平方米,分摊面积--平方米,建筑面积,--平方米
项目楼栋情况,星河天地花园二期1栋,座号,B,合同号,--,拟售价格,42309.49元/平方米(按建筑面积计)楼层,18,房号,1810,用途,办公,,建筑面积63.43平方米,户内面积,41.98平方米,分摊面积,21.45平方米,户内面积,--平方米,分摊面积--平方米,建筑面积,--平方米
项目楼栋情况,星河天地花园二期1栋,座号,B,合同号,--,拟售价格,36466.61元/平方米(按建筑面积计)楼层,18,房号,1811,用途,办公,,建筑面积251.79平方米,户内面积,166.63平方米,分摊面积,85.16平方米,户内面积,--平方米,分摊面积--平方米,建筑面积,--平方米
项目楼栋情况,星河天地花园二期1栋,座号,B,合同号,--,拟售价格,35866.61元/平方米(按建筑面积计)楼层,17,房号,1701,用途,办公,,建筑面积276.44平方米,户内面积,182.95平方米,分摊面积,93.49平方米,户内面积,--平方米,分摊面积--平方米,建筑面积,--平方米
项目楼栋情况,星河天地花园二期1栋,座号,B,合同号,--,拟售价格,42787.81元/平方米(按建筑面积计)楼层,17,房号,1702,用途,办公,,建筑面积73.07平方米,户内面积,48.36平方米,分摊面积,24.71平方米,户内面积,--平方米,分摊面积--平方米,建筑面积,--平方米
项目楼栋情况,星河天地花园二期1栋,座号,B,合同号,--,拟售价格,43696.24元/平方米(按建筑面积计)楼层,17,房号,1703,用途,办公,,建筑面积38.58平方米,户内面积,25.53平方米,分摊面积,13.05平方米,户内面积,--平方米,分摊面积--平方米,建筑面积,--平方米
项目楼栋情况,星河天地花园二期1栋,座号,B,合同号,--,拟售价格,44209.49元/平方米(按建筑面积计)楼层,17,房号,1705,用途,办公,,建筑面积38.58平方米,户内面积,25.53平方米,分摊面积,13.05平方米,户内面积,--平方米,分摊面积--平方米,建筑面积,--平方米
项目楼栋情况,星河天地花园二期1栋,座号,B,合同号,--,拟售价格,44154.91元/平方米(按建筑面积计)楼层,17,房号,1706,用途,办公,,建筑面积38.58平方米,户内面积,25.53平方米,分摊面积,13.05平方米,户内面积,--平方米,分摊面积--平方米,建筑面积,--平方米
项目楼栋情况,星河天地花园二期1栋,座号,B,合同号,--,拟售价格,44209.49元/平方米(按建筑面积计)楼层,17,房号,1707,用途,办公,,建筑面积38.58平方米,户内面积,25.53平方米,分摊面积,13.05平方米,户内面积,--平方米,分摊面积--平方米,建筑面积,--平方米
项目楼栋情况,星河天地花园二期1栋,座号,B,合同号,--,拟售价格,43696.24元/平方米(按建筑面积计)楼层,17,房号,1708,用途,办公,,建筑面积38.58平方米,户内面积,25.53平方米,分摊面积,13.05平方米,户内面积,--平方米,分摊面积--平方米,建筑面积,--平方米
项目楼栋情况,星河天地花园二期1栋,座号,B,合同号,--,拟售价格,42227.57元/平方米(按建筑面积计)楼层,17,房号,1709,用途,办公,,建筑面积72.88平方米,户内面积,48.23平方米,分摊面积,24.65平方米,户内面积,--平方米,分摊面积--平方米,建筑面积,--平方米
项目楼栋情况,星河天地花园二期1栋,座号,B,合同号,--,拟售价格,42209.49元/平方米(按建筑面积计)楼层,17,房号,1710,用途,办公,,建筑面积63.43平方米,户内面积,41.98平方米,分摊面积,21.45平方米,户内面积,--平方米,分摊面积--平方米,建筑面积,--平方米
项目楼栋情况,星河天地花园二期1栋,座号,B,合同号,--,拟售价格,36366.61元/平方米(按建筑面积计)楼层,17,房号,1711,用途,办公,,建筑面积251.79平方米,户内面积,166.63平方米,分摊面积,85.16平方米,户内面积,--平方米,分摊面积--平方米,建筑面积,--平方米
项目楼栋情况,星河天地花园二期1栋,座号,B,合同号,--,拟售价格,35766.61元/平方米(按建筑面积计)楼层,16,房号,1601,用途,办公,,建筑面积276.44平方米,户内面积,182.95平方米,分摊面积,93.49平方米,户内面积,--平方米,分摊面积--平方米,建筑面积,--平方米
项目楼栋情况,星河天地花园二期1栋,座号,B,合同号,--,拟售价格,42687.81元/平方米(按建筑面积计)楼层,16,房号,1602,用途,办公,,建筑面积73.07平方米,户内面积,48.36平方米,分摊面积,24.71平方米,户内面积,--平方米,分摊面积--平方米,建筑面积,--平方米
项目楼栋情况,星河天地花园二期1栋,座号,B,合同号,--,拟售价格,43596.24元/平方米(按建筑面积计)楼层,16,房号,1603,用途,办公,,建筑面积38.58平方米,户内面积,25.53平方米,分摊面积,13.05平方米,户内面积,--平方米,分摊面积--平方米,建筑面积,--平方米
项目楼栋情况,星河天地花园二期1栋,座号,B,合同号,--,拟售价格,44109.49元/平方米(按建筑面积计)楼层,16,房号,1605,用途,办公,,建筑面积38.58平方米,户内面积,25.53平方米,分摊面积,13.05平方米,户内面积,--平方米,分摊面积--平方米,建筑面积,--平方米
项目楼栋情况,星河天地花园二期1栋,座号,B,合同号,--,拟售价格,44054.91元/平方米(按建筑面积计)楼层,16,房号,1606,用途,办公,,建筑面积38.58平方米,户内面积,25.53平方米,分摊面积,13.05平方米,户内面积,--平方米,分摊面积--平方米,建筑面积,--平方米
项目楼栋情况,星河天地花园二期1栋,座号,B,合同号,--,拟售价格,44109.49元/平方米(按建筑面积计)楼层,16,房号,1607,用途,办公,,建筑面积38.58平方米,户内面积,25.53平方米,分摊面积,13.05平方米,户内面积,--平方米,分摊面积--平方米,建筑面积,--平方米
项目楼栋情况,星河天地花园二期1栋,座号,B,合同号,深(宝)网预买字(2019)31501号,拟售价格,--元/平方米(按建筑面积计)楼层,16,房号,1608,用途,办公,,建筑面积38.58平方米,户内面积,25.53平方米,分摊面积,13.05平方米,户内面积,--平方米,分摊面积--平方米,建筑面积,--平方米
项目楼栋情况,星河天地花园二期1栋,座号,B,合同号,深(宝)网预买字(2019)31325号,拟售价格,--元/平方米(按建筑面积计)楼层,16,房号,1609,用途,办公,,建筑面积72.88平方米,户内面积,48.23平方米,分摊面积,24.65平方米,户内面积,--平方米,分摊面积--平方米,建筑面积,--平方米
项目楼栋情况,星河天地花园二期1栋,座号,B,合同号,--,拟售价格,42109.49元/平方米(按建筑面积计)楼层,16,房号,1610,用途,办公,,建筑面积63.43平方米,户内面积,41.98平方米,分摊面积,21.45平方米,户内面积,--平方米,分摊面积--平方米,建筑面积,--平方米
项目楼栋情况,星河天地花园二期1栋,座号,B,合同号,--,拟售价格,36266.61元/平方米(按建筑面积计)楼层,16,房号,1611,用途,办公,,建筑面积251.79平方米,户内面积,166.63平方米,分摊面积,85.16平方米,户内面积,--平方米,分摊面积--平方米,建筑面积,--平方米
项目楼栋情况,星河天地花园二期1栋,座号,B,合同号,--,拟售价格,35666.61元/平方米(按建筑面积计)楼层,15,房号,1501,用途,办公,,建筑面积276.44平方米,户内面积,182.95平方米,分摊面积,93.49平方米,户内面积,--平方米,分摊面积--平方米,建筑面积,--平方米
项目楼栋情况,星河天地花园二期1栋,座号,B,合同号,--,拟售价格,42587.81元/平方米(按建筑面积计)楼层,15,房号,1502,用途,办公,,建筑面积73.07平方米,户内面积,48.36平方米,分摊面积,24.71平方米,户内面积,--平方米,分摊面积--平方米,建筑面积,--平方米
项目楼栋情况,星河天地花园二期1栋,座号,B,合同号,--,拟售价格,43496.24元/平方米(按建筑面积计)楼层,15,房号,1503,用途,办公,,建筑面积38.58平方米,户内面积,25.53平方米,分摊面积,13.05平方米,户内面积,--平方米,分摊面积--平方米,建筑面积,--平方米
项目楼栋情况,星河天地花园二期1栋,座号,B,合同号,--,拟售价格,44009.49元/平方米(按建筑面积计)楼层,15,房号,1505,用途,办公,,建筑面积38.58平方米,户内面积,25.53平方米,分摊面积,13.05平方米,户内面积,--平方米,分摊面积--平方米,建筑面积,--平方米
项目楼栋情况,星河天地花园二期1栋,座号,B,合同号,--,拟售价格,43954.91元/平方米(按建筑面积计)楼层,15,房号,1506,用途,办公,,建筑面积38.58平方米,户内面积,25.53平方米,分摊面积,13.05平方米,户内面积,--平方米,分摊面积--平方米,建筑面积,--平方米
项目楼栋情况,星河天地花园二期1栋,座号,B,合同号,--,拟售价格,44009.49元/平方米(按建筑面积计)楼层,15,房号,1507,用途,办公,,建筑面积38.58平方米,户内面积,25.53平方米,分摊面积,13.05平方米,户内面积,--平方米,分摊面积--平方米,建筑面积,--平方米
项目楼栋情况,星河天地花园二期1栋,座号,B,合同号,--,拟售价格,43496.24元/平方米(按建筑面积计)楼层,15,房号,1508,用途,办公,,建筑面积38.58平方米,户内面积,25.53平方米,分摊面积,13.05平方米,户内面积,--平方米,分摊面积--平方米,建筑面积,--平方米
项目楼栋情况,星河天地花园二期1栋,座号,B,合同号,--,拟售价格,42027.57元/平方米(按建筑面积计)楼层,15,房号,1509,用途,办公,,建筑面积72.88平方米,户内面积,48.23平方米,分摊面积,24.65平方米,户内面积,--平方米,分摊面积--平方米,建筑面积,--平方米
项目楼栋情况,星河天地花园二期1栋,座号,B,合同号,--,拟售价格,42009.49元/平方米(按建筑面积计)楼层,15,房号,1510,用途,办公,,建筑面积63.43平方米,户内面积,41.98平方米,分摊面积,21.45平方米,户内面积,--平方米,分摊面积--平方米,建筑面积,--平方米
项目楼栋情况,星河天地花园二期1栋,座号,B,合同号,--,拟售价格,36166.61元/平方米(按建筑面积计)楼层,15,房号,1511,用途,办公,,建筑面积251.79平方米,户内面积,166.63平方米,分摊面积,85.16平方米,户内面积,--平方米,分摊面积--平方米,建筑面积,--平方米
项目楼栋情况,星河天地花园二期1栋,座号,B,合同号,--,拟售价格,35566.61元/平方米(按建筑面积计)楼层,14,房号,1401,用途,办公,,建筑面积276.44平方米,户内面积,182.95平方米,分摊面积,93.49平方米,户内面积,--平方米,分摊面积--平方米,建筑面积,--平方米
项目楼栋情况,星河天地花园二期1栋,座号,B,合同号,--,拟售价格,42487.81元/平方米(按建筑面积计)楼层,14,房号,1402,用途,办公,,建筑面积73.07平方米,户内面积,48.36平方米,分摊面积,24.71平方米,户内面积,--平方米,分摊面积--平方米,建筑面积,--平方米
项目楼栋情况,星河天地花园二期1栋,座号,B,合同号,--,拟售价格,43396.24元/平方米(按建筑面积计)楼层,14,房号,1403,用途,办公,,建筑面积38.58平方米,户内面积,25.53平方米,分摊面积,13.05平方米,户内面积,--平方米,分摊面积--平方米,建筑面积,--平方米
项目楼栋情况,星河天地花园二期1栋,座号,B,合同号,--,拟售价格,43909.49元/平方米(按建筑面积计)楼层,14,房号,1405,用途,办公,,建筑面积38.58平方米,户内面积,25.53平方米,分摊面积,13.05平方米,户内面积,--平方米,分摊面积--平方米,建筑面积,--平方米
项目楼栋情况,星河天地花园二期1栋,座号,B,合同号,--,拟售价格,43854.91元/平方米(按建筑面积计)楼层,14,房号,1406,用途,办公,,建筑面积38.58平方米,户内面积,25.53平方米,分摊面积,13.05平方米,户内面积,--平方米,分摊面积--平方米,建筑面积,--平方米
项目楼栋情况,星河天地花园二期1栋,座号,B,合同号,--,拟售价格,43909.49元/平方米(按建筑面积计)楼层,14,房号,1407,用途,办公,,建筑面积38.58平方米,户内面积,25.53平方米,分摊面积,13.05平方米,户内面积,--平方米,分摊面积--平方米,建筑面积,--平方米
项目楼栋情况,星河天地花园二期1栋,座号,B,合同号,--,拟售价格,43396.24元/平方米(按建筑面积计)楼层,14,房号,1408,用途,办公,,建筑面积38.58平方米,户内面积,25.53平方米,分摊面积,13.05平方米,户内面积,--平方米,分摊面积--平方米,建筑面积,--平方米
项目楼栋情况,星河天地花园二期1栋,座号,B,合同号,--,拟售价格,41927.57元/平方米(按建筑面积计)楼层,14,房号,1409,用途,办公,,建筑面积72.88平方米,户内面积,48.23平方米,分摊面积,24.65平方米,户内面积,--平方米,分摊面积--平方米,建筑面积,--平方米
项目楼栋情况,星河天地花园二期1栋,座号,B,合同号,--,拟售价格,41909.49元/平方米(按建筑面积计)楼层,14,房号,1410,用途,办公,,建筑面积63.43平方米,户内面积,41.98平方米,分摊面积,21.45平方米,户内面积,--平方米,分摊面积--平方米,建筑面积,--平方米
项目楼栋情况,星河天地花园二期1栋,座号,B,合同号,--,拟售价格,36066.61元/平方米(按建筑面积计)楼层,14,房号,1411,用途,办公,,建筑面积251.79平方米,户内面积,166.63平方米,分摊面积,85.16平方米,户内面积,--平方米,分摊面积--平方米,建筑面积,--平方米
项目楼栋情况,星河天地花园二期1栋,座号,B,合同号,--,拟售价格,35466.61元/平方米(按建筑面积计)楼层,13,房号,1301,用途,办公,,建筑面积276.44平方米,户内面积,182.95平方米,分摊面积,93.49平方米,户内面积,--平方米,分摊面积--平方米,建筑面积,--平方米
项目楼栋情况,星河天地花园二期1栋,座号,B,合同号,--,拟售价格,42387.81元/平方米(按建筑面积计)楼层,13,房号,1302,用途,办公,,建筑面积73.07平方米,户内面积,48.36平方米,分摊面积,24.71平方米,户内面积,--平方米,分摊面积--平方米,建筑面积,--平方米
项目楼栋情况,星河天地花园二期1栋,座号,B,合同号,--,拟售价格,43296.24元/平方米(按建筑面积计)楼层,13,房号,1303,用途,办公,,建筑面积38.58平方米,户内面积,25.53平方米,分摊面积,13.05平方米,户内面积,--平方米,分摊面积--平方米,建筑面积,--平方米
项目楼栋情况,星河天地花园二期1栋,座号,B,合同号,--,拟售价格,43809.49元/平方米(按建筑面积计)楼层,13,房号,1305,用途,办公,,建筑面积38.58平方米,户内面积,25.53平方米,分摊面积,13.05平方米,户内面积,--平方米,分摊面积--平方米,建筑面积,--平方米
项目楼栋情况,星河天地花园二期1栋,座号,B,合同号,--,拟售价格,43754.91元/平方米(按建筑面积计)楼层,13,房号,1306,用途,办公,,建筑面积38.58平方米,户内面积,25.53平方米,分摊面积,13.05平方米,户内面积,--平方米,分摊面积--平方米,建筑面积,--平方米
项目楼栋情况,星河天地花园二期1栋,座号,B,合同号,--,拟售价格,43809.49元/平方米(按建筑面积计)楼层,13,房号,1307,用途,办公,,建筑面积38.58平方米,户内面积,25.53平方米,分摊面积,13.05平方米,户内面积,--平方米,分摊面积--平方米,建筑面积,--平方米
项目楼栋情况,星河天地花园二期1栋,座号,B,合同号,--,拟售价格,43296.24元/平方米(按建筑面积计)楼层,13,房号,1308,用途,办公,,建筑面积38.58平方米,户内面积,25.53平方米,分摊面积,13.05平方米,户内面积,--平方米,分摊面积--平方米,建筑面积,--平方米
项目楼栋情况,星河天地花园二期1栋,座号,B,合同号,--,拟售价格,41827.57元/平方米(按建筑面积计)楼层,13,房号,1309,用途,办公,,建筑面积72.88平方米,户内面积,48.23平方米,分摊面积,24.65平方米,户内面积,--平方米,分摊面积--平方米,建筑面积,--平方米
项目楼栋情况,星河天地花园二期1栋,座号,B,合同号,--,拟售价格,41809.49元/平方米(按建筑面积计)楼层,13,房号,1310,用途,办公,,建筑面积63.43平方米,户内面积,41.98平方米,分摊面积,21.45平方米,户内面积,--平方米,分摊面积--平方米,建筑面积,--平方米
项目楼栋情况,星河天地花园二期1栋,座号,B,合同号,--,拟售价格,35966.61元/平方米(按建筑面积计)楼层,13,房号,1311,用途,办公,,建筑面积251.79平方米,户内面积,166.63平方米,分摊面积,85.16平方米,户内面积,--平方米,分摊面积--平方米,建筑面积,--平方米
项目楼栋情况,星河天地花园二期1栋,座号,B,合同号,--,拟售价格,35366.61元/平方米(按建筑面积计)楼层,12,房号,1201,用途,办公,,建筑面积276.44平方米,户内面积,182.95平方米,分摊面积,93.49平方米,户内面积,--平方米,分摊面积--平方米,建筑面积,--平方米
项目楼栋情况,星河天地花园二期1栋,座号,B,合同号,--,拟售价格,42287.81元/平方米(按建筑面积计)楼层,12,房号,1202,用途,办公,,建筑面积73.07平方米,户内面积,48.36平方米,分摊面积,24.71平方米,户内面积,--平方米,分摊面积--平方米,建筑面积,--平方米
项目楼栋情况,星河天地花园二期1栋,座号,B,合同号,--,拟售价格,43196.24元/平方米(按建筑面积计)楼层,12,房号,1203,用途,办公,,建筑面积38.58平方米,户内面积,25.53平方米,分摊面积,13.05平方米,户内面积,--平方米,分摊面积--平方米,建筑面积,--平方米
项目楼栋情况,星河天地花园二期1栋,座号,B,合同号,--,拟售价格,43709.49元/平方米(按建筑面积计)楼层,12,房号,1205,用途,办公,,建筑面积38.58平方米,户内面积,25.53平方米,分摊面积,13.05平方米,户内面积,--平方米,分摊面积--平方米,建筑面积,--平方米
项目楼栋情况,星河天地花园二期1栋,座号,B,合同号,--,拟售价格,43654.91元/平方米(按建筑面积计)楼层,12,房号,1206,用途,办公,,建筑面积38.58平方米,户内面积,25.53平方米,分摊面积,13.05平方米,户内面积,--平方米,分摊面积--平方米,建筑面积,--平方米
项目楼栋情况,星河天地花园二期1栋,座号,B,合同号,--,拟售价格,43709.49元/平方米(按建筑面积计)楼层,12,房号,1207,用途,办公,,建筑面积38.58平方米,户内面积,25.53平方米,分摊面积,13.05平方米,户内面积,--平方米,分摊面积--平方米,建筑面积,--平方米
项目楼栋情况,星河天地花园二期1栋,座号,B,合同号,--,拟售价格,43196.24元/平方米(按建筑面积计)楼层,12,房号,1208,用途,办公,,建筑面积38.58平方米,户内面积,25.53平方米,分摊面积,13.05平方米,户内面积,--平方米,分摊面积--平方米,建筑面积,--平方米
项目楼栋情况,星河天地花园二期1栋,座号,B,合同号,--,拟售价格,41727.57元/平方米(按建筑面积计)楼层,12,房号,1209,用途,办公,,建筑面积72.88平方米,户内面积,48.23平方米,分摊面积,24.65平方米,户内面积,--平方米,分摊面积--平方米,建筑面积,--平方米
项目楼栋情况,星河天地花园二期1栋,座号,B,合同号,--,拟售价格,41709.49元/平方米(按建筑面积计)楼层,12,房号,1210,用途,办公,,建筑面积63.43平方米,户内面积,41.98平方米,分摊面积,21.45平方米,户内面积,--平方米,分摊面积--平方米,建筑面积,--平方米
项目楼栋情况,星河天地花园二期1栋,座号,B,合同号,--,拟售价格,35866.61元/平方米(按建筑面积计)楼层,12,房号,1211,用途,办公,,建筑面积251.79平方米,户内面积,166.63平方米,分摊面积,85.16平方米,户内面积,--平方米,分摊面积--平方米,建筑面积,--平方米
项目楼栋情况,星河天地花园二期1栋,座号,B,合同号,--,拟售价格,35266.61元/平方米(按建筑面积计)楼层,10,房号,1001,用途,办公,,建筑面积275.74平方米,户内面积,182.69平方米,分摊面积,93.05平方米,户内面积,--平方米,分摊面积--平方米,建筑面积,--平方米
项目楼栋情况,星河天地花园二期1栋,座号,B,合同号,--,拟售价格,42187.81元/平方米(按建筑面积计)楼层,10,房号,1002,用途,办公,,建筑面积72.99平方米,户内面积,48.36平方米,分摊面积,24.63平方米,户内面积,--平方米,分摊面积--平方米,建筑面积,--平方米
项目楼栋情况,星河天地花园二期1栋,座号,B,合同号,--,拟售价格,43096.24元/平方米(按建筑面积计)楼层,10,房号,1003,用途,办公,,建筑面积38.53平方米,户内面积,25.53平方米,分摊面积,13平方米,户内面积,--平方米,分摊面积--平方米,建筑面积,--平方米
项目楼栋情况,星河天地花园二期1栋,座号,B,合同号,--,拟售价格,43609.49元/平方米(按建筑面积计)楼层,10,房号,1005,用途,办公,,建筑面积38.53平方米,户内面积,25.53平方米,分摊面积,13平方米,户内面积,--平方米,分摊面积--平方米,建筑面积,--平方米
项目楼栋情况,星河天地花园二期1栋,座号,B,合同号,--,拟售价格,43554.91元/平方米(按建筑面积计)楼层,10,房号,1006,用途,办公,,建筑面积38.53平方米,户内面积,25.53平方米,分摊面积,13平方米,户内面积,--平方米,分摊面积--平方米,建筑面积,--平方米
项目楼栋情况,星河天地花园二期1栋,座号,B,合同号,--,拟售价格,43609.49元/平方米(按建筑面积计)楼层,10,房号,1007,用途,办公,,建筑面积38.53平方米,户内面积,25.53平方米,分摊面积,13平方米,户内面积,--平方米,分摊面积--平方米,建筑面积,--平方米
项目楼栋情况,星河天地花园二期1栋,座号,B,合同号,--,拟售价格,43096.24元/平方米(按建筑面积计)楼层,10,房号,1008,用途,办公,,建筑面积38.53平方米,户内面积,25.53平方米,分摊面积,13平方米,户内面积,--平方米,分摊面积--平方米,建筑面积,--平方米
项目楼栋情况,星河天地花园二期1栋,座号,B,合同号,--,拟售价格,41627.57元/平方米(按建筑面积计)楼层,10,房号,1009,用途,办公,,建筑面积72.8平方米,户内面积,48.23平方米,分摊面积,24.57平方米,户内面积,--平方米,分摊面积--平方米,建筑面积,--平方米
项目楼栋情况,星河天地花园二期1栋,座号,B,合同号,--,拟售价格,41609.49元/平方米(按建筑面积计)楼层,10,房号,1010,用途,办公,,建筑面积63.21平方米,户内面积,41.88平方米,分摊面积,21.33平方米,户内面积,--平方米,分摊面积--平方米,建筑面积,--平方米
项目楼栋情况,星河天地花园二期1栋,座号,B,合同号,--,拟售价格,35766.61元/平方米(按建筑面积计)楼层,10,房号,1011,用途,办公,,建筑面积251.27平方米,户内面积,166.47平方米,分摊面积,84.8平方米,户内面积,--平方米,分摊面积--平方米,建筑面积,--平方米
项目楼栋情况,星河天地花园二期1栋,座号,B,合同号,--,拟售价格,35166.61元/平方米(按建筑面积计)楼层,9,房号,901,用途,办公,,建筑面积275.74平方米,户内面积,182.69平方米,分摊面积,93.05平方米,户内面积,--平方米,分摊面积--平方米,建筑面积,--平方米
项目楼栋情况,星河天地花园二期1栋,座号,B,合同号,--,拟售价格,42087.81元/平方米(按建筑面积计)楼层,9,房号,902,用途,办公,,建筑面积72.99平方米,户内面积,48.36平方米,分摊面积,24.63平方米,户内面积,--平方米,分摊面积--平方米,建筑面积,--平方米
项目楼栋情况,星河天地花园二期1栋,座号,B,合同号,--,拟售价格,42996.24元/平方米(按建筑面积计)楼层,9,房号,903,用途,办公,,建筑面积38.53平方米,户内面积,25.53平方米,分摊面积,13平方米,户内面积,--平方米,分摊面积--平方米,建筑面积,--平方米
项目楼栋情况,星河天地花园二期1栋,座号,B,合同号,--,拟售价格,43509.49元/平方米(按建筑面积计)楼层,9,房号,905,用途,办公,,建筑面积38.53平方米,户内面积,25.53平方米,分摊面积,13平方米,户内面积,--平方米,分摊面积--平方米,建筑面积,--平方米
项目楼栋情况,星河天地花园二期1栋,座号,B,合同号,--,拟售价格,43454.91元/平方米(按建筑面积计)楼层,9,房号,906,用途,办公,,建筑面积38.53平方米,户内面积,25.53平方米,分摊面积,13平方米,户内面积,--平方米,分摊面积--平方米,建筑面积,--平方米
项目楼栋情况,星河天地花园二期1栋,座号,B,合同号,--,拟售价格,43509.49元/平方米(按建筑面积计)楼层,9,房号,907,用途,办公,,建筑面积38.53平方米,户内面积,25.53平方米,分摊面积,13平方米,户内面积,--平方米,分摊面积--平方米,建筑面积,--平方米
项目楼栋情况,星河天地花园二期1栋,座号,B,合同号,--,拟售价格,42996.24元/平方米(按建筑面积计)楼层,9,房号,908,用途,办公,,建筑面积38.53平方米,户内面积,25.53平方米,分摊面积,13平方米,户内面积,--平方米,分摊面积--平方米,建筑面积,--平方米
项目楼栋情况,星河天地花园二期1栋,座号,B,合同号,--,拟售价格,41527.57元/平方米(按建筑面积计)楼层,9,房号,909,用途,办公,,建筑面积72.8平方米,户内面积,48.23平方米,分摊面积,24.57平方米,户内面积,--平方米,分摊面积--平方米,建筑面积,--平方米
项目楼栋情况,星河天地花园二期1栋,座号,B,合同号,--,拟售价格,41509.49元/平方米(按建筑面积计)楼层,9,房号,910,用途,办公,,建筑面积63.21平方米,户内面积,41.88平方米,分摊面积,21.33平方米,户内面积,--平方米,分摊面积--平方米,建筑面积,--平方米
项目楼栋情况,星河天地花园二期1栋,座号,B,合同号,--,拟售价格,35666.61元/平方米(按建筑面积计)楼层,9,房号,911,用途,办公,,建筑面积251.27平方米,户内面积,166.47平方米,分摊面积,84.8平方米,户内面积,--平方米,分摊面积--平方米,建筑面积,--平方米
项目楼栋情况,星河天地花园二期1栋,座号,B,合同号,--,拟售价格,35066.61元/平方米(按建筑面积计)楼层,8,房号,801,用途,办公,,建筑面积275.74平方米,户内面积,182.69平方米,分摊面积,93.05平方米,户内面积,--平方米,分摊面积--平方米,建筑面积,--平方米
项目楼栋情况,星河天地花园二期1栋,座号,B,合同号,--,拟售价格,41987.81元/平方米(按建筑面积计)楼层,8,房号,802,用途,办公,,建筑面积72.99平方米,户内面积,48.36平方米,分摊面积,24.63平方米,户内面积,--平方米,分摊面积--平方米,建筑面积,--平方米
项目楼栋情况,星河天地花园二期1栋,座号,B,合同号,--,拟售价格,42896.24元/平方米(按建筑面积计)楼层,8,房号,803,用途,办公,,建筑面积38.53平方米,户内面积,25.53平方米,分摊面积,13平方米,户内面积,--平方米,分摊面积--平方米,建筑面积,--平方米
项目楼栋情况,星河天地花园二期1栋,座号,B,合同号,--,拟售价格,43409.49元/平方米(按建筑面积计)楼层,8,房号,805,用途,办公,,建筑面积38.53平方米,户内面积,25.53平方米,分摊面积,13平方米,户内面积,--平方米,分摊面积--平方米,建筑面积,--平方米
项目楼栋情况,星河天地花园二期1栋,座号,B,合同号,--,拟售价格,43354.91元/平方米(按建筑面积计)楼层,8,房号,806,用途,办公,,建筑面积38.53平方米,户内面积,25.53平方米,分摊面积,13平方米,户内面积,--平方米,分摊面积--平方米,建筑面积,--平方米
项目楼栋情况,星河天地花园二期1栋,座号,B,合同号,--,拟售价格,43409.49元/平方米(按建筑面积计)楼层,8,房号,807,用途,办公,,建筑面积38.53平方米,户内面积,25.53平方米,分摊面积,13平方米,户内面积,--平方米,分摊面积--平方米,建筑面积,--平方米
项目楼栋情况,星河天地花园二期1栋,座号,B,合同号,--,拟售价格,42896.24元/平方米(按建筑面积计)楼层,8,房号,808,用途,办公,,建筑面积38.53平方米,户内面积,25.53平方米,分摊面积,13平方米,户内面积,--平方米,分摊面积--平方米,建筑面积,--平方米
项目楼栋情况,星河天地花园二期1栋,座号,B,合同号,--,拟售价格,41427.57元/平方米(按建筑面积计)楼层,8,房号,809,用途,办公,,建筑面积72.8平方米,户内面积,48.23平方米,分摊面积,24.57平方米,户内面积,--平方米,分摊面积--平方米,建筑面积,--平方米
项目楼栋情况,星河天地花园二期1栋,座号,B,合同号,--,拟售价格,41409.49元/平方米(按建筑面积计)楼层,8,房号,810,用途,办公,,建筑面积63.21平方米,户内面积,41.88平方米,分摊面积,21.33平方米,户内面积,--平方米,分摊面积--平方米,建筑面积,--平方米
项目楼栋情况,星河天地花园二期1栋,座号,B,合同号,--,拟售价格,35566.61元/平方米(按建筑面积计)楼层,8,房号,811,用途,办公,,建筑面积251.27平方米,户内面积,166.47平方米,分摊面积,84.8平方米,户内面积,--平方米,分摊面积--平方米,建筑面积,--平方米
项目楼栋情况,星河天地花园二期1栋,座号,B,合同号,--,拟售价格,34966.61元/平方米(按建筑面积计)楼层,7,房号,701,用途,办公,,建筑面积275.74平方米,户内面积,182.69平方米,分摊面积,93.05平方米,户内面积,--平方米,分摊面积--平方米,建筑面积,--平方米
项目楼栋情况,星河天地花园二期1栋,座号,B,合同号,--,拟售价格,41887.81元/平方米(按建筑面积计)楼层,7,房号,702,用途,办公,,建筑面积72.99平方米,户内面积,48.36平方米,分摊面积,24.63平方米,户内面积,--平方米,分摊面积--平方米,建筑面积,--平方米
项目楼栋情况,星河天地花园二期1栋,座号,B,合同号,--,拟售价格,42796.24元/平方米(按建筑面积计)楼层,7,房号,703,用途,办公,,建筑面积38.53平方米,户内面积,25.53平方米,分摊面积,13平方米,户内面积,--平方米,分摊面积--平方米,建筑面积,--平方米
项目楼栋情况,星河天地花园二期1栋,座号,B,合同号,--,拟售价格,43309.49元/平方米(按建筑面积计)楼层,7,房号,705,用途,办公,,建筑面积38.53平方米,户内面积,25.53平方米,分摊面积,13平方米,户内面积,--平方米,分摊面积--平方米,建筑面积,--平方米
项目楼栋情况,星河天地花园二期1栋,座号,B,合同号,--,拟售价格,43254.91元/平方米(按建筑面积计)楼层,7,房号,706,用途,办公,,建筑面积38.53平方米,户内面积,25.53平方米,分摊面积,13平方米,户内面积,--平方米,分摊面积--平方米,建筑面积,--平方米
项目楼栋情况,星河天地花园二期1栋,座号,B,合同号,--,拟售价格,43309.49元/平方米(按建筑面积计)楼层,7,房号,707,用途,办公,,建筑面积38.53平方米,户内面积,25.53平方米,分摊面积,13平方米,户内面积,--平方米,分摊面积--平方米,建筑面积,--平方米
项目楼栋情况,星河天地花园二期1栋,座号,B,合同号,--,拟售价格,42796.24元/平方米(按建筑面积计)楼层,7,房号,708,用途,办公,,建筑面积38.53平方米,户内面积,25.53平方米,分摊面积,13平方米,户内面积,--平方米,分摊面积--平方米,建筑面积,--平方米
项目楼栋情况,星河天地花园二期1栋,座号,B,合同号,--,拟售价格,41327.57元/平方米(按建筑面积计)楼层,7,房号,709,用途,办公,,建筑面积72.8平方米,户内面积,48.23平方米,分摊面积,24.57平方米,户内面积,--平方米,分摊面积--平方米,建筑面积,--平方米
项目楼栋情况,星河天地花园二期1栋,座号,B,合同号,--,拟售价格,41309.49元/平方米(按建筑面积计)楼层,7,房号,710,用途,办公,,建筑面积63.21平方米,户内面积,41.88平方米,分摊面积,21.33平方米,户内面积,--平方米,分摊面积--平方米,建筑面积,--平方米
项目楼栋情况,星河天地花园二期1栋,座号,B,合同号,--,拟售价格,35466.61元/平方米(按建筑面积计)楼层,7,房号,711,用途,办公,,建筑面积251.27平方米,户内面积,166.47平方米,分摊面积,84.8平方米,户内面积,--平方米,分摊面积--平方米,建筑面积,--平方米
项目楼栋情况,星河天地花园二期1栋,座号,B,合同号,--,拟售价格,34866.61元/平方米(按建筑面积计)楼层,6,房号,601,用途,办公,,建筑面积275.74平方米,户内面积,182.69平方米,分摊面积,93.05平方米,户内面积,--平方米,分摊面积--平方米,建筑面积,--平方米
项目楼栋情况,星河天地花园二期1栋,座号,B,合同号,--,拟售价格,41787.81元/平方米(按建筑面积计)楼层,6,房号,602,用途,办公,,建筑面积72.99平方米,户内面积,48.36平方米,分摊面积,24.63平方米,户内面积,--平方米,分摊面积--平方米,建筑面积,--平方米
项目楼栋情况,星河天地花园二期1栋,座号,B,合同号,--,拟售价格,42696.24元/平方米(按建筑面积计)楼层,6,房号,603,用途,办公,,建筑面积38.53平方米,户内面积,25.53平方米,分摊面积,13平方米,户内面积,--平方米,分摊面积--平方米,建筑面积,--平方米
项目楼栋情况,星河天地花园二期1栋,座号,B,合同号,深(宝)网预买字(2019)31936号,拟售价格,--元/平方米(按建筑面积计)楼层,6,房号,605,用途,办公,,建筑面积38.53平方米,户内面积,25.53平方米,分摊面积,13平方米,户内面积,--平方米,分摊面积--平方米,建筑面积,--平方米
项目楼栋情况,星河天地花园二期1栋,座号,B,合同号,深(宝)网预买字(2019)31935号,拟售价格,--元/平方米(按建筑面积计)楼层,6,房号,606,用途,办公,,建筑面积38.53平方米,户内面积,25.53平方米,分摊面积,13平方米,户内面积,--平方米,分摊面积--平方米,建筑面积,--平方米
项目楼栋情况,星河天地花园二期1栋,座号,B,合同号,--,拟售价格,43209.49元/平方米(按建筑面积计)楼层,6,房号,607,用途,办公,,建筑面积38.53平方米,户内面积,25.53平方米,分摊面积,13平方米,户内面积,--平方米,分摊面积--平方米,建筑面积,--平方米
项目楼栋情况,星河天地花园二期1栋,座号,B,合同号,深(宝)网预买字(2019)31273号,拟售价格,--元/平方米(按建筑面积计)楼层,6,房号,608,用途,办公,,建筑面积38.53平方米,户内面积,25.53平方米,分摊面积,13平方米,户内面积,--平方米,分摊面积--平方米,建筑面积,--平方米
项目楼栋情况,星河天地花园二期1栋,座号,B,合同号,--,拟售价格,41227.57元/平方米(按建筑面积计)楼层,6,房号,609,用途,办公,,建筑面积72.8平方米,户内面积,48.23平方米,分摊面积,24.57平方米,户内面积,--平方米,分摊面积--平方米,建筑面积,--平方米
项目楼栋情况,星河天地花园二期1栋,座号,B,合同号,--,拟售价格,41209.49元/平方米(按建筑面积计)楼层,6,房号,610,用途,办公,,建筑面积63.21平方米,户内面积,41.88平方米,分摊面积,21.33平方米,户内面积,--平方米,分摊面积--平方米,建筑面积,--平方米
项目楼栋情况,星河天地花园二期1栋,座号,B,合同号,--,拟售价格,35366.61元/平方米(按建筑面积计)楼层,6,房号,611,用途,办公,,建筑面积251.27平方米,户内面积,166.47平方米,分摊面积,84.8平方米,户内面积,--平方米,分摊面积--平方米,建筑面积,--平方米
项目楼栋情况,星河天地花园二期1栋,座号,B,合同号,--,拟售价格,34666.61元/平方米(按建筑面积计)楼层,5,房号,501,用途,办公,,建筑面积275.74平方米,户内面积,182.69平方米,分摊面积,93.05平方米,户内面积,--平方米,分摊面积--平方米,建筑面积,--平方米
项目楼栋情况,星河天地花园二期1栋,座号,B,合同号,--,拟售价格,41587.81元/平方米(按建筑面积计)楼层,5,房号,502,用途,办公,,建筑面积72.99平方米,户内面积,48.36平方米,分摊面积,24.63平方米,户内面积,--平方米,分摊面积--平方米,建筑面积,--平方米
项目楼栋情况,星河天地花园二期1栋,座号,B,合同号,--,拟售价格,42496.24元/平方米(按建筑面积计)楼层,5,房号,503,用途,办公,,建筑面积38.53平方米,户内面积,25.53平方米,分摊面积,13平方米,户内面积,--平方米,分摊面积--平方米,建筑面积,--平方米
项目楼栋情况,星河天地花园二期1栋,座号,B,合同号,--,拟售价格,43009.49元/平方米(按建筑面积计)楼层,5,房号,505,用途,办公,,建筑面积38.53平方米,户内面积,25.53平方米,分摊面积,13平方米,户内面积,--平方米,分摊面积--平方米,建筑面积,--平方米
项目楼栋情况,星河天地花园二期1栋,座号,B,合同号,--,拟售价格,42954.91元/平方米(按建筑面积计)楼层,5,房号,506,用途,办公,,建筑面积38.53平方米,户内面积,25.53平方米,分摊面积,13平方米,户内面积,--平方米,分摊面积--平方米,建筑面积,--平方米
项目楼栋情况,星河天地花园二期1栋,座号,B,合同号,--,拟售价格,43009.49元/平方米(按建筑面积计)楼层,5,房号,507,用途,办公,,建筑面积38.53平方米,户内面积,25.53平方米,分摊面积,13平方米,户内面积,--平方米,分摊面积--平方米,建筑面积,--平方米
项目楼栋情况,星河天地花园二期1栋,座号,B,合同号,--,拟售价格,42496.24元/平方米(按建筑面积计)楼层,5,房号,508,用途,办公,,建筑面积38.53平方米,户内面积,25.53平方米,分摊面积,13平方米,户内面积,--平方米,分摊面积--平方米,建筑面积,--平方米
项目楼栋情况,星河天地花园二期1栋,座号,B,合同号,--,拟售价格,41027.57元/平方米(按建筑面积计)楼层,5,房号,509,用途,办公,,建筑面积72.8平方米,户内面积,48.23平方米,分摊面积,24.57平方米,户内面积,--平方米,分摊面积--平方米,建筑面积,--平方米
项目楼栋情况,星河天地花园二期1栋,座号,B,合同号,--,拟售价格,41009.49元/平方米(按建筑面积计)楼层,5,房号,510,用途,办公,,建筑面积63.21平方米,户内面积,41.88平方米,分摊面积,21.33平方米,户内面积,--平方米,分摊面积--平方米,建筑面积,--平方米
项目楼栋情况,星河天地花园二期1栋,座号,B,合同号,--,拟售价格,35166.61元/平方米(按建筑面积计)楼层,5,房号,511,用途,办公,,建筑面积251.27平方米,户内面积,166.47平方米,分摊面积,84.8平方米,户内面积,--平方米,分摊面积--平方米,建筑面积,--平方米
项目楼栋情况,星河天地花园二期1栋,座号,B,合同号,--,拟售价格,34466.61元/平方米(按建筑面积计)楼层,4,房号,401,用途,办公,,建筑面积275.74平方米,户内面积,182.69平方米,分摊面积,93.05平方米,户内面积,--平方米,分摊面积--平方米,建筑面积,--平方米
项目楼栋情况,星河天地花园二期1栋,座号,B,合同号,--,拟售价格,41387.81元/平方米(按建筑面积计)楼层,4,房号,402,用途,办公,,建筑面积72.99平方米,户内面积,48.36平方米,分摊面积,24.63平方米,户内面积,--平方米,分摊面积--平方米,建筑面积,--平方米
项目楼栋情况,星河天地花园二期1栋,座号,B,合同号,--,拟售价格,42296.24元/平方米(按建筑面积计)楼层,4,房号,403,用途,办公,,建筑面积38.53平方米,户内面积,25.53平方米,分摊面积,13平方米,户内面积,--平方米,分摊面积--平方米,建筑面积,--平方米
项目楼栋情况,星河天地花园二期1栋,座号,B,合同号,--,拟售价格,42809.49元/平方米(按建筑面积计)楼层,4,房号,405,用途,办公,,建筑面积38.53平方米,户内面积,25.53平方米,分摊面积,13平方米,户内面积,--平方米,分摊面积--平方米,建筑面积,--平方米
项目楼栋情况,星河天地花园二期1栋,座号,B,合同号,--,拟售价格,42754.91元/平方米(按建筑面积计)楼层,4,房号,406,用途,办公,,建筑面积38.53平方米,户内面积,25.53平方米,分摊面积,13平方米,户内面积,--平方米,分摊面积--平方米,建筑面积,--平方米
项目楼栋情况,星河天地花园二期1栋,座号,B,合同号,--,拟售价格,42809.49元/平方米(按建筑面积计)楼层,4,房号,407,用途,办公,,建筑面积38.53平方米,户内面积,25.53平方米,分摊面积,13平方米,户内面积,--平方米,分摊面积--平方米,建筑面积,--平方米
项目楼栋情况,星河天地花园二期1栋,座号,B,合同号,--,拟售价格,42296.24元/平方米(按建筑面积计)楼层,4,房号,408,用途,办公,,建筑面积38.53平方米,户内面积,25.53平方米,分摊面积,13平方米,户内面积,--平方米,分摊面积--平方米,建筑面积,--平方米
项目楼栋情况,星河天地花园二期1栋,座号,B,合同号,--,拟售价格,40827.57元/平方米(按建筑面积计)楼层,4,房号,409,用途,办公,,建筑面积72.8平方米,户内面积,48.23平方米,分摊面积,24.57平方米,户内面积,--平方米,分摊面积--平方米,建筑面积,--平方米
项目楼栋情况,星河天地花园二期1栋,座号,B,合同号,--,拟售价格,40809.49元/平方米(按建筑面积计)楼层,4,房号,410,用途,办公,,建筑面积63.21平方米,户内面积,41.88平方米,分摊面积,21.33平方米,户内面积,--平方米,分摊面积--平方米,建筑面积,--平方米
项目楼栋情况,星河天地花园二期1栋,座号,B,合同号,--,拟售价格,34966.61元/平方米(按建筑面积计)楼层,4,房号,411,用途,办公,,建筑面积251.27平方米,户内面积,166.47平方米,分摊面积,84.8平方米,户内面积,--平方米,分摊面积--平方米,建筑面积,--平方米
项目楼栋情况,星河天地花园二期1栋,座号,B,合同号,--,拟售价格,34266.61元/平方米(按建筑面积计)楼层,3,房号,301,用途,办公,,建筑面积275.74平方米,户内面积,182.69平方米,分摊面积,93.05平方米,户内面积,--平方米,分摊面积--平方米,建筑面积,--平方米
项目楼栋情况,星河天地花园二期1栋,座号,B,合同号,--,拟售价格,41187.81元/平方米(按建筑面积计)楼层,3,房号,302,用途,办公,,建筑面积72.99平方米,户内面积,48.36平方米,分摊面积,24.63平方米,户内面积,--平方米,分摊面积--平方米,建筑面积,--平方米
项目楼栋情况,星河天地花园二期1栋,座号,B,合同号,--,拟售价格,42096.24元/平方米(按建筑面积计)楼层,3,房号,303,用途,办公,,建筑面积38.53平方米,户内面积,25.53平方米,分摊面积,13平方米,户内面积,--平方米,分摊面积--平方米,建筑面积,--平方米
项目楼栋情况,星河天地花园二期1栋,座号,B,合同号,--,拟售价格,42609.49元/平方米(按建筑面积计)楼层,3,房号,305,用途,办公,,建筑面积38.53平方米,户内面积,25.53平方米,分摊面积,13平方米,户内面积,--平方米,分摊面积--平方米,建筑面积,--平方米
项目楼栋情况,星河天地花园二期1栋,座号,B,合同号,--,拟售价格,42554.91元/平方米(按建筑面积计)楼层,3,房号,306,用途,办公,,建筑面积38.53平方米,户内面积,25.53平方米,分摊面积,13平方米,户内面积,--平方米,分摊面积--平方米,建筑面积,--平方米
项目楼栋情况,星河天地花园二期1栋,座号,B,合同号,--,拟售价格,42609.49元/平方米(按建筑面积计)楼层,3,房号,307,用途,办公,,建筑面积38.53平方米,户内面积,25.53平方米,分摊面积,13平方米,户内面积,--平方米,分摊面积--平方米,建筑面积,--平方米
项目楼栋情况,星河天地花园二期1栋,座号,B,合同号,--,拟售价格,42096.24元/平方米(按建筑面积计)楼层,3,房号,308,用途,办公,,建筑面积38.53平方米,户内面积,25.53平方米,分摊面积,13平方米,户内面积,--平方米,分摊面积--平方米,建筑面积,--平方米
项目楼栋情况,星河天地花园二期1栋,座号,B,合同号,--,拟售价格,40627.57元/平方米(按建筑面积计)楼层,3,房号,309,用途,办公,,建筑面积72.8平方米,户内面积,48.23平方米,分摊面积,24.57平方米,户内面积,--平方米,分摊面积--平方米,建筑面积,--平方米
项目楼栋情况,星河天地花园二期1栋,座号,B,合同号,--,拟售价格,40609.49元/平方米(按建筑面积计)楼层,3,房号,310,用途,办公,,建筑面积63.21平方米,户内面积,41.88平方米,分摊面积,21.33平方米,户内面积,--平方米,分摊面积--平方米,建筑面积,--平方米
项目楼栋情况,星河天地花园二期1栋,座号,B,合同号,--,拟售价格,34766.61元/平方米(按建筑面积计)楼层,3,房号,311,用途,办公,,建筑面积251.27平方米,户内面积,166.47平方米,分摊面积,84.8平方米,户内面积,--平方米,分摊面积--平方米,建筑面积,--平方米
项目楼栋情况,星河天地花园二期1栋,座号,B,合同号,--,拟售价格,83777.58元/平方米(按建筑面积计)楼层,1,房号,01,用途,商业,,建筑面积40.2平方米,户内面积,34.24平方米,分摊面积,5.96平方米,户内面积,--平方米,分摊面积--平方米,建筑面积,--平方米
项目楼栋情况,星河天地花园二期1栋,座号,B,合同号,--,拟售价格,83777.58元/平方米(按建筑面积计)楼层,1,房号,02,用途,商业,,建筑面积36.3平方米,户内面积,30.92平方米,分摊面积,5.38平方米,户内面积,--平方米,分摊面积--平方米,建筑面积,--平方米
项目楼栋情况,星河天地花园二期1栋,座号,B,合同号,--,拟售价格,82567.91元/平方米(按建筑面积计)楼层,1,房号,05,用途,商业,,建筑面积66.47平方米,户内面积,56.61平方米,分摊面积,9.86平方米,户内面积,--平方米,分摊面积--平方米,建筑面积,--平方米
项目楼栋情况,星河天地花园二期1栋,座号,B,合同号,--,拟售价格,83938.87元/平方米(按建筑面积计)楼层,1,房号,06,用途,商业,,建筑面积72.95平方米,户内面积,62.13平方米,分摊面积,10.82平方米,户内面积,--平方米,分摊面积--平方米,建筑面积,--平方米
项目楼栋情况,星河天地花园二期1栋,座号,B,合同号,--,拟售价格,83777.58元/平方米(按建筑面积计)楼层,1,房号,07,用途,商业,,建筑面积40.36平方米,户内面积,34.37平方米,分摊面积,5.99平方米,户内面积,--平方米,分摊面积--平方米,建筑面积,--平方米
项目楼栋情况,星河天地花园二期1栋,座号,B,合同号,--,拟售价格,80938.87元/平方米(按建筑面积计)楼层,1,房号,08,用途,商业,,建筑面积70.98平方米,户内面积,60.45平方米,分摊面积,10.53平方米,户内面积,--平方米,分摊面积--平方米,建筑面积,--平方米
