项目楼栋情况,万科星宸大厦1栋,座号,--,合同号,--,拟售价格,32751元/平方米(按建筑面积计)楼层,23,房号,2301,用途,办公,,建筑面积356.75平方米,户内面积,234.01平方米,分摊面积,122.74平方米,户内面积,--平方米,分摊面积--平方米,建筑面积,--平方米
项目楼栋情况,万科星宸大厦1栋,座号,--,合同号,--,拟售价格,34530元/平方米(按建筑面积计)楼层,23,房号,2302,用途,办公,,建筑面积340.95平方米,户内面积,223.65平方米,分摊面积,117.3平方米,户内面积,--平方米,分摊面积--平方米,建筑面积,--平方米
项目楼栋情况,万科星宸大厦1栋,座号,--,合同号,--,拟售价格,34341元/平方米(按建筑面积计)楼层,23,房号,2307,用途,办公,,建筑面积91.24平方米,户内面积,59.85平方米,分摊面积,31.39平方米,户内面积,--平方米,分摊面积--平方米,建筑面积,--平方米
项目楼栋情况,万科星宸大厦1栋,座号,--,合同号,--,拟售价格,32555元/平方米(按建筑面积计)楼层,22,房号,2201,用途,办公,,建筑面积356.75平方米,户内面积,234.01平方米,分摊面积,122.74平方米,户内面积,--平方米,分摊面积--平方米,建筑面积,--平方米
项目楼栋情况,万科星宸大厦1栋,座号,--,合同号,--,拟售价格,34296元/平方米(按建筑面积计)楼层,22,房号,2202,用途,办公,,建筑面积340.95平方米,户内面积,223.65平方米,分摊面积,117.3平方米,户内面积,--平方米,分摊面积--平方米,建筑面积,--平方米
项目楼栋情况,万科星宸大厦1栋,座号,--,合同号,--,拟售价格,36900元/平方米(按建筑面积计)楼层,22,房号,2203,用途,办公,,建筑面积138.78平方米,户内面积,91.03平方米,分摊面积,47.75平方米,户内面积,--平方米,分摊面积--平方米,建筑面积,--平方米
项目楼栋情况,万科星宸大厦1栋,座号,--,合同号,--,拟售价格,36640元/平方米(按建筑面积计)楼层,22,房号,2204,用途,办公,,建筑面积138.78平方米,户内面积,91.03平方米,分摊面积,47.75平方米,户内面积,--平方米,分摊面积--平方米,建筑面积,--平方米
项目楼栋情况,万科星宸大厦1栋,座号,--,合同号,--,拟售价格,36164元/平方米(按建筑面积计)楼层,22,房号,2205,用途,办公,,建筑面积145.13平方米,户内面积,95.2平方米,分摊面积,49.93平方米,户内面积,--平方米,分摊面积--平方米,建筑面积,--平方米
项目楼栋情况,万科星宸大厦1栋,座号,--,合同号,--,拟售价格,34622元/平方米(按建筑面积计)楼层,22,房号,2206,用途,办公,,建筑面积95.86平方米,户内面积,62.88平方米,分摊面积,32.98平方米,户内面积,--平方米,分摊面积--平方米,建筑面积,--平方米
项目楼栋情况,万科星宸大厦1栋,座号,--,合同号,--,拟售价格,34146元/平方米(按建筑面积计)楼层,22,房号,2207,用途,办公,,建筑面积91.24平方米,户内面积,59.85平方米,分摊面积,31.39平方米,户内面积,--平方米,分摊面积--平方米,建筑面积,--平方米
项目楼栋情况,万科星宸大厦1栋,座号,--,合同号,--,拟售价格,31877元/平方米(按建筑面积计)楼层,20,房号,2001,用途,办公,,建筑面积267.92平方米,户内面积,182.51平方米,分摊面积,85.41平方米,户内面积,--平方米,分摊面积--平方米,建筑面积,--平方米
项目楼栋情况,万科星宸大厦1栋,座号,--,合同号,--,拟售价格,33883元/平方米(按建筑面积计)楼层,20,房号,2002,用途,办公,,建筑面积328.3平方米,户内面积,223.65平方米,分摊面积,104.65平方米,户内面积,--平方米,分摊面积--平方米,建筑面积,--平方米
项目楼栋情况,万科星宸大厦1栋,座号,--,合同号,--,拟售价格,36487元/平方米(按建筑面积计)楼层,20,房号,2003,用途,办公,,建筑面积133.63平方米,户内面积,91.03平方米,分摊面积,42.6平方米,户内面积,--平方米,分摊面积--平方米,建筑面积,--平方米
项目楼栋情况,万科星宸大厦1栋,座号,--,合同号,--,拟售价格,36266元/平方米(按建筑面积计)楼层,20,房号,2004,用途,办公,,建筑面积133.63平方米,户内面积,91.03平方米,分摊面积,42.6平方米,户内面积,--平方米,分摊面积--平方米,建筑面积,--平方米
项目楼栋情况,万科星宸大厦1栋,座号,--,合同号,--,拟售价格,35099元/平方米(按建筑面积计)楼层,20,房号,2005,用途,办公,,建筑面积133.63平方米,户内面积,91.03平方米,分摊面积,42.6平方米,户内面积,--平方米,分摊面积--平方米,建筑面积,--平方米
项目楼栋情况,万科星宸大厦1栋,座号,--,合同号,--,拟售价格,32076元/平方米(按建筑面积计)楼层,20,房号,2006,用途,办公,,建筑面积328.3平方米,户内面积,223.65平方米,分摊面积,104.65平方米,户内面积,--平方米,分摊面积--平方米,建筑面积,--平方米
项目楼栋情况,万科星宸大厦1栋,座号,--,合同号,--,拟售价格,31371元/平方米(按建筑面积计)楼层,20,房号,2007,用途,办公,,建筑面积267.92平方米,户内面积,182.51平方米,分摊面积,85.41平方米,户内面积,--平方米,分摊面积--平方米,建筑面积,--平方米
项目楼栋情况,万科星宸大厦1栋,座号,--,合同号,--,拟售价格,45601元/平方米(按建筑面积计)楼层,20,房号,2008,用途,办公,,建筑面积285.11平方米,户内面积,194.23平方米,分摊面积,90.88平方米,户内面积,--平方米,分摊面积--平方米,建筑面积,--平方米
项目楼栋情况,万科星宸大厦1栋,座号,--,合同号,--,拟售价格,31682元/平方米(按建筑面积计)楼层,19,房号,1901,用途,办公,,建筑面积267.76平方米,户内面积,182.51平方米,分摊面积,85.25平方米,户内面积,--平方米,分摊面积--平方米,建筑面积,--平方米
项目楼栋情况,万科星宸大厦1栋,座号,--,合同号,--,拟售价格,33687元/平方米(按建筑面积计)楼层,19,房号,1902,用途,办公,,建筑面积328.11平方米,户内面积,223.65平方米,分摊面积,104.46平方米,户内面积,--平方米,分摊面积--平方米,建筑面积,--平方米
项目楼栋情况,万科星宸大厦1栋,座号,--,合同号,--,拟售价格,36291元/平方米(按建筑面积计)楼层,19,房号,1903,用途,办公,,建筑面积133.55平方米,户内面积,91.03平方米,分摊面积,42.52平方米,户内面积,--平方米,分摊面积--平方米,建筑面积,--平方米
项目楼栋情况,万科星宸大厦1栋,座号,--,合同号,--,拟售价格,36071元/平方米(按建筑面积计)楼层,19,房号,1904,用途,办公,,建筑面积133.55平方米,户内面积,91.03平方米,分摊面积,42.52平方米,户内面积,--平方米,分摊面积--平方米,建筑面积,--平方米
项目楼栋情况,万科星宸大厦1栋,座号,--,合同号,--,拟售价格,34903元/平方米(按建筑面积计)楼层,19,房号,1905,用途,办公,,建筑面积133.55平方米,户内面积,91.03平方米,分摊面积,42.52平方米,户内面积,--平方米,分摊面积--平方米,建筑面积,--平方米
项目楼栋情况,万科星宸大厦1栋,座号,--,合同号,--,拟售价格,31880元/平方米(按建筑面积计)楼层,19,房号,1906,用途,办公,,建筑面积328.11平方米,户内面积,223.65平方米,分摊面积,104.46平方米,户内面积,--平方米,分摊面积--平方米,建筑面积,--平方米
项目楼栋情况,万科星宸大厦1栋,座号,--,合同号,--,拟售价格,31175元/平方米(按建筑面积计)楼层,19,房号,1907,用途,办公,,建筑面积267.76平方米,户内面积,182.51平方米,分摊面积,85.25平方米,户内面积,--平方米,分摊面积--平方米,建筑面积,--平方米
项目楼栋情况,万科星宸大厦1栋,座号,--,合同号,--,拟售价格,33361元/平方米(按建筑面积计)楼层,19,房号,1908,用途,办公,,建筑面积95.35平方米,户内面积,65平方米,分摊面积,30.35平方米,户内面积,--平方米,分摊面积--平方米,建筑面积,--平方米
项目楼栋情况,万科星宸大厦1栋,座号,--,合同号,--,拟售价格,33537元/平方米(按建筑面积计)楼层,19,房号,1909,用途,办公,,建筑面积95.35平方米,户内面积,65平方米,分摊面积,30.35平方米,户内面积,--平方米,分摊面积--平方米,建筑面积,--平方米
项目楼栋情况,万科星宸大厦1栋,座号,--,合同号,--,拟售价格,33361元/平方米(按建筑面积计)楼层,19,房号,1910,用途,办公,,建筑面积95.35平方米,户内面积,65平方米,分摊面积,30.35平方米,户内面积,--平方米,分摊面积--平方米,建筑面积,--平方米
项目楼栋情况,万科星宸大厦1栋,座号,--,合同号,--,拟售价格,31518元/平方米(按建筑面积计)楼层,18,房号,1801,用途,办公,,建筑面积267.76平方米,户内面积,182.51平方米,分摊面积,85.25平方米,户内面积,--平方米,分摊面积--平方米,建筑面积,--平方米
项目楼栋情况,万科星宸大厦1栋,座号,--,合同号,--,拟售价格,33524元/平方米(按建筑面积计)楼层,18,房号,1802,用途,办公,,建筑面积328.11平方米,户内面积,223.65平方米,分摊面积,104.46平方米,户内面积,--平方米,分摊面积--平方米,建筑面积,--平方米
项目楼栋情况,万科星宸大厦1栋,座号,--,合同号,--,拟售价格,36128元/平方米(按建筑面积计)楼层,18,房号,1803,用途,办公,,建筑面积133.55平方米,户内面积,91.03平方米,分摊面积,42.52平方米,户内面积,--平方米,分摊面积--平方米,建筑面积,--平方米
项目楼栋情况,万科星宸大厦1栋,座号,--,合同号,--,拟售价格,35908元/平方米(按建筑面积计)楼层,18,房号,1804,用途,办公,,建筑面积133.55平方米,户内面积,91.03平方米,分摊面积,42.52平方米,户内面积,--平方米,分摊面积--平方米,建筑面积,--平方米
项目楼栋情况,万科星宸大厦1栋,座号,--,合同号,--,拟售价格,34740元/平方米(按建筑面积计)楼层,18,房号,1805,用途,办公,,建筑面积133.55平方米,户内面积,91.03平方米,分摊面积,42.52平方米,户内面积,--平方米,分摊面积--平方米,建筑面积,--平方米
项目楼栋情况,万科星宸大厦1栋,座号,--,合同号,--,拟售价格,31717元/平方米(按建筑面积计)楼层,18,房号,1806,用途,办公,,建筑面积328.11平方米,户内面积,223.65平方米,分摊面积,104.46平方米,户内面积,--平方米,分摊面积--平方米,建筑面积,--平方米
项目楼栋情况,万科星宸大厦1栋,座号,--,合同号,--,拟售价格,31012元/平方米(按建筑面积计)楼层,18,房号,1807,用途,办公,,建筑面积267.76平方米,户内面积,182.51平方米,分摊面积,85.25平方米,户内面积,--平方米,分摊面积--平方米,建筑面积,--平方米
项目楼栋情况,万科星宸大厦1栋,座号,--,合同号,--,拟售价格,33198元/平方米(按建筑面积计)楼层,18,房号,1808,用途,办公,,建筑面积95.35平方米,户内面积,65平方米,分摊面积,30.35平方米,户内面积,--平方米,分摊面积--平方米,建筑面积,--平方米
项目楼栋情况,万科星宸大厦1栋,座号,--,合同号,--,拟售价格,33374元/平方米(按建筑面积计)楼层,18,房号,1809,用途,办公,,建筑面积95.35平方米,户内面积,65平方米,分摊面积,30.35平方米,户内面积,--平方米,分摊面积--平方米,建筑面积,--平方米
项目楼栋情况,万科星宸大厦1栋,座号,--,合同号,--,拟售价格,33198元/平方米(按建筑面积计)楼层,18,房号,1810,用途,办公,,建筑面积95.35平方米,户内面积,65平方米,分摊面积,30.35平方米,户内面积,--平方米,分摊面积--平方米,建筑面积,--平方米
项目楼栋情况,万科星宸大厦1栋,座号,--,合同号,--,拟售价格,31355元/平方米(按建筑面积计)楼层,17,房号,1701,用途,办公,,建筑面积267.76平方米,户内面积,182.51平方米,分摊面积,85.25平方米,户内面积,--平方米,分摊面积--平方米,建筑面积,--平方米
项目楼栋情况,万科星宸大厦1栋,座号,--,合同号,--,拟售价格,33361元/平方米(按建筑面积计)楼层,17,房号,1702,用途,办公,,建筑面积328.11平方米,户内面积,223.65平方米,分摊面积,104.46平方米,户内面积,--平方米,分摊面积--平方米,建筑面积,--平方米
项目楼栋情况,万科星宸大厦1栋,座号,--,合同号,--,拟售价格,35965元/平方米(按建筑面积计)楼层,17,房号,1703,用途,办公,,建筑面积133.55平方米,户内面积,91.03平方米,分摊面积,42.52平方米,户内面积,--平方米,分摊面积--平方米,建筑面积,--平方米
项目楼栋情况,万科星宸大厦1栋,座号,--,合同号,--,拟售价格,35745元/平方米(按建筑面积计)楼层,17,房号,1704,用途,办公,,建筑面积133.55平方米,户内面积,91.03平方米,分摊面积,42.52平方米,户内面积,--平方米,分摊面积--平方米,建筑面积,--平方米
项目楼栋情况,万科星宸大厦1栋,座号,--,合同号,--,拟售价格,34577元/平方米(按建筑面积计)楼层,17,房号,1705,用途,办公,,建筑面积133.55平方米,户内面积,91.03平方米,分摊面积,42.52平方米,户内面积,--平方米,分摊面积--平方米,建筑面积,--平方米
项目楼栋情况,万科星宸大厦1栋,座号,--,合同号,--,拟售价格,31554元/平方米(按建筑面积计)楼层,17,房号,1706,用途,办公,,建筑面积328.11平方米,户内面积,223.65平方米,分摊面积,104.46平方米,户内面积,--平方米,分摊面积--平方米,建筑面积,--平方米
项目楼栋情况,万科星宸大厦1栋,座号,--,合同号,--,拟售价格,30849元/平方米(按建筑面积计)楼层,17,房号,1707,用途,办公,,建筑面积267.76平方米,户内面积,182.51平方米,分摊面积,85.25平方米,户内面积,--平方米,分摊面积--平方米,建筑面积,--平方米
项目楼栋情况,万科星宸大厦1栋,座号,--,合同号,--,拟售价格,33035元/平方米(按建筑面积计)楼层,17,房号,1708,用途,办公,,建筑面积95.35平方米,户内面积,65平方米,分摊面积,30.35平方米,户内面积,--平方米,分摊面积--平方米,建筑面积,--平方米
项目楼栋情况,万科星宸大厦1栋,座号,--,合同号,--,拟售价格,33211元/平方米(按建筑面积计)楼层,17,房号,1709,用途,办公,,建筑面积95.35平方米,户内面积,65平方米,分摊面积,30.35平方米,户内面积,--平方米,分摊面积--平方米,建筑面积,--平方米
项目楼栋情况,万科星宸大厦1栋,座号,--,合同号,--,拟售价格,33035元/平方米(按建筑面积计)楼层,17,房号,1710,用途,办公,,建筑面积95.35平方米,户内面积,65平方米,分摊面积,30.35平方米,户内面积,--平方米,分摊面积--平方米,建筑面积,--平方米
项目楼栋情况,万科星宸大厦1栋,座号,--,合同号,--,拟售价格,31192元/平方米(按建筑面积计)楼层,16,房号,1601,用途,办公,,建筑面积267.76平方米,户内面积,182.51平方米,分摊面积,85.25平方米,户内面积,--平方米,分摊面积--平方米,建筑面积,--平方米
项目楼栋情况,万科星宸大厦1栋,座号,--,合同号,--,拟售价格,33198元/平方米(按建筑面积计)楼层,16,房号,1602,用途,办公,,建筑面积328.11平方米,户内面积,223.65平方米,分摊面积,104.46平方米,户内面积,--平方米,分摊面积--平方米,建筑面积,--平方米
项目楼栋情况,万科星宸大厦1栋,座号,--,合同号,--,拟售价格,35802元/平方米(按建筑面积计)楼层,16,房号,1603,用途,办公,,建筑面积133.55平方米,户内面积,91.03平方米,分摊面积,42.52平方米,户内面积,--平方米,分摊面积--平方米,建筑面积,--平方米
项目楼栋情况,万科星宸大厦1栋,座号,--,合同号,--,拟售价格,35582元/平方米(按建筑面积计)楼层,16,房号,1604,用途,办公,,建筑面积133.55平方米,户内面积,91.03平方米,分摊面积,42.52平方米,户内面积,--平方米,分摊面积--平方米,建筑面积,--平方米
项目楼栋情况,万科星宸大厦1栋,座号,--,合同号,--,拟售价格,34414元/平方米(按建筑面积计)楼层,16,房号,1605,用途,办公,,建筑面积133.55平方米,户内面积,91.03平方米,分摊面积,42.52平方米,户内面积,--平方米,分摊面积--平方米,建筑面积,--平方米
项目楼栋情况,万科星宸大厦1栋,座号,--,合同号,--,拟售价格,31391元/平方米(按建筑面积计)楼层,16,房号,1606,用途,办公,,建筑面积328.11平方米,户内面积,223.65平方米,分摊面积,104.46平方米,户内面积,--平方米,分摊面积--平方米,建筑面积,--平方米
项目楼栋情况,万科星宸大厦1栋,座号,--,合同号,--,拟售价格,30686元/平方米(按建筑面积计)楼层,16,房号,1607,用途,办公,,建筑面积267.76平方米,户内面积,182.51平方米,分摊面积,85.25平方米,户内面积,--平方米,分摊面积--平方米,建筑面积,--平方米
项目楼栋情况,万科星宸大厦1栋,座号,--,合同号,--,拟售价格,32872元/平方米(按建筑面积计)楼层,16,房号,1608,用途,办公,,建筑面积95.35平方米,户内面积,65平方米,分摊面积,30.35平方米,户内面积,--平方米,分摊面积--平方米,建筑面积,--平方米
项目楼栋情况,万科星宸大厦1栋,座号,--,合同号,--,拟售价格,33048元/平方米(按建筑面积计)楼层,16,房号,1609,用途,办公,,建筑面积95.35平方米,户内面积,65平方米,分摊面积,30.35平方米,户内面积,--平方米,分摊面积--平方米,建筑面积,--平方米
项目楼栋情况,万科星宸大厦1栋,座号,--,合同号,--,拟售价格,32872元/平方米(按建筑面积计)楼层,16,房号,1610,用途,办公,,建筑面积95.35平方米,户内面积,65平方米,分摊面积,30.35平方米,户内面积,--平方米,分摊面积--平方米,建筑面积,--平方米
项目楼栋情况,万科星宸大厦1栋,座号,--,合同号,--,拟售价格,31029元/平方米(按建筑面积计)楼层,15,房号,1501,用途,办公,,建筑面积386.51平方米,户内面积,247.51平方米,分摊面积,139平方米,户内面积,--平方米,分摊面积--平方米,建筑面积,--平方米
项目楼栋情况,万科星宸大厦1栋,座号,--,合同号,--,拟售价格,33035元/平方米(按建筑面积计)楼层,15,房号,1502,用途,办公,,建筑面积349.25平方米,户内面积,223.65平方米,分摊面积,125.6平方米,户内面积,--平方米,分摊面积--平方米,建筑面积,--平方米
项目楼栋情况,万科星宸大厦1栋,座号,--,合同号,--,拟售价格,35639元/平方米(按建筑面积计)楼层,15,房号,1503,用途,办公,,建筑面积142.16平方米,户内面积,91.03平方米,分摊面积,51.13平方米,户内面积,--平方米,分摊面积--平方米,建筑面积,--平方米
项目楼栋情况,万科星宸大厦1栋,座号,--,合同号,--,拟售价格,35418元/平方米(按建筑面积计)楼层,15,房号,1504,用途,办公,,建筑面积142.16平方米,户内面积,91.03平方米,分摊面积,51.13平方米,户内面积,--平方米,分摊面积--平方米,建筑面积,--平方米
项目楼栋情况,万科星宸大厦1栋,座号,--,合同号,--,拟售价格,34251元/平方米(按建筑面积计)楼层,15,房号,1505,用途,办公,,建筑面积142.16平方米,户内面积,91.03平方米,分摊面积,51.13平方米,户内面积,--平方米,分摊面积--平方米,建筑面积,--平方米
项目楼栋情况,万科星宸大厦1栋,座号,--,合同号,--,拟售价格,32709元/平方米(按建筑面积计)楼层,15,房号,1506,用途,办公,,建筑面积101.5平方米,户内面积,65平方米,分摊面积,36.5平方米,户内面积,--平方米,分摊面积--平方米,建筑面积,--平方米
项目楼栋情况,万科星宸大厦1栋,座号,--,合同号,--,拟售价格,32885元/平方米(按建筑面积计)楼层,15,房号,1507,用途,办公,,建筑面积101.5平方米,户内面积,65平方米,分摊面积,36.5平方米,户内面积,--平方米,分摊面积--平方米,建筑面积,--平方米
项目楼栋情况,万科星宸大厦1栋,座号,--,合同号,--,拟售价格,30866元/平方米(按建筑面积计)楼层,14,房号,1401,用途,办公,,建筑面积267.78平方米,户内面积,182.51平方米,分摊面积,85.27平方米,户内面积,--平方米,分摊面积--平方米,建筑面积,--平方米
项目楼栋情况,万科星宸大厦1栋,座号,--,合同号,--,拟售价格,32872元/平方米(按建筑面积计)楼层,14,房号,1402,用途,办公,,建筑面积328.13平方米,户内面积,223.65平方米,分摊面积,104.48平方米,户内面积,--平方米,分摊面积--平方米,建筑面积,--平方米
项目楼栋情况,万科星宸大厦1栋,座号,--,合同号,--,拟售价格,35476元/平方米(按建筑面积计)楼层,14,房号,1403,用途,办公,,建筑面积133.56平方米,户内面积,91.03平方米,分摊面积,42.53平方米,户内面积,--平方米,分摊面积--平方米,建筑面积,--平方米
项目楼栋情况,万科星宸大厦1栋,座号,--,合同号,--,拟售价格,35255元/平方米(按建筑面积计)楼层,14,房号,1404,用途,办公,,建筑面积133.56平方米,户内面积,91.03平方米,分摊面积,42.53平方米,户内面积,--平方米,分摊面积--平方米,建筑面积,--平方米
项目楼栋情况,万科星宸大厦1栋,座号,--,合同号,--,拟售价格,34088元/平方米(按建筑面积计)楼层,14,房号,1405,用途,办公,,建筑面积133.56平方米,户内面积,91.03平方米,分摊面积,42.53平方米,户内面积,--平方米,分摊面积--平方米,建筑面积,--平方米
项目楼栋情况,万科星宸大厦1栋,座号,--,合同号,--,拟售价格,46598元/平方米(按建筑面积计)楼层,14,房号,1406,用途,办公,,建筑面积328.07平方米,户内面积,223.61平方米,分摊面积,104.46平方米,户内面积,--平方米,分摊面积--平方米,建筑面积,--平方米
项目楼栋情况,万科星宸大厦1栋,座号,--,合同号,--,拟售价格,45540元/平方米(按建筑面积计)楼层,14,房号,1407,用途,办公,,建筑面积267.72平方米,户内面积,182.47平方米,分摊面积,85.25平方米,户内面积,--平方米,分摊面积--平方米,建筑面积,--平方米
项目楼栋情况,万科星宸大厦1栋,座号,--,合同号,--,拟售价格,32546元/平方米(按建筑面积计)楼层,14,房号,1408,用途,办公,,建筑面积95.36平方米,户内面积,65平方米,分摊面积,30.36平方米,户内面积,--平方米,分摊面积--平方米,建筑面积,--平方米
项目楼栋情况,万科星宸大厦1栋,座号,--,合同号,--,拟售价格,32722元/平方米(按建筑面积计)楼层,14,房号,1409,用途,办公,,建筑面积95.36平方米,户内面积,65平方米,分摊面积,30.36平方米,户内面积,--平方米,分摊面积--平方米,建筑面积,--平方米
项目楼栋情况,万科星宸大厦1栋,座号,--,合同号,--,拟售价格,32546元/平方米(按建筑面积计)楼层,14,房号,1410,用途,办公,,建筑面积95.36平方米,户内面积,65平方米,分摊面积,30.36平方米,户内面积,--平方米,分摊面积--平方米,建筑面积,--平方米
项目楼栋情况,万科星宸大厦1栋,座号,--,合同号,--,拟售价格,36567元/平方米(按建筑面积计)楼层,13,房号,1301,用途,办公,,建筑面积137.56平方米,户内面积,90.24平方米,分摊面积,47.32平方米,户内面积,--平方米,分摊面积--平方米,建筑面积,--平方米
项目楼栋情况,万科星宸大厦1栋,座号,--,合同号,--,拟售价格,35670元/平方米(按建筑面积计)楼层,13,房号,1302,用途,办公,,建筑面积130.94平方米,户内面积,85.89平方米,分摊面积,45.05平方米,户内面积,--平方米,分摊面积--平方米,建筑面积,--平方米
项目楼栋情况,万科星宸大厦1栋,座号,--,合同号,--,拟售价格,34371元/平方米(按建筑面积计)楼层,13,房号,1303,用途,办公,,建筑面积130.94平方米,户内面积,85.89平方米,分摊面积,45.05平方米,户内面积,--平方米,分摊面积--平方米,建筑面积,--平方米
项目楼栋情况,万科星宸大厦1栋,座号,--,合同号,--,拟售价格,31338元/平方米(按建筑面积计)楼层,13,房号,1304,用途,办公,,建筑面积328.21平方米,户内面积,215.29平方米,分摊面积,112.92平方米,户内面积,--平方米,分摊面积--平方米,建筑面积,--平方米
项目楼栋情况,万科星宸大厦1栋,座号,--,合同号,--,拟售价格,30553元/平方米(按建筑面积计)楼层,13,房号,1305,用途,办公,,建筑面积377.32平方米,户内面积,247.51平方米,分摊面积,129.81平方米,户内面积,--平方米,分摊面积--平方米,建筑面积,--平方米
项目楼栋情况,万科星宸大厦1栋,座号,--,合同号,--,拟售价格,32850元/平方米(按建筑面积计)楼层,13,房号,1306,用途,办公,,建筑面积99.08平方米,户内面积,65平方米,分摊面积,34.08平方米,户内面积,--平方米,分摊面积--平方米,建筑面积,--平方米
项目楼栋情况,万科星宸大厦1栋,座号,--,合同号,--,拟售价格,33307元/平方米(按建筑面积计)楼层,13,房号,1307,用途,办公,,建筑面积103.42平方米,户内面积,67.84平方米,分摊面积,35.58平方米,户内面积,--平方米,分摊面积--平方米,建筑面积,--平方米
项目楼栋情况,万科星宸大厦1栋,座号,--,合同号,--,拟售价格,36404元/平方米(按建筑面积计)楼层,12,房号,1201,用途,办公,,建筑面积137.56平方米,户内面积,90.24平方米,分摊面积,47.32平方米,户内面积,--平方米,分摊面积--平方米,建筑面积,--平方米
项目楼栋情况,万科星宸大厦1栋,座号,--,合同号,--,拟售价格,35507元/平方米(按建筑面积计)楼层,12,房号,1202,用途,办公,,建筑面积130.94平方米,户内面积,85.89平方米,分摊面积,45.05平方米,户内面积,--平方米,分摊面积--平方米,建筑面积,--平方米
项目楼栋情况,万科星宸大厦1栋,座号,--,合同号,--,拟售价格,34208元/平方米(按建筑面积计)楼层,12,房号,1203,用途,办公,,建筑面积130.94平方米,户内面积,85.89平方米,分摊面积,45.05平方米,户内面积,--平方米,分摊面积--平方米,建筑面积,--平方米
项目楼栋情况,万科星宸大厦1栋,座号,--,合同号,--,拟售价格,31175元/平方米(按建筑面积计)楼层,12,房号,1204,用途,办公,,建筑面积328.21平方米,户内面积,215.29平方米,分摊面积,112.92平方米,户内面积,--平方米,分摊面积--平方米,建筑面积,--平方米
项目楼栋情况,万科星宸大厦1栋,座号,--,合同号,--,拟售价格,30390元/平方米(按建筑面积计)楼层,12,房号,1205,用途,办公,,建筑面积377.32平方米,户内面积,247.51平方米,分摊面积,129.81平方米,户内面积,--平方米,分摊面积--平方米,建筑面积,--平方米
项目楼栋情况,万科星宸大厦1栋,座号,--,合同号,--,拟售价格,32687元/平方米(按建筑面积计)楼层,12,房号,1206,用途,办公,,建筑面积99.08平方米,户内面积,65平方米,分摊面积,34.08平方米,户内面积,--平方米,分摊面积--平方米,建筑面积,--平方米
项目楼栋情况,万科星宸大厦1栋,座号,--,合同号,--,拟售价格,33143元/平方米(按建筑面积计)楼层,12,房号,1207,用途,办公,,建筑面积103.42平方米,户内面积,67.84平方米,分摊面积,35.58平方米,户内面积,--平方米,分摊面积--平方米,建筑面积,--平方米
项目楼栋情况,万科星宸大厦1栋,座号,--,合同号,--,拟售价格,30432元/平方米(按建筑面积计)楼层,10,房号,1001,用途,办公,,建筑面积267.92平方米,户内面积,182.51平方米,分摊面积,85.41平方米,户内面积,--平方米,分摊面积--平方米,建筑面积,--平方米
项目楼栋情况,万科星宸大厦1栋,座号,--,合同号,--,拟售价格,32437元/平方米(按建筑面积计)楼层,10,房号,1002,用途,办公,,建筑面积328.3平方米,户内面积,223.65平方米,分摊面积,104.65平方米,户内面积,--平方米,分摊面积--平方米,建筑面积,--平方米
项目楼栋情况,万科星宸大厦1栋,座号,--,合同号,--,拟售价格,47340元/平方米(按建筑面积计)楼层,10,房号,1003,用途,办公,,建筑面积399.79平方米,户内面积,272.35平方米,分摊面积,127.44平方米,户内面积,--平方米,分摊面积--平方米,建筑面积,--平方米
项目楼栋情况,万科星宸大厦1栋,座号,--,合同号,--,拟售价格,30630元/平方米(按建筑面积计)楼层,10,房号,1004,用途,办公,,建筑面积328.3平方米,户内面积,223.65平方米,分摊面积,104.65平方米,户内面积,--平方米,分摊面积--平方米,建筑面积,--平方米
项目楼栋情况,万科星宸大厦1栋,座号,--,合同号,--,拟售价格,29925元/平方米(按建筑面积计)楼层,10,房号,1005,用途,办公,,建筑面积267.92平方米,户内面积,182.51平方米,分摊面积,85.41平方米,户内面积,--平方米,分摊面积--平方米,建筑面积,--平方米
项目楼栋情况,万科星宸大厦1栋,座号,--,合同号,--,拟售价格,32111.01元/平方米(按建筑面积计)楼层,10,房号,1006,用途,办公,,建筑面积95.41平方米,户内面积,65平方米,分摊面积,30.41平方米,户内面积,--平方米,分摊面积--平方米,建筑面积,--平方米
项目楼栋情况,万科星宸大厦1栋,座号,--,合同号,--,拟售价格,32287元/平方米(按建筑面积计)楼层,10,房号,1007,用途,办公,,建筑面积95.41平方米,户内面积,65平方米,分摊面积,30.41平方米,户内面积,--平方米,分摊面积--平方米,建筑面积,--平方米
项目楼栋情况,万科星宸大厦1栋,座号,--,合同号,--,拟售价格,32111.01元/平方米(按建筑面积计)楼层,10,房号,1008,用途,办公,,建筑面积95.41平方米,户内面积,65平方米,分摊面积,30.41平方米,户内面积,--平方米,分摊面积--平方米,建筑面积,--平方米
项目楼栋情况,万科星宸大厦1栋,座号,--,合同号,--,拟售价格,30268元/平方米(按建筑面积计)楼层,09,房号,901,用途,办公,,建筑面积267.76平方米,户内面积,182.51平方米,分摊面积,85.25平方米,户内面积,--平方米,分摊面积--平方米,建筑面积,--平方米
项目楼栋情况,万科星宸大厦1栋,座号,--,合同号,--,拟售价格,32274元/平方米(按建筑面积计)楼层,09,房号,902,用途,办公,,建筑面积328.11平方米,户内面积,223.65平方米,分摊面积,104.46平方米,户内面积,--平方米,分摊面积--平方米,建筑面积,--平方米
项目楼栋情况,万科星宸大厦1栋,座号,--,合同号,--,拟售价格,34878元/平方米(按建筑面积计)楼层,09,房号,903,用途,办公,,建筑面积133.55平方米,户内面积,91.03平方米,分摊面积,42.52平方米,户内面积,--平方米,分摊面积--平方米,建筑面积,--平方米
项目楼栋情况,万科星宸大厦1栋,座号,--,合同号,--,拟售价格,34658元/平方米(按建筑面积计)楼层,09,房号,904,用途,办公,,建筑面积133.55平方米,户内面积,91.03平方米,分摊面积,42.52平方米,户内面积,--平方米,分摊面积--平方米,建筑面积,--平方米
项目楼栋情况,万科星宸大厦1栋,座号,--,合同号,--,拟售价格,33490元/平方米(按建筑面积计)楼层,09,房号,905,用途,办公,,建筑面积133.55平方米,户内面积,91.03平方米,分摊面积,42.52平方米,户内面积,--平方米,分摊面积--平方米,建筑面积,--平方米
项目楼栋情况,万科星宸大厦1栋,座号,--,合同号,--,拟售价格,30467元/平方米(按建筑面积计)楼层,09,房号,906,用途,办公,,建筑面积328.11平方米,户内面积,223.65平方米,分摊面积,104.46平方米,户内面积,--平方米,分摊面积--平方米,建筑面积,--平方米
项目楼栋情况,万科星宸大厦1栋,座号,--,合同号,--,拟售价格,29762元/平方米(按建筑面积计)楼层,09,房号,907,用途,办公,,建筑面积267.76平方米,户内面积,182.51平方米,分摊面积,85.25平方米,户内面积,--平方米,分摊面积--平方米,建筑面积,--平方米
项目楼栋情况,万科星宸大厦1栋,座号,--,合同号,--,拟售价格,31948元/平方米(按建筑面积计)楼层,09,房号,908,用途,办公,,建筑面积95.35平方米,户内面积,65平方米,分摊面积,30.35平方米,户内面积,--平方米,分摊面积--平方米,建筑面积,--平方米
项目楼栋情况,万科星宸大厦1栋,座号,--,合同号,--,拟售价格,32124元/平方米(按建筑面积计)楼层,09,房号,909,用途,办公,,建筑面积95.35平方米,户内面积,65平方米,分摊面积,30.35平方米,户内面积,--平方米,分摊面积--平方米,建筑面积,--平方米
项目楼栋情况,万科星宸大厦1栋,座号,--,合同号,--,拟售价格,31948元/平方米(按建筑面积计)楼层,09,房号,910,用途,办公,,建筑面积95.35平方米,户内面积,65平方米,分摊面积,30.35平方米,户内面积,--平方米,分摊面积--平方米,建筑面积,--平方米
项目楼栋情况,万科星宸大厦1栋,座号,--,合同号,--,拟售价格,30105元/平方米(按建筑面积计)楼层,08,房号,801,用途,办公,,建筑面积267.76平方米,户内面积,182.51平方米,分摊面积,85.25平方米,户内面积,--平方米,分摊面积--平方米,建筑面积,--平方米
项目楼栋情况,万科星宸大厦1栋,座号,--,合同号,--,拟售价格,32111元/平方米(按建筑面积计)楼层,08,房号,802,用途,办公,,建筑面积328.11平方米,户内面积,223.65平方米,分摊面积,104.46平方米,户内面积,--平方米,分摊面积--平方米,建筑面积,--平方米
项目楼栋情况,万科星宸大厦1栋,座号,--,合同号,--,拟售价格,34715元/平方米(按建筑面积计)楼层,08,房号,803,用途,办公,,建筑面积133.55平方米,户内面积,91.03平方米,分摊面积,42.52平方米,户内面积,--平方米,分摊面积--平方米,建筑面积,--平方米
项目楼栋情况,万科星宸大厦1栋,座号,--,合同号,--,拟售价格,34495元/平方米(按建筑面积计)楼层,08,房号,804,用途,办公,,建筑面积133.55平方米,户内面积,91.03平方米,分摊面积,42.52平方米,户内面积,--平方米,分摊面积--平方米,建筑面积,--平方米
项目楼栋情况,万科星宸大厦1栋,座号,--,合同号,--,拟售价格,33327元/平方米(按建筑面积计)楼层,08,房号,805,用途,办公,,建筑面积133.55平方米,户内面积,91.03平方米,分摊面积,42.52平方米,户内面积,--平方米,分摊面积--平方米,建筑面积,--平方米
项目楼栋情况,万科星宸大厦1栋,座号,--,合同号,--,拟售价格,30304元/平方米(按建筑面积计)楼层,08,房号,806,用途,办公,,建筑面积328.11平方米,户内面积,223.65平方米,分摊面积,104.46平方米,户内面积,--平方米,分摊面积--平方米,建筑面积,--平方米
项目楼栋情况,万科星宸大厦1栋,座号,--,合同号,--,拟售价格,29599元/平方米(按建筑面积计)楼层,08,房号,807,用途,办公,,建筑面积267.76平方米,户内面积,182.51平方米,分摊面积,85.25平方米,户内面积,--平方米,分摊面积--平方米,建筑面积,--平方米
项目楼栋情况,万科星宸大厦1栋,座号,--,合同号,--,拟售价格,31785元/平方米(按建筑面积计)楼层,08,房号,808,用途,办公,,建筑面积95.35平方米,户内面积,65平方米,分摊面积,30.35平方米,户内面积,--平方米,分摊面积--平方米,建筑面积,--平方米
项目楼栋情况,万科星宸大厦1栋,座号,--,合同号,--,拟售价格,31961元/平方米(按建筑面积计)楼层,08,房号,809,用途,办公,,建筑面积95.35平方米,户内面积,65平方米,分摊面积,30.35平方米,户内面积,--平方米,分摊面积--平方米,建筑面积,--平方米
项目楼栋情况,万科星宸大厦1栋,座号,--,合同号,--,拟售价格,31785元/平方米(按建筑面积计)楼层,08,房号,810,用途,办公,,建筑面积95.35平方米,户内面积,65平方米,分摊面积,30.35平方米,户内面积,--平方米,分摊面积--平方米,建筑面积,--平方米
项目楼栋情况,万科星宸大厦1栋,座号,--,合同号,--,拟售价格,29942元/平方米(按建筑面积计)楼层,07,房号,701,用途,办公,,建筑面积267.76平方米,户内面积,182.51平方米,分摊面积,85.25平方米,户内面积,--平方米,分摊面积--平方米,建筑面积,--平方米
项目楼栋情况,万科星宸大厦1栋,座号,--,合同号,--,拟售价格,31948元/平方米(按建筑面积计)楼层,07,房号,702,用途,办公,,建筑面积328.11平方米,户内面积,223.65平方米,分摊面积,104.46平方米,户内面积,--平方米,分摊面积--平方米,建筑面积,--平方米
项目楼栋情况,万科星宸大厦1栋,座号,--,合同号,--,拟售价格,34552元/平方米(按建筑面积计)楼层,07,房号,703,用途,办公,,建筑面积133.55平方米,户内面积,91.03平方米,分摊面积,42.52平方米,户内面积,--平方米,分摊面积--平方米,建筑面积,--平方米
项目楼栋情况,万科星宸大厦1栋,座号,--,合同号,--,拟售价格,34332元/平方米(按建筑面积计)楼层,07,房号,704,用途,办公,,建筑面积133.55平方米,户内面积,91.03平方米,分摊面积,42.52平方米,户内面积,--平方米,分摊面积--平方米,建筑面积,--平方米
项目楼栋情况,万科星宸大厦1栋,座号,--,合同号,--,拟售价格,33164元/平方米(按建筑面积计)楼层,07,房号,705,用途,办公,,建筑面积133.55平方米,户内面积,91.03平方米,分摊面积,42.52平方米,户内面积,--平方米,分摊面积--平方米,建筑面积,--平方米
项目楼栋情况,万科星宸大厦1栋,座号,--,合同号,--,拟售价格,30141元/平方米(按建筑面积计)楼层,07,房号,706,用途,办公,,建筑面积328.11平方米,户内面积,223.65平方米,分摊面积,104.46平方米,户内面积,--平方米,分摊面积--平方米,建筑面积,--平方米
项目楼栋情况,万科星宸大厦1栋,座号,--,合同号,--,拟售价格,29436元/平方米(按建筑面积计)楼层,07,房号,707,用途,办公,,建筑面积267.76平方米,户内面积,182.51平方米,分摊面积,85.25平方米,户内面积,--平方米,分摊面积--平方米,建筑面积,--平方米
项目楼栋情况,万科星宸大厦1栋,座号,--,合同号,--,拟售价格,31622元/平方米(按建筑面积计)楼层,07,房号,708,用途,办公,,建筑面积95.35平方米,户内面积,65平方米,分摊面积,30.35平方米,户内面积,--平方米,分摊面积--平方米,建筑面积,--平方米
项目楼栋情况,万科星宸大厦1栋,座号,--,合同号,--,拟售价格,31798元/平方米(按建筑面积计)楼层,07,房号,709,用途,办公,,建筑面积95.35平方米,户内面积,65平方米,分摊面积,30.35平方米,户内面积,--平方米,分摊面积--平方米,建筑面积,--平方米
项目楼栋情况,万科星宸大厦1栋,座号,--,合同号,--,拟售价格,31622元/平方米(按建筑面积计)楼层,07,房号,710,用途,办公,,建筑面积95.35平方米,户内面积,65平方米,分摊面积,30.35平方米,户内面积,--平方米,分摊面积--平方米,建筑面积,--平方米
项目楼栋情况,万科星宸大厦1栋,座号,--,合同号,--,拟售价格,30866元/平方米(按建筑面积计)楼层,06,房号,601,用途,办公,,建筑面积267.76平方米,户内面积,182.51平方米,分摊面积,85.25平方米,户内面积,--平方米,分摊面积--平方米,建筑面积,--平方米
项目楼栋情况,万科星宸大厦1栋,座号,--,合同号,--,拟售价格,31785元/平方米(按建筑面积计)楼层,06,房号,602,用途,办公,,建筑面积328.11平方米,户内面积,223.65平方米,分摊面积,104.46平方米,户内面积,--平方米,分摊面积--平方米,建筑面积,--平方米
项目楼栋情况,万科星宸大厦1栋,座号,--,合同号,--,拟售价格,34389元/平方米(按建筑面积计)楼层,06,房号,603,用途,办公,,建筑面积133.55平方米,户内面积,91.03平方米,分摊面积,42.52平方米,户内面积,--平方米,分摊面积--平方米,建筑面积,--平方米
项目楼栋情况,万科星宸大厦1栋,座号,--,合同号,--,拟售价格,34168元/平方米(按建筑面积计)楼层,06,房号,604,用途,办公,,建筑面积133.55平方米,户内面积,91.03平方米,分摊面积,42.52平方米,户内面积,--平方米,分摊面积--平方米,建筑面积,--平方米
项目楼栋情况,万科星宸大厦1栋,座号,--,合同号,--,拟售价格,33001元/平方米(按建筑面积计)楼层,06,房号,605,用途,办公,,建筑面积133.55平方米,户内面积,91.03平方米,分摊面积,42.52平方米,户内面积,--平方米,分摊面积--平方米,建筑面积,--平方米
项目楼栋情况,万科星宸大厦1栋,座号,--,合同号,--,拟售价格,29978元/平方米(按建筑面积计)楼层,06,房号,606,用途,办公,,建筑面积328.11平方米,户内面积,223.65平方米,分摊面积,104.46平方米,户内面积,--平方米,分摊面积--平方米,建筑面积,--平方米
项目楼栋情况,万科星宸大厦1栋,座号,--,合同号,--,拟售价格,30360元/平方米(按建筑面积计)楼层,06,房号,607,用途,办公,,建筑面积267.76平方米,户内面积,182.51平方米,分摊面积,85.25平方米,户内面积,--平方米,分摊面积--平方米,建筑面积,--平方米
项目楼栋情况,万科星宸大厦1栋,座号,--,合同号,--,拟售价格,32546元/平方米(按建筑面积计)楼层,06,房号,608,用途,办公,,建筑面积95.35平方米,户内面积,65平方米,分摊面积,30.35平方米,户内面积,--平方米,分摊面积--平方米,建筑面积,--平方米
项目楼栋情况,万科星宸大厦1栋,座号,--,合同号,--,拟售价格,30703元/平方米(按建筑面积计)楼层,05,房号,501,用途,办公,,建筑面积274.06平方米,户内面积,182.51平方米,分摊面积,91.55平方米,户内面积,--平方米,分摊面积--平方米,建筑面积,--平方米
项目楼栋情况,万科星宸大厦1栋,座号,--,合同号,--,拟售价格,31622元/平方米(按建筑面积计)楼层,05,房号,502,用途,办公,,建筑面积335.83平方米,户内面积,223.65平方米,分摊面积,112.18平方米,户内面积,--平方米,分摊面积--平方米,建筑面积,--平方米
项目楼栋情况,万科星宸大厦1栋,座号,--,合同号,--,拟售价格,34005元/平方米(按建筑面积计)楼层,05,房号,503,用途,办公,,建筑面积136.7平方米,户内面积,91.03平方米,分摊面积,45.67平方米,户内面积,--平方米,分摊面积--平方米,建筑面积,--平方米
项目楼栋情况,万科星宸大厦1栋,座号,--,合同号,--,拟售价格,29815元/平方米(按建筑面积计)楼层,05,房号,504,用途,办公,,建筑面积335.83平方米,户内面积,223.65平方米,分摊面积,112.18平方米,户内面积,--平方米,分摊面积--平方米,建筑面积,--平方米
项目楼栋情况,万科星宸大厦1栋,座号,--,合同号,--,拟售价格,30197元/平方米(按建筑面积计)楼层,05,房号,505,用途,办公,,建筑面积274.06平方米,户内面积,182.51平方米,分摊面积,91.55平方米,户内面积,--平方米,分摊面积--平方米,建筑面积,--平方米
项目楼栋情况,万科星宸大厦1栋,座号,--,合同号,--,拟售价格,32383元/平方米(按建筑面积计)楼层,05,房号,506,用途,办公,,建筑面积97.6平方米,户内面积,65平方米,分摊面积,32.6平方米,户内面积,--平方米,分摊面积--平方米,建筑面积,--平方米
项目楼栋情况,万科星宸大厦1栋,座号,--,合同号,--,拟售价格,32559元/平方米(按建筑面积计)楼层,05,房号,507,用途,办公,,建筑面积97.6平方米,户内面积,65平方米,分摊面积,32.6平方米,户内面积,--平方米,分摊面积--平方米,建筑面积,--平方米
项目楼栋情况,万科星宸大厦1栋,座号,--,合同号,--,拟售价格,32383元/平方米(按建筑面积计)楼层,05,房号,508,用途,办公,,建筑面积97.6平方米,户内面积,65平方米,分摊面积,32.6平方米,户内面积,--平方米,分摊面积--平方米,建筑面积,--平方米
项目楼栋情况,万科星宸大厦1栋,座号,--,合同号,--,拟售价格,30540元/平方米(按建筑面积计)楼层,04,房号,401,用途,办公,,建筑面积267.92平方米,户内面积,182.51平方米,分摊面积,85.41平方米,户内面积,--平方米,分摊面积--平方米,建筑面积,--平方米
项目楼栋情况,万科星宸大厦1栋,座号,--,合同号,--,拟售价格,31459元/平方米(按建筑面积计)楼层,04,房号,402,用途,办公,,建筑面积328.3平方米,户内面积,223.65平方米,分摊面积,104.65平方米,户内面积,--平方米,分摊面积--平方米,建筑面积,--平方米
项目楼栋情况,万科星宸大厦1栋,座号,--,合同号,--,拟售价格,40645元/平方米(按建筑面积计)楼层,04,房号,403,用途,办公,,建筑面积399.79平方米,户内面积,272.35平方米,分摊面积,127.44平方米,户内面积,--平方米,分摊面积--平方米,建筑面积,--平方米
项目楼栋情况,万科星宸大厦1栋,座号,--,合同号,--,拟售价格,29652元/平方米(按建筑面积计)楼层,04,房号,404,用途,办公,,建筑面积328.3平方米,户内面积,223.65平方米,分摊面积,104.65平方米,户内面积,--平方米,分摊面积--平方米,建筑面积,--平方米
项目楼栋情况,万科星宸大厦1栋,座号,--,合同号,--,拟售价格,30034元/平方米(按建筑面积计)楼层,04,房号,405,用途,办公,,建筑面积267.92平方米,户内面积,182.51平方米,分摊面积,85.41平方米,户内面积,--平方米,分摊面积--平方米,建筑面积,--平方米
项目楼栋情况,万科星宸大厦1栋,座号,--,合同号,--,拟售价格,32220元/平方米(按建筑面积计)楼层,04,房号,406,用途,办公,,建筑面积95.41平方米,户内面积,65平方米,分摊面积,30.41平方米,户内面积,--平方米,分摊面积--平方米,建筑面积,--平方米
项目楼栋情况,万科星宸大厦1栋,座号,--,合同号,--,拟售价格,32396元/平方米(按建筑面积计)楼层,04,房号,407,用途,办公,,建筑面积95.41平方米,户内面积,65平方米,分摊面积,30.41平方米,户内面积,--平方米,分摊面积--平方米,建筑面积,--平方米
项目楼栋情况,万科星宸大厦1栋,座号,--,合同号,--,拟售价格,32220元/平方米(按建筑面积计)楼层,04,房号,408,用途,办公,,建筑面积95.41平方米,户内面积,65平方米,分摊面积,30.41平方米,户内面积,--平方米,分摊面积--平方米,建筑面积,--平方米
项目楼栋情况,万科星宸大厦1栋,座号,--,合同号,--,拟售价格,33524元/平方米(按建筑面积计)楼层,03,房号,301,用途,办公,,建筑面积108.06平方米,户内面积,67.62平方米,分摊面积,40.44平方米,户内面积,--平方米,分摊面积--平方米,建筑面积,--平方米
项目楼栋情况,万科星宸大厦1栋,座号,--,合同号,--,拟售价格,32111元/平方米(按建筑面积计)楼层,03,房号,302,用途,办公,,建筑面积113.96平方米,户内面积,71.31平方米,分摊面积,42.65平方米,户内面积,--平方米,分摊面积--平方米,建筑面积,--平方米
项目楼栋情况,万科星宸大厦1栋,座号,--,合同号,--,拟售价格,31024元/平方米(按建筑面积计)楼层,03,房号,303,用途,办公,,建筑面积91.17平方米,户内面积,57.05平方米,分摊面积,34.12平方米,户内面积,--平方米,分摊面积--平方米,建筑面积,--平方米
项目楼栋情况,万科星宸大厦1栋,座号,--,合同号,--,拟售价格,27884元/平方米(按建筑面积计)楼层,03,房号,304,用途,办公,,建筑面积341.88平方米,户内面积,213.94平方米,分摊面积,127.94平方米,户内面积,--平方米,分摊面积--平方米,建筑面积,--平方米
项目楼栋情况,万科星宸大厦1栋,座号,--,合同号,--,拟售价格,26000元/平方米(按建筑面积计)楼层,02,房号,201,用途,商业,,建筑面积135.71平方米,户内面积,66.73平方米,分摊面积,68.98平方米,户内面积,--平方米,分摊面积--平方米,建筑面积,--平方米
项目楼栋情况,万科星宸大厦1栋,座号,--,合同号,--,拟售价格,25000元/平方米(按建筑面积计)楼层,02,房号,202,用途,商业,,建筑面积174.04平方米,户内面积,85.57平方米,分摊面积,88.47平方米,户内面积,--平方米,分摊面积--平方米,建筑面积,--平方米
项目楼栋情况,万科星宸大厦1栋,座号,--,合同号,--,拟售价格,25500元/平方米(按建筑面积计)楼层,02,房号,203,用途,商业,,建筑面积174.04平方米,户内面积,85.57平方米,分摊面积,88.47平方米,户内面积,--平方米,分摊面积--平方米,建筑面积,--平方米
项目楼栋情况,万科星宸大厦1栋,座号,--,合同号,--,拟售价格,24000元/平方米(按建筑面积计)楼层,02,房号,204,用途,商业,,建筑面积203.04平方米,户内面积,99.83平方米,分摊面积,103.21平方米,户内面积,--平方米,分摊面积--平方米,建筑面积,--平方米
项目楼栋情况,万科星宸大厦1栋,座号,--,合同号,--,拟售价格,68000元/平方米(按建筑面积计)楼层,01,房号,101,用途,商业,,建筑面积47.76平方米,户内面积,33.86平方米,分摊面积,13.9平方米,户内面积,--平方米,分摊面积--平方米,建筑面积,--平方米
项目楼栋情况,万科星宸大厦2栋,座号,--,合同号,--,拟售价格,41562.16元/平方米(按建筑面积计)楼层,29,房号,2901,用途,商务公寓,,建筑面积55.9平方米,户内面积,37.04平方米,分摊面积,18.86平方米,户内面积,--平方米,分摊面积--平方米,建筑面积,--平方米
项目楼栋情况,万科星宸大厦2栋,座号,--,合同号,--,拟售价格,41024.53元/平方米(按建筑面积计)楼层,29,房号,2902,用途,商务公寓,,建筑面积56.1平方米,户内面积,37.17平方米,分摊面积,18.93平方米,户内面积,--平方米,分摊面积--平方米,建筑面积,--平方米
项目楼栋情况,万科星宸大厦2栋,座号,--,合同号,--,拟售价格,41024.53元/平方米(按建筑面积计)楼层,29,房号,2903,用途,商务公寓,,建筑面积56.1平方米,户内面积,37.17平方米,分摊面积,18.93平方米,户内面积,--平方米,分摊面积--平方米,建筑面积,--平方米
项目楼栋情况,万科星宸大厦2栋,座号,--,合同号,--,拟售价格,41562.16元/平方米(按建筑面积计)楼层,29,房号,2904,用途,商务公寓,,建筑面积56.1平方米,户内面积,37.17平方米,分摊面积,18.93平方米,户内面积,--平方米,分摊面积--平方米,建筑面积,--平方米
项目楼栋情况,万科星宸大厦2栋,座号,--,合同号,--,拟售价格,41562.16元/平方米(按建筑面积计)楼层,29,房号,2905,用途,商务公寓,,建筑面积56.1平方米,户内面积,37.17平方米,分摊面积,18.93平方米,户内面积,--平方米,分摊面积--平方米,建筑面积,--平方米
项目楼栋情况,万科星宸大厦2栋,座号,--,合同号,--,拟售价格,41562.16元/平方米(按建筑面积计)楼层,29,房号,2906,用途,商务公寓,,建筑面积56.1平方米,户内面积,37.17平方米,分摊面积,18.93平方米,户内面积,--平方米,分摊面积--平方米,建筑面积,--平方米
项目楼栋情况,万科星宸大厦2栋,座号,--,合同号,--,拟售价格,41562.15元/平方米(按建筑面积计)楼层,29,房号,2907,用途,商务公寓,,建筑面积57.31平方米,户内面积,37.97平方米,分摊面积,19.34平方米,户内面积,--平方米,分摊面积--平方米,建筑面积,--平方米
项目楼栋情况,万科星宸大厦2栋,座号,--,合同号,--,拟售价格,38664.15元/平方米(按建筑面积计)楼层,29,房号,2908,用途,商务公寓,,建筑面积56.91平方米,户内面积,37.71平方米,分摊面积,19.2平方米,户内面积,--平方米,分摊面积--平方米,建筑面积,--平方米
项目楼栋情况,万科星宸大厦2栋,座号,--,合同号,--,拟售价格,38664.15元/平方米(按建筑面积计)楼层,29,房号,2909,用途,商务公寓,,建筑面积55.7平方米,户内面积,36.9平方米,分摊面积,18.8平方米,户内面积,--平方米,分摊面积--平方米,建筑面积,--平方米
项目楼栋情况,万科星宸大厦2栋,座号,--,合同号,--,拟售价格,38664.15元/平方米(按建筑面积计)楼层,29,房号,2910,用途,商务公寓,,建筑面积56.1平方米,户内面积,37.17平方米,分摊面积,18.93平方米,户内面积,--平方米,分摊面积--平方米,建筑面积,--平方米
项目楼栋情况,万科星宸大厦2栋,座号,--,合同号,--,拟售价格,41508.39元/平方米(按建筑面积计)楼层,27,房号,2701,用途,商务公寓,,建筑面积55.9平方米,户内面积,37.04平方米,分摊面积,18.86平方米,户内面积,--平方米,分摊面积--平方米,建筑面积,--平方米
项目楼栋情况,万科星宸大厦2栋,座号,--,合同号,--,拟售价格,40970.77元/平方米(按建筑面积计)楼层,27,房号,2702,用途,商务公寓,,建筑面积56.1平方米,户内面积,37.17平方米,分摊面积,18.93平方米,户内面积,--平方米,分摊面积--平方米,建筑面积,--平方米
项目楼栋情况,万科星宸大厦2栋,座号,--,合同号,--,拟售价格,40970.77元/平方米(按建筑面积计)楼层,27,房号,2703,用途,商务公寓,,建筑面积56.1平方米,户内面积,37.17平方米,分摊面积,18.93平方米,户内面积,--平方米,分摊面积--平方米,建筑面积,--平方米
项目楼栋情况,万科星宸大厦2栋,座号,--,合同号,--,拟售价格,41508.4元/平方米(按建筑面积计)楼层,27,房号,2704,用途,商务公寓,,建筑面积56.1平方米,户内面积,37.17平方米,分摊面积,18.93平方米,户内面积,--平方米,分摊面积--平方米,建筑面积,--平方米
项目楼栋情况,万科星宸大厦2栋,座号,--,合同号,--,拟售价格,41508.4元/平方米(按建筑面积计)楼层,27,房号,2705,用途,商务公寓,,建筑面积56.1平方米,户内面积,37.17平方米,分摊面积,18.93平方米,户内面积,--平方米,分摊面积--平方米,建筑面积,--平方米
项目楼栋情况,万科星宸大厦2栋,座号,--,合同号,--,拟售价格,41508.4元/平方米(按建筑面积计)楼层,27,房号,2706,用途,商务公寓,,建筑面积56.1平方米,户内面积,37.17平方米,分摊面积,18.93平方米,户内面积,--平方米,分摊面积--平方米,建筑面积,--平方米
项目楼栋情况,万科星宸大厦2栋,座号,--,合同号,--,拟售价格,41508.39元/平方米(按建筑面积计)楼层,27,房号,2707,用途,商务公寓,,建筑面积57.31平方米,户内面积,37.97平方米,分摊面积,19.34平方米,户内面积,--平方米,分摊面积--平方米,建筑面积,--平方米
项目楼栋情况,万科星宸大厦2栋,座号,--,合同号,--,拟售价格,38610.38元/平方米(按建筑面积计)楼层,27,房号,2708,用途,商务公寓,,建筑面积56.91平方米,户内面积,37.71平方米,分摊面积,19.2平方米,户内面积,--平方米,分摊面积--平方米,建筑面积,--平方米
项目楼栋情况,万科星宸大厦2栋,座号,--,合同号,--,拟售价格,38610.39元/平方米(按建筑面积计)楼层,27,房号,2709,用途,商务公寓,,建筑面积55.7平方米,户内面积,36.9平方米,分摊面积,18.8平方米,户内面积,--平方米,分摊面积--平方米,建筑面积,--平方米
项目楼栋情况,万科星宸大厦2栋,座号,--,合同号,--,拟售价格,38610.39元/平方米(按建筑面积计)楼层,27,房号,2710,用途,商务公寓,,建筑面积56.1平方米,户内面积,37.17平方米,分摊面积,18.93平方米,户内面积,--平方米,分摊面积--平方米,建筑面积,--平方米
项目楼栋情况,万科星宸大厦2栋,座号,--,合同号,--,拟售价格,39583.93元/平方米(按建筑面积计)楼层,27,房号,2711,用途,商务公寓,,建筑面积31.67平方米,户内面积,20.98平方米,分摊面积,10.69平方米,户内面积,--平方米,分摊面积--平方米,建筑面积,--平方米
项目楼栋情况,万科星宸大厦2栋,座号,--,合同号,--,拟售价格,40987.67元/平方米(按建筑面积计)楼层,27,房号,2712,用途,商务公寓,,建筑面积31.78平方米,户内面积,21.06平方米,分摊面积,10.72平方米,户内面积,--平方米,分摊面积--平方米,建筑面积,--平方米
项目楼栋情况,万科星宸大厦2栋,座号,--,合同号,--,拟售价格,40036.76元/平方米(按建筑面积计)楼层,27,房号,2713,用途,商务公寓,,建筑面积56.1平方米,户内面积,37.17平方米,分摊面积,18.93平方米,户内面积,--平方米,分摊面积--平方米,建筑面积,--平方米
项目楼栋情况,万科星宸大厦2栋,座号,--,合同号,--,拟售价格,36640.66元/平方米(按建筑面积计)楼层,27,房号,2714,用途,商务公寓,,建筑面积56.1平方米,户内面积,37.17平方米,分摊面积,18.93平方米,户内面积,--平方米,分摊面积--平方米,建筑面积,--平方米
项目楼栋情况,万科星宸大厦2栋,座号,--,合同号,--,拟售价格,36640.66元/平方米(按建筑面积计)楼层,27,房号,2715,用途,商务公寓,,建筑面积56.1平方米,户内面积,37.17平方米,分摊面积,18.93平方米,户内面积,--平方米,分摊面积--平方米,建筑面积,--平方米
项目楼栋情况,万科星宸大厦2栋,座号,--,合同号,--,拟售价格,37433.08元/平方米(按建筑面积计)楼层,27,房号,2716,用途,商务公寓,,建筑面积32.26平方米,户内面积,21.37平方米,分摊面积,10.89平方米,户内面积,--平方米,分摊面积--平方米,建筑面积,--平方米
项目楼栋情况,万科星宸大厦2栋,座号,--,合同号,--,拟售价格,41454.63元/平方米(按建筑面积计)楼层,26,房号,2601,用途,商务公寓,,建筑面积55.9平方米,户内面积,37.04平方米,分摊面积,18.86平方米,户内面积,--平方米,分摊面积--平方米,建筑面积,--平方米
项目楼栋情况,万科星宸大厦2栋,座号,--,合同号,--,拟售价格,40917.01元/平方米(按建筑面积计)楼层,26,房号,2602,用途,商务公寓,,建筑面积56.1平方米,户内面积,37.17平方米,分摊面积,18.93平方米,户内面积,--平方米,分摊面积--平方米,建筑面积,--平方米
项目楼栋情况,万科星宸大厦2栋,座号,--,合同号,--,拟售价格,40917.01元/平方米(按建筑面积计)楼层,26,房号,2603,用途,商务公寓,,建筑面积56.1平方米,户内面积,37.17平方米,分摊面积,18.93平方米,户内面积,--平方米,分摊面积--平方米,建筑面积,--平方米
项目楼栋情况,万科星宸大厦2栋,座号,--,合同号,--,拟售价格,41454.63元/平方米(按建筑面积计)楼层,26,房号,2604,用途,商务公寓,,建筑面积56.1平方米,户内面积,37.17平方米,分摊面积,18.93平方米,户内面积,--平方米,分摊面积--平方米,建筑面积,--平方米
项目楼栋情况,万科星宸大厦2栋,座号,--,合同号,--,拟售价格,41454.63元/平方米(按建筑面积计)楼层,26,房号,2605,用途,商务公寓,,建筑面积56.1平方米,户内面积,37.17平方米,分摊面积,18.93平方米,户内面积,--平方米,分摊面积--平方米,建筑面积,--平方米
项目楼栋情况,万科星宸大厦2栋,座号,--,合同号,--,拟售价格,41454.63元/平方米(按建筑面积计)楼层,26,房号,2606,用途,商务公寓,,建筑面积56.1平方米,户内面积,37.17平方米,分摊面积,18.93平方米,户内面积,--平方米,分摊面积--平方米,建筑面积,--平方米
项目楼栋情况,万科星宸大厦2栋,座号,--,合同号,--,拟售价格,41454.63元/平方米(按建筑面积计)楼层,26,房号,2607,用途,商务公寓,,建筑面积57.31平方米,户内面积,37.97平方米,分摊面积,19.34平方米,户内面积,--平方米,分摊面积--平方米,建筑面积,--平方米
项目楼栋情况,万科星宸大厦2栋,座号,--,合同号,--,拟售价格,38556.63元/平方米(按建筑面积计)楼层,26,房号,2608,用途,商务公寓,,建筑面积56.91平方米,户内面积,37.71平方米,分摊面积,19.2平方米,户内面积,--平方米,分摊面积--平方米,建筑面积,--平方米
项目楼栋情况,万科星宸大厦2栋,座号,--,合同号,--,拟售价格,38556.62元/平方米(按建筑面积计)楼层,26,房号,2609,用途,商务公寓,,建筑面积55.7平方米,户内面积,36.9平方米,分摊面积,18.8平方米,户内面积,--平方米,分摊面积--平方米,建筑面积,--平方米
项目楼栋情况,万科星宸大厦2栋,座号,--,合同号,--,拟售价格,38556.63元/平方米(按建筑面积计)楼层,26,房号,2610,用途,商务公寓,,建筑面积56.1平方米,户内面积,37.17平方米,分摊面积,18.93平方米,户内面积,--平方米,分摊面积--平方米,建筑面积,--平方米
项目楼栋情况,万科星宸大厦2栋,座号,--,合同号,深(宝)网预买字(2019)31645号,拟售价格,--元/平方米(按建筑面积计)楼层,26,房号,2611,用途,商务公寓,,建筑面积31.67平方米,户内面积,20.98平方米,分摊面积,10.69平方米,户内面积,--平方米,分摊面积--平方米,建筑面积,--平方米
项目楼栋情况,万科星宸大厦2栋,座号,--,合同号,深(宝)网预买字(2019)31635号,拟售价格,--元/平方米(按建筑面积计)楼层,26,房号,2612,用途,商务公寓,,建筑面积31.78平方米,户内面积,21.06平方米,分摊面积,10.72平方米,户内面积,--平方米,分摊面积--平方米,建筑面积,--平方米
项目楼栋情况,万科星宸大厦2栋,座号,--,合同号,--,拟售价格,39982.99元/平方米(按建筑面积计)楼层,26,房号,2613,用途,商务公寓,,建筑面积56.1平方米,户内面积,37.17平方米,分摊面积,18.93平方米,户内面积,--平方米,分摊面积--平方米,建筑面积,--平方米
项目楼栋情况,万科星宸大厦2栋,座号,--,合同号,--,拟售价格,36586.88元/平方米(按建筑面积计)楼层,26,房号,2614,用途,商务公寓,,建筑面积56.1平方米,户内面积,37.17平方米,分摊面积,18.93平方米,户内面积,--平方米,分摊面积--平方米,建筑面积,--平方米
项目楼栋情况,万科星宸大厦2栋,座号,--,合同号,--,拟售价格,36586.88元/平方米(按建筑面积计)楼层,26,房号,2615,用途,商务公寓,,建筑面积56.1平方米,户内面积,37.17平方米,分摊面积,18.93平方米,户内面积,--平方米,分摊面积--平方米,建筑面积,--平方米
项目楼栋情况,万科星宸大厦2栋,座号,--,合同号,深(宝)网预买字(2019)31583号,拟售价格,--元/平方米(按建筑面积计)楼层,26,房号,2616,用途,商务公寓,,建筑面积32.26平方米,户内面积,21.37平方米,分摊面积,10.89平方米,户内面积,--平方米,分摊面积--平方米,建筑面积,--平方米
项目楼栋情况,万科星宸大厦2栋,座号,--,合同号,--,拟售价格,41400.88元/平方米(按建筑面积计)楼层,25,房号,2501,用途,商务公寓,,建筑面积55.9平方米,户内面积,37.04平方米,分摊面积,18.86平方米,户内面积,--平方米,分摊面积--平方米,建筑面积,--平方米
项目楼栋情况,万科星宸大厦2栋,座号,--,合同号,--,拟售价格,40863.24元/平方米(按建筑面积计)楼层,25,房号,2502,用途,商务公寓,,建筑面积56.1平方米,户内面积,37.17平方米,分摊面积,18.93平方米,户内面积,--平方米,分摊面积--平方米,建筑面积,--平方米
项目楼栋情况,万科星宸大厦2栋,座号,--,合同号,--,拟售价格,40863.24元/平方米(按建筑面积计)楼层,25,房号,2503,用途,商务公寓,,建筑面积56.1平方米,户内面积,37.17平方米,分摊面积,18.93平方米,户内面积,--平方米,分摊面积--平方米,建筑面积,--平方米
项目楼栋情况,万科星宸大厦2栋,座号,--,合同号,--,拟售价格,41400.87元/平方米(按建筑面积计)楼层,25,房号,2504,用途,商务公寓,,建筑面积56.1平方米,户内面积,37.17平方米,分摊面积,18.93平方米,户内面积,--平方米,分摊面积--平方米,建筑面积,--平方米
项目楼栋情况,万科星宸大厦2栋,座号,--,合同号,--,拟售价格,41400.87元/平方米(按建筑面积计)楼层,25,房号,2505,用途,商务公寓,,建筑面积56.1平方米,户内面积,37.17平方米,分摊面积,18.93平方米,户内面积,--平方米,分摊面积--平方米,建筑面积,--平方米
项目楼栋情况,万科星宸大厦2栋,座号,--,合同号,--,拟售价格,41400.87元/平方米(按建筑面积计)楼层,25,房号,2506,用途,商务公寓,,建筑面积56.1平方米,户内面积,37.17平方米,分摊面积,18.93平方米,户内面积,--平方米,分摊面积--平方米,建筑面积,--平方米
项目楼栋情况,万科星宸大厦2栋,座号,--,合同号,--,拟售价格,41400.87元/平方米(按建筑面积计)楼层,25,房号,2507,用途,商务公寓,,建筑面积57.31平方米,户内面积,37.97平方米,分摊面积,19.34平方米,户内面积,--平方米,分摊面积--平方米,建筑面积,--平方米
项目楼栋情况,万科星宸大厦2栋,座号,--,合同号,--,拟售价格,38502.86元/平方米(按建筑面积计)楼层,25,房号,2508,用途,商务公寓,,建筑面积56.91平方米,户内面积,37.71平方米,分摊面积,19.2平方米,户内面积,--平方米,分摊面积--平方米,建筑面积,--平方米
项目楼栋情况,万科星宸大厦2栋,座号,--,合同号,--,拟售价格,38502.85元/平方米(按建筑面积计)楼层,25,房号,2509,用途,商务公寓,,建筑面积55.7平方米,户内面积,36.9平方米,分摊面积,18.8平方米,户内面积,--平方米,分摊面积--平方米,建筑面积,--平方米
项目楼栋情况,万科星宸大厦2栋,座号,--,合同号,--,拟售价格,38502.87元/平方米(按建筑面积计)楼层,25,房号,2510,用途,商务公寓,,建筑面积56.1平方米,户内面积,37.17平方米,分摊面积,18.93平方米,户内面积,--平方米,分摊面积--平方米,建筑面积,--平方米
项目楼栋情况,万科星宸大厦2栋,座号,--,合同号,--,拟售价格,39476.41元/平方米(按建筑面积计)楼层,25,房号,2511,用途,商务公寓,,建筑面积31.67平方米,户内面积,20.98平方米,分摊面积,10.69平方米,户内面积,--平方米,分摊面积--平方米,建筑面积,--平方米
项目楼栋情况,万科星宸大厦2栋,座号,--,合同号,--,拟售价格,40880.14元/平方米(按建筑面积计)楼层,25,房号,2512,用途,商务公寓,,建筑面积31.78平方米,户内面积,21.06平方米,分摊面积,10.72平方米,户内面积,--平方米,分摊面积--平方米,建筑面积,--平方米
项目楼栋情况,万科星宸大厦2栋,座号,--,合同号,--,拟售价格,39929.23元/平方米(按建筑面积计)楼层,25,房号,2513,用途,商务公寓,,建筑面积56.1平方米,户内面积,37.17平方米,分摊面积,18.93平方米,户内面积,--平方米,分摊面积--平方米,建筑面积,--平方米
项目楼栋情况,万科星宸大厦2栋,座号,--,合同号,--,拟售价格,36533.12元/平方米(按建筑面积计)楼层,25,房号,2514,用途,商务公寓,,建筑面积56.1平方米,户内面积,37.17平方米,分摊面积,18.93平方米,户内面积,--平方米,分摊面积--平方米,建筑面积,--平方米
项目楼栋情况,万科星宸大厦2栋,座号,--,合同号,--,拟售价格,36533.12元/平方米(按建筑面积计)楼层,25,房号,2515,用途,商务公寓,,建筑面积56.1平方米,户内面积,37.17平方米,分摊面积,18.93平方米,户内面积,--平方米,分摊面积--平方米,建筑面积,--平方米
项目楼栋情况,万科星宸大厦2栋,座号,--,合同号,--,拟售价格,37325.54元/平方米(按建筑面积计)楼层,25,房号,2516,用途,商务公寓,,建筑面积32.26平方米,户内面积,21.37平方米,分摊面积,10.89平方米,户内面积,--平方米,分摊面积--平方米,建筑面积,--平方米
项目楼栋情况,万科星宸大厦2栋,座号,--,合同号,--,拟售价格,41347.1元/平方米(按建筑面积计)楼层,24,房号,2401,用途,商务公寓,,建筑面积55.9平方米,户内面积,37.04平方米,分摊面积,18.86平方米,户内面积,--平方米,分摊面积--平方米,建筑面积,--平方米
项目楼栋情况,万科星宸大厦2栋,座号,--,合同号,--,拟售价格,40809.47元/平方米(按建筑面积计)楼层,24,房号,2402,用途,商务公寓,,建筑面积56.1平方米,户内面积,37.17平方米,分摊面积,18.93平方米,户内面积,--平方米,分摊面积--平方米,建筑面积,--平方米
项目楼栋情况,万科星宸大厦2栋,座号,--,合同号,--,拟售价格,40809.47元/平方米(按建筑面积计)楼层,24,房号,2403,用途,商务公寓,,建筑面积56.1平方米,户内面积,37.17平方米,分摊面积,18.93平方米,户内面积,--平方米,分摊面积--平方米,建筑面积,--平方米
项目楼栋情况,万科星宸大厦2栋,座号,--,合同号,--,拟售价格,41347.11元/平方米(按建筑面积计)楼层,24,房号,2404,用途,商务公寓,,建筑面积56.1平方米,户内面积,37.17平方米,分摊面积,18.93平方米,户内面积,--平方米,分摊面积--平方米,建筑面积,--平方米
项目楼栋情况,万科星宸大厦2栋,座号,--,合同号,--,拟售价格,41347.11元/平方米(按建筑面积计)楼层,24,房号,2405,用途,商务公寓,,建筑面积56.1平方米,户内面积,37.17平方米,分摊面积,18.93平方米,户内面积,--平方米,分摊面积--平方米,建筑面积,--平方米
项目楼栋情况,万科星宸大厦2栋,座号,--,合同号,--,拟售价格,41347.11元/平方米(按建筑面积计)楼层,24,房号,2406,用途,商务公寓,,建筑面积56.1平方米,户内面积,37.17平方米,分摊面积,18.93平方米,户内面积,--平方米,分摊面积--平方米,建筑面积,--平方米
项目楼栋情况,万科星宸大厦2栋,座号,--,合同号,--,拟售价格,41347.11元/平方米(按建筑面积计)楼层,24,房号,2407,用途,商务公寓,,建筑面积57.31平方米,户内面积,37.97平方米,分摊面积,19.34平方米,户内面积,--平方米,分摊面积--平方米,建筑面积,--平方米
项目楼栋情况,万科星宸大厦2栋,座号,--,合同号,--,拟售价格,38449.1元/平方米(按建筑面积计)楼层,24,房号,2408,用途,商务公寓,,建筑面积56.91平方米,户内面积,37.71平方米,分摊面积,19.2平方米,户内面积,--平方米,分摊面积--平方米,建筑面积,--平方米
项目楼栋情况,万科星宸大厦2栋,座号,--,合同号,--,拟售价格,38449.1元/平方米(按建筑面积计)楼层,24,房号,2409,用途,商务公寓,,建筑面积55.7平方米,户内面积,36.9平方米,分摊面积,18.8平方米,户内面积,--平方米,分摊面积--平方米,建筑面积,--平方米
项目楼栋情况,万科星宸大厦2栋,座号,--,合同号,--,拟售价格,38449.11元/平方米(按建筑面积计)楼层,24,房号,2410,用途,商务公寓,,建筑面积56.1平方米,户内面积,37.17平方米,分摊面积,18.93平方米,户内面积,--平方米,分摊面积--平方米,建筑面积,--平方米
项目楼栋情况,万科星宸大厦2栋,座号,--,合同号,深(宝)网预买字(2019)31582号,拟售价格,--元/平方米(按建筑面积计)楼层,24,房号,2411,用途,商务公寓,,建筑面积31.67平方米,户内面积,20.98平方米,分摊面积,10.69平方米,户内面积,--平方米,分摊面积--平方米,建筑面积,--平方米
项目楼栋情况,万科星宸大厦2栋,座号,--,合同号,--,拟售价格,40826.37元/平方米(按建筑面积计)楼层,24,房号,2412,用途,商务公寓,,建筑面积31.78平方米,户内面积,21.06平方米,分摊面积,10.72平方米,户内面积,--平方米,分摊面积--平方米,建筑面积,--平方米
项目楼栋情况,万科星宸大厦2栋,座号,--,合同号,--,拟售价格,39875.45元/平方米(按建筑面积计)楼层,24,房号,2413,用途,商务公寓,,建筑面积56.1平方米,户内面积,37.17平方米,分摊面积,18.93平方米,户内面积,--平方米,分摊面积--平方米,建筑面积,--平方米
项目楼栋情况,万科星宸大厦2栋,座号,--,合同号,--,拟售价格,36479.36元/平方米(按建筑面积计)楼层,24,房号,2414,用途,商务公寓,,建筑面积56.1平方米,户内面积,37.17平方米,分摊面积,18.93平方米,户内面积,--平方米,分摊面积--平方米,建筑面积,--平方米
项目楼栋情况,万科星宸大厦2栋,座号,--,合同号,--,拟售价格,36479.36元/平方米(按建筑面积计)楼层,24,房号,2415,用途,商务公寓,,建筑面积56.1平方米,户内面积,37.17平方米,分摊面积,18.93平方米,户内面积,--平方米,分摊面积--平方米,建筑面积,--平方米
项目楼栋情况,万科星宸大厦2栋,座号,--,合同号,深(宝)网预买字(2019)31639号,拟售价格,--元/平方米(按建筑面积计)楼层,24,房号,2416,用途,商务公寓,,建筑面积32.26平方米,户内面积,21.37平方米,分摊面积,10.89平方米,户内面积,--平方米,分摊面积--平方米,建筑面积,--平方米
项目楼栋情况,万科星宸大厦2栋,座号,--,合同号,深(宝)网预买字(2019)31584号,拟售价格,--元/平方米(按建筑面积计)楼层,23,房号,2301,用途,商务公寓,,建筑面积55.9平方米,户内面积,37.04平方米,分摊面积,18.86平方米,户内面积,--平方米,分摊面积--平方米,建筑面积,--平方米
项目楼栋情况,万科星宸大厦2栋,座号,--,合同号,--,拟售价格,40755.7元/平方米(按建筑面积计)楼层,23,房号,2302,用途,商务公寓,,建筑面积56.1平方米,户内面积,37.17平方米,分摊面积,18.93平方米,户内面积,--平方米,分摊面积--平方米,建筑面积,--平方米
项目楼栋情况,万科星宸大厦2栋,座号,--,合同号,--,拟售价格,40755.7元/平方米(按建筑面积计)楼层,23,房号,2303,用途,商务公寓,,建筑面积56.1平方米,户内面积,37.17平方米,分摊面积,18.93平方米,户内面积,--平方米,分摊面积--平方米,建筑面积,--平方米
项目楼栋情况,万科星宸大厦2栋,座号,--,合同号,--,拟售价格,41293.35元/平方米(按建筑面积计)楼层,23,房号,2304,用途,商务公寓,,建筑面积56.1平方米,户内面积,37.17平方米,分摊面积,18.93平方米,户内面积,--平方米,分摊面积--平方米,建筑面积,--平方米
项目楼栋情况,万科星宸大厦2栋,座号,--,合同号,--,拟售价格,41293.35元/平方米(按建筑面积计)楼层,23,房号,2305,用途,商务公寓,,建筑面积56.1平方米,户内面积,37.17平方米,分摊面积,18.93平方米,户内面积,--平方米,分摊面积--平方米,建筑面积,--平方米
项目楼栋情况,万科星宸大厦2栋,座号,--,合同号,--,拟售价格,41293.35元/平方米(按建筑面积计)楼层,23,房号,2306,用途,商务公寓,,建筑面积56.1平方米,户内面积,37.17平方米,分摊面积,18.93平方米,户内面积,--平方米,分摊面积--平方米,建筑面积,--平方米
项目楼栋情况,万科星宸大厦2栋,座号,--,合同号,--,拟售价格,41293.35元/平方米(按建筑面积计)楼层,23,房号,2307,用途,商务公寓,,建筑面积57.31平方米,户内面积,37.97平方米,分摊面积,19.34平方米,户内面积,--平方米,分摊面积--平方米,建筑面积,--平方米
项目楼栋情况,万科星宸大厦2栋,座号,--,合同号,深(宝)网预买字(2019)31840号,拟售价格,--元/平方米(按建筑面积计)楼层,23,房号,2308,用途,商务公寓,,建筑面积56.91平方米,户内面积,37.71平方米,分摊面积,19.2平方米,户内面积,--平方米,分摊面积--平方米,建筑面积,--平方米
项目楼栋情况,万科星宸大厦2栋,座号,--,合同号,--,拟售价格,38395.33元/平方米(按建筑面积计)楼层,23,房号,2309,用途,商务公寓,,建筑面积55.7平方米,户内面积,36.9平方米,分摊面积,18.8平方米,户内面积,--平方米,分摊面积--平方米,建筑面积,--平方米
项目楼栋情况,万科星宸大厦2栋,座号,--,合同号,--,拟售价格,38395.33元/平方米(按建筑面积计)楼层,23,房号,2310,用途,商务公寓,,建筑面积56.1平方米,户内面积,37.17平方米,分摊面积,18.93平方米,户内面积,--平方米,分摊面积--平方米,建筑面积,--平方米
项目楼栋情况,万科星宸大厦2栋,座号,--,合同号,--,拟售价格,39368.9元/平方米(按建筑面积计)楼层,23,房号,2311,用途,商务公寓,,建筑面积31.67平方米,户内面积,20.98平方米,分摊面积,10.69平方米,户内面积,--平方米,分摊面积--平方米,建筑面积,--平方米
项目楼栋情况,万科星宸大厦2栋,座号,--,合同号,深(宝)网预买字(2019)31939号,拟售价格,--元/平方米(按建筑面积计)楼层,23,房号,2312,用途,商务公寓,,建筑面积31.78平方米,户内面积,21.06平方米,分摊面积,10.72平方米,户内面积,--平方米,分摊面积--平方米,建筑面积,--平方米
项目楼栋情况,万科星宸大厦2栋,座号,--,合同号,--,拟售价格,39821.69元/平方米(按建筑面积计)楼层,23,房号,2313,用途,商务公寓,,建筑面积56.1平方米,户内面积,37.17平方米,分摊面积,18.93平方米,户内面积,--平方米,分摊面积--平方米,建筑面积,--平方米
项目楼栋情况,万科星宸大厦2栋,座号,--,合同号,深(宝)网预买字(2019)31268号,拟售价格,--元/平方米(按建筑面积计)楼层,23,房号,2314,用途,商务公寓,,建筑面积56.1平方米,户内面积,37.17平方米,分摊面积,18.93平方米,户内面积,--平方米,分摊面积--平方米,建筑面积,--平方米
项目楼栋情况,万科星宸大厦2栋,座号,--,合同号,--,拟售价格,36425.6元/平方米(按建筑面积计)楼层,23,房号,2315,用途,商务公寓,,建筑面积56.1平方米,户内面积,37.17平方米,分摊面积,18.93平方米,户内面积,--平方米,分摊面积--平方米,建筑面积,--平方米
项目楼栋情况,万科星宸大厦2栋,座号,--,合同号,深(宝)网预买字(2019)31399号,拟售价格,--元/平方米(按建筑面积计)楼层,23,房号,2316,用途,商务公寓,,建筑面积32.26平方米,户内面积,21.37平方米,分摊面积,10.89平方米,户内面积,--平方米,分摊面积--平方米,建筑面积,--平方米
项目楼栋情况,万科星宸大厦2栋,座号,--,合同号,深(宝)网预买字(2019)31585号,拟售价格,--元/平方米(按建筑面积计)楼层,22,房号,2201,用途,商务公寓,,建筑面积55.9平方米,户内面积,37.04平方米,分摊面积,18.86平方米,户内面积,--平方米,分摊面积--平方米,建筑面积,--平方米
项目楼栋情况,万科星宸大厦2栋,座号,--,合同号,--,拟售价格,40701.94元/平方米(按建筑面积计)楼层,22,房号,2202,用途,商务公寓,,建筑面积56.1平方米,户内面积,37.17平方米,分摊面积,18.93平方米,户内面积,--平方米,分摊面积--平方米,建筑面积,--平方米
项目楼栋情况,万科星宸大厦2栋,座号,--,合同号,--,拟售价格,40701.94元/平方米(按建筑面积计)楼层,22,房号,2203,用途,商务公寓,,建筑面积56.1平方米,户内面积,37.17平方米,分摊面积,18.93平方米,户内面积,--平方米,分摊面积--平方米,建筑面积,--平方米
项目楼栋情况,万科星宸大厦2栋,座号,--,合同号,--,拟售价格,41239.57元/平方米(按建筑面积计)楼层,22,房号,2204,用途,商务公寓,,建筑面积56.1平方米,户内面积,37.17平方米,分摊面积,18.93平方米,户内面积,--平方米,分摊面积--平方米,建筑面积,--平方米
项目楼栋情况,万科星宸大厦2栋,座号,--,合同号,--,拟售价格,41239.57元/平方米(按建筑面积计)楼层,22,房号,2205,用途,商务公寓,,建筑面积56.1平方米,户内面积,37.17平方米,分摊面积,18.93平方米,户内面积,--平方米,分摊面积--平方米,建筑面积,--平方米
项目楼栋情况,万科星宸大厦2栋,座号,--,合同号,--,拟售价格,41239.57元/平方米(按建筑面积计)楼层,22,房号,2206,用途,商务公寓,,建筑面积56.1平方米,户内面积,37.17平方米,分摊面积,18.93平方米,户内面积,--平方米,分摊面积--平方米,建筑面积,--平方米
项目楼栋情况,万科星宸大厦2栋,座号,--,合同号,--,拟售价格,41239.57元/平方米(按建筑面积计)楼层,22,房号,2207,用途,商务公寓,,建筑面积57.31平方米,户内面积,37.97平方米,分摊面积,19.34平方米,户内面积,--平方米,分摊面积--平方米,建筑面积,--平方米
项目楼栋情况,万科星宸大厦2栋,座号,--,合同号,--,拟售价格,38341.57元/平方米(按建筑面积计)楼层,22,房号,2208,用途,商务公寓,,建筑面积56.91平方米,户内面积,37.71平方米,分摊面积,19.2平方米,户内面积,--平方米,分摊面积--平方米,建筑面积,--平方米
项目楼栋情况,万科星宸大厦2栋,座号,--,合同号,--,拟售价格,38341.58元/平方米(按建筑面积计)楼层,22,房号,2209,用途,商务公寓,,建筑面积55.7平方米,户内面积,36.9平方米,分摊面积,18.8平方米,户内面积,--平方米,分摊面积--平方米,建筑面积,--平方米
项目楼栋情况,万科星宸大厦2栋,座号,--,合同号,--,拟售价格,38341.57元/平方米(按建筑面积计)楼层,22,房号,2210,用途,商务公寓,,建筑面积56.1平方米,户内面积,37.17平方米,分摊面积,18.93平方米,户内面积,--平方米,分摊面积--平方米,建筑面积,--平方米
项目楼栋情况,万科星宸大厦2栋,座号,--,合同号,--,拟售价格,39315.12元/平方米(按建筑面积计)楼层,22,房号,2211,用途,商务公寓,,建筑面积31.67平方米,户内面积,20.98平方米,分摊面积,10.69平方米,户内面积,--平方米,分摊面积--平方米,建筑面积,--平方米
项目楼栋情况,万科星宸大厦2栋,座号,--,合同号,--,拟售价格,40718.85元/平方米(按建筑面积计)楼层,22,房号,2212,用途,商务公寓,,建筑面积31.78平方米,户内面积,21.06平方米,分摊面积,10.72平方米,户内面积,--平方米,分摊面积--平方米,建筑面积,--平方米
项目楼栋情况,万科星宸大厦2栋,座号,--,合同号,--,拟售价格,39767.93元/平方米(按建筑面积计)楼层,22,房号,2213,用途,商务公寓,,建筑面积56.1平方米,户内面积,37.17平方米,分摊面积,18.93平方米,户内面积,--平方米,分摊面积--平方米,建筑面积,--平方米
项目楼栋情况,万科星宸大厦2栋,座号,--,合同号,--,拟售价格,36371.84元/平方米(按建筑面积计)楼层,22,房号,2214,用途,商务公寓,,建筑面积56.1平方米,户内面积,37.17平方米,分摊面积,18.93平方米,户内面积,--平方米,分摊面积--平方米,建筑面积,--平方米
项目楼栋情况,万科星宸大厦2栋,座号,--,合同号,--,拟售价格,36371.84元/平方米(按建筑面积计)楼层,22,房号,2215,用途,商务公寓,,建筑面积56.1平方米,户内面积,37.17平方米,分摊面积,18.93平方米,户内面积,--平方米,分摊面积--平方米,建筑面积,--平方米
项目楼栋情况,万科星宸大厦2栋,座号,--,合同号,--,拟售价格,37164.26元/平方米(按建筑面积计)楼层,22,房号,2216,用途,商务公寓,,建筑面积32.26平方米,户内面积,21.37平方米,分摊面积,10.89平方米,户内面积,--平方米,分摊面积--平方米,建筑面积,--平方米
项目楼栋情况,万科星宸大厦2栋,座号,--,合同号,--,拟售价格,41185.81元/平方米(按建筑面积计)楼层,21,房号,2101,用途,商务公寓,,建筑面积55.9平方米,户内面积,37.04平方米,分摊面积,18.86平方米,户内面积,--平方米,分摊面积--平方米,建筑面积,--平方米
项目楼栋情况,万科星宸大厦2栋,座号,--,合同号,--,拟售价格,40648.18元/平方米(按建筑面积计)楼层,21,房号,2102,用途,商务公寓,,建筑面积56.1平方米,户内面积,37.17平方米,分摊面积,18.93平方米,户内面积,--平方米,分摊面积--平方米,建筑面积,--平方米
项目楼栋情况,万科星宸大厦2栋,座号,--,合同号,--,拟售价格,40648.18元/平方米(按建筑面积计)楼层,21,房号,2103,用途,商务公寓,,建筑面积56.1平方米,户内面积,37.17平方米,分摊面积,18.93平方米,户内面积,--平方米,分摊面积--平方米,建筑面积,--平方米
项目楼栋情况,万科星宸大厦2栋,座号,--,合同号,--,拟售价格,41185.81元/平方米(按建筑面积计)楼层,21,房号,2104,用途,商务公寓,,建筑面积56.1平方米,户内面积,37.17平方米,分摊面积,18.93平方米,户内面积,--平方米,分摊面积--平方米,建筑面积,--平方米
项目楼栋情况,万科星宸大厦2栋,座号,--,合同号,--,拟售价格,41185.81元/平方米(按建筑面积计)楼层,21,房号,2105,用途,商务公寓,,建筑面积56.1平方米,户内面积,37.17平方米,分摊面积,18.93平方米,户内面积,--平方米,分摊面积--平方米,建筑面积,--平方米
项目楼栋情况,万科星宸大厦2栋,座号,--,合同号,--,拟售价格,41185.81元/平方米(按建筑面积计)楼层,21,房号,2106,用途,商务公寓,,建筑面积56.1平方米,户内面积,37.17平方米,分摊面积,18.93平方米,户内面积,--平方米,分摊面积--平方米,建筑面积,--平方米
项目楼栋情况,万科星宸大厦2栋,座号,--,合同号,--,拟售价格,41185.81元/平方米(按建筑面积计)楼层,21,房号,2107,用途,商务公寓,,建筑面积57.31平方米,户内面积,37.97平方米,分摊面积,19.34平方米,户内面积,--平方米,分摊面积--平方米,建筑面积,--平方米
项目楼栋情况,万科星宸大厦2栋,座号,--,合同号,深(宝)网预买字(2019)31543号,拟售价格,--元/平方米(按建筑面积计)楼层,21,房号,2108,用途,商务公寓,,建筑面积56.91平方米,户内面积,37.71平方米,分摊面积,19.2平方米,户内面积,--平方米,分摊面积--平方米,建筑面积,--平方米
项目楼栋情况,万科星宸大厦2栋,座号,--,合同号,--,拟售价格,38287.81元/平方米(按建筑面积计)楼层,21,房号,2109,用途,商务公寓,,建筑面积55.7平方米,户内面积,36.9平方米,分摊面积,18.8平方米,户内面积,--平方米,分摊面积--平方米,建筑面积,--平方米
项目楼栋情况,万科星宸大厦2栋,座号,--,合同号,--,拟售价格,38287.81元/平方米(按建筑面积计)楼层,21,房号,2110,用途,商务公寓,,建筑面积56.1平方米,户内面积,37.17平方米,分摊面积,18.93平方米,户内面积,--平方米,分摊面积--平方米,建筑面积,--平方米
项目楼栋情况,万科星宸大厦2栋,座号,--,合同号,--,拟售价格,39261.35元/平方米(按建筑面积计)楼层,21,房号,2111,用途,商务公寓,,建筑面积31.67平方米,户内面积,20.98平方米,分摊面积,10.69平方米,户内面积,--平方米,分摊面积--平方米,建筑面积,--平方米
项目楼栋情况,万科星宸大厦2栋,座号,--,合同号,深(宝)网预买字(2019)31641号,拟售价格,--元/平方米(按建筑面积计)楼层,21,房号,2112,用途,商务公寓,,建筑面积31.78平方米,户内面积,21.06平方米,分摊面积,10.72平方米,户内面积,--平方米,分摊面积--平方米,建筑面积,--平方米
项目楼栋情况,万科星宸大厦2栋,座号,--,合同号,--,拟售价格,39714.17元/平方米(按建筑面积计)楼层,21,房号,2113,用途,商务公寓,,建筑面积56.1平方米,户内面积,37.17平方米,分摊面积,18.93平方米,户内面积,--平方米,分摊面积--平方米,建筑面积,--平方米
项目楼栋情况,万科星宸大厦2栋,座号,--,合同号,--,拟售价格,36318.07元/平方米(按建筑面积计)楼层,21,房号,2114,用途,商务公寓,,建筑面积56.1平方米,户内面积,37.17平方米,分摊面积,18.93平方米,户内面积,--平方米,分摊面积--平方米,建筑面积,--平方米
项目楼栋情况,万科星宸大厦2栋,座号,--,合同号,--,拟售价格,36318.07元/平方米(按建筑面积计)楼层,21,房号,2115,用途,商务公寓,,建筑面积56.1平方米,户内面积,37.17平方米,分摊面积,18.93平方米,户内面积,--平方米,分摊面积--平方米,建筑面积,--平方米
项目楼栋情况,万科星宸大厦2栋,座号,--,合同号,深(宝)网预买字(2019)31054号,拟售价格,--元/平方米(按建筑面积计)楼层,21,房号,2116,用途,商务公寓,,建筑面积32.26平方米,户内面积,21.37平方米,分摊面积,10.89平方米,户内面积,--平方米,分摊面积--平方米,建筑面积,--平方米
项目楼栋情况,万科星宸大厦2栋,座号,--,合同号,--,拟售价格,41132.06元/平方米(按建筑面积计)楼层,20,房号,2001,用途,商务公寓,,建筑面积55.9平方米,户内面积,37.04平方米,分摊面积,18.86平方米,户内面积,--平方米,分摊面积--平方米,建筑面积,--平方米
项目楼栋情况,万科星宸大厦2栋,座号,--,合同号,--,拟售价格,40594.42元/平方米(按建筑面积计)楼层,20,房号,2002,用途,商务公寓,,建筑面积56.1平方米,户内面积,37.17平方米,分摊面积,18.93平方米,户内面积,--平方米,分摊面积--平方米,建筑面积,--平方米
项目楼栋情况,万科星宸大厦2栋,座号,--,合同号,--,拟售价格,40594.42元/平方米(按建筑面积计)楼层,20,房号,2003,用途,商务公寓,,建筑面积56.1平方米,户内面积,37.17平方米,分摊面积,18.93平方米,户内面积,--平方米,分摊面积--平方米,建筑面积,--平方米
项目楼栋情况,万科星宸大厦2栋,座号,--,合同号,--,拟售价格,41132.05元/平方米(按建筑面积计)楼层,20,房号,2004,用途,商务公寓,,建筑面积56.1平方米,户内面积,37.17平方米,分摊面积,18.93平方米,户内面积,--平方米,分摊面积--平方米,建筑面积,--平方米
项目楼栋情况,万科星宸大厦2栋,座号,--,合同号,--,拟售价格,41132.05元/平方米(按建筑面积计)楼层,20,房号,2005,用途,商务公寓,,建筑面积56.1平方米,户内面积,37.17平方米,分摊面积,18.93平方米,户内面积,--平方米,分摊面积--平方米,建筑面积,--平方米
项目楼栋情况,万科星宸大厦2栋,座号,--,合同号,--,拟售价格,41132.05元/平方米(按建筑面积计)楼层,20,房号,2006,用途,商务公寓,,建筑面积56.1平方米,户内面积,37.17平方米,分摊面积,18.93平方米,户内面积,--平方米,分摊面积--平方米,建筑面积,--平方米
项目楼栋情况,万科星宸大厦2栋,座号,--,合同号,--,拟售价格,41132.05元/平方米(按建筑面积计)楼层,20,房号,2007,用途,商务公寓,,建筑面积57.31平方米,户内面积,37.97平方米,分摊面积,19.34平方米,户内面积,--平方米,分摊面积--平方米,建筑面积,--平方米
项目楼栋情况,万科星宸大厦2栋,座号,--,合同号,深(宝)网预买字(2019)31788号,拟售价格,--元/平方米(按建筑面积计)楼层,20,房号,2008,用途,商务公寓,,建筑面积56.91平方米,户内面积,37.71平方米,分摊面积,19.2平方米,户内面积,--平方米,分摊面积--平方米,建筑面积,--平方米
项目楼栋情况,万科星宸大厦2栋,座号,--,合同号,--,拟售价格,38234.04元/平方米(按建筑面积计)楼层,20,房号,2009,用途,商务公寓,,建筑面积55.7平方米,户内面积,36.9平方米,分摊面积,18.8平方米,户内面积,--平方米,分摊面积--平方米,建筑面积,--平方米
项目楼栋情况,万科星宸大厦2栋,座号,--,合同号,--,拟售价格,38234.05元/平方米(按建筑面积计)楼层,20,房号,2010,用途,商务公寓,,建筑面积56.1平方米,户内面积,37.17平方米,分摊面积,18.93平方米,户内面积,--平方米,分摊面积--平方米,建筑面积,--平方米
项目楼栋情况,万科星宸大厦2栋,座号,--,合同号,深(宝)网预买字(2019)31711号,拟售价格,--元/平方米(按建筑面积计)楼层,20,房号,2011,用途,商务公寓,,建筑面积31.67平方米,户内面积,20.98平方米,分摊面积,10.69平方米,户内面积,--平方米,分摊面积--平方米,建筑面积,--平方米
项目楼栋情况,万科星宸大厦2栋,座号,--,合同号,深(宝)网预买字(2019)31727号,拟售价格,--元/平方米(按建筑面积计)楼层,20,房号,2012,用途,商务公寓,,建筑面积31.78平方米,户内面积,21.06平方米,分摊面积,10.72平方米,户内面积,--平方米,分摊面积--平方米,建筑面积,--平方米
项目楼栋情况,万科星宸大厦2栋,座号,--,合同号,--,拟售价格,39660.41元/平方米(按建筑面积计)楼层,20,房号,2013,用途,商务公寓,,建筑面积56.1平方米,户内面积,37.17平方米,分摊面积,18.93平方米,户内面积,--平方米,分摊面积--平方米,建筑面积,--平方米
项目楼栋情况,万科星宸大厦2栋,座号,--,合同号,深(宝)网预买字(2019)31776号,拟售价格,--元/平方米(按建筑面积计)楼层,20,房号,2014,用途,商务公寓,,建筑面积56.1平方米,户内面积,37.17平方米,分摊面积,18.93平方米,户内面积,--平方米,分摊面积--平方米,建筑面积,--平方米
项目楼栋情况,万科星宸大厦2栋,座号,--,合同号,--,拟售价格,36264.31元/平方米(按建筑面积计)楼层,20,房号,2015,用途,商务公寓,,建筑面积56.1平方米,户内面积,37.17平方米,分摊面积,18.93平方米,户内面积,--平方米,分摊面积--平方米,建筑面积,--平方米
项目楼栋情况,万科星宸大厦2栋,座号,--,合同号,深(宝)网预买字(2019)31787号,拟售价格,--元/平方米(按建筑面积计)楼层,20,房号,2016,用途,商务公寓,,建筑面积32.26平方米,户内面积,21.37平方米,分摊面积,10.89平方米,户内面积,--平方米,分摊面积--平方米,建筑面积,--平方米
项目楼栋情况,万科星宸大厦2栋,座号,--,合同号,--,拟售价格,41078.28元/平方米(按建筑面积计)楼层,19,房号,1901,用途,商务公寓,,建筑面积55.9平方米,户内面积,37.04平方米,分摊面积,18.86平方米,户内面积,--平方米,分摊面积--平方米,建筑面积,--平方米
项目楼栋情况,万科星宸大厦2栋,座号,--,合同号,--,拟售价格,40540.66元/平方米(按建筑面积计)楼层,19,房号,1902,用途,商务公寓,,建筑面积56.1平方米,户内面积,37.17平方米,分摊面积,18.93平方米,户内面积,--平方米,分摊面积--平方米,建筑面积,--平方米
项目楼栋情况,万科星宸大厦2栋,座号,--,合同号,--,拟售价格,40540.66元/平方米(按建筑面积计)楼层,19,房号,1903,用途,商务公寓,,建筑面积56.1平方米,户内面积,37.17平方米,分摊面积,18.93平方米,户内面积,--平方米,分摊面积--平方米,建筑面积,--平方米
项目楼栋情况,万科星宸大厦2栋,座号,--,合同号,--,拟售价格,41078.29元/平方米(按建筑面积计)楼层,19,房号,1904,用途,商务公寓,,建筑面积56.1平方米,户内面积,37.17平方米,分摊面积,18.93平方米,户内面积,--平方米,分摊面积--平方米,建筑面积,--平方米
项目楼栋情况,万科星宸大厦2栋,座号,--,合同号,--,拟售价格,41078.29元/平方米(按建筑面积计)楼层,19,房号,1905,用途,商务公寓,,建筑面积56.1平方米,户内面积,37.17平方米,分摊面积,18.93平方米,户内面积,--平方米,分摊面积--平方米,建筑面积,--平方米
项目楼栋情况,万科星宸大厦2栋,座号,--,合同号,--,拟售价格,41078.29元/平方米(按建筑面积计)楼层,19,房号,1906,用途,商务公寓,,建筑面积56.1平方米,户内面积,37.17平方米,分摊面积,18.93平方米,户内面积,--平方米,分摊面积--平方米,建筑面积,--平方米
项目楼栋情况,万科星宸大厦2栋,座号,--,合同号,--,拟售价格,41078.29元/平方米(按建筑面积计)楼层,19,房号,1907,用途,商务公寓,,建筑面积57.31平方米,户内面积,37.97平方米,分摊面积,19.34平方米,户内面积,--平方米,分摊面积--平方米,建筑面积,--平方米
项目楼栋情况,万科星宸大厦2栋,座号,--,合同号,深(宝)网预买字(2019)31636号,拟售价格,--元/平方米(按建筑面积计)楼层,19,房号,1908,用途,商务公寓,,建筑面积56.91平方米,户内面积,37.71平方米,分摊面积,19.2平方米,户内面积,--平方米,分摊面积--平方米,建筑面积,--平方米
项目楼栋情况,万科星宸大厦2栋,座号,--,合同号,--,拟售价格,38180.29元/平方米(按建筑面积计)楼层,19,房号,1909,用途,商务公寓,,建筑面积55.7平方米,户内面积,36.9平方米,分摊面积,18.8平方米,户内面积,--平方米,分摊面积--平方米,建筑面积,--平方米
项目楼栋情况,万科星宸大厦2栋,座号,--,合同号,深(宝)网预买字(2019)31638号,拟售价格,--元/平方米(按建筑面积计)楼层,19,房号,1910,用途,商务公寓,,建筑面积56.1平方米,户内面积,37.17平方米,分摊面积,18.93平方米,户内面积,--平方米,分摊面积--平方米,建筑面积,--平方米
项目楼栋情况,万科星宸大厦2栋,座号,--,合同号,深(宝)网预买字(2019)31053号,拟售价格,--元/平方米(按建筑面积计)楼层,19,房号,1911,用途,商务公寓,,建筑面积31.67平方米,户内面积,20.98平方米,分摊面积,10.69平方米,户内面积,--平方米,分摊面积--平方米,建筑面积,--平方米
项目楼栋情况,万科星宸大厦2栋,座号,--,合同号,深(宝)网预买字(2019)31403号,拟售价格,--元/平方米(按建筑面积计)楼层,19,房号,1912,用途,商务公寓,,建筑面积31.78平方米,户内面积,21.06平方米,分摊面积,10.72平方米,户内面积,--平方米,分摊面积--平方米,建筑面积,--平方米
项目楼栋情况,万科星宸大厦2栋,座号,--,合同号,--,拟售价格,39606.65元/平方米(按建筑面积计)楼层,19,房号,1913,用途,商务公寓,,建筑面积56.1平方米,户内面积,37.17平方米,分摊面积,18.93平方米,户内面积,--平方米,分摊面积--平方米,建筑面积,--平方米
项目楼栋情况,万科星宸大厦2栋,座号,--,合同号,--,拟售价格,36210.53元/平方米(按建筑面积计)楼层,19,房号,1914,用途,商务公寓,,建筑面积56.1平方米,户内面积,37.17平方米,分摊面积,18.93平方米,户内面积,--平方米,分摊面积--平方米,建筑面积,--平方米
项目楼栋情况,万科星宸大厦2栋,座号,--,合同号,--,拟售价格,36210.53元/平方米(按建筑面积计)楼层,19,房号,1915,用途,商务公寓,,建筑面积56.1平方米,户内面积,37.17平方米,分摊面积,18.93平方米,户内面积,--平方米,分摊面积--平方米,建筑面积,--平方米
项目楼栋情况,万科星宸大厦2栋,座号,--,合同号,深(宝)网预买字(2019)31402号,拟售价格,--元/平方米(按建筑面积计)楼层,19,房号,1916,用途,商务公寓,,建筑面积32.26平方米,户内面积,21.37平方米,分摊面积,10.89平方米,户内面积,--平方米,分摊面积--平方米,建筑面积,--平方米
项目楼栋情况,万科星宸大厦2栋,座号,--,合同号,--,拟售价格,41024.53元/平方米(按建筑面积计)楼层,18,房号,1801,用途,商务公寓,,建筑面积55.9平方米,户内面积,37.04平方米,分摊面积,18.86平方米,户内面积,--平方米,分摊面积--平方米,建筑面积,--平方米
项目楼栋情况,万科星宸大厦2栋,座号,--,合同号,--,拟售价格,40486.9元/平方米(按建筑面积计)楼层,18,房号,1802,用途,商务公寓,,建筑面积56.1平方米,户内面积,37.17平方米,分摊面积,18.93平方米,户内面积,--平方米,分摊面积--平方米,建筑面积,--平方米
项目楼栋情况,万科星宸大厦2栋,座号,--,合同号,--,拟售价格,40486.9元/平方米(按建筑面积计)楼层,18,房号,1803,用途,商务公寓,,建筑面积56.1平方米,户内面积,37.17平方米,分摊面积,18.93平方米,户内面积,--平方米,分摊面积--平方米,建筑面积,--平方米
项目楼栋情况,万科星宸大厦2栋,座号,--,合同号,--,拟售价格,41024.53元/平方米(按建筑面积计)楼层,18,房号,1804,用途,商务公寓,,建筑面积56.1平方米,户内面积,37.17平方米,分摊面积,18.93平方米,户内面积,--平方米,分摊面积--平方米,建筑面积,--平方米
项目楼栋情况,万科星宸大厦2栋,座号,--,合同号,--,拟售价格,41024.53元/平方米(按建筑面积计)楼层,18,房号,1805,用途,商务公寓,,建筑面积56.1平方米,户内面积,37.17平方米,分摊面积,18.93平方米,户内面积,--平方米,分摊面积--平方米,建筑面积,--平方米
项目楼栋情况,万科星宸大厦2栋,座号,--,合同号,--,拟售价格,41024.53元/平方米(按建筑面积计)楼层,18,房号,1806,用途,商务公寓,,建筑面积56.1平方米,户内面积,37.17平方米,分摊面积,18.93平方米,户内面积,--平方米,分摊面积--平方米,建筑面积,--平方米
项目楼栋情况,万科星宸大厦2栋,座号,--,合同号,--,拟售价格,41024.53元/平方米(按建筑面积计)楼层,18,房号,1807,用途,商务公寓,,建筑面积57.31平方米,户内面积,37.97平方米,分摊面积,19.34平方米,户内面积,--平方米,分摊面积--平方米,建筑面积,--平方米
项目楼栋情况,万科星宸大厦2栋,座号,--,合同号,--,拟售价格,38126.52元/平方米(按建筑面积计)楼层,18,房号,1808,用途,商务公寓,,建筑面积56.91平方米,户内面积,37.71平方米,分摊面积,19.2平方米,户内面积,--平方米,分摊面积--平方米,建筑面积,--平方米
项目楼栋情况,万科星宸大厦2栋,座号,--,合同号,--,拟售价格,38126.52元/平方米(按建筑面积计)楼层,18,房号,1809,用途,商务公寓,,建筑面积55.7平方米,户内面积,36.9平方米,分摊面积,18.8平方米,户内面积,--平方米,分摊面积--平方米,建筑面积,--平方米
项目楼栋情况,万科星宸大厦2栋,座号,--,合同号,--,拟售价格,38126.52元/平方米(按建筑面积计)楼层,18,房号,1810,用途,商务公寓,,建筑面积56.1平方米,户内面积,37.17平方米,分摊面积,18.93平方米,户内面积,--平方米,分摊面积--平方米,建筑面积,--平方米
项目楼栋情况,万科星宸大厦2栋,座号,--,合同号,--,拟售价格,39100.06元/平方米(按建筑面积计)楼层,18,房号,1811,用途,商务公寓,,建筑面积31.67平方米,户内面积,20.98平方米,分摊面积,10.69平方米,户内面积,--平方米,分摊面积--平方米,建筑面积,--平方米
项目楼栋情况,万科星宸大厦2栋,座号,--,合同号,--,拟售价格,40503.78元/平方米(按建筑面积计)楼层,18,房号,1812,用途,商务公寓,,建筑面积31.78平方米,户内面积,21.06平方米,分摊面积,10.72平方米,户内面积,--平方米,分摊面积--平方米,建筑面积,--平方米
项目楼栋情况,万科星宸大厦2栋,座号,--,合同号,--,拟售价格,39552.89元/平方米(按建筑面积计)楼层,18,房号,1813,用途,商务公寓,,建筑面积56.1平方米,户内面积,37.17平方米,分摊面积,18.93平方米,户内面积,--平方米,分摊面积--平方米,建筑面积,--平方米
项目楼栋情况,万科星宸大厦2栋,座号,--,合同号,--,拟售价格,36156.77元/平方米(按建筑面积计)楼层,18,房号,1814,用途,商务公寓,,建筑面积56.1平方米,户内面积,37.17平方米,分摊面积,18.93平方米,户内面积,--平方米,分摊面积--平方米,建筑面积,--平方米
项目楼栋情况,万科星宸大厦2栋,座号,--,合同号,--,拟售价格,36156.77元/平方米(按建筑面积计)楼层,18,房号,1815,用途,商务公寓,,建筑面积56.1平方米,户内面积,37.17平方米,分摊面积,18.93平方米,户内面积,--平方米,分摊面积--平方米,建筑面积,--平方米
项目楼栋情况,万科星宸大厦2栋,座号,--,合同号,--,拟售价格,36949.19元/平方米(按建筑面积计)楼层,18,房号,1816,用途,商务公寓,,建筑面积32.26平方米,户内面积,21.37平方米,分摊面积,10.89平方米,户内面积,--平方米,分摊面积--平方米,建筑面积,--平方米
项目楼栋情况,万科星宸大厦2栋,座号,--,合同号,--,拟售价格,40970.77元/平方米(按建筑面积计)楼层,17,房号,1701,用途,商务公寓,,建筑面积55.9平方米,户内面积,37.04平方米,分摊面积,18.86平方米,户内面积,--平方米,分摊面积--平方米,建筑面积,--平方米
项目楼栋情况,万科星宸大厦2栋,座号,--,合同号,--,拟售价格,40433.14元/平方米(按建筑面积计)楼层,17,房号,1702,用途,商务公寓,,建筑面积56.1平方米,户内面积,37.17平方米,分摊面积,18.93平方米,户内面积,--平方米,分摊面积--平方米,建筑面积,--平方米
项目楼栋情况,万科星宸大厦2栋,座号,--,合同号,--,拟售价格,40433.14元/平方米(按建筑面积计)楼层,17,房号,1703,用途,商务公寓,,建筑面积56.1平方米,户内面积,37.17平方米,分摊面积,18.93平方米,户内面积,--平方米,分摊面积--平方米,建筑面积,--平方米
项目楼栋情况,万科星宸大厦2栋,座号,--,合同号,--,拟售价格,40970.77元/平方米(按建筑面积计)楼层,17,房号,1704,用途,商务公寓,,建筑面积56.1平方米,户内面积,37.17平方米,分摊面积,18.93平方米,户内面积,--平方米,分摊面积--平方米,建筑面积,--平方米
项目楼栋情况,万科星宸大厦2栋,座号,--,合同号,--,拟售价格,40970.77元/平方米(按建筑面积计)楼层,17,房号,1705,用途,商务公寓,,建筑面积56.1平方米,户内面积,37.17平方米,分摊面积,18.93平方米,户内面积,--平方米,分摊面积--平方米,建筑面积,--平方米
项目楼栋情况,万科星宸大厦2栋,座号,--,合同号,--,拟售价格,40970.77元/平方米(按建筑面积计)楼层,17,房号,1706,用途,商务公寓,,建筑面积56.1平方米,户内面积,37.17平方米,分摊面积,18.93平方米,户内面积,--平方米,分摊面积--平方米,建筑面积,--平方米
项目楼栋情况,万科星宸大厦2栋,座号,--,合同号,--,拟售价格,40970.76元/平方米(按建筑面积计)楼层,17,房号,1707,用途,商务公寓,,建筑面积57.31平方米,户内面积,37.97平方米,分摊面积,19.34平方米,户内面积,--平方米,分摊面积--平方米,建筑面积,--平方米
项目楼栋情况,万科星宸大厦2栋,座号,--,合同号,--,拟售价格,38072.76元/平方米(按建筑面积计)楼层,17,房号,1708,用途,商务公寓,,建筑面积56.91平方米,户内面积,37.71平方米,分摊面积,19.2平方米,户内面积,--平方米,分摊面积--平方米,建筑面积,--平方米
项目楼栋情况,万科星宸大厦2栋,座号,--,合同号,--,拟售价格,38072.76元/平方米(按建筑面积计)楼层,17,房号,1709,用途,商务公寓,,建筑面积55.7平方米,户内面积,36.9平方米,分摊面积,18.8平方米,户内面积,--平方米,分摊面积--平方米,建筑面积,--平方米
项目楼栋情况,万科星宸大厦2栋,座号,--,合同号,--,拟售价格,38072.76元/平方米(按建筑面积计)楼层,17,房号,1710,用途,商务公寓,,建筑面积56.1平方米,户内面积,37.17平方米,分摊面积,18.93平方米,户内面积,--平方米,分摊面积--平方米,建筑面积,--平方米
项目楼栋情况,万科星宸大厦2栋,座号,--,合同号,深(宝)网预买字(2019)31270号,拟售价格,--元/平方米(按建筑面积计)楼层,17,房号,1711,用途,商务公寓,,建筑面积31.67平方米,户内面积,20.98平方米,分摊面积,10.69平方米,户内面积,--平方米,分摊面积--平方米,建筑面积,--平方米
项目楼栋情况,万科星宸大厦2栋,座号,--,合同号,深(宝)网预买字(2019)31640号,拟售价格,--元/平方米(按建筑面积计)楼层,17,房号,1712,用途,商务公寓,,建筑面积31.78平方米,户内面积,21.06平方米,分摊面积,10.72平方米,户内面积,--平方米,分摊面积--平方米,建筑面积,--平方米
项目楼栋情况,万科星宸大厦2栋,座号,--,合同号,--,拟售价格,39499.13元/平方米(按建筑面积计)楼层,17,房号,1713,用途,商务公寓,,建筑面积56.1平方米,户内面积,37.17平方米,分摊面积,18.93平方米,户内面积,--平方米,分摊面积--平方米,建筑面积,--平方米
项目楼栋情况,万科星宸大厦2栋,座号,--,合同号,--,拟售价格,36103.01元/平方米(按建筑面积计)楼层,17,房号,1714,用途,商务公寓,,建筑面积56.1平方米,户内面积,37.17平方米,分摊面积,18.93平方米,户内面积,--平方米,分摊面积--平方米,建筑面积,--平方米
项目楼栋情况,万科星宸大厦2栋,座号,--,合同号,--,拟售价格,36103.01元/平方米(按建筑面积计)楼层,17,房号,1715,用途,商务公寓,,建筑面积56.1平方米,户内面积,37.17平方米,分摊面积,18.93平方米,户内面积,--平方米,分摊面积--平方米,建筑面积,--平方米
项目楼栋情况,万科星宸大厦2栋,座号,--,合同号,--,拟售价格,36895.44元/平方米(按建筑面积计)楼层,17,房号,1716,用途,商务公寓,,建筑面积32.26平方米,户内面积,21.37平方米,分摊面积,10.89平方米,户内面积,--平方米,分摊面积--平方米,建筑面积,--平方米
项目楼栋情况,万科星宸大厦2栋,座号,--,合同号,--,拟售价格,40594.42元/平方米(按建筑面积计)楼层,15,房号,1501,用途,商务公寓,,建筑面积55.9平方米,户内面积,37.04平方米,分摊面积,18.86平方米,户内面积,--平方米,分摊面积--平方米,建筑面积,--平方米
项目楼栋情况,万科星宸大厦2栋,座号,--,合同号,--,拟售价格,40056.79元/平方米(按建筑面积计)楼层,15,房号,1502,用途,商务公寓,,建筑面积56.1平方米,户内面积,37.17平方米,分摊面积,18.93平方米,户内面积,--平方米,分摊面积--平方米,建筑面积,--平方米
项目楼栋情况,万科星宸大厦2栋,座号,--,合同号,--,拟售价格,40056.79元/平方米(按建筑面积计)楼层,15,房号,1503,用途,商务公寓,,建筑面积56.1平方米,户内面积,37.17平方米,分摊面积,18.93平方米,户内面积,--平方米,分摊面积--平方米,建筑面积,--平方米
项目楼栋情况,万科星宸大厦2栋,座号,--,合同号,--,拟售价格,40594.42元/平方米(按建筑面积计)楼层,15,房号,1504,用途,商务公寓,,建筑面积56.1平方米,户内面积,37.17平方米,分摊面积,18.93平方米,户内面积,--平方米,分摊面积--平方米,建筑面积,--平方米
项目楼栋情况,万科星宸大厦2栋,座号,--,合同号,--,拟售价格,40594.42元/平方米(按建筑面积计)楼层,15,房号,1505,用途,商务公寓,,建筑面积56.1平方米,户内面积,37.17平方米,分摊面积,18.93平方米,户内面积,--平方米,分摊面积--平方米,建筑面积,--平方米
项目楼栋情况,万科星宸大厦2栋,座号,--,合同号,--,拟售价格,40594.42元/平方米(按建筑面积计)楼层,15,房号,1506,用途,商务公寓,,建筑面积56.1平方米,户内面积,37.17平方米,分摊面积,18.93平方米,户内面积,--平方米,分摊面积--平方米,建筑面积,--平方米
项目楼栋情况,万科星宸大厦2栋,座号,--,合同号,--,拟售价格,40594.42元/平方米(按建筑面积计)楼层,15,房号,1507,用途,商务公寓,,建筑面积57.31平方米,户内面积,37.97平方米,分摊面积,19.34平方米,户内面积,--平方米,分摊面积--平方米,建筑面积,--平方米
项目楼栋情况,万科星宸大厦2栋,座号,--,合同号,--,拟售价格,37696.42元/平方米(按建筑面积计)楼层,15,房号,1508,用途,商务公寓,,建筑面积56.91平方米,户内面积,37.71平方米,分摊面积,19.2平方米,户内面积,--平方米,分摊面积--平方米,建筑面积,--平方米
项目楼栋情况,万科星宸大厦2栋,座号,--,合同号,--,拟售价格,37696.41元/平方米(按建筑面积计)楼层,15,房号,1509,用途,商务公寓,,建筑面积55.7平方米,户内面积,36.9平方米,分摊面积,18.8平方米,户内面积,--平方米,分摊面积--平方米,建筑面积,--平方米
项目楼栋情况,万科星宸大厦2栋,座号,--,合同号,--,拟售价格,37696.42元/平方米(按建筑面积计)楼层,15,房号,1510,用途,商务公寓,,建筑面积56.1平方米,户内面积,37.17平方米,分摊面积,18.93平方米,户内面积,--平方米,分摊面积--平方米,建筑面积,--平方米
项目楼栋情况,万科星宸大厦2栋,座号,--,合同号,--,拟售价格,38669.97元/平方米(按建筑面积计)楼层,15,房号,1511,用途,商务公寓,,建筑面积31.67平方米,户内面积,20.98平方米,分摊面积,10.69平方米,户内面积,--平方米,分摊面积--平方米,建筑面积,--平方米
项目楼栋情况,万科星宸大厦2栋,座号,--,合同号,--,拟售价格,40073.69元/平方米(按建筑面积计)楼层,15,房号,1512,用途,商务公寓,,建筑面积31.78平方米,户内面积,21.06平方米,分摊面积,10.72平方米,户内面积,--平方米,分摊面积--平方米,建筑面积,--平方米
项目楼栋情况,万科星宸大厦2栋,座号,--,合同号,--,拟售价格,39122.78元/平方米(按建筑面积计)楼层,15,房号,1513,用途,商务公寓,,建筑面积56.1平方米,户内面积,37.17平方米,分摊面积,18.93平方米,户内面积,--平方米,分摊面积--平方米,建筑面积,--平方米
项目楼栋情况,万科星宸大厦2栋,座号,--,合同号,--,拟售价格,35726.67元/平方米(按建筑面积计)楼层,15,房号,1514,用途,商务公寓,,建筑面积56.1平方米,户内面积,37.17平方米,分摊面积,18.93平方米,户内面积,--平方米,分摊面积--平方米,建筑面积,--平方米
项目楼栋情况,万科星宸大厦2栋,座号,--,合同号,深(宝)网预买字(2019)31105号,拟售价格,--元/平方米(按建筑面积计)楼层,15,房号,1515,用途,商务公寓,,建筑面积56.1平方米,户内面积,37.17平方米,分摊面积,18.93平方米,户内面积,--平方米,分摊面积--平方米,建筑面积,--平方米
项目楼栋情况,万科星宸大厦2栋,座号,--,合同号,深(宝)网预买字(2019)31277号,拟售价格,--元/平方米(按建筑面积计)楼层,15,房号,1516,用途,商务公寓,,建筑面积32.26平方米,户内面积,21.37平方米,分摊面积,10.89平方米,户内面积,--平方米,分摊面积--平方米,建筑面积,--平方米
项目楼栋情况,万科星宸大厦2栋,座号,--,合同号,--,拟售价格,40540.66元/平方米(按建筑面积计)楼层,14,房号,1401,用途,商务公寓,,建筑面积55.9平方米,户内面积,37.04平方米,分摊面积,18.86平方米,户内面积,--平方米,分摊面积--平方米,建筑面积,--平方米
项目楼栋情况,万科星宸大厦2栋,座号,--,合同号,--,拟售价格,40003.03元/平方米(按建筑面积计)楼层,14,房号,1402,用途,商务公寓,,建筑面积56.1平方米,户内面积,37.17平方米,分摊面积,18.93平方米,户内面积,--平方米,分摊面积--平方米,建筑面积,--平方米
项目楼栋情况,万科星宸大厦2栋,座号,--,合同号,--,拟售价格,40003.03元/平方米(按建筑面积计)楼层,14,房号,1403,用途,商务公寓,,建筑面积56.1平方米,户内面积,37.17平方米,分摊面积,18.93平方米,户内面积,--平方米,分摊面积--平方米,建筑面积,--平方米
项目楼栋情况,万科星宸大厦2栋,座号,--,合同号,--,拟售价格,40540.66元/平方米(按建筑面积计)楼层,14,房号,1404,用途,商务公寓,,建筑面积56.1平方米,户内面积,37.17平方米,分摊面积,18.93平方米,户内面积,--平方米,分摊面积--平方米,建筑面积,--平方米
项目楼栋情况,万科星宸大厦2栋,座号,--,合同号,--,拟售价格,40540.66元/平方米(按建筑面积计)楼层,14,房号,1405,用途,商务公寓,,建筑面积56.1平方米,户内面积,37.17平方米,分摊面积,18.93平方米,户内面积,--平方米,分摊面积--平方米,建筑面积,--平方米
项目楼栋情况,万科星宸大厦2栋,座号,--,合同号,--,拟售价格,40540.66元/平方米(按建筑面积计)楼层,14,房号,1406,用途,商务公寓,,建筑面积56.1平方米,户内面积,37.17平方米,分摊面积,18.93平方米,户内面积,--平方米,分摊面积--平方米,建筑面积,--平方米
项目楼栋情况,万科星宸大厦2栋,座号,--,合同号,--,拟售价格,40540.66元/平方米(按建筑面积计)楼层,14,房号,1407,用途,商务公寓,,建筑面积57.31平方米,户内面积,37.97平方米,分摊面积,19.34平方米,户内面积,--平方米,分摊面积--平方米,建筑面积,--平方米
项目楼栋情况,万科星宸大厦2栋,座号,--,合同号,--,拟售价格,37642.65元/平方米(按建筑面积计)楼层,14,房号,1408,用途,商务公寓,,建筑面积56.91平方米,户内面积,37.71平方米,分摊面积,19.2平方米,户内面积,--平方米,分摊面积--平方米,建筑面积,--平方米
项目楼栋情况,万科星宸大厦2栋,座号,--,合同号,--,拟售价格,37642.66元/平方米(按建筑面积计)楼层,14,房号,1409,用途,商务公寓,,建筑面积55.7平方米,户内面积,36.9平方米,分摊面积,18.8平方米,户内面积,--平方米,分摊面积--平方米,建筑面积,--平方米
项目楼栋情况,万科星宸大厦2栋,座号,--,合同号,--,拟售价格,37642.66元/平方米(按建筑面积计)楼层,14,房号,1410,用途,商务公寓,,建筑面积56.1平方米,户内面积,37.17平方米,分摊面积,18.93平方米,户内面积,--平方米,分摊面积--平方米,建筑面积,--平方米
项目楼栋情况,万科星宸大厦2栋,座号,--,合同号,深(宝)网预买字(2019)31648号,拟售价格,--元/平方米(按建筑面积计)楼层,14,房号,1411,用途,商务公寓,,建筑面积31.67平方米,户内面积,20.98平方米,分摊面积,10.69平方米,户内面积,--平方米,分摊面积--平方米,建筑面积,--平方米
项目楼栋情况,万科星宸大厦2栋,座号,--,合同号,--,拟售价格,40019.92元/平方米(按建筑面积计)楼层,14,房号,1412,用途,商务公寓,,建筑面积31.78平方米,户内面积,21.06平方米,分摊面积,10.72平方米,户内面积,--平方米,分摊面积--平方米,建筑面积,--平方米
项目楼栋情况,万科星宸大厦2栋,座号,--,合同号,--,拟售价格,39069.02元/平方米(按建筑面积计)楼层,14,房号,1413,用途,商务公寓,,建筑面积56.1平方米,户内面积,37.17平方米,分摊面积,18.93平方米,户内面积,--平方米,分摊面积--平方米,建筑面积,--平方米
项目楼栋情况,万科星宸大厦2栋,座号,--,合同号,--,拟售价格,35672.91元/平方米(按建筑面积计)楼层,14,房号,1414,用途,商务公寓,,建筑面积56.1平方米,户内面积,37.17平方米,分摊面积,18.93平方米,户内面积,--平方米,分摊面积--平方米,建筑面积,--平方米
项目楼栋情况,万科星宸大厦2栋,座号,--,合同号,--,拟售价格,35672.91元/平方米(按建筑面积计)楼层,14,房号,1415,用途,商务公寓,,建筑面积56.1平方米,户内面积,37.17平方米,分摊面积,18.93平方米,户内面积,--平方米,分摊面积--平方米,建筑面积,--平方米
项目楼栋情况,万科星宸大厦2栋,座号,--,合同号,深(宝)网预买字(2019)31725号,拟售价格,--元/平方米(按建筑面积计)楼层,14,房号,1416,用途,商务公寓,,建筑面积32.26平方米,户内面积,21.37平方米,分摊面积,10.89平方米,户内面积,--平方米,分摊面积--平方米,建筑面积,--平方米
项目楼栋情况,万科星宸大厦2栋,座号,--,合同号,--,拟售价格,40486.89元/平方米(按建筑面积计)楼层,13,房号,1301,用途,商务公寓,,建筑面积55.9平方米,户内面积,37.04平方米,分摊面积,18.86平方米,户内面积,--平方米,分摊面积--平方米,建筑面积,--平方米
项目楼栋情况,万科星宸大厦2栋,座号,--,合同号,--,拟售价格,39949.25元/平方米(按建筑面积计)楼层,13,房号,1302,用途,商务公寓,,建筑面积56.1平方米,户内面积,37.17平方米,分摊面积,18.93平方米,户内面积,--平方米,分摊面积--平方米,建筑面积,--平方米
项目楼栋情况,万科星宸大厦2栋,座号,--,合同号,--,拟售价格,39949.25元/平方米(按建筑面积计)楼层,13,房号,1303,用途,商务公寓,,建筑面积56.1平方米,户内面积,37.17平方米,分摊面积,18.93平方米,户内面积,--平方米,分摊面积--平方米,建筑面积,--平方米
项目楼栋情况,万科星宸大厦2栋,座号,--,合同号,--,拟售价格,40486.9元/平方米(按建筑面积计)楼层,13,房号,1304,用途,商务公寓,,建筑面积56.1平方米,户内面积,37.17平方米,分摊面积,18.93平方米,户内面积,--平方米,分摊面积--平方米,建筑面积,--平方米
项目楼栋情况,万科星宸大厦2栋,座号,--,合同号,--,拟售价格,40486.9元/平方米(按建筑面积计)楼层,13,房号,1305,用途,商务公寓,,建筑面积56.1平方米,户内面积,37.17平方米,分摊面积,18.93平方米,户内面积,--平方米,分摊面积--平方米,建筑面积,--平方米
项目楼栋情况,万科星宸大厦2栋,座号,--,合同号,--,拟售价格,40486.9元/平方米(按建筑面积计)楼层,13,房号,1306,用途,商务公寓,,建筑面积56.1平方米,户内面积,37.17平方米,分摊面积,18.93平方米,户内面积,--平方米,分摊面积--平方米,建筑面积,--平方米
项目楼栋情况,万科星宸大厦2栋,座号,--,合同号,--,拟售价格,40486.9元/平方米(按建筑面积计)楼层,13,房号,1307,用途,商务公寓,,建筑面积57.31平方米,户内面积,37.97平方米,分摊面积,19.34平方米,户内面积,--平方米,分摊面积--平方米,建筑面积,--平方米
项目楼栋情况,万科星宸大厦2栋,座号,--,合同号,--,拟售价格,37588.88元/平方米(按建筑面积计)楼层,13,房号,1308,用途,商务公寓,,建筑面积56.91平方米,户内面积,37.71平方米,分摊面积,19.2平方米,户内面积,--平方米,分摊面积--平方米,建筑面积,--平方米
项目楼栋情况,万科星宸大厦2栋,座号,--,合同号,--,拟售价格,37588.89元/平方米(按建筑面积计)楼层,13,房号,1309,用途,商务公寓,,建筑面积55.7平方米,户内面积,36.9平方米,分摊面积,18.8平方米,户内面积,--平方米,分摊面积--平方米,建筑面积,--平方米
项目楼栋情况,万科星宸大厦2栋,座号,--,合同号,--,拟售价格,37588.88元/平方米(按建筑面积计)楼层,13,房号,1310,用途,商务公寓,,建筑面积56.1平方米,户内面积,37.17平方米,分摊面积,18.93平方米,户内面积,--平方米,分摊面积--平方米,建筑面积,--平方米
项目楼栋情况,万科星宸大厦2栋,座号,--,合同号,深(宝)网预买字(2019)31092号,拟售价格,--元/平方米(按建筑面积计)楼层,13,房号,1311,用途,商务公寓,,建筑面积31.67平方米,户内面积,20.98平方米,分摊面积,10.69平方米,户内面积,--平方米,分摊面积--平方米,建筑面积,--平方米
项目楼栋情况,万科星宸大厦2栋,座号,--,合同号,--,拟售价格,39966.14元/平方米(按建筑面积计)楼层,13,房号,1312,用途,商务公寓,,建筑面积31.78平方米,户内面积,21.06平方米,分摊面积,10.72平方米,户内面积,--平方米,分摊面积--平方米,建筑面积,--平方米
项目楼栋情况,万科星宸大厦2栋,座号,--,合同号,--,拟售价格,39015.24元/平方米(按建筑面积计)楼层,13,房号,1313,用途,商务公寓,,建筑面积56.1平方米,户内面积,37.17平方米,分摊面积,18.93平方米,户内面积,--平方米,分摊面积--平方米,建筑面积,--平方米
项目楼栋情况,万科星宸大厦2栋,座号,--,合同号,深(宝)网预买字(2019)31329号,拟售价格,--元/平方米(按建筑面积计)楼层,13,房号,1314,用途,商务公寓,,建筑面积56.1平方米,户内面积,37.17平方米,分摊面积,18.93平方米,户内面积,--平方米,分摊面积--平方米,建筑面积,--平方米
项目楼栋情况,万科星宸大厦2栋,座号,--,合同号,--,拟售价格,35619.14元/平方米(按建筑面积计)楼层,13,房号,1315,用途,商务公寓,,建筑面积56.1平方米,户内面积,37.17平方米,分摊面积,18.93平方米,户内面积,--平方米,分摊面积--平方米,建筑面积,--平方米
项目楼栋情况,万科星宸大厦2栋,座号,--,合同号,深(宝)网预买字(2019)31550号,拟售价格,--元/平方米(按建筑面积计)楼层,13,房号,1316,用途,商务公寓,,建筑面积32.26平方米,户内面积,21.37平方米,分摊面积,10.89平方米,户内面积,--平方米,分摊面积--平方米,建筑面积,--平方米
项目楼栋情况,万科星宸大厦2栋,座号,--,合同号,--,拟售价格,40433.13元/平方米(按建筑面积计)楼层,12,房号,1201,用途,商务公寓,,建筑面积55.9平方米,户内面积,37.04平方米,分摊面积,18.86平方米,户内面积,--平方米,分摊面积--平方米,建筑面积,--平方米
项目楼栋情况,万科星宸大厦2栋,座号,--,合同号,--,拟售价格,39895.49元/平方米(按建筑面积计)楼层,12,房号,1202,用途,商务公寓,,建筑面积56.1平方米,户内面积,37.17平方米,分摊面积,18.93平方米,户内面积,--平方米,分摊面积--平方米,建筑面积,--平方米
项目楼栋情况,万科星宸大厦2栋,座号,--,合同号,--,拟售价格,39895.49元/平方米(按建筑面积计)楼层,12,房号,1203,用途,商务公寓,,建筑面积56.1平方米,户内面积,37.17平方米,分摊面积,18.93平方米,户内面积,--平方米,分摊面积--平方米,建筑面积,--平方米
项目楼栋情况,万科星宸大厦2栋,座号,--,合同号,--,拟售价格,40433.14元/平方米(按建筑面积计)楼层,12,房号,1204,用途,商务公寓,,建筑面积56.1平方米,户内面积,37.17平方米,分摊面积,18.93平方米,户内面积,--平方米,分摊面积--平方米,建筑面积,--平方米
项目楼栋情况,万科星宸大厦2栋,座号,--,合同号,--,拟售价格,40433.14元/平方米(按建筑面积计)楼层,12,房号,1205,用途,商务公寓,,建筑面积56.1平方米,户内面积,37.17平方米,分摊面积,18.93平方米,户内面积,--平方米,分摊面积--平方米,建筑面积,--平方米
项目楼栋情况,万科星宸大厦2栋,座号,--,合同号,--,拟售价格,40433.14元/平方米(按建筑面积计)楼层,12,房号,1206,用途,商务公寓,,建筑面积56.1平方米,户内面积,37.17平方米,分摊面积,18.93平方米,户内面积,--平方米,分摊面积--平方米,建筑面积,--平方米
项目楼栋情况,万科星宸大厦2栋,座号,--,合同号,--,拟售价格,40433.14元/平方米(按建筑面积计)楼层,12,房号,1207,用途,商务公寓,,建筑面积57.31平方米,户内面积,37.97平方米,分摊面积,19.34平方米,户内面积,--平方米,分摊面积--平方米,建筑面积,--平方米
项目楼栋情况,万科星宸大厦2栋,座号,--,合同号,--,拟售价格,37535.13元/平方米(按建筑面积计)楼层,12,房号,1208,用途,商务公寓,,建筑面积56.91平方米,户内面积,37.71平方米,分摊面积,19.2平方米,户内面积,--平方米,分摊面积--平方米,建筑面积,--平方米
项目楼栋情况,万科星宸大厦2栋,座号,--,合同号,--,拟售价格,37535.12元/平方米(按建筑面积计)楼层,12,房号,1209,用途,商务公寓,,建筑面积55.7平方米,户内面积,36.9平方米,分摊面积,18.8平方米,户内面积,--平方米,分摊面积--平方米,建筑面积,--平方米
项目楼栋情况,万科星宸大厦2栋,座号,--,合同号,--,拟售价格,37535.12元/平方米(按建筑面积计)楼层,12,房号,1210,用途,商务公寓,,建筑面积56.1平方米,户内面积,37.17平方米,分摊面积,18.93平方米,户内面积,--平方米,分摊面积--平方米,建筑面积,--平方米
项目楼栋情况,万科星宸大厦2栋,座号,--,合同号,深(宝)网预买字(2019)31094号,拟售价格,--元/平方米(按建筑面积计)楼层,12,房号,1211,用途,商务公寓,,建筑面积31.67平方米,户内面积,20.98平方米,分摊面积,10.69平方米,户内面积,--平方米,分摊面积--平方米,建筑面积,--平方米
项目楼栋情况,万科星宸大厦2栋,座号,--,合同号,深(宝)网预买字(2019)31103号,拟售价格,--元/平方米(按建筑面积计)楼层,12,房号,1212,用途,商务公寓,,建筑面积31.78平方米,户内面积,21.06平方米,分摊面积,10.72平方米,户内面积,--平方米,分摊面积--平方米,建筑面积,--平方米
项目楼栋情况,万科星宸大厦2栋,座号,--,合同号,--,拟售价格,38961.48元/平方米(按建筑面积计)楼层,12,房号,1213,用途,商务公寓,,建筑面积56.1平方米,户内面积,37.17平方米,分摊面积,18.93平方米,户内面积,--平方米,分摊面积--平方米,建筑面积,--平方米
项目楼栋情况,万科星宸大厦2栋,座号,--,合同号,--,拟售价格,35565.38元/平方米(按建筑面积计)楼层,12,房号,1214,用途,商务公寓,,建筑面积56.1平方米,户内面积,37.17平方米,分摊面积,18.93平方米,户内面积,--平方米,分摊面积--平方米,建筑面积,--平方米
项目楼栋情况,万科星宸大厦2栋,座号,--,合同号,--,拟售价格,35565.38元/平方米(按建筑面积计)楼层,12,房号,1215,用途,商务公寓,,建筑面积56.1平方米,户内面积,37.17平方米,分摊面积,18.93平方米,户内面积,--平方米,分摊面积--平方米,建筑面积,--平方米
项目楼栋情况,万科星宸大厦2栋,座号,--,合同号,深(宝)网预买字(2019)31695号,拟售价格,--元/平方米(按建筑面积计)楼层,12,房号,1216,用途,商务公寓,,建筑面积32.26平方米,户内面积,21.37平方米,分摊面积,10.89平方米,户内面积,--平方米,分摊面积--平方米,建筑面积,--平方米
项目楼栋情况,万科星宸大厦2栋,座号,--,合同号,--,拟售价格,40379.37元/平方米(按建筑面积计)楼层,11,房号,1101,用途,商务公寓,,建筑面积55.9平方米,户内面积,37.04平方米,分摊面积,18.86平方米,户内面积,--平方米,分摊面积--平方米,建筑面积,--平方米
项目楼栋情况,万科星宸大厦2栋,座号,--,合同号,--,拟售价格,39841.73元/平方米(按建筑面积计)楼层,11,房号,1102,用途,商务公寓,,建筑面积56.1平方米,户内面积,37.17平方米,分摊面积,18.93平方米,户内面积,--平方米,分摊面积--平方米,建筑面积,--平方米
项目楼栋情况,万科星宸大厦2栋,座号,--,合同号,--,拟售价格,39841.73元/平方米(按建筑面积计)楼层,11,房号,1103,用途,商务公寓,,建筑面积56.1平方米,户内面积,37.17平方米,分摊面积,18.93平方米,户内面积,--平方米,分摊面积--平方米,建筑面积,--平方米
项目楼栋情况,万科星宸大厦2栋,座号,--,合同号,--,拟售价格,40379.36元/平方米(按建筑面积计)楼层,11,房号,1104,用途,商务公寓,,建筑面积56.1平方米,户内面积,37.17平方米,分摊面积,18.93平方米,户内面积,--平方米,分摊面积--平方米,建筑面积,--平方米
项目楼栋情况,万科星宸大厦2栋,座号,--,合同号,--,拟售价格,40379.36元/平方米(按建筑面积计)楼层,11,房号,1105,用途,商务公寓,,建筑面积56.1平方米,户内面积,37.17平方米,分摊面积,18.93平方米,户内面积,--平方米,分摊面积--平方米,建筑面积,--平方米
项目楼栋情况,万科星宸大厦2栋,座号,--,合同号,--,拟售价格,40379.36元/平方米(按建筑面积计)楼层,11,房号,1106,用途,商务公寓,,建筑面积56.1平方米,户内面积,37.17平方米,分摊面积,18.93平方米,户内面积,--平方米,分摊面积--平方米,建筑面积,--平方米
项目楼栋情况,万科星宸大厦2栋,座号,--,合同号,--,拟售价格,40379.36元/平方米(按建筑面积计)楼层,11,房号,1107,用途,商务公寓,,建筑面积57.31平方米,户内面积,37.97平方米,分摊面积,19.34平方米,户内面积,--平方米,分摊面积--平方米,建筑面积,--平方米
项目楼栋情况,万科星宸大厦2栋,座号,--,合同号,--,拟售价格,37481.36元/平方米(按建筑面积计)楼层,11,房号,1108,用途,商务公寓,,建筑面积56.91平方米,户内面积,37.71平方米,分摊面积,19.2平方米,户内面积,--平方米,分摊面积--平方米,建筑面积,--平方米
项目楼栋情况,万科星宸大厦2栋,座号,--,合同号,--,拟售价格,37481.36元/平方米(按建筑面积计)楼层,11,房号,1109,用途,商务公寓,,建筑面积55.7平方米,户内面积,36.9平方米,分摊面积,18.8平方米,户内面积,--平方米,分摊面积--平方米,建筑面积,--平方米
项目楼栋情况,万科星宸大厦2栋,座号,--,合同号,--,拟售价格,37481.35元/平方米(按建筑面积计)楼层,11,房号,1110,用途,商务公寓,,建筑面积56.1平方米,户内面积,37.17平方米,分摊面积,18.93平方米,户内面积,--平方米,分摊面积--平方米,建筑面积,--平方米
项目楼栋情况,万科星宸大厦2栋,座号,--,合同号,深(宝)网预买字(2019)31714号,拟售价格,--元/平方米(按建筑面积计)楼层,11,房号,1111,用途,商务公寓,,建筑面积31.67平方米,户内面积,20.98平方米,分摊面积,10.69平方米,户内面积,--平方米,分摊面积--平方米,建筑面积,--平方米
项目楼栋情况,万科星宸大厦2栋,座号,--,合同号,--,拟售价格,39858.62元/平方米(按建筑面积计)楼层,11,房号,1112,用途,商务公寓,,建筑面积31.78平方米,户内面积,21.06平方米,分摊面积,10.72平方米,户内面积,--平方米,分摊面积--平方米,建筑面积,--平方米
项目楼栋情况,万科星宸大厦2栋,座号,--,合同号,--,拟售价格,38907.72元/平方米(按建筑面积计)楼层,11,房号,1113,用途,商务公寓,,建筑面积56.1平方米,户内面积,37.17平方米,分摊面积,18.93平方米,户内面积,--平方米,分摊面积--平方米,建筑面积,--平方米
项目楼栋情况,万科星宸大厦2栋,座号,--,合同号,--,拟售价格,35511.62元/平方米(按建筑面积计)楼层,11,房号,1114,用途,商务公寓,,建筑面积56.1平方米,户内面积,37.17平方米,分摊面积,18.93平方米,户内面积,--平方米,分摊面积--平方米,建筑面积,--平方米
项目楼栋情况,万科星宸大厦2栋,座号,--,合同号,--,拟售价格,35511.62元/平方米(按建筑面积计)楼层,11,房号,1115,用途,商务公寓,,建筑面积56.1平方米,户内面积,37.17平方米,分摊面积,18.93平方米,户内面积,--平方米,分摊面积--平方米,建筑面积,--平方米
项目楼栋情况,万科星宸大厦2栋,座号,--,合同号,深(宝)网预买字(2019)31643号,拟售价格,--元/平方米(按建筑面积计)楼层,11,房号,1116,用途,商务公寓,,建筑面积32.26平方米,户内面积,21.37平方米,分摊面积,10.89平方米,户内面积,--平方米,分摊面积--平方米,建筑面积,--平方米
项目楼栋情况,万科星宸大厦2栋,座号,--,合同号,--,拟售价格,40325.6元/平方米(按建筑面积计)楼层,10,房号,1001,用途,商务公寓,,建筑面积55.9平方米,户内面积,37.04平方米,分摊面积,18.86平方米,户内面积,--平方米,分摊面积--平方米,建筑面积,--平方米
项目楼栋情况,万科星宸大厦2栋,座号,--,合同号,--,拟售价格,39787.97元/平方米(按建筑面积计)楼层,10,房号,1002,用途,商务公寓,,建筑面积56.1平方米,户内面积,37.17平方米,分摊面积,18.93平方米,户内面积,--平方米,分摊面积--平方米,建筑面积,--平方米
项目楼栋情况,万科星宸大厦2栋,座号,--,合同号,--,拟售价格,39787.97元/平方米(按建筑面积计)楼层,10,房号,1003,用途,商务公寓,,建筑面积56.1平方米,户内面积,37.17平方米,分摊面积,18.93平方米,户内面积,--平方米,分摊面积--平方米,建筑面积,--平方米
项目楼栋情况,万科星宸大厦2栋,座号,--,合同号,--,拟售价格,40325.6元/平方米(按建筑面积计)楼层,10,房号,1004,用途,商务公寓,,建筑面积56.1平方米,户内面积,37.17平方米,分摊面积,18.93平方米,户内面积,--平方米,分摊面积--平方米,建筑面积,--平方米
项目楼栋情况,万科星宸大厦2栋,座号,--,合同号,--,拟售价格,40325.6元/平方米(按建筑面积计)楼层,10,房号,1005,用途,商务公寓,,建筑面积56.1平方米,户内面积,37.17平方米,分摊面积,18.93平方米,户内面积,--平方米,分摊面积--平方米,建筑面积,--平方米
项目楼栋情况,万科星宸大厦2栋,座号,--,合同号,--,拟售价格,40325.6元/平方米(按建筑面积计)楼层,10,房号,1006,用途,商务公寓,,建筑面积56.1平方米,户内面积,37.17平方米,分摊面积,18.93平方米,户内面积,--平方米,分摊面积--平方米,建筑面积,--平方米
项目楼栋情况,万科星宸大厦2栋,座号,--,合同号,--,拟售价格,40325.6元/平方米(按建筑面积计)楼层,10,房号,1007,用途,商务公寓,,建筑面积57.31平方米,户内面积,37.97平方米,分摊面积,19.34平方米,户内面积,--平方米,分摊面积--平方米,建筑面积,--平方米
项目楼栋情况,万科星宸大厦2栋,座号,--,合同号,--,拟售价格,37427.59元/平方米(按建筑面积计)楼层,10,房号,1008,用途,商务公寓,,建筑面积56.91平方米,户内面积,37.71平方米,分摊面积,19.2平方米,户内面积,--平方米,分摊面积--平方米,建筑面积,--平方米
项目楼栋情况,万科星宸大厦2栋,座号,--,合同号,--,拟售价格,37427.59元/平方米(按建筑面积计)楼层,10,房号,1009,用途,商务公寓,,建筑面积55.7平方米,户内面积,36.9平方米,分摊面积,18.8平方米,户内面积,--平方米,分摊面积--平方米,建筑面积,--平方米
项目楼栋情况,万科星宸大厦2栋,座号,--,合同号,--,拟售价格,37427.59元/平方米(按建筑面积计)楼层,10,房号,1010,用途,商务公寓,,建筑面积56.1平方米,户内面积,37.17平方米,分摊面积,18.93平方米,户内面积,--平方米,分摊面积--平方米,建筑面积,--平方米
项目楼栋情况,万科星宸大厦2栋,座号,--,合同号,深(宝)网预买字(2019)31267号,拟售价格,--元/平方米(按建筑面积计)楼层,10,房号,1011,用途,商务公寓,,建筑面积31.67平方米,户内面积,20.98平方米,分摊面积,10.69平方米,户内面积,--平方米,分摊面积--平方米,建筑面积,--平方米
项目楼栋情况,万科星宸大厦2栋,座号,--,合同号,深(宝)网预买字(2019)31786号,拟售价格,--元/平方米(按建筑面积计)楼层,10,房号,1012,用途,商务公寓,,建筑面积31.78平方米,户内面积,21.06平方米,分摊面积,10.72平方米,户内面积,--平方米,分摊面积--平方米,建筑面积,--平方米
项目楼栋情况,万科星宸大厦2栋,座号,--,合同号,--,拟售价格,38853.96元/平方米(按建筑面积计)楼层,10,房号,1013,用途,商务公寓,,建筑面积56.1平方米,户内面积,37.17平方米,分摊面积,18.93平方米,户内面积,--平方米,分摊面积--平方米,建筑面积,--平方米
项目楼栋情况,万科星宸大厦2栋,座号,--,合同号,深(宝)网预买字(2019)31783号,拟售价格,--元/平方米(按建筑面积计)楼层,10,房号,1014,用途,商务公寓,,建筑面积56.1平方米,户内面积,37.17平方米,分摊面积,18.93平方米,户内面积,--平方米,分摊面积--平方米,建筑面积,--平方米
项目楼栋情况,万科星宸大厦2栋,座号,--,合同号,深(宝)网预买字(2019)31195号,拟售价格,--元/平方米(按建筑面积计)楼层,10,房号,1015,用途,商务公寓,,建筑面积56.1平方米,户内面积,37.17平方米,分摊面积,18.93平方米,户内面积,--平方米,分摊面积--平方米,建筑面积,--平方米
项目楼栋情况,万科星宸大厦2栋,座号,--,合同号,深(宝)网预买字(2019)31637号,拟售价格,--元/平方米(按建筑面积计)楼层,10,房号,1016,用途,商务公寓,,建筑面积32.26平方米,户内面积,21.37平方米,分摊面积,10.89平方米,户内面积,--平方米,分摊面积--平方米,建筑面积,--平方米
项目楼栋情况,万科星宸大厦2栋,座号,--,合同号,--,拟售价格,40271.84元/平方米(按建筑面积计)楼层,09,房号,901,用途,商务公寓,,建筑面积55.9平方米,户内面积,37.04平方米,分摊面积,18.86平方米,户内面积,--平方米,分摊面积--平方米,建筑面积,--平方米
项目楼栋情况,万科星宸大厦2栋,座号,--,合同号,--,拟售价格,39734.21元/平方米(按建筑面积计)楼层,09,房号,902,用途,商务公寓,,建筑面积56.1平方米,户内面积,37.17平方米,分摊面积,18.93平方米,户内面积,--平方米,分摊面积--平方米,建筑面积,--平方米
项目楼栋情况,万科星宸大厦2栋,座号,--,合同号,--,拟售价格,39734.21元/平方米(按建筑面积计)楼层,09,房号,903,用途,商务公寓,,建筑面积56.1平方米,户内面积,37.17平方米,分摊面积,18.93平方米,户内面积,--平方米,分摊面积--平方米,建筑面积,--平方米
项目楼栋情况,万科星宸大厦2栋,座号,--,合同号,--,拟售价格,40271.84元/平方米(按建筑面积计)楼层,09,房号,904,用途,商务公寓,,建筑面积56.1平方米,户内面积,37.17平方米,分摊面积,18.93平方米,户内面积,--平方米,分摊面积--平方米,建筑面积,--平方米
项目楼栋情况,万科星宸大厦2栋,座号,--,合同号,--,拟售价格,40271.84元/平方米(按建筑面积计)楼层,09,房号,905,用途,商务公寓,,建筑面积56.1平方米,户内面积,37.17平方米,分摊面积,18.93平方米,户内面积,--平方米,分摊面积--平方米,建筑面积,--平方米
项目楼栋情况,万科星宸大厦2栋,座号,--,合同号,--,拟售价格,40271.84元/平方米(按建筑面积计)楼层,09,房号,906,用途,商务公寓,,建筑面积56.1平方米,户内面积,37.17平方米,分摊面积,18.93平方米,户内面积,--平方米,分摊面积--平方米,建筑面积,--平方米
项目楼栋情况,万科星宸大厦2栋,座号,--,合同号,--,拟售价格,40271.84元/平方米(按建筑面积计)楼层,09,房号,907,用途,商务公寓,,建筑面积57.31平方米,户内面积,37.97平方米,分摊面积,19.34平方米,户内面积,--平方米,分摊面积--平方米,建筑面积,--平方米
项目楼栋情况,万科星宸大厦2栋,座号,--,合同号,深(宝)网预买字(2019)31586号,拟售价格,--元/平方米(按建筑面积计)楼层,09,房号,908,用途,商务公寓,,建筑面积56.91平方米,户内面积,37.71平方米,分摊面积,19.2平方米,户内面积,--平方米,分摊面积--平方米,建筑面积,--平方米
项目楼栋情况,万科星宸大厦2栋,座号,--,合同号,--,拟售价格,37373.82元/平方米(按建筑面积计)楼层,09,房号,909,用途,商务公寓,,建筑面积55.7平方米,户内面积,36.9平方米,分摊面积,18.8平方米,户内面积,--平方米,分摊面积--平方米,建筑面积,--平方米
项目楼栋情况,万科星宸大厦2栋,座号,--,合同号,--,拟售价格,37373.83元/平方米(按建筑面积计)楼层,09,房号,910,用途,商务公寓,,建筑面积56.1平方米,户内面积,37.17平方米,分摊面积,18.93平方米,户内面积,--平方米,分摊面积--平方米,建筑面积,--平方米
项目楼栋情况,万科星宸大厦2栋,座号,--,合同号,--,拟售价格,38347.4元/平方米(按建筑面积计)楼层,09,房号,911,用途,商务公寓,,建筑面积31.67平方米,户内面积,20.98平方米,分摊面积,10.69平方米,户内面积,--平方米,分摊面积--平方米,建筑面积,--平方米
项目楼栋情况,万科星宸大厦2栋,座号,--,合同号,--,拟售价格,39751.1元/平方米(按建筑面积计)楼层,09,房号,912,用途,商务公寓,,建筑面积31.78平方米,户内面积,21.06平方米,分摊面积,10.72平方米,户内面积,--平方米,分摊面积--平方米,建筑面积,--平方米
项目楼栋情况,万科星宸大厦2栋,座号,--,合同号,深(宝)网预买字(2019)31851号,拟售价格,--元/平方米(按建筑面积计)楼层,09,房号,913,用途,商务公寓,,建筑面积56.1平方米,户内面积,37.17平方米,分摊面积,18.93平方米,户内面积,--平方米,分摊面积--平方米,建筑面积,--平方米
项目楼栋情况,万科星宸大厦2栋,座号,--,合同号,深(宝)网预买字(2019)31514号,拟售价格,--元/平方米(按建筑面积计)楼层,09,房号,914,用途,商务公寓,,建筑面积56.1平方米,户内面积,37.17平方米,分摊面积,18.93平方米,户内面积,--平方米,分摊面积--平方米,建筑面积,--平方米
项目楼栋情况,万科星宸大厦2栋,座号,--,合同号,深(宝)网预买字(2019)31493号,拟售价格,--元/平方米(按建筑面积计)楼层,09,房号,915,用途,商务公寓,,建筑面积56.1平方米,户内面积,37.17平方米,分摊面积,18.93平方米,户内面积,--平方米,分摊面积--平方米,建筑面积,--平方米
项目楼栋情况,万科星宸大厦2栋,座号,--,合同号,--,拟售价格,36196.53元/平方米(按建筑面积计)楼层,09,房号,916,用途,商务公寓,,建筑面积32.26平方米,户内面积,21.37平方米,分摊面积,10.89平方米,户内面积,--平方米,分摊面积--平方米,建筑面积,--平方米
项目楼栋情况,万科星宸大厦2栋,座号,--,合同号,--,拟售价格,40218.07元/平方米(按建筑面积计)楼层,08,房号,801,用途,商务公寓,,建筑面积55.9平方米,户内面积,37.04平方米,分摊面积,18.86平方米,户内面积,--平方米,分摊面积--平方米,建筑面积,--平方米
项目楼栋情况,万科星宸大厦2栋,座号,--,合同号,--,拟售价格,39680.45元/平方米(按建筑面积计)楼层,08,房号,802,用途,商务公寓,,建筑面积56.1平方米,户内面积,37.17平方米,分摊面积,18.93平方米,户内面积,--平方米,分摊面积--平方米,建筑面积,--平方米
项目楼栋情况,万科星宸大厦2栋,座号,--,合同号,--,拟售价格,39680.45元/平方米(按建筑面积计)楼层,08,房号,803,用途,商务公寓,,建筑面积56.1平方米,户内面积,37.17平方米,分摊面积,18.93平方米,户内面积,--平方米,分摊面积--平方米,建筑面积,--平方米
项目楼栋情况,万科星宸大厦2栋,座号,--,合同号,--,拟售价格,40218.07元/平方米(按建筑面积计)楼层,08,房号,804,用途,商务公寓,,建筑面积56.1平方米,户内面积,37.17平方米,分摊面积,18.93平方米,户内面积,--平方米,分摊面积--平方米,建筑面积,--平方米
项目楼栋情况,万科星宸大厦2栋,座号,--,合同号,--,拟售价格,40218.07元/平方米(按建筑面积计)楼层,08,房号,805,用途,商务公寓,,建筑面积56.1平方米,户内面积,37.17平方米,分摊面积,18.93平方米,户内面积,--平方米,分摊面积--平方米,建筑面积,--平方米
项目楼栋情况,万科星宸大厦2栋,座号,--,合同号,--,拟售价格,40218.07元/平方米(按建筑面积计)楼层,08,房号,806,用途,商务公寓,,建筑面积56.1平方米,户内面积,37.17平方米,分摊面积,18.93平方米,户内面积,--平方米,分摊面积--平方米,建筑面积,--平方米
项目楼栋情况,万科星宸大厦2栋,座号,--,合同号,--,拟售价格,40218.08元/平方米(按建筑面积计)楼层,08,房号,807,用途,商务公寓,,建筑面积57.31平方米,户内面积,37.97平方米,分摊面积,19.34平方米,户内面积,--平方米,分摊面积--平方米,建筑面积,--平方米
项目楼栋情况,万科星宸大厦2栋,座号,--,合同号,--,拟售价格,37320.07元/平方米(按建筑面积计)楼层,08,房号,808,用途,商务公寓,,建筑面积56.91平方米,户内面积,37.71平方米,分摊面积,19.2平方米,户内面积,--平方米,分摊面积--平方米,建筑面积,--平方米
项目楼栋情况,万科星宸大厦2栋,座号,--,合同号,--,拟售价格,37320.07元/平方米(按建筑面积计)楼层,08,房号,809,用途,商务公寓,,建筑面积55.7平方米,户内面积,36.9平方米,分摊面积,18.8平方米,户内面积,--平方米,分摊面积--平方米,建筑面积,--平方米
项目楼栋情况,万科星宸大厦2栋,座号,--,合同号,--,拟售价格,37320.07元/平方米(按建筑面积计)楼层,08,房号,810,用途,商务公寓,,建筑面积56.1平方米,户内面积,37.17平方米,分摊面积,18.93平方米,户内面积,--平方米,分摊面积--平方米,建筑面积,--平方米
项目楼栋情况,万科星宸大厦2栋,座号,--,合同号,--,拟售价格,38293.62元/平方米(按建筑面积计)楼层,08,房号,811,用途,商务公寓,,建筑面积31.67平方米,户内面积,20.98平方米,分摊面积,10.69平方米,户内面积,--平方米,分摊面积--平方米,建筑面积,--平方米
项目楼栋情况,万科星宸大厦2栋,座号,--,合同号,深(宝)网预买字(2019)31785号,拟售价格,--元/平方米(按建筑面积计)楼层,08,房号,812,用途,商务公寓,,建筑面积31.78平方米,户内面积,21.06平方米,分摊面积,10.72平方米,户内面积,--平方米,分摊面积--平方米,建筑面积,--平方米
项目楼栋情况,万科星宸大厦2栋,座号,--,合同号,--,拟售价格,38746.43元/平方米(按建筑面积计)楼层,08,房号,813,用途,商务公寓,,建筑面积56.1平方米,户内面积,37.17平方米,分摊面积,18.93平方米,户内面积,--平方米,分摊面积--平方米,建筑面积,--平方米
项目楼栋情况,万科星宸大厦2栋,座号,--,合同号,--,拟售价格,35350.32元/平方米(按建筑面积计)楼层,08,房号,814,用途,商务公寓,,建筑面积56.1平方米,户内面积,37.17平方米,分摊面积,18.93平方米,户内面积,--平方米,分摊面积--平方米,建筑面积,--平方米
项目楼栋情况,万科星宸大厦2栋,座号,--,合同号,--,拟售价格,35350.32元/平方米(按建筑面积计)楼层,08,房号,815,用途,商务公寓,,建筑面积56.1平方米,户内面积,37.17平方米,分摊面积,18.93平方米,户内面积,--平方米,分摊面积--平方米,建筑面积,--平方米
项目楼栋情况,万科星宸大厦2栋,座号,--,合同号,深(宝)网预买字(2019)31774号,拟售价格,--元/平方米(按建筑面积计)楼层,08,房号,816,用途,商务公寓,,建筑面积32.26平方米,户内面积,21.37平方米,分摊面积,10.89平方米,户内面积,--平方米,分摊面积--平方米,建筑面积,--平方米
项目楼栋情况,万科星宸大厦2栋,座号,--,合同号,--,拟售价格,40164.31元/平方米(按建筑面积计)楼层,07,房号,701,用途,商务公寓,,建筑面积55.9平方米,户内面积,37.04平方米,分摊面积,18.86平方米,户内面积,--平方米,分摊面积--平方米,建筑面积,--平方米
项目楼栋情况,万科星宸大厦2栋,座号,--,合同号,--,拟售价格,39626.68元/平方米(按建筑面积计)楼层,07,房号,702,用途,商务公寓,,建筑面积56.1平方米,户内面积,37.17平方米,分摊面积,18.93平方米,户内面积,--平方米,分摊面积--平方米,建筑面积,--平方米
项目楼栋情况,万科星宸大厦2栋,座号,--,合同号,--,拟售价格,39626.68元/平方米(按建筑面积计)楼层,07,房号,703,用途,商务公寓,,建筑面积56.1平方米,户内面积,37.17平方米,分摊面积,18.93平方米,户内面积,--平方米,分摊面积--平方米,建筑面积,--平方米
项目楼栋情况,万科星宸大厦2栋,座号,--,合同号,--,拟售价格,40164.31元/平方米(按建筑面积计)楼层,07,房号,704,用途,商务公寓,,建筑面积56.1平方米,户内面积,37.17平方米,分摊面积,18.93平方米,户内面积,--平方米,分摊面积--平方米,建筑面积,--平方米
项目楼栋情况,万科星宸大厦2栋,座号,--,合同号,--,拟售价格,40164.31元/平方米(按建筑面积计)楼层,07,房号,705,用途,商务公寓,,建筑面积56.1平方米,户内面积,37.17平方米,分摊面积,18.93平方米,户内面积,--平方米,分摊面积--平方米,建筑面积,--平方米
项目楼栋情况,万科星宸大厦2栋,座号,--,合同号,--,拟售价格,40164.31元/平方米(按建筑面积计)楼层,07,房号,706,用途,商务公寓,,建筑面积56.1平方米,户内面积,37.17平方米,分摊面积,18.93平方米,户内面积,--平方米,分摊面积--平方米,建筑面积,--平方米
项目楼栋情况,万科星宸大厦2栋,座号,--,合同号,--,拟售价格,40164.32元/平方米(按建筑面积计)楼层,07,房号,707,用途,商务公寓,,建筑面积57.31平方米,户内面积,37.97平方米,分摊面积,19.34平方米,户内面积,--平方米,分摊面积--平方米,建筑面积,--平方米
项目楼栋情况,万科星宸大厦2栋,座号,--,合同号,--,拟售价格,37266.3元/平方米(按建筑面积计)楼层,07,房号,708,用途,商务公寓,,建筑面积56.91平方米,户内面积,37.71平方米,分摊面积,19.2平方米,户内面积,--平方米,分摊面积--平方米,建筑面积,--平方米
项目楼栋情况,万科星宸大厦2栋,座号,--,合同号,--,拟售价格,37266.3元/平方米(按建筑面积计)楼层,07,房号,709,用途,商务公寓,,建筑面积55.7平方米,户内面积,36.9平方米,分摊面积,18.8平方米,户内面积,--平方米,分摊面积--平方米,建筑面积,--平方米
项目楼栋情况,万科星宸大厦2栋,座号,--,合同号,--,拟售价格,37266.31元/平方米(按建筑面积计)楼层,07,房号,710,用途,商务公寓,,建筑面积56.1平方米,户内面积,37.17平方米,分摊面积,18.93平方米,户内面积,--平方米,分摊面积--平方米,建筑面积,--平方米
项目楼栋情况,万科星宸大厦2栋,座号,--,合同号,深(宝)网预买字(2019)31646号,拟售价格,--元/平方米(按建筑面积计)楼层,07,房号,711,用途,商务公寓,,建筑面积31.67平方米,户内面积,20.98平方米,分摊面积,10.69平方米,户内面积,--平方米,分摊面积--平方米,建筑面积,--平方米
项目楼栋情况,万科星宸大厦2栋,座号,--,合同号,--,拟售价格,39643.58元/平方米(按建筑面积计)楼层,07,房号,712,用途,商务公寓,,建筑面积31.78平方米,户内面积,21.06平方米,分摊面积,10.72平方米,户内面积,--平方米,分摊面积--平方米,建筑面积,--平方米
项目楼栋情况,万科星宸大厦2栋,座号,--,合同号,--,拟售价格,38692.67元/平方米(按建筑面积计)楼层,07,房号,713,用途,商务公寓,,建筑面积56.1平方米,户内面积,37.17平方米,分摊面积,18.93平方米,户内面积,--平方米,分摊面积--平方米,建筑面积,--平方米
项目楼栋情况,万科星宸大厦2栋,座号,--,合同号,--,拟售价格,35296.56元/平方米(按建筑面积计)楼层,07,房号,714,用途,商务公寓,,建筑面积56.1平方米,户内面积,37.17平方米,分摊面积,18.93平方米,户内面积,--平方米,分摊面积--平方米,建筑面积,--平方米
项目楼栋情况,万科星宸大厦2栋,座号,--,合同号,--,拟售价格,35296.56元/平方米(按建筑面积计)楼层,07,房号,715,用途,商务公寓,,建筑面积56.1平方米,户内面积,37.17平方米,分摊面积,18.93平方米,户内面积,--平方米,分摊面积--平方米,建筑面积,--平方米
项目楼栋情况,万科星宸大厦2栋,座号,--,合同号,深(宝)网预买字(2019)31503号,拟售价格,--元/平方米(按建筑面积计)楼层,07,房号,716,用途,商务公寓,,建筑面积32.26平方米,户内面积,21.37平方米,分摊面积,10.89平方米,户内面积,--平方米,分摊面积--平方米,建筑面积,--平方米
项目楼栋情况,万科星宸大厦2栋,座号,--,合同号,--,拟售价格,40110.55元/平方米(按建筑面积计)楼层,06,房号,601,用途,商务公寓,,建筑面积55.9平方米,户内面积,37.04平方米,分摊面积,18.86平方米,户内面积,--平方米,分摊面积--平方米,建筑面积,--平方米
项目楼栋情况,万科星宸大厦2栋,座号,--,合同号,--,拟售价格,39572.91元/平方米(按建筑面积计)楼层,06,房号,602,用途,商务公寓,,建筑面积56.1平方米,户内面积,37.17平方米,分摊面积,18.93平方米,户内面积,--平方米,分摊面积--平方米,建筑面积,--平方米
项目楼栋情况,万科星宸大厦2栋,座号,--,合同号,--,拟售价格,39572.91元/平方米(按建筑面积计)楼层,06,房号,603,用途,商务公寓,,建筑面积56.1平方米,户内面积,37.17平方米,分摊面积,18.93平方米,户内面积,--平方米,分摊面积--平方米,建筑面积,--平方米
项目楼栋情况,万科星宸大厦2栋,座号,--,合同号,--,拟售价格,40110.55元/平方米(按建筑面积计)楼层,06,房号,604,用途,商务公寓,,建筑面积56.1平方米,户内面积,37.17平方米,分摊面积,18.93平方米,户内面积,--平方米,分摊面积--平方米,建筑面积,--平方米
项目楼栋情况,万科星宸大厦2栋,座号,--,合同号,--,拟售价格,40110.55元/平方米(按建筑面积计)楼层,06,房号,605,用途,商务公寓,,建筑面积56.1平方米,户内面积,37.17平方米,分摊面积,18.93平方米,户内面积,--平方米,分摊面积--平方米,建筑面积,--平方米
项目楼栋情况,万科星宸大厦2栋,座号,--,合同号,--,拟售价格,40110.55元/平方米(按建筑面积计)楼层,06,房号,606,用途,商务公寓,,建筑面积56.1平方米,户内面积,37.17平方米,分摊面积,18.93平方米,户内面积,--平方米,分摊面积--平方米,建筑面积,--平方米
项目楼栋情况,万科星宸大厦2栋,座号,--,合同号,--,拟售价格,40110.56元/平方米(按建筑面积计)楼层,06,房号,607,用途,商务公寓,,建筑面积57.31平方米,户内面积,37.97平方米,分摊面积,19.34平方米,户内面积,--平方米,分摊面积--平方米,建筑面积,--平方米
项目楼栋情况,万科星宸大厦2栋,座号,--,合同号,--,拟售价格,37212.55元/平方米(按建筑面积计)楼层,06,房号,608,用途,商务公寓,,建筑面积56.91平方米,户内面积,37.71平方米,分摊面积,19.2平方米,户内面积,--平方米,分摊面积--平方米,建筑面积,--平方米
项目楼栋情况,万科星宸大厦2栋,座号,--,合同号,--,拟售价格,37212.55元/平方米(按建筑面积计)楼层,06,房号,609,用途,商务公寓,,建筑面积55.7平方米,户内面积,36.9平方米,分摊面积,18.8平方米,户内面积,--平方米,分摊面积--平方米,建筑面积,--平方米
项目楼栋情况,万科星宸大厦2栋,座号,--,合同号,--,拟售价格,37212.55元/平方米(按建筑面积计)楼层,06,房号,610,用途,商务公寓,,建筑面积56.1平方米,户内面积,37.17平方米,分摊面积,18.93平方米,户内面积,--平方米,分摊面积--平方米,建筑面积,--平方米
项目楼栋情况,万科星宸大厦2栋,座号,--,合同号,深(宝)网预买字(2019)31496号,拟售价格,--元/平方米(按建筑面积计)楼层,06,房号,611,用途,商务公寓,,建筑面积31.67平方米,户内面积,20.98平方米,分摊面积,10.69平方米,户内面积,--平方米,分摊面积--平方米,建筑面积,--平方米
项目楼栋情况,万科星宸大厦2栋,座号,--,合同号,--,拟售价格,39589.8元/平方米(按建筑面积计)楼层,06,房号,612,用途,商务公寓,,建筑面积31.78平方米,户内面积,21.06平方米,分摊面积,10.72平方米,户内面积,--平方米,分摊面积--平方米,建筑面积,--平方米
项目楼栋情况,万科星宸大厦2栋,座号,--,合同号,--,拟售价格,38638.91元/平方米(按建筑面积计)楼层,06,房号,613,用途,商务公寓,,建筑面积56.1平方米,户内面积,37.17平方米,分摊面积,18.93平方米,户内面积,--平方米,分摊面积--平方米,建筑面积,--平方米
项目楼栋情况,万科星宸大厦2栋,座号,--,合同号,--,拟售价格,35242.8元/平方米(按建筑面积计)楼层,06,房号,614,用途,商务公寓,,建筑面积56.1平方米,户内面积,37.17平方米,分摊面积,18.93平方米,户内面积,--平方米,分摊面积--平方米,建筑面积,--平方米
项目楼栋情况,万科星宸大厦2栋,座号,--,合同号,--,拟售价格,35242.8元/平方米(按建筑面积计)楼层,06,房号,615,用途,商务公寓,,建筑面积56.1平方米,户内面积,37.17平方米,分摊面积,18.93平方米,户内面积,--平方米,分摊面积--平方米,建筑面积,--平方米
项目楼栋情况,万科星宸大厦2栋,座号,--,合同号,深(宝)网预买字(2019)31495号,拟售价格,--元/平方米(按建筑面积计)楼层,06,房号,616,用途,商务公寓,,建筑面积32.26平方米,户内面积,21.37平方米,分摊面积,10.89平方米,户内面积,--平方米,分摊面积--平方米,建筑面积,--平方米
项目楼栋情况,万科星宸大厦2栋,座号,--,合同号,--,拟售价格,40056.78元/平方米(按建筑面积计)楼层,05,房号,501,用途,商务公寓,,建筑面积55.9平方米,户内面积,37.04平方米,分摊面积,18.86平方米,户内面积,--平方米,分摊面积--平方米,建筑面积,--平方米
项目楼栋情况,万科星宸大厦2栋,座号,--,合同号,--,拟售价格,39519.14元/平方米(按建筑面积计)楼层,05,房号,502,用途,商务公寓,,建筑面积56.1平方米,户内面积,37.17平方米,分摊面积,18.93平方米,户内面积,--平方米,分摊面积--平方米,建筑面积,--平方米
项目楼栋情况,万科星宸大厦2栋,座号,--,合同号,--,拟售价格,39519.14元/平方米(按建筑面积计)楼层,05,房号,503,用途,商务公寓,,建筑面积56.1平方米,户内面积,37.17平方米,分摊面积,18.93平方米,户内面积,--平方米,分摊面积--平方米,建筑面积,--平方米
项目楼栋情况,万科星宸大厦2栋,座号,--,合同号,--,拟售价格,40056.79元/平方米(按建筑面积计)楼层,05,房号,504,用途,商务公寓,,建筑面积56.1平方米,户内面积,37.17平方米,分摊面积,18.93平方米,户内面积,--平方米,分摊面积--平方米,建筑面积,--平方米
项目楼栋情况,万科星宸大厦2栋,座号,--,合同号,--,拟售价格,40056.79元/平方米(按建筑面积计)楼层,05,房号,505,用途,商务公寓,,建筑面积56.1平方米,户内面积,37.17平方米,分摊面积,18.93平方米,户内面积,--平方米,分摊面积--平方米,建筑面积,--平方米
项目楼栋情况,万科星宸大厦2栋,座号,--,合同号,--,拟售价格,40056.79元/平方米(按建筑面积计)楼层,05,房号,506,用途,商务公寓,,建筑面积56.1平方米,户内面积,37.17平方米,分摊面积,18.93平方米,户内面积,--平方米,分摊面积--平方米,建筑面积,--平方米
项目楼栋情况,万科星宸大厦2栋,座号,--,合同号,--,拟售价格,40056.78元/平方米(按建筑面积计)楼层,05,房号,507,用途,商务公寓,,建筑面积57.31平方米,户内面积,37.97平方米,分摊面积,19.34平方米,户内面积,--平方米,分摊面积--平方米,建筑面积,--平方米
项目楼栋情况,万科星宸大厦2栋,座号,--,合同号,--,拟售价格,37158.78元/平方米(按建筑面积计)楼层,05,房号,508,用途,商务公寓,,建筑面积56.91平方米,户内面积,37.71平方米,分摊面积,19.2平方米,户内面积,--平方米,分摊面积--平方米,建筑面积,--平方米
项目楼栋情况,万科星宸大厦2栋,座号,--,合同号,--,拟售价格,37158.78元/平方米(按建筑面积计)楼层,05,房号,509,用途,商务公寓,,建筑面积55.7平方米,户内面积,36.9平方米,分摊面积,18.8平方米,户内面积,--平方米,分摊面积--平方米,建筑面积,--平方米
项目楼栋情况,万科星宸大厦2栋,座号,--,合同号,--,拟售价格,37158.77元/平方米(按建筑面积计)楼层,05,房号,510,用途,商务公寓,,建筑面积56.1平方米,户内面积,37.17平方米,分摊面积,18.93平方米,户内面积,--平方米,分摊面积--平方米,建筑面积,--平方米
项目楼栋情况,万科星宸大厦2栋,座号,--,合同号,--,拟售价格,38132.33元/平方米(按建筑面积计)楼层,05,房号,511,用途,商务公寓,,建筑面积31.67平方米,户内面积,20.98平方米,分摊面积,10.69平方米,户内面积,--平方米,分摊面积--平方米,建筑面积,--平方米
项目楼栋情况,万科星宸大厦2栋,座号,--,合同号,--,拟售价格,39536.06元/平方米(按建筑面积计)楼层,05,房号,512,用途,商务公寓,,建筑面积31.78平方米,户内面积,21.06平方米,分摊面积,10.72平方米,户内面积,--平方米,分摊面积--平方米,建筑面积,--平方米
项目楼栋情况,万科星宸大厦2栋,座号,--,合同号,--,拟售价格,38585.13元/平方米(按建筑面积计)楼层,05,房号,513,用途,商务公寓,,建筑面积56.1平方米,户内面积,37.17平方米,分摊面积,18.93平方米,户内面积,--平方米,分摊面积--平方米,建筑面积,--平方米
项目楼栋情况,万科星宸大厦2栋,座号,--,合同号,--,拟售价格,35189.04元/平方米(按建筑面积计)楼层,05,房号,514,用途,商务公寓,,建筑面积56.1平方米,户内面积,37.17平方米,分摊面积,18.93平方米,户内面积,--平方米,分摊面积--平方米,建筑面积,--平方米
项目楼栋情况,万科星宸大厦2栋,座号,--,合同号,--,拟售价格,35189.04元/平方米(按建筑面积计)楼层,05,房号,515,用途,商务公寓,,建筑面积56.1平方米,户内面积,37.17平方米,分摊面积,18.93平方米,户内面积,--平方米,分摊面积--平方米,建筑面积,--平方米
项目楼栋情况,万科星宸大厦2栋,座号,--,合同号,深(宝)网预买字(2019)31780号,拟售价格,--元/平方米(按建筑面积计)楼层,05,房号,516,用途,商务公寓,,建筑面积32.26平方米,户内面积,21.37平方米,分摊面积,10.89平方米,户内面积,--平方米,分摊面积--平方米,建筑面积,--平方米
项目楼栋情况,万科星宸大厦2栋,座号,--,合同号,--,拟售价格,39519.16元/平方米(按建筑面积计)楼层,04,房号,401,用途,商务公寓,,建筑面积55.9平方米,户内面积,37.04平方米,分摊面积,18.86平方米,户内面积,--平方米,分摊面积--平方米,建筑面积,--平方米
项目楼栋情况,万科星宸大厦2栋,座号,--,合同号,--,拟售价格,38981.52元/平方米(按建筑面积计)楼层,04,房号,402,用途,商务公寓,,建筑面积56.1平方米,户内面积,37.17平方米,分摊面积,18.93平方米,户内面积,--平方米,分摊面积--平方米,建筑面积,--平方米
项目楼栋情况,万科星宸大厦2栋,座号,--,合同号,--,拟售价格,38981.52元/平方米(按建筑面积计)楼层,04,房号,403,用途,商务公寓,,建筑面积56.1平方米,户内面积,37.17平方米,分摊面积,18.93平方米,户内面积,--平方米,分摊面积--平方米,建筑面积,--平方米
项目楼栋情况,万科星宸大厦2栋,座号,--,合同号,--,拟售价格,39519.14元/平方米(按建筑面积计)楼层,04,房号,404,用途,商务公寓,,建筑面积56.1平方米,户内面积,37.17平方米,分摊面积,18.93平方米,户内面积,--平方米,分摊面积--平方米,建筑面积,--平方米
项目楼栋情况,万科星宸大厦2栋,座号,--,合同号,--,拟售价格,39519.14元/平方米(按建筑面积计)楼层,04,房号,405,用途,商务公寓,,建筑面积56.1平方米,户内面积,37.17平方米,分摊面积,18.93平方米,户内面积,--平方米,分摊面积--平方米,建筑面积,--平方米
项目楼栋情况,万科星宸大厦2栋,座号,--,合同号,--,拟售价格,39519.14元/平方米(按建筑面积计)楼层,04,房号,406,用途,商务公寓,,建筑面积56.1平方米,户内面积,37.17平方米,分摊面积,18.93平方米,户内面积,--平方米,分摊面积--平方米,建筑面积,--平方米
项目楼栋情况,万科星宸大厦2栋,座号,--,合同号,--,拟售价格,39519.16元/平方米(按建筑面积计)楼层,04,房号,407,用途,商务公寓,,建筑面积57.31平方米,户内面积,37.97平方米,分摊面积,19.34平方米,户内面积,--平方米,分摊面积--平方米,建筑面积,--平方米
项目楼栋情况,万科星宸大厦2栋,座号,--,合同号,--,拟售价格,36621.14元/平方米(按建筑面积计)楼层,04,房号,408,用途,商务公寓,,建筑面积56.91平方米,户内面积,37.71平方米,分摊面积,19.2平方米,户内面积,--平方米,分摊面积--平方米,建筑面积,--平方米
项目楼栋情况,万科星宸大厦2栋,座号,--,合同号,--,拟售价格,36621.15元/平方米(按建筑面积计)楼层,04,房号,409,用途,商务公寓,,建筑面积55.7平方米,户内面积,36.9平方米,分摊面积,18.8平方米,户内面积,--平方米,分摊面积--平方米,建筑面积,--平方米
项目楼栋情况,万科星宸大厦2栋,座号,--,合同号,--,拟售价格,36621.14元/平方米(按建筑面积计)楼层,04,房号,410,用途,商务公寓,,建筑面积56.1平方米,户内面积,37.17平方米,分摊面积,18.93平方米,户内面积,--平方米,分摊面积--平方米,建筑面积,--平方米
项目楼栋情况,万科星宸大厦2栋,座号,--,合同号,深(宝)网预买字(2019)31697号,拟售价格,--元/平方米(按建筑面积计)楼层,04,房号,411,用途,商务公寓,,建筑面积31.67平方米,户内面积,20.98平方米,分摊面积,10.69平方米,户内面积,--平方米,分摊面积--平方米,建筑面积,--平方米
项目楼栋情况,万科星宸大厦2栋,座号,--,合同号,深(宝)网预买字(2019)31642号,拟售价格,--元/平方米(按建筑面积计)楼层,04,房号,412,用途,商务公寓,,建筑面积31.78平方米,户内面积,21.06平方米,分摊面积,10.72平方米,户内面积,--平方米,分摊面积--平方米,建筑面积,--平方米
项目楼栋情况,万科星宸大厦2栋,座号,--,合同号,--,拟售价格,38047.5元/平方米(按建筑面积计)楼层,04,房号,413,用途,商务公寓,,建筑面积56.1平方米,户内面积,37.17平方米,分摊面积,18.93平方米,户内面积,--平方米,分摊面积--平方米,建筑面积,--平方米
项目楼栋情况,万科星宸大厦2栋,座号,--,合同号,--,拟售价格,34651.41元/平方米(按建筑面积计)楼层,04,房号,414,用途,商务公寓,,建筑面积56.1平方米,户内面积,37.17平方米,分摊面积,18.93平方米,户内面积,--平方米,分摊面积--平方米,建筑面积,--平方米
项目楼栋情况,万科星宸大厦2栋,座号,--,合同号,深(宝)网预买字(2019)31644号,拟售价格,--元/平方米(按建筑面积计)楼层,04,房号,415,用途,商务公寓,,建筑面积56.1平方米,户内面积,37.17平方米,分摊面积,18.93平方米,户内面积,--平方米,分摊面积--平方米,建筑面积,--平方米
项目楼栋情况,万科星宸大厦2栋,座号,--,合同号,深(宝)网预买字(2019)31506号,拟售价格,--元/平方米(按建筑面积计)楼层,04,房号,416,用途,商务公寓,,建筑面积32.26平方米,户内面积,21.37平方米,分摊面积,10.89平方米,户内面积,--平方米,分摊面积--平方米,建筑面积,--平方米
项目楼栋情况,万科星宸大厦2栋,座号,--,合同号,--,拟售价格,38443.88元/平方米(按建筑面积计)楼层,03,房号,301,用途,商务公寓,,建筑面积55.9平方米,户内面积,37.04平方米,分摊面积,18.86平方米,户内面积,--平方米,分摊面积--平方米,建筑面积,--平方米
项目楼栋情况,万科星宸大厦2栋,座号,--,合同号,--,拟售价格,37906.24元/平方米(按建筑面积计)楼层,03,房号,302,用途,商务公寓,,建筑面积56.1平方米,户内面积,37.17平方米,分摊面积,18.93平方米,户内面积,--平方米,分摊面积--平方米,建筑面积,--平方米
项目楼栋情况,万科星宸大厦2栋,座号,--,合同号,--,拟售价格,37906.24元/平方米(按建筑面积计)楼层,03,房号,303,用途,商务公寓,,建筑面积56.1平方米,户内面积,37.17平方米,分摊面积,18.93平方米,户内面积,--平方米,分摊面积--平方米,建筑面积,--平方米
项目楼栋情况,万科星宸大厦2栋,座号,--,合同号,--,拟售价格,38443.89元/平方米(按建筑面积计)楼层,03,房号,304,用途,商务公寓,,建筑面积56.1平方米,户内面积,37.17平方米,分摊面积,18.93平方米,户内面积,--平方米,分摊面积--平方米,建筑面积,--平方米
项目楼栋情况,万科星宸大厦2栋,座号,--,合同号,--,拟售价格,38443.89元/平方米(按建筑面积计)楼层,03,房号,305,用途,商务公寓,,建筑面积56.1平方米,户内面积,37.17平方米,分摊面积,18.93平方米,户内面积,--平方米,分摊面积--平方米,建筑面积,--平方米
项目楼栋情况,万科星宸大厦2栋,座号,--,合同号,--,拟售价格,38443.89元/平方米(按建筑面积计)楼层,03,房号,306,用途,商务公寓,,建筑面积56.1平方米,户内面积,37.17平方米,分摊面积,18.93平方米,户内面积,--平方米,分摊面积--平方米,建筑面积,--平方米
项目楼栋情况,万科星宸大厦2栋,座号,--,合同号,--,拟售价格,38443.88元/平方米(按建筑面积计)楼层,03,房号,307,用途,商务公寓,,建筑面积57.31平方米,户内面积,37.97平方米,分摊面积,19.34平方米,户内面积,--平方米,分摊面积--平方米,建筑面积,--平方米
项目楼栋情况,万科星宸大厦2栋,座号,--,合同号,--,拟售价格,35545.88元/平方米(按建筑面积计)楼层,03,房号,308,用途,商务公寓,,建筑面积56.91平方米,户内面积,37.71平方米,分摊面积,19.2平方米,户内面积,--平方米,分摊面积--平方米,建筑面积,--平方米
项目楼栋情况,万科星宸大厦2栋,座号,--,合同号,--,拟售价格,35545.87元/平方米(按建筑面积计)楼层,03,房号,309,用途,商务公寓,,建筑面积55.7平方米,户内面积,36.9平方米,分摊面积,18.8平方米,户内面积,--平方米,分摊面积--平方米,建筑面积,--平方米
项目楼栋情况,万科星宸大厦2栋,座号,--,合同号,--,拟售价格,35545.88元/平方米(按建筑面积计)楼层,03,房号,310,用途,商务公寓,,建筑面积56.1平方米,户内面积,37.17平方米,分摊面积,18.93平方米,户内面积,--平方米,分摊面积--平方米,建筑面积,--平方米
项目楼栋情况,万科星宸大厦2栋,座号,--,合同号,深(宝)网预买字(2019)31647号,拟售价格,--元/平方米(按建筑面积计)楼层,03,房号,311,用途,商务公寓,,建筑面积31.67平方米,户内面积,20.98平方米,分摊面积,10.69平方米,户内面积,--平方米,分摊面积--平方米,建筑面积,--平方米
项目楼栋情况,万科星宸大厦2栋,座号,--,合同号,--,拟售价格,37923.16元/平方米(按建筑面积计)楼层,03,房号,312,用途,商务公寓,,建筑面积31.78平方米,户内面积,21.06平方米,分摊面积,10.72平方米,户内面积,--平方米,分摊面积--平方米,建筑面积,--平方米
项目楼栋情况,万科星宸大厦2栋,座号,--,合同号,深(宝)网预买字(2019)31494号,拟售价格,--元/平方米(按建筑面积计)楼层,03,房号,313,用途,商务公寓,,建筑面积56.1平方米,户内面积,37.17平方米,分摊面积,18.93平方米,户内面积,--平方米,分摊面积--平方米,建筑面积,--平方米
项目楼栋情况,万科星宸大厦2栋,座号,--,合同号,--,拟售价格,33576.13元/平方米(按建筑面积计)楼层,03,房号,314,用途,商务公寓,,建筑面积56.1平方米,户内面积,37.17平方米,分摊面积,18.93平方米,户内面积,--平方米,分摊面积--平方米,建筑面积,--平方米
项目楼栋情况,万科星宸大厦2栋,座号,--,合同号,--,拟售价格,33576.13元/平方米(按建筑面积计)楼层,03,房号,315,用途,商务公寓,,建筑面积56.1平方米,户内面积,37.17平方米,分摊面积,18.93平方米,户内面积,--平方米,分摊面积--平方米,建筑面积,--平方米
项目楼栋情况,万科星宸大厦2栋,座号,--,合同号,--,拟售价格,34368.57元/平方米(按建筑面积计)楼层,03,房号,316,用途,商务公寓,,建筑面积32.26平方米,户内面积,21.37平方米,分摊面积,10.89平方米,户内面积,--平方米,分摊面积--平方米,建筑面积,--平方米
项目楼栋情况,万科星宸大厦2栋,座号,--,合同号,--,拟售价格,55000元/平方米(按建筑面积计)楼层,01,房号,119,用途,商业,,建筑面积36.39平方米,户内面积,23.69平方米,分摊面积,12.7平方米,户内面积,--平方米,分摊面积--平方米,建筑面积,--平方米
项目楼栋情况,万科星宸大厦2栋,座号,--,合同号,--,拟售价格,43000元/平方米(按建筑面积计)楼层,01,房号,120,用途,商业,,建筑面积79.85平方米,户内面积,51.98平方米,分摊面积,27.87平方米,户内面积,--平方米,分摊面积--平方米,建筑面积,--平方米
项目楼栋情况,万科星宸大厦2栋,座号,--,合同号,--,拟售价格,60000元/平方米(按建筑面积计)楼层,01,房号,121,用途,商业,,建筑面积33.37平方米,户内面积,21.72平方米,分摊面积,11.65平方米,户内面积,--平方米,分摊面积--平方米,建筑面积,--平方米
项目楼栋情况,万科星宸大厦2栋,座号,--,合同号,--,拟售价格,41000元/平方米(按建筑面积计)楼层,01,房号,122,用途,商业,,建筑面积80.57平方米,户内面积,52.45平方米,分摊面积,28.12平方米,户内面积,--平方米,分摊面积--平方米,建筑面积,--平方米
项目楼栋情况,万科星宸大厦2栋,座号,--,合同号,--,拟售价格,40500元/平方米(按建筑面积计)楼层,01,房号,123,用途,商业,,建筑面积72.73平方米,户内面积,47.34平方米,分摊面积,25.39平方米,户内面积,--平方米,分摊面积--平方米,建筑面积,--平方米
项目楼栋情况,万科星宸大厦2栋,座号,--,合同号,--,拟售价格,40500元/平方米(按建筑面积计)楼层,01,房号,124,用途,商业,,建筑面积73.87平方米,户内面积,48.08平方米,分摊面积,25.79平方米,户内面积,--平方米,分摊面积--平方米,建筑面积,--平方米
项目楼栋情况,万科星宸大厦2栋,座号,--,合同号,--,拟售价格,40000元/平方米(按建筑面积计)楼层,01,房号,125,用途,商业,,建筑面积70.24平方米,户内面积,45.72平方米,分摊面积,24.52平方米,户内面积,--平方米,分摊面积--平方米,建筑面积,--平方米
项目楼栋情况,万科星宸大厦3栋,座号,--,合同号,--,拟售价格,49009元/平方米(按建筑面积计)楼层,09,房号,9B,用途,办公,,建筑面积835.77平方米,户内面积,461.79平方米,分摊面积,373.98平方米,户内面积,--平方米,分摊面积--平方米,建筑面积,--平方米
项目楼栋情况,万科星宸大厦3栋,座号,--,合同号,--,拟售价格,40165元/平方米(按建筑面积计)楼层,07,房号,7B,用途,办公,,建筑面积1085.09平方米,户内面积,607.67平方米,分摊面积,477.42平方米,户内面积,--平方米,分摊面积--平方米,建筑面积,--平方米
项目楼栋情况,万科星宸大厦3栋,座号,--,合同号,--,拟售价格,48630元/平方米(按建筑面积计)楼层,05,房号,5B,用途,办公,,建筑面积835.77平方米,户内面积,461.79平方米,分摊面积,373.98平方米,户内面积,--平方米,分摊面积--平方米,建筑面积,--平方米
项目楼栋情况,万科星宸大厦3栋,座号,--,合同号,--,拟售价格,47936元/平方米(按建筑面积计)楼层,03,房号,3B,用途,办公,,建筑面积835.77平方米,户内面积,461.79平方米,分摊面积,373.98平方米,户内面积,--平方米,分摊面积--平方米,建筑面积,--平方米
项目楼栋情况,万科星宸大厦3栋,座号,--,合同号,--,拟售价格,71000元/平方米(按建筑面积计)楼层,01,房号,106,用途,商业,,建筑面积88.54平方米,户内面积,83.49平方米,分摊面积,5.05平方米,户内面积,--平方米,分摊面积--平方米,建筑面积,--平方米
项目楼栋情况,万科星宸大厦4栋,座号,--,合同号,--,拟售价格,131000元/平方米(按建筑面积计)楼层,01,房号,101,用途,商业,,建筑面积22.89平方米,户内面积,21.66平方米,分摊面积,1.23平方米,户内面积,--平方米,分摊面积--平方米,建筑面积,--平方米
项目楼栋情况,万科星宸大厦4栋,座号,--,合同号,--,拟售价格,93000元/平方米(按建筑面积计)楼层,01,房号,102,用途,商业,,建筑面积43.27平方米,户内面积,40.95平方米,分摊面积,2.32平方米,户内面积,--平方米,分摊面积--平方米,建筑面积,--平方米
项目楼栋情况,万科星宸大厦4栋,座号,--,合同号,--,拟售价格,91000元/平方米(按建筑面积计)楼层,01,房号,103,用途,商业,,建筑面积48.08平方米,户内面积,45.5平方米,分摊面积,2.58平方米,户内面积,--平方米,分摊面积--平方米,建筑面积,--平方米
项目楼栋情况,万科星宸大厦4栋,座号,--,合同号,--,拟售价格,91000元/平方米(按建筑面积计)楼层,01,房号,104,用途,商业,,建筑面积48.08平方米,户内面积,45.5平方米,分摊面积,2.58平方米,户内面积,--平方米,分摊面积--平方米,建筑面积,--平方米
项目楼栋情况,万科星宸大厦4栋,座号,--,合同号,--,拟售价格,72000元/平方米(按建筑面积计)楼层,01,房号,105,用途,商业,,建筑面积77.53平方米,户内面积,73.37平方米,分摊面积,4.16平方米,户内面积,--平方米,分摊面积--平方米,建筑面积,--平方米
项目楼栋情况,万科星宸大厦4栋,座号,--,合同号,--,拟售价格,90000元/平方米(按建筑面积计)楼层,01,房号,126,用途,商业,,建筑面积43.71平方米,户内面积,41.37平方米,分摊面积,2.34平方米,户内面积,--平方米,分摊面积--平方米,建筑面积,--平方米
