项目楼栋情况,悦千山雅园悦千山雅园1栋,座号,1栋,合同号,--,拟售价格,50527.9元/平方米(按建筑面积计)楼层,24,房号,24A,用途,住宅,,建筑面积64.06平方米,户内面积,49.58平方米,分摊面积,14.48平方米,户内面积,--平方米,分摊面积--平方米,建筑面积,--平方米
项目楼栋情况,悦千山雅园悦千山雅园1栋,座号,1栋,合同号,--,拟售价格,49641元/平方米(按建筑面积计)楼层,24,房号,24B,用途,住宅,,建筑面积64.3平方米,户内面积,49.77平方米,分摊面积,14.53平方米,户内面积,--平方米,分摊面积--平方米,建筑面积,--平方米
项目楼栋情况,悦千山雅园悦千山雅园1栋,座号,1栋,合同号,--,拟售价格,49137.42元/平方米(按建筑面积计)楼层,24,房号,24C,用途,住宅,,建筑面积64.3平方米,户内面积,49.77平方米,分摊面积,14.53平方米,户内面积,--平方米,分摊面积--平方米,建筑面积,--平方米
项目楼栋情况,悦千山雅园悦千山雅园1栋,座号,1栋,合同号,--,拟售价格,47935.79元/平方米(按建筑面积计)楼层,24,房号,24D,用途,住宅,,建筑面积64.3平方米,户内面积,49.77平方米,分摊面积,14.53平方米,户内面积,--平方米,分摊面积--平方米,建筑面积,--平方米
项目楼栋情况,悦千山雅园悦千山雅园1栋,座号,1栋,合同号,--,拟售价格,47392.21元/平方米(按建筑面积计)楼层,24,房号,24E,用途,住宅,,建筑面积64.3平方米,户内面积,49.77平方米,分摊面积,14.53平方米,户内面积,--平方米,分摊面积--平方米,建筑面积,--平方米
项目楼栋情况,悦千山雅园悦千山雅园1栋,座号,1栋,合同号,--,拟售价格,48845.63元/平方米(按建筑面积计)楼层,24,房号,24F,用途,住宅,,建筑面积64.3平方米,户内面积,49.77平方米,分摊面积,14.53平方米,户内面积,--平方米,分摊面积--平方米,建筑面积,--平方米
项目楼栋情况,悦千山雅园悦千山雅园1栋,座号,1栋,合同号,--,拟售价格,48611.03元/平方米(按建筑面积计)楼层,24,房号,24G,用途,住宅,,建筑面积64.3平方米,户内面积,49.77平方米,分摊面积,14.53平方米,户内面积,--平方米,分摊面积--平方米,建筑面积,--平方米
项目楼栋情况,悦千山雅园悦千山雅园1栋,座号,1栋,合同号,--,拟售价格,49080.23元/平方米(按建筑面积计)楼层,24,房号,24H,用途,住宅,,建筑面积64.3平方米,户内面积,49.77平方米,分摊面积,14.53平方米,户内面积,--平方米,分摊面积--平方米,建筑面积,--平方米
项目楼栋情况,悦千山雅园悦千山雅园1栋,座号,1栋,合同号,--,拟售价格,48828.44元/平方米(按建筑面积计)楼层,24,房号,24I,用途,住宅,,建筑面积64.3平方米,户内面积,49.77平方米,分摊面积,14.53平方米,户内面积,--平方米,分摊面积--平方米,建筑面积,--平方米
项目楼栋情况,悦千山雅园悦千山雅园1栋,座号,1栋,合同号,--,拟售价格,49185.52元/平方米(按建筑面积计)楼层,24,房号,24J,用途,住宅,,建筑面积64.17平方米,户内面积,49.67平方米,分摊面积,14.5平方米,户内面积,--平方米,分摊面积--平方米,建筑面积,--平方米
项目楼栋情况,悦千山雅园悦千山雅园1栋,座号,1栋,合同号,--,拟售价格,50242.59元/平方米(按建筑面积计)楼层,24,房号,24K,用途,住宅,,建筑面积88.61平方米,户内面积,68.57平方米,分摊面积,20.04平方米,户内面积,--平方米,分摊面积--平方米,建筑面积,--平方米
项目楼栋情况,悦千山雅园悦千山雅园1栋,座号,1栋,合同号,--,拟售价格,48879.92元/平方米(按建筑面积计)楼层,24,房号,24L,用途,住宅,,建筑面积64.3平方米,户内面积,49.77平方米,分摊面积,14.53平方米,户内面积,--平方米,分摊面积--平方米,建筑面积,--平方米
项目楼栋情况,悦千山雅园悦千山雅园1栋,座号,1栋,合同号,--,拟售价格,49005.82元/平方米(按建筑面积计)楼层,24,房号,24M,用途,住宅,,建筑面积64.3平方米,户内面积,49.77平方米,分摊面积,14.53平方米,户内面积,--平方米,分摊面积--平方米,建筑面积,--平方米
项目楼栋情况,悦千山雅园悦千山雅园1栋,座号,1栋,合同号,--,拟售价格,49085.94元/平方米(按建筑面积计)楼层,24,房号,24N,用途,住宅,,建筑面积64.3平方米,户内面积,49.77平方米,分摊面积,14.53平方米,户内面积,--平方米,分摊面积--平方米,建筑面积,--平方米
项目楼栋情况,悦千山雅园悦千山雅园1栋,座号,1栋,合同号,--,拟售价格,55606.59元/平方米(按建筑面积计)楼层,24,房号,24O,用途,住宅,,建筑面积91.69平方米,户内面积,70.85平方米,分摊面积,20.84平方米,户内面积,--平方米,分摊面积--平方米,建筑面积,--平方米
项目楼栋情况,悦千山雅园悦千山雅园1栋,座号,1栋,合同号,--,拟售价格,50473.53元/平方米(按建筑面积计)楼层,22,房号,22A,用途,住宅,,建筑面积63.39平方米,户内面积,49.04平方米,分摊面积,14.35平方米,户内面积,--平方米,分摊面积--平方米,建筑面积,--平方米
项目楼栋情况,悦千山雅园悦千山雅园1栋,座号,1栋,合同号,--,拟售价格,49586.63元/平方米(按建筑面积计)楼层,22,房号,22B,用途,住宅,,建筑面积63.63平方米,户内面积,49.23平方米,分摊面积,14.4平方米,户内面积,--平方米,分摊面积--平方米,建筑面积,--平方米
项目楼栋情况,悦千山雅园悦千山雅园1栋,座号,1栋,合同号,--,拟售价格,49083.06元/平方米(按建筑面积计)楼层,22,房号,22C,用途,住宅,,建筑面积63.63平方米,户内面积,49.23平方米,分摊面积,14.4平方米,户内面积,--平方米,分摊面积--平方米,建筑面积,--平方米
项目楼栋情况,悦千山雅园悦千山雅园1栋,座号,1栋,合同号,--,拟售价格,47881.42元/平方米(按建筑面积计)楼层,22,房号,22D,用途,住宅,,建筑面积63.63平方米,户内面积,49.23平方米,分摊面积,14.4平方米,户内面积,--平方米,分摊面积--平方米,建筑面积,--平方米
项目楼栋情况,悦千山雅园悦千山雅园1栋,座号,1栋,合同号,--,拟售价格,47337.84元/平方米(按建筑面积计)楼层,22,房号,22E,用途,住宅,,建筑面积63.63平方米,户内面积,49.23平方米,分摊面积,14.4平方米,户内面积,--平方米,分摊面积--平方米,建筑面积,--平方米
项目楼栋情况,悦千山雅园悦千山雅园1栋,座号,1栋,合同号,--,拟售价格,48791.26元/平方米(按建筑面积计)楼层,22,房号,22F,用途,住宅,,建筑面积63.63平方米,户内面积,49.23平方米,分摊面积,14.4平方米,户内面积,--平方米,分摊面积--平方米,建筑面积,--平方米
项目楼栋情况,悦千山雅园悦千山雅园1栋,座号,1栋,合同号,--,拟售价格,48556.66元/平方米(按建筑面积计)楼层,22,房号,22G,用途,住宅,,建筑面积63.63平方米,户内面积,49.23平方米,分摊面积,14.4平方米,户内面积,--平方米,分摊面积--平方米,建筑面积,--平方米
项目楼栋情况,悦千山雅园悦千山雅园1栋,座号,1栋,合同号,--,拟售价格,49025.88元/平方米(按建筑面积计)楼层,22,房号,22H,用途,住宅,,建筑面积63.63平方米,户内面积,49.23平方米,分摊面积,14.4平方米,户内面积,--平方米,分摊面积--平方米,建筑面积,--平方米
项目楼栋情况,悦千山雅园悦千山雅园1栋,座号,1栋,合同号,--,拟售价格,48774.08元/平方米(按建筑面积计)楼层,22,房号,22I,用途,住宅,,建筑面积63.63平方米,户内面积,49.23平方米,分摊面积,14.4平方米,户内面积,--平方米,分摊面积--平方米,建筑面积,--平方米
项目楼栋情况,悦千山雅园悦千山雅园1栋,座号,1栋,合同号,--,拟售价格,49131.17元/平方米(按建筑面积计)楼层,22,房号,22J,用途,住宅,,建筑面积63.5平方米,户内面积,49.13平方米,分摊面积,14.37平方米,户内面积,--平方米,分摊面积--平方米,建筑面积,--平方米
项目楼栋情况,悦千山雅园悦千山雅园1栋,座号,1栋,合同号,--,拟售价格,50188.23元/平方米(按建筑面积计)楼层,22,房号,22K,用途,住宅,,建筑面积87.87平方米,户内面积,67.97平方米,分摊面积,19.9平方米,户内面积,--平方米,分摊面积--平方米,建筑面积,--平方米
项目楼栋情况,悦千山雅园悦千山雅园1栋,座号,1栋,合同号,--,拟售价格,46651.27元/平方米(按建筑面积计)楼层,22,房号,22L,用途,住宅,,建筑面积63.63平方米,户内面积,49.23平方米,分摊面积,14.4平方米,户内面积,--平方米,分摊面积--平方米,建筑面积,--平方米
项目楼栋情况,悦千山雅园悦千山雅园1栋,座号,1栋,合同号,--,拟售价格,46777.15元/平方米(按建筑面积计)楼层,22,房号,22M,用途,住宅,,建筑面积63.63平方米,户内面积,49.23平方米,分摊面积,14.4平方米,户内面积,--平方米,分摊面积--平方米,建筑面积,--平方米
项目楼栋情况,悦千山雅园悦千山雅园1栋,座号,1栋,合同号,--,拟售价格,46857.27元/平方米(按建筑面积计)楼层,22,房号,22N,用途,住宅,,建筑面积63.63平方米,户内面积,49.23平方米,分摊面积,14.4平方米,户内面积,--平方米,分摊面积--平方米,建筑面积,--平方米
项目楼栋情况,悦千山雅园悦千山雅园1栋,座号,1栋,合同号,--,拟售价格,53377.91元/平方米(按建筑面积计)楼层,22,房号,22O,用途,住宅,,建筑面积91.69平方米,户内面积,70.85平方米,分摊面积,20.84平方米,户内面积,--平方米,分摊面积--平方米,建筑面积,--平方米
项目楼栋情况,悦千山雅园悦千山雅园1栋,座号,1栋,合同号,--,拟售价格,50310.46元/平方米(按建筑面积计)楼层,20,房号,20A,用途,住宅,,建筑面积63.39平方米,户内面积,49.04平方米,分摊面积,14.35平方米,户内面积,--平方米,分摊面积--平方米,建筑面积,--平方米
项目楼栋情况,悦千山雅园悦千山雅园1栋,座号,1栋,合同号,--,拟售价格,49423.56元/平方米(按建筑面积计)楼层,20,房号,20B,用途,住宅,,建筑面积63.63平方米,户内面积,49.23平方米,分摊面积,14.4平方米,户内面积,--平方米,分摊面积--平方米,建筑面积,--平方米
项目楼栋情况,悦千山雅园悦千山雅园1栋,座号,1栋,合同号,--,拟售价格,48919.99元/平方米(按建筑面积计)楼层,20,房号,20C,用途,住宅,,建筑面积63.63平方米,户内面积,49.23平方米,分摊面积,14.4平方米,户内面积,--平方米,分摊面积--平方米,建筑面积,--平方米
项目楼栋情况,悦千山雅园悦千山雅园1栋,座号,1栋,合同号,--,拟售价格,47718.36元/平方米(按建筑面积计)楼层,20,房号,20D,用途,住宅,,建筑面积63.63平方米,户内面积,49.23平方米,分摊面积,14.4平方米,户内面积,--平方米,分摊面积--平方米,建筑面积,--平方米
项目楼栋情况,悦千山雅园悦千山雅园1栋,座号,1栋,合同号,--,拟售价格,47174.78元/平方米(按建筑面积计)楼层,20,房号,20E,用途,住宅,,建筑面积63.63平方米,户内面积,49.23平方米,分摊面积,14.4平方米,户内面积,--平方米,分摊面积--平方米,建筑面积,--平方米
项目楼栋情况,悦千山雅园悦千山雅园1栋,座号,1栋,合同号,--,拟售价格,48628.19元/平方米(按建筑面积计)楼层,20,房号,20F,用途,住宅,,建筑面积63.63平方米,户内面积,49.23平方米,分摊面积,14.4平方米,户内面积,--平方米,分摊面积--平方米,建筑面积,--平方米
项目楼栋情况,悦千山雅园悦千山雅园1栋,座号,1栋,合同号,--,拟售价格,48393.59元/平方米(按建筑面积计)楼层,20,房号,20G,用途,住宅,,建筑面积63.63平方米,户内面积,49.23平方米,分摊面积,14.4平方米,户内面积,--平方米,分摊面积--平方米,建筑面积,--平方米
项目楼栋情况,悦千山雅园悦千山雅园1栋,座号,1栋,合同号,--,拟售价格,48862.8元/平方米(按建筑面积计)楼层,20,房号,20H,用途,住宅,,建筑面积63.63平方米,户内面积,49.23平方米,分摊面积,14.4平方米,户内面积,--平方米,分摊面积--平方米,建筑面积,--平方米
项目楼栋情况,悦千山雅园悦千山雅园1栋,座号,1栋,合同号,--,拟售价格,48611.02元/平方米(按建筑面积计)楼层,20,房号,20I,用途,住宅,,建筑面积63.63平方米,户内面积,49.23平方米,分摊面积,14.4平方米,户内面积,--平方米,分摊面积--平方米,建筑面积,--平方米
项目楼栋情况,悦千山雅园悦千山雅园1栋,座号,1栋,合同号,--,拟售价格,48968.09元/平方米(按建筑面积计)楼层,20,房号,20J,用途,住宅,,建筑面积63.5平方米,户内面积,49.13平方米,分摊面积,14.37平方米,户内面积,--平方米,分摊面积--平方米,建筑面积,--平方米
项目楼栋情况,悦千山雅园悦千山雅园1栋,座号,1栋,合同号,--,拟售价格,50025.16元/平方米(按建筑面积计)楼层,20,房号,20K,用途,住宅,,建筑面积87.87平方米,户内面积,67.97平方米,分摊面积,19.9平方米,户内面积,--平方米,分摊面积--平方米,建筑面积,--平方米
项目楼栋情况,悦千山雅园悦千山雅园1栋,座号,1栋,合同号,--,拟售价格,46488.18元/平方米(按建筑面积计)楼层,20,房号,20L,用途,住宅,,建筑面积63.63平方米,户内面积,49.23平方米,分摊面积,14.4平方米,户内面积,--平方米,分摊面积--平方米,建筑面积,--平方米
项目楼栋情况,悦千山雅园悦千山雅园1栋,座号,1栋,合同号,--,拟售价格,46614.08元/平方米(按建筑面积计)楼层,20,房号,20M,用途,住宅,,建筑面积63.63平方米,户内面积,49.23平方米,分摊面积,14.4平方米,户内面积,--平方米,分摊面积--平方米,建筑面积,--平方米
项目楼栋情况,悦千山雅园悦千山雅园1栋,座号,1栋,合同号,--,拟售价格,46694.2元/平方米(按建筑面积计)楼层,20,房号,20N,用途,住宅,,建筑面积63.63平方米,户内面积,49.23平方米,分摊面积,14.4平方米,户内面积,--平方米,分摊面积--平方米,建筑面积,--平方米
项目楼栋情况,悦千山雅园悦千山雅园1栋,座号,1栋,合同号,--,拟售价格,53214.84元/平方米(按建筑面积计)楼层,20,房号,20O,用途,住宅,,建筑面积91.69平方米,户内面积,70.85平方米,分摊面积,20.84平方米,户内面积,--平方米,分摊面积--平方米,建筑面积,--平方米
项目楼栋情况,悦千山雅园悦千山雅园1栋,座号,1栋,合同号,--,拟售价格,50147.39元/平方米(按建筑面积计)楼层,18,房号,18A,用途,住宅,,建筑面积63.39平方米,户内面积,49.04平方米,分摊面积,14.35平方米,户内面积,--平方米,分摊面积--平方米,建筑面积,--平方米
项目楼栋情况,悦千山雅园悦千山雅园1栋,座号,1栋,合同号,--,拟售价格,49260.49元/平方米(按建筑面积计)楼层,18,房号,18B,用途,住宅,,建筑面积63.63平方米,户内面积,49.23平方米,分摊面积,14.4平方米,户内面积,--平方米,分摊面积--平方米,建筑面积,--平方米
项目楼栋情况,悦千山雅园悦千山雅园1栋,座号,1栋,合同号,--,拟售价格,48756.92元/平方米(按建筑面积计)楼层,18,房号,18C,用途,住宅,,建筑面积63.63平方米,户内面积,49.23平方米,分摊面积,14.4平方米,户内面积,--平方米,分摊面积--平方米,建筑面积,--平方米
项目楼栋情况,悦千山雅园悦千山雅园1栋,座号,1栋,合同号,--,拟售价格,47555.29元/平方米(按建筑面积计)楼层,18,房号,18D,用途,住宅,,建筑面积63.63平方米,户内面积,49.23平方米,分摊面积,14.4平方米,户内面积,--平方米,分摊面积--平方米,建筑面积,--平方米
项目楼栋情况,悦千山雅园悦千山雅园1栋,座号,1栋,合同号,--,拟售价格,47011.71元/平方米(按建筑面积计)楼层,18,房号,18E,用途,住宅,,建筑面积63.63平方米,户内面积,49.23平方米,分摊面积,14.4平方米,户内面积,--平方米,分摊面积--平方米,建筑面积,--平方米
项目楼栋情况,悦千山雅园悦千山雅园1栋,座号,1栋,合同号,--,拟售价格,48465.13元/平方米(按建筑面积计)楼层,18,房号,18F,用途,住宅,,建筑面积63.63平方米,户内面积,49.23平方米,分摊面积,14.4平方米,户内面积,--平方米,分摊面积--平方米,建筑面积,--平方米
项目楼栋情况,悦千山雅园悦千山雅园1栋,座号,1栋,合同号,--,拟售价格,48230.52元/平方米(按建筑面积计)楼层,18,房号,18G,用途,住宅,,建筑面积63.63平方米,户内面积,49.23平方米,分摊面积,14.4平方米,户内面积,--平方米,分摊面积--平方米,建筑面积,--平方米
项目楼栋情况,悦千山雅园悦千山雅园1栋,座号,1栋,合同号,--,拟售价格,48699.73元/平方米(按建筑面积计)楼层,18,房号,18H,用途,住宅,,建筑面积63.63平方米,户内面积,49.23平方米,分摊面积,14.4平方米,户内面积,--平方米,分摊面积--平方米,建筑面积,--平方米
项目楼栋情况,悦千山雅园悦千山雅园1栋,座号,1栋,合同号,--,拟售价格,48447.95元/平方米(按建筑面积计)楼层,18,房号,18I,用途,住宅,,建筑面积63.63平方米,户内面积,49.23平方米,分摊面积,14.4平方米,户内面积,--平方米,分摊面积--平方米,建筑面积,--平方米
项目楼栋情况,悦千山雅园悦千山雅园1栋,座号,1栋,合同号,--,拟售价格,48805.02元/平方米(按建筑面积计)楼层,18,房号,18J,用途,住宅,,建筑面积63.5平方米,户内面积,49.13平方米,分摊面积,14.37平方米,户内面积,--平方米,分摊面积--平方米,建筑面积,--平方米
项目楼栋情况,悦千山雅园悦千山雅园1栋,座号,1栋,合同号,--,拟售价格,49862.09元/平方米(按建筑面积计)楼层,18,房号,18K,用途,住宅,,建筑面积87.87平方米,户内面积,67.97平方米,分摊面积,19.9平方米,户内面积,--平方米,分摊面积--平方米,建筑面积,--平方米
项目楼栋情况,悦千山雅园悦千山雅园1栋,座号,1栋,合同号,--,拟售价格,46325.11元/平方米(按建筑面积计)楼层,18,房号,18L,用途,住宅,,建筑面积63.63平方米,户内面积,49.23平方米,分摊面积,14.4平方米,户内面积,--平方米,分摊面积--平方米,建筑面积,--平方米
项目楼栋情况,悦千山雅园悦千山雅园1栋,座号,1栋,合同号,--,拟售价格,46451元/平方米(按建筑面积计)楼层,18,房号,18M,用途,住宅,,建筑面积63.63平方米,户内面积,49.23平方米,分摊面积,14.4平方米,户内面积,--平方米,分摊面积--平方米,建筑面积,--平方米
项目楼栋情况,悦千山雅园悦千山雅园1栋,座号,1栋,合同号,--,拟售价格,46531.13元/平方米(按建筑面积计)楼层,18,房号,18N,用途,住宅,,建筑面积63.63平方米,户内面积,49.23平方米,分摊面积,14.4平方米,户内面积,--平方米,分摊面积--平方米,建筑面积,--平方米
项目楼栋情况,悦千山雅园悦千山雅园1栋,座号,1栋,合同号,--,拟售价格,53051.77元/平方米(按建筑面积计)楼层,18,房号,18O,用途,住宅,,建筑面积91.69平方米,户内面积,70.85平方米,分摊面积,20.84平方米,户内面积,--平方米,分摊面积--平方米,建筑面积,--平方米
项目楼栋情况,悦千山雅园悦千山雅园1栋,座号,1栋,合同号,--,拟售价格,49984.32元/平方米(按建筑面积计)楼层,16,房号,16A,用途,住宅,,建筑面积63.39平方米,户内面积,49.04平方米,分摊面积,14.35平方米,户内面积,--平方米,分摊面积--平方米,建筑面积,--平方米
项目楼栋情况,悦千山雅园悦千山雅园1栋,座号,1栋,合同号,--,拟售价格,49097.41元/平方米(按建筑面积计)楼层,16,房号,16B,用途,住宅,,建筑面积63.63平方米,户内面积,49.23平方米,分摊面积,14.4平方米,户内面积,--平方米,分摊面积--平方米,建筑面积,--平方米
项目楼栋情况,悦千山雅园悦千山雅园1栋,座号,1栋,合同号,--,拟售价格,48593.84元/平方米(按建筑面积计)楼层,16,房号,16C,用途,住宅,,建筑面积63.63平方米,户内面积,49.23平方米,分摊面积,14.4平方米,户内面积,--平方米,分摊面积--平方米,建筑面积,--平方米
项目楼栋情况,悦千山雅园悦千山雅园1栋,座号,1栋,合同号,--,拟售价格,47392.2元/平方米(按建筑面积计)楼层,16,房号,16D,用途,住宅,,建筑面积63.63平方米,户内面积,49.23平方米,分摊面积,14.4平方米,户内面积,--平方米,分摊面积--平方米,建筑面积,--平方米
项目楼栋情况,悦千山雅园悦千山雅园1栋,座号,1栋,合同号,--,拟售价格,46848.62元/平方米(按建筑面积计)楼层,16,房号,16E,用途,住宅,,建筑面积63.63平方米,户内面积,49.23平方米,分摊面积,14.4平方米,户内面积,--平方米,分摊面积--平方米,建筑面积,--平方米
项目楼栋情况,悦千山雅园悦千山雅园1栋,座号,1栋,合同号,--,拟售价格,48302.04元/平方米(按建筑面积计)楼层,16,房号,16F,用途,住宅,,建筑面积63.63平方米,户内面积,49.23平方米,分摊面积,14.4平方米,户内面积,--平方米,分摊面积--平方米,建筑面积,--平方米
项目楼栋情况,悦千山雅园悦千山雅园1栋,座号,1栋,合同号,--,拟售价格,48067.44元/平方米(按建筑面积计)楼层,16,房号,16G,用途,住宅,,建筑面积63.63平方米,户内面积,49.23平方米,分摊面积,14.4平方米,户内面积,--平方米,分摊面积--平方米,建筑面积,--平方米
项目楼栋情况,悦千山雅园悦千山雅园1栋,座号,1栋,合同号,--,拟售价格,48536.67元/平方米(按建筑面积计)楼层,16,房号,16H,用途,住宅,,建筑面积63.63平方米,户内面积,49.23平方米,分摊面积,14.4平方米,户内面积,--平方米,分摊面积--平方米,建筑面积,--平方米
项目楼栋情况,悦千山雅园悦千山雅园1栋,座号,1栋,合同号,--,拟售价格,48284.87元/平方米(按建筑面积计)楼层,16,房号,16I,用途,住宅,,建筑面积63.63平方米,户内面积,49.23平方米,分摊面积,14.4平方米,户内面积,--平方米,分摊面积--平方米,建筑面积,--平方米
项目楼栋情况,悦千山雅园悦千山雅园1栋,座号,1栋,合同号,--,拟售价格,48641.95元/平方米(按建筑面积计)楼层,16,房号,16J,用途,住宅,,建筑面积63.5平方米,户内面积,49.13平方米,分摊面积,14.37平方米,户内面积,--平方米,分摊面积--平方米,建筑面积,--平方米
项目楼栋情况,悦千山雅园悦千山雅园1栋,座号,1栋,合同号,--,拟售价格,49699.02元/平方米(按建筑面积计)楼层,16,房号,16K,用途,住宅,,建筑面积87.87平方米,户内面积,67.97平方米,分摊面积,19.9平方米,户内面积,--平方米,分摊面积--平方米,建筑面积,--平方米
项目楼栋情况,悦千山雅园悦千山雅园1栋,座号,1栋,合同号,--,拟售价格,46162.03元/平方米(按建筑面积计)楼层,16,房号,16L,用途,住宅,,建筑面积63.63平方米,户内面积,49.23平方米,分摊面积,14.4平方米,户内面积,--平方米,分摊面积--平方米,建筑面积,--平方米
项目楼栋情况,悦千山雅园悦千山雅园1栋,座号,1栋,合同号,--,拟售价格,46287.93元/平方米(按建筑面积计)楼层,16,房号,16M,用途,住宅,,建筑面积63.63平方米,户内面积,49.23平方米,分摊面积,14.4平方米,户内面积,--平方米,分摊面积--平方米,建筑面积,--平方米
项目楼栋情况,悦千山雅园悦千山雅园1栋,座号,1栋,合同号,--,拟售价格,46368.05元/平方米(按建筑面积计)楼层,16,房号,16N,用途,住宅,,建筑面积63.63平方米,户内面积,49.23平方米,分摊面积,14.4平方米,户内面积,--平方米,分摊面积--平方米,建筑面积,--平方米
项目楼栋情况,悦千山雅园悦千山雅园1栋,座号,1栋,合同号,--,拟售价格,52888.7元/平方米(按建筑面积计)楼层,16,房号,16O,用途,住宅,,建筑面积91.69平方米,户内面积,70.85平方米,分摊面积,20.84平方米,户内面积,--平方米,分摊面积--平方米,建筑面积,--平方米
项目楼栋情况,悦千山雅园悦千山雅园1栋,座号,1栋,合同号,--,拟售价格,49603.8元/平方米(按建筑面积计)楼层,14,房号,14A,用途,住宅,,建筑面积63.39平方米,户内面积,49.04平方米,分摊面积,14.35平方米,户内面积,--平方米,分摊面积--平方米,建筑面积,--平方米
项目楼栋情况,悦千山雅园悦千山雅园1栋,座号,1栋,合同号,--,拟售价格,48716.91元/平方米(按建筑面积计)楼层,14,房号,14B,用途,住宅,,建筑面积63.63平方米,户内面积,49.23平方米,分摊面积,14.4平方米,户内面积,--平方米,分摊面积--平方米,建筑面积,--平方米
项目楼栋情况,悦千山雅园悦千山雅园1栋,座号,1栋,合同号,--,拟售价格,48213.34元/平方米(按建筑面积计)楼层,14,房号,14C,用途,住宅,,建筑面积63.63平方米,户内面积,49.23平方米,分摊面积,14.4平方米,户内面积,--平方米,分摊面积--平方米,建筑面积,--平方米
项目楼栋情况,悦千山雅园悦千山雅园1栋,座号,1栋,合同号,--,拟售价格,47011.71元/平方米(按建筑面积计)楼层,14,房号,14D,用途,住宅,,建筑面积63.63平方米,户内面积,49.23平方米,分摊面积,14.4平方米,户内面积,--平方米,分摊面积--平方米,建筑面积,--平方米
项目楼栋情况,悦千山雅园悦千山雅园1栋,座号,1栋,合同号,--,拟售价格,46468.13元/平方米(按建筑面积计)楼层,14,房号,14E,用途,住宅,,建筑面积63.63平方米,户内面积,49.23平方米,分摊面积,14.4平方米,户内面积,--平方米,分摊面积--平方米,建筑面积,--平方米
项目楼栋情况,悦千山雅园悦千山雅园1栋,座号,1栋,合同号,--,拟售价格,47921.55元/平方米(按建筑面积计)楼层,14,房号,14F,用途,住宅,,建筑面积63.63平方米,户内面积,49.23平方米,分摊面积,14.4平方米,户内面积,--平方米,分摊面积--平方米,建筑面积,--平方米
项目楼栋情况,悦千山雅园悦千山雅园1栋,座号,1栋,合同号,--,拟售价格,47686.94元/平方米(按建筑面积计)楼层,14,房号,14G,用途,住宅,,建筑面积63.63平方米,户内面积,49.23平方米,分摊面积,14.4平方米,户内面积,--平方米,分摊面积--平方米,建筑面积,--平方米
项目楼栋情况,悦千山雅园悦千山雅园1栋,座号,1栋,合同号,--,拟售价格,48156.15元/平方米(按建筑面积计)楼层,14,房号,14H,用途,住宅,,建筑面积63.63平方米,户内面积,49.23平方米,分摊面积,14.4平方米,户内面积,--平方米,分摊面积--平方米,建筑面积,--平方米
项目楼栋情况,悦千山雅园悦千山雅园1栋,座号,1栋,合同号,--,拟售价格,47904.37元/平方米(按建筑面积计)楼层,14,房号,14I,用途,住宅,,建筑面积63.63平方米,户内面积,49.23平方米,分摊面积,14.4平方米,户内面积,--平方米,分摊面积--平方米,建筑面积,--平方米
项目楼栋情况,悦千山雅园悦千山雅园1栋,座号,1栋,合同号,--,拟售价格,48261.45元/平方米(按建筑面积计)楼层,14,房号,14J,用途,住宅,,建筑面积63.5平方米,户内面积,49.13平方米,分摊面积,14.37平方米,户内面积,--平方米,分摊面积--平方米,建筑面积,--平方米
项目楼栋情况,悦千山雅园悦千山雅园1栋,座号,1栋,合同号,--,拟售价格,49318.52元/平方米(按建筑面积计)楼层,14,房号,14K,用途,住宅,,建筑面积87.87平方米,户内面积,67.97平方米,分摊面积,19.9平方米,户内面积,--平方米,分摊面积--平方米,建筑面积,--平方米
项目楼栋情况,悦千山雅园悦千山雅园1栋,座号,1栋,合同号,--,拟售价格,45781.53元/平方米(按建筑面积计)楼层,14,房号,14L,用途,住宅,,建筑面积63.63平方米,户内面积,49.23平方米,分摊面积,14.4平方米,户内面积,--平方米,分摊面积--平方米,建筑面积,--平方米
项目楼栋情况,悦千山雅园悦千山雅园1栋,座号,1栋,合同号,--,拟售价格,45907.42元/平方米(按建筑面积计)楼层,14,房号,14M,用途,住宅,,建筑面积63.63平方米,户内面积,49.23平方米,分摊面积,14.4平方米,户内面积,--平方米,分摊面积--平方米,建筑面积,--平方米
项目楼栋情况,悦千山雅园悦千山雅园1栋,座号,1栋,合同号,--,拟售价格,45987.55元/平方米(按建筑面积计)楼层,14,房号,14N,用途,住宅,,建筑面积63.83平方米,户内面积,49.38平方米,分摊面积,14.45平方米,户内面积,--平方米,分摊面积--平方米,建筑面积,--平方米
项目楼栋情况,悦千山雅园悦千山雅园1栋,座号,1栋,合同号,--,拟售价格,52508.19元/平方米(按建筑面积计)楼层,14,房号,14O,用途,住宅,,建筑面积91.41平方米,户内面积,70.64平方米,分摊面积,20.77平方米,户内面积,--平方米,分摊面积--平方米,建筑面积,--平方米
项目楼栋情况,悦千山雅园悦千山雅园1栋,座号,1栋,合同号,--,拟售价格,49549.46元/平方米(按建筑面积计)楼层,12,房号,12A,用途,住宅,,建筑面积63.39平方米,户内面积,49.04平方米,分摊面积,14.35平方米,户内面积,--平方米,分摊面积--平方米,建筑面积,--平方米
项目楼栋情况,悦千山雅园悦千山雅园1栋,座号,1栋,合同号,--,拟售价格,48662.55元/平方米(按建筑面积计)楼层,12,房号,12B,用途,住宅,,建筑面积63.63平方米,户内面积,49.23平方米,分摊面积,14.4平方米,户内面积,--平方米,分摊面积--平方米,建筑面积,--平方米
项目楼栋情况,悦千山雅园悦千山雅园1栋,座号,1栋,合同号,--,拟售价格,48158.98元/平方米(按建筑面积计)楼层,12,房号,12C,用途,住宅,,建筑面积63.63平方米,户内面积,49.23平方米,分摊面积,14.4平方米,户内面积,--平方米,分摊面积--平方米,建筑面积,--平方米
项目楼栋情况,悦千山雅园悦千山雅园1栋,座号,1栋,合同号,--,拟售价格,46957.35元/平方米(按建筑面积计)楼层,12,房号,12D,用途,住宅,,建筑面积63.63平方米,户内面积,49.23平方米,分摊面积,14.4平方米,户内面积,--平方米,分摊面积--平方米,建筑面积,--平方米
项目楼栋情况,悦千山雅园悦千山雅园1栋,座号,1栋,合同号,--,拟售价格,46413.77元/平方米(按建筑面积计)楼层,12,房号,12E,用途,住宅,,建筑面积63.63平方米,户内面积,49.23平方米,分摊面积,14.4平方米,户内面积,--平方米,分摊面积--平方米,建筑面积,--平方米
项目楼栋情况,悦千山雅园悦千山雅园1栋,座号,1栋,合同号,--,拟售价格,47867.19元/平方米(按建筑面积计)楼层,12,房号,12F,用途,住宅,,建筑面积63.63平方米,户内面积,49.23平方米,分摊面积,14.4平方米,户内面积,--平方米,分摊面积--平方米,建筑面积,--平方米
项目楼栋情况,悦千山雅园悦千山雅园1栋,座号,1栋,合同号,--,拟售价格,47632.58元/平方米(按建筑面积计)楼层,12,房号,12G,用途,住宅,,建筑面积63.63平方米,户内面积,49.23平方米,分摊面积,14.4平方米,户内面积,--平方米,分摊面积--平方米,建筑面积,--平方米
项目楼栋情况,悦千山雅园悦千山雅园1栋,座号,1栋,合同号,--,拟售价格,48101.79元/平方米(按建筑面积计)楼层,12,房号,12H,用途,住宅,,建筑面积63.63平方米,户内面积,49.23平方米,分摊面积,14.4平方米,户内面积,--平方米,分摊面积--平方米,建筑面积,--平方米
项目楼栋情况,悦千山雅园悦千山雅园1栋,座号,1栋,合同号,--,拟售价格,47850.01元/平方米(按建筑面积计)楼层,12,房号,12I,用途,住宅,,建筑面积63.63平方米,户内面积,49.23平方米,分摊面积,14.4平方米,户内面积,--平方米,分摊面积--平方米,建筑面积,--平方米
项目楼栋情况,悦千山雅园悦千山雅园1栋,座号,1栋,合同号,--,拟售价格,48207.09元/平方米(按建筑面积计)楼层,12,房号,12J,用途,住宅,,建筑面积63.5平方米,户内面积,49.13平方米,分摊面积,14.37平方米,户内面积,--平方米,分摊面积--平方米,建筑面积,--平方米
项目楼栋情况,悦千山雅园悦千山雅园1栋,座号,1栋,合同号,--,拟售价格,49264.15元/平方米(按建筑面积计)楼层,12,房号,12K,用途,住宅,,建筑面积87.87平方米,户内面积,67.97平方米,分摊面积,19.9平方米,户内面积,--平方米,分摊面积--平方米,建筑面积,--平方米
项目楼栋情况,悦千山雅园悦千山雅园1栋,座号,1栋,合同号,--,拟售价格,45727.17元/平方米(按建筑面积计)楼层,12,房号,12L,用途,住宅,,建筑面积63.63平方米,户内面积,49.23平方米,分摊面积,14.4平方米,户内面积,--平方米,分摊面积--平方米,建筑面积,--平方米
项目楼栋情况,悦千山雅园悦千山雅园1栋,座号,1栋,合同号,--,拟售价格,45853.07元/平方米(按建筑面积计)楼层,12,房号,12M,用途,住宅,,建筑面积63.63平方米,户内面积,49.23平方米,分摊面积,14.4平方米,户内面积,--平方米,分摊面积--平方米,建筑面积,--平方米
项目楼栋情况,悦千山雅园悦千山雅园1栋,座号,1栋,合同号,--,拟售价格,45933.19元/平方米(按建筑面积计)楼层,12,房号,12N,用途,住宅,,建筑面积64.02平方米,户内面积,49.53平方米,分摊面积,14.49平方米,户内面积,--平方米,分摊面积--平方米,建筑面积,--平方米
项目楼栋情况,悦千山雅园悦千山雅园1栋,座号,1栋,合同号,--,拟售价格,52453.83元/平方米(按建筑面积计)楼层,12,房号,12O,用途,住宅,,建筑面积91.15平方米,户内面积,70.43平方米,分摊面积,20.72平方米,户内面积,--平方米,分摊面积--平方米,建筑面积,--平方米
项目楼栋情况,悦千山雅园悦千山雅园1栋,座号,1栋,合同号,--,拟售价格,49386.39元/平方米(按建筑面积计)楼层,10,房号,10A,用途,住宅,,建筑面积63.39平方米,户内面积,49.04平方米,分摊面积,14.35平方米,户内面积,--平方米,分摊面积--平方米,建筑面积,--平方米
项目楼栋情况,悦千山雅园悦千山雅园1栋,座号,1栋,合同号,--,拟售价格,48499.48元/平方米(按建筑面积计)楼层,10,房号,10B,用途,住宅,,建筑面积63.63平方米,户内面积,49.23平方米,分摊面积,14.4平方米,户内面积,--平方米,分摊面积--平方米,建筑面积,--平方米
项目楼栋情况,悦千山雅园悦千山雅园1栋,座号,1栋,合同号,--,拟售价格,47995.91元/平方米(按建筑面积计)楼层,10,房号,10C,用途,住宅,,建筑面积63.63平方米,户内面积,49.23平方米,分摊面积,14.4平方米,户内面积,--平方米,分摊面积--平方米,建筑面积,--平方米
项目楼栋情况,悦千山雅园悦千山雅园1栋,座号,1栋,合同号,--,拟售价格,46794.28元/平方米(按建筑面积计)楼层,10,房号,10D,用途,住宅,,建筑面积63.63平方米,户内面积,49.23平方米,分摊面积,14.4平方米,户内面积,--平方米,分摊面积--平方米,建筑面积,--平方米
项目楼栋情况,悦千山雅园悦千山雅园1栋,座号,1栋,合同号,--,拟售价格,46250.7元/平方米(按建筑面积计)楼层,10,房号,10E,用途,住宅,,建筑面积63.63平方米,户内面积,49.23平方米,分摊面积,14.4平方米,户内面积,--平方米,分摊面积--平方米,建筑面积,--平方米
项目楼栋情况,悦千山雅园悦千山雅园1栋,座号,1栋,合同号,--,拟售价格,47704.12元/平方米(按建筑面积计)楼层,10,房号,10F,用途,住宅,,建筑面积63.63平方米,户内面积,49.23平方米,分摊面积,14.4平方米,户内面积,--平方米,分摊面积--平方米,建筑面积,--平方米
项目楼栋情况,悦千山雅园悦千山雅园1栋,座号,1栋,合同号,--,拟售价格,47469.51元/平方米(按建筑面积计)楼层,10,房号,10G,用途,住宅,,建筑面积63.63平方米,户内面积,49.23平方米,分摊面积,14.4平方米,户内面积,--平方米,分摊面积--平方米,建筑面积,--平方米
项目楼栋情况,悦千山雅园悦千山雅园1栋,座号,1栋,合同号,--,拟售价格,47938.72元/平方米(按建筑面积计)楼层,10,房号,10H,用途,住宅,,建筑面积63.63平方米,户内面积,49.23平方米,分摊面积,14.4平方米,户内面积,--平方米,分摊面积--平方米,建筑面积,--平方米
项目楼栋情况,悦千山雅园悦千山雅园1栋,座号,1栋,合同号,--,拟售价格,47686.94元/平方米(按建筑面积计)楼层,10,房号,10I,用途,住宅,,建筑面积63.63平方米,户内面积,49.23平方米,分摊面积,14.4平方米,户内面积,--平方米,分摊面积--平方米,建筑面积,--平方米
项目楼栋情况,悦千山雅园悦千山雅园1栋,座号,1栋,合同号,--,拟售价格,48044.02元/平方米(按建筑面积计)楼层,10,房号,10J,用途,住宅,,建筑面积63.5平方米,户内面积,49.13平方米,分摊面积,14.37平方米,户内面积,--平方米,分摊面积--平方米,建筑面积,--平方米
项目楼栋情况,悦千山雅园悦千山雅园1栋,座号,1栋,合同号,--,拟售价格,49101.08元/平方米(按建筑面积计)楼层,10,房号,10K,用途,住宅,,建筑面积87.87平方米,户内面积,67.97平方米,分摊面积,19.9平方米,户内面积,--平方米,分摊面积--平方米,建筑面积,--平方米
项目楼栋情况,悦千山雅园悦千山雅园1栋,座号,1栋,合同号,--,拟售价格,45564.1元/平方米(按建筑面积计)楼层,10,房号,10L,用途,住宅,,建筑面积63.63平方米,户内面积,49.23平方米,分摊面积,14.4平方米,户内面积,--平方米,分摊面积--平方米,建筑面积,--平方米
项目楼栋情况,悦千山雅园悦千山雅园1栋,座号,1栋,合同号,--,拟售价格,45689.99元/平方米(按建筑面积计)楼层,10,房号,10M,用途,住宅,,建筑面积63.63平方米,户内面积,49.23平方米,分摊面积,14.4平方米,户内面积,--平方米,分摊面积--平方米,建筑面积,--平方米
项目楼栋情况,悦千山雅园悦千山雅园1栋,座号,1栋,合同号,--,拟售价格,45770.12元/平方米(按建筑面积计)楼层,10,房号,10N,用途,住宅,,建筑面积64.02平方米,户内面积,49.53平方米,分摊面积,14.49平方米,户内面积,--平方米,分摊面积--平方米,建筑面积,--平方米
项目楼栋情况,悦千山雅园悦千山雅园1栋,座号,1栋,合同号,--,拟售价格,52290.76元/平方米(按建筑面积计)楼层,10,房号,10O,用途,住宅,,建筑面积91.15平方米,户内面积,70.43平方米,分摊面积,20.72平方米,户内面积,--平方米,分摊面积--平方米,建筑面积,--平方米
项目楼栋情况,悦千山雅园悦千山雅园1栋,座号,1栋,合同号,--,拟售价格,48897.16元/平方米(按建筑面积计)楼层,08,房号,8A,用途,住宅,,建筑面积63.39平方米,户内面积,49.04平方米,分摊面积,14.35平方米,户内面积,--平方米,分摊面积--平方米,建筑面积,--平方米
项目楼栋情况,悦千山雅园悦千山雅园1栋,座号,1栋,合同号,--,拟售价格,48010.26元/平方米(按建筑面积计)楼层,08,房号,8B,用途,住宅,,建筑面积63.63平方米,户内面积,49.23平方米,分摊面积,14.4平方米,户内面积,--平方米,分摊面积--平方米,建筑面积,--平方米
项目楼栋情况,悦千山雅园悦千山雅园1栋,座号,1栋,合同号,--,拟售价格,47506.68元/平方米(按建筑面积计)楼层,08,房号,8C,用途,住宅,,建筑面积63.63平方米,户内面积,49.23平方米,分摊面积,14.4平方米,户内面积,--平方米,分摊面积--平方米,建筑面积,--平方米
项目楼栋情况,悦千山雅园悦千山雅园1栋,座号,1栋,合同号,--,拟售价格,46305.04元/平方米(按建筑面积计)楼层,08,房号,8D,用途,住宅,,建筑面积63.63平方米,户内面积,49.23平方米,分摊面积,14.4平方米,户内面积,--平方米,分摊面积--平方米,建筑面积,--平方米
项目楼栋情况,悦千山雅园悦千山雅园1栋,座号,1栋,合同号,--,拟售价格,45761.48元/平方米(按建筑面积计)楼层,08,房号,8E,用途,住宅,,建筑面积63.63平方米,户内面积,49.23平方米,分摊面积,14.4平方米,户内面积,--平方米,分摊面积--平方米,建筑面积,--平方米
项目楼栋情况,悦千山雅园悦千山雅园1栋,座号,1栋,合同号,--,拟售价格,47214.9元/平方米(按建筑面积计)楼层,08,房号,8F,用途,住宅,,建筑面积63.63平方米,户内面积,49.23平方米,分摊面积,14.4平方米,户内面积,--平方米,分摊面积--平方米,建筑面积,--平方米
项目楼栋情况,悦千山雅园悦千山雅园1栋,座号,1栋,合同号,--,拟售价格,46980.29元/平方米(按建筑面积计)楼层,08,房号,8G,用途,住宅,,建筑面积63.63平方米,户内面积,49.23平方米,分摊面积,14.4平方米,户内面积,--平方米,分摊面积--平方米,建筑面积,--平方米
项目楼栋情况,悦千山雅园悦千山雅园1栋,座号,1栋,合同号,--,拟售价格,47449.5元/平方米(按建筑面积计)楼层,08,房号,8H,用途,住宅,,建筑面积63.63平方米,户内面积,49.23平方米,分摊面积,14.4平方米,户内面积,--平方米,分摊面积--平方米,建筑面积,--平方米
项目楼栋情况,悦千山雅园悦千山雅园1栋,座号,1栋,合同号,--,拟售价格,47197.72元/平方米(按建筑面积计)楼层,08,房号,8I,用途,住宅,,建筑面积63.63平方米,户内面积,49.23平方米,分摊面积,14.4平方米,户内面积,--平方米,分摊面积--平方米,建筑面积,--平方米
项目楼栋情况,悦千山雅园悦千山雅园1栋,座号,1栋,合同号,--,拟售价格,47554.79元/平方米(按建筑面积计)楼层,08,房号,8J,用途,住宅,,建筑面积63.5平方米,户内面积,49.13平方米,分摊面积,14.37平方米,户内面积,--平方米,分摊面积--平方米,建筑面积,--平方米
项目楼栋情况,悦千山雅园悦千山雅园1栋,座号,1栋,合同号,--,拟售价格,48611.86元/平方米(按建筑面积计)楼层,08,房号,8K,用途,住宅,,建筑面积87.87平方米,户内面积,67.97平方米,分摊面积,19.9平方米,户内面积,--平方米,分摊面积--平方米,建筑面积,--平方米
项目楼栋情况,悦千山雅园悦千山雅园1栋,座号,1栋,合同号,--,拟售价格,45074.89元/平方米(按建筑面积计)楼层,08,房号,8L,用途,住宅,,建筑面积63.63平方米,户内面积,49.23平方米,分摊面积,14.4平方米,户内面积,--平方米,分摊面积--平方米,建筑面积,--平方米
项目楼栋情况,悦千山雅园悦千山雅园1栋,座号,1栋,合同号,--,拟售价格,45200.77元/平方米(按建筑面积计)楼层,08,房号,8M,用途,住宅,,建筑面积63.63平方米,户内面积,49.23平方米,分摊面积,14.4平方米,户内面积,--平方米,分摊面积--平方米,建筑面积,--平方米
项目楼栋情况,悦千山雅园悦千山雅园1栋,座号,1栋,合同号,--,拟售价格,45280.9元/平方米(按建筑面积计)楼层,08,房号,8N,用途,住宅,,建筑面积64.02平方米,户内面积,49.53平方米,分摊面积,14.49平方米,户内面积,--平方米,分摊面积--平方米,建筑面积,--平方米
项目楼栋情况,悦千山雅园悦千山雅园1栋,座号,1栋,合同号,--,拟售价格,51801.55元/平方米(按建筑面积计)楼层,08,房号,8O,用途,住宅,,建筑面积91.15平方米,户内面积,70.43平方米,分摊面积,20.72平方米,户内面积,--平方米,分摊面积--平方米,建筑面积,--平方米
项目楼栋情况,悦千山雅园悦千山雅园1栋,座号,1栋,合同号,--,拟售价格,48734.09元/平方米(按建筑面积计)楼层,06,房号,6A,用途,住宅,,建筑面积63.39平方米,户内面积,49.04平方米,分摊面积,14.35平方米,户内面积,--平方米,分摊面积--平方米,建筑面积,--平方米
项目楼栋情况,悦千山雅园悦千山雅园1栋,座号,1栋,合同号,--,拟售价格,47847.18元/平方米(按建筑面积计)楼层,06,房号,6B,用途,住宅,,建筑面积63.63平方米,户内面积,49.23平方米,分摊面积,14.4平方米,户内面积,--平方米,分摊面积--平方米,建筑面积,--平方米
项目楼栋情况,悦千山雅园悦千山雅园1栋,座号,1栋,合同号,--,拟售价格,47343.61元/平方米(按建筑面积计)楼层,06,房号,6C,用途,住宅,,建筑面积63.63平方米,户内面积,49.23平方米,分摊面积,14.4平方米,户内面积,--平方米,分摊面积--平方米,建筑面积,--平方米
项目楼栋情况,悦千山雅园悦千山雅园1栋,座号,1栋,合同号,--,拟售价格,46141.98元/平方米(按建筑面积计)楼层,06,房号,6D,用途,住宅,,建筑面积63.63平方米,户内面积,49.23平方米,分摊面积,14.4平方米,户内面积,--平方米,分摊面积--平方米,建筑面积,--平方米
项目楼栋情况,悦千山雅园悦千山雅园1栋,座号,1栋,合同号,--,拟售价格,45598.4元/平方米(按建筑面积计)楼层,06,房号,6E,用途,住宅,,建筑面积63.63平方米,户内面积,49.23平方米,分摊面积,14.4平方米,户内面积,--平方米,分摊面积--平方米,建筑面积,--平方米
项目楼栋情况,悦千山雅园悦千山雅园1栋,座号,1栋,合同号,--,拟售价格,47051.82元/平方米(按建筑面积计)楼层,06,房号,6F,用途,住宅,,建筑面积63.63平方米,户内面积,49.23平方米,分摊面积,14.4平方米,户内面积,--平方米,分摊面积--平方米,建筑面积,--平方米
项目楼栋情况,悦千山雅园悦千山雅园1栋,座号,1栋,合同号,--,拟售价格,46817.21元/平方米(按建筑面积计)楼层,06,房号,6G,用途,住宅,,建筑面积63.63平方米,户内面积,49.23平方米,分摊面积,14.4平方米,户内面积,--平方米,分摊面积--平方米,建筑面积,--平方米
项目楼栋情况,悦千山雅园悦千山雅园1栋,座号,1栋,合同号,--,拟售价格,47286.42元/平方米(按建筑面积计)楼层,06,房号,6H,用途,住宅,,建筑面积63.63平方米,户内面积,49.23平方米,分摊面积,14.4平方米,户内面积,--平方米,分摊面积--平方米,建筑面积,--平方米
项目楼栋情况,悦千山雅园悦千山雅园1栋,座号,1栋,合同号,--,拟售价格,47034.64元/平方米(按建筑面积计)楼层,06,房号,6I,用途,住宅,,建筑面积63.63平方米,户内面积,49.23平方米,分摊面积,14.4平方米,户内面积,--平方米,分摊面积--平方米,建筑面积,--平方米
项目楼栋情况,悦千山雅园悦千山雅园1栋,座号,1栋,合同号,--,拟售价格,47391.72元/平方米(按建筑面积计)楼层,06,房号,6J,用途,住宅,,建筑面积63.5平方米,户内面积,49.13平方米,分摊面积,14.37平方米,户内面积,--平方米,分摊面积--平方米,建筑面积,--平方米
项目楼栋情况,悦千山雅园悦千山雅园1栋,座号,1栋,合同号,--,拟售价格,48448.79元/平方米(按建筑面积计)楼层,06,房号,6K,用途,住宅,,建筑面积87.87平方米,户内面积,67.97平方米,分摊面积,19.9平方米,户内面积,--平方米,分摊面积--平方米,建筑面积,--平方米
项目楼栋情况,悦千山雅园悦千山雅园1栋,座号,1栋,合同号,--,拟售价格,44911.8元/平方米(按建筑面积计)楼层,06,房号,6L,用途,住宅,,建筑面积63.63平方米,户内面积,49.23平方米,分摊面积,14.4平方米,户内面积,--平方米,分摊面积--平方米,建筑面积,--平方米
项目楼栋情况,悦千山雅园悦千山雅园1栋,座号,1栋,合同号,--,拟售价格,45037.7元/平方米(按建筑面积计)楼层,06,房号,6M,用途,住宅,,建筑面积63.63平方米,户内面积,49.23平方米,分摊面积,14.4平方米,户内面积,--平方米,分摊面积--平方米,建筑面积,--平方米
项目楼栋情况,悦千山雅园悦千山雅园1栋,座号,1栋,合同号,--,拟售价格,45117.82元/平方米(按建筑面积计)楼层,06,房号,6N,用途,住宅,,建筑面积64.02平方米,户内面积,49.53平方米,分摊面积,14.49平方米,户内面积,--平方米,分摊面积--平方米,建筑面积,--平方米
项目楼栋情况,悦千山雅园悦千山雅园1栋,座号,1栋,合同号,--,拟售价格,51638.48元/平方米(按建筑面积计)楼层,06,房号,6O,用途,住宅,,建筑面积91.15平方米,户内面积,70.43平方米,分摊面积,20.72平方米,户内面积,--平方米,分摊面积--平方米,建筑面积,--平方米
项目楼栋情况,悦千山雅园悦千山雅园1栋,座号,1栋,合同号,--,拟售价格,48462.3元/平方米(按建筑面积计)楼层,04,房号,4A,用途,住宅,,建筑面积63.39平方米,户内面积,49.04平方米,分摊面积,14.35平方米,户内面积,--平方米,分摊面积--平方米,建筑面积,--平方米
项目楼栋情况,悦千山雅园悦千山雅园1栋,座号,1栋,合同号,--,拟售价格,47575.39元/平方米(按建筑面积计)楼层,04,房号,4B,用途,住宅,,建筑面积63.63平方米,户内面积,49.23平方米,分摊面积,14.4平方米,户内面积,--平方米,分摊面积--平方米,建筑面积,--平方米
项目楼栋情况,悦千山雅园悦千山雅园1栋,座号,1栋,合同号,--,拟售价格,47071.82元/平方米(按建筑面积计)楼层,04,房号,4C,用途,住宅,,建筑面积63.63平方米,户内面积,49.23平方米,分摊面积,14.4平方米,户内面积,--平方米,分摊面积--平方米,建筑面积,--平方米
项目楼栋情况,悦千山雅园悦千山雅园1栋,座号,1栋,合同号,--,拟售价格,45870.19元/平方米(按建筑面积计)楼层,04,房号,4D,用途,住宅,,建筑面积63.63平方米,户内面积,49.23平方米,分摊面积,14.4平方米,户内面积,--平方米,分摊面积--平方米,建筑面积,--平方米
项目楼栋情况,悦千山雅园悦千山雅园1栋,座号,1栋,合同号,--,拟售价格,45326.61元/平方米(按建筑面积计)楼层,04,房号,4E,用途,住宅,,建筑面积63.63平方米,户内面积,49.23平方米,分摊面积,14.4平方米,户内面积,--平方米,分摊面积--平方米,建筑面积,--平方米
项目楼栋情况,悦千山雅园悦千山雅园1栋,座号,1栋,合同号,--,拟售价格,46780.03元/平方米(按建筑面积计)楼层,04,房号,4F,用途,住宅,,建筑面积63.63平方米,户内面积,49.23平方米,分摊面积,14.4平方米,户内面积,--平方米,分摊面积--平方米,建筑面积,--平方米
项目楼栋情况,悦千山雅园悦千山雅园1栋,座号,1栋,合同号,--,拟售价格,46545.42元/平方米(按建筑面积计)楼层,04,房号,4G,用途,住宅,,建筑面积63.63平方米,户内面积,49.23平方米,分摊面积,14.4平方米,户内面积,--平方米,分摊面积--平方米,建筑面积,--平方米
项目楼栋情况,悦千山雅园悦千山雅园1栋,座号,1栋,合同号,--,拟售价格,47014.63元/平方米(按建筑面积计)楼层,04,房号,4H,用途,住宅,,建筑面积63.63平方米,户内面积,49.23平方米,分摊面积,14.4平方米,户内面积,--平方米,分摊面积--平方米,建筑面积,--平方米
项目楼栋情况,悦千山雅园悦千山雅园1栋,座号,1栋,合同号,--,拟售价格,46762.85元/平方米(按建筑面积计)楼层,04,房号,4I,用途,住宅,,建筑面积63.63平方米,户内面积,49.23平方米,分摊面积,14.4平方米,户内面积,--平方米,分摊面积--平方米,建筑面积,--平方米
项目楼栋情况,悦千山雅园悦千山雅园1栋,座号,1栋,合同号,--,拟售价格,47119.94元/平方米(按建筑面积计)楼层,04,房号,4J,用途,住宅,,建筑面积63.5平方米,户内面积,49.13平方米,分摊面积,14.37平方米,户内面积,--平方米,分摊面积--平方米,建筑面积,--平方米
项目楼栋情况,悦千山雅园悦千山雅园1栋,座号,1栋,合同号,--,拟售价格,48177元/平方米(按建筑面积计)楼层,04,房号,4K,用途,住宅,,建筑面积87.87平方米,户内面积,67.97平方米,分摊面积,19.9平方米,户内面积,--平方米,分摊面积--平方米,建筑面积,--平方米
项目楼栋情况,悦千山雅园悦千山雅园1栋,座号,1栋,合同号,--,拟售价格,44640.01元/平方米(按建筑面积计)楼层,04,房号,4L,用途,住宅,,建筑面积63.63平方米,户内面积,49.23平方米,分摊面积,14.4平方米,户内面积,--平方米,分摊面积--平方米,建筑面积,--平方米
项目楼栋情况,悦千山雅园悦千山雅园1栋,座号,1栋,合同号,--,拟售价格,44765.91元/平方米(按建筑面积计)楼层,04,房号,4M,用途,住宅,,建筑面积63.63平方米,户内面积,49.23平方米,分摊面积,14.4平方米,户内面积,--平方米,分摊面积--平方米,建筑面积,--平方米
项目楼栋情况,悦千山雅园悦千山雅园1栋,座号,1栋,合同号,--,拟售价格,44846.03元/平方米(按建筑面积计)楼层,04,房号,4N,用途,住宅,,建筑面积64.02平方米,户内面积,49.53平方米,分摊面积,14.49平方米,户内面积,--平方米,分摊面积--平方米,建筑面积,--平方米
项目楼栋情况,悦千山雅园悦千山雅园1栋,座号,1栋,合同号,--,拟售价格,51366.68元/平方米(按建筑面积计)楼层,04,房号,4O,用途,住宅,,建筑面积91.15平方米,户内面积,70.43平方米,分摊面积,20.72平方米,户内面积,--平方米,分摊面积--平方米,建筑面积,--平方米
项目楼栋情况,悦千山雅园悦千山雅园1栋,座号,1栋,合同号,--,拟售价格,50465.97元/平方米(按建筑面积计)楼层,02,房号,2A,用途,住宅,,建筑面积63.39平方米,户内面积,49.04平方米,分摊面积,14.35平方米,户内面积,--平方米,分摊面积--平方米,建筑面积,--平方米
项目楼栋情况,悦千山雅园悦千山雅园1栋,座号,1栋,合同号,--,拟售价格,49571.3元/平方米(按建筑面积计)楼层,02,房号,2B,用途,住宅,,建筑面积63.63平方米,户内面积,49.23平方米,分摊面积,14.4平方米,户内面积,--平方米,分摊面积--平方米,建筑面积,--平方米
项目楼栋情况,悦千山雅园悦千山雅园1栋,座号,1栋,合同号,--,拟售价格,49067.74元/平方米(按建筑面积计)楼层,02,房号,2C,用途,住宅,,建筑面积63.63平方米,户内面积,49.23平方米,分摊面积,14.4平方米,户内面积,--平方米,分摊面积--平方米,建筑面积,--平方米
项目楼栋情况,悦千山雅园悦千山雅园1栋,座号,1栋,合同号,--,拟售价格,47866.1元/平方米(按建筑面积计)楼层,02,房号,2D,用途,住宅,,建筑面积63.63平方米,户内面积,49.23平方米,分摊面积,14.4平方米,户内面积,--平方米,分摊面积--平方米,建筑面积,--平方米
项目楼栋情况,悦千山雅园悦千山雅园1栋,座号,1栋,合同号,--,拟售价格,47322.52元/平方米(按建筑面积计)楼层,02,房号,2E,用途,住宅,,建筑面积63.63平方米,户内面积,49.23平方米,分摊面积,14.4平方米,户内面积,--平方米,分摊面积--平方米,建筑面积,--平方米
项目楼栋情况,悦千山雅园悦千山雅园1栋,座号,1栋,合同号,--,拟售价格,48007.09元/平方米(按建筑面积计)楼层,02,房号,2F,用途,住宅,,建筑面积63.63平方米,户内面积,49.23平方米,分摊面积,14.4平方米,户内面积,--平方米,分摊面积--平方米,建筑面积,--平方米
项目楼栋情况,悦千山雅园悦千山雅园1栋,座号,1栋,合同号,--,拟售价格,46491.06元/平方米(按建筑面积计)楼层,02,房号,2G,用途,住宅,,建筑面积63.63平方米,户内面积,49.23平方米,分摊面积,14.4平方米,户内面积,--平方米,分摊面积--平方米,建筑面积,--平方米
项目楼栋情况,悦千山雅园悦千山雅园1栋,座号,1栋,合同号,--,拟售价格,46960.29元/平方米(按建筑面积计)楼层,02,房号,2H,用途,住宅,,建筑面积63.63平方米,户内面积,49.23平方米,分摊面积,14.4平方米,户内面积,--平方米,分摊面积--平方米,建筑面积,--平方米
项目楼栋情况,悦千山雅园悦千山雅园1栋,座号,1栋,合同号,--,拟售价格,46708.5元/平方米(按建筑面积计)楼层,02,房号,2I,用途,住宅,,建筑面积63.63平方米,户内面积,49.23平方米,分摊面积,14.4平方米,户内面积,--平方米,分摊面积--平方米,建筑面积,--平方米
项目楼栋情况,悦千山雅园悦千山雅园1栋,座号,1栋,合同号,--,拟售价格,47065.57元/平方米(按建筑面积计)楼层,02,房号,2J,用途,住宅,,建筑面积63.5平方米,户内面积,49.13平方米,分摊面积,14.37平方米,户内面积,--平方米,分摊面积--平方米,建筑面积,--平方米
项目楼栋情况,悦千山雅园悦千山雅园1栋,座号,1栋,合同号,--,拟售价格,48122.64元/平方米(按建筑面积计)楼层,02,房号,2K,用途,住宅,,建筑面积87.87平方米,户内面积,67.97平方米,分摊面积,19.9平方米,户内面积,--平方米,分摊面积--平方米,建筑面积,--平方米
项目楼栋情况,悦千山雅园悦千山雅园1栋,座号,1栋,合同号,--,拟售价格,44585.67元/平方米(按建筑面积计)楼层,02,房号,2L,用途,住宅,,建筑面积63.63平方米,户内面积,49.23平方米,分摊面积,14.4平方米,户内面积,--平方米,分摊面积--平方米,建筑面积,--平方米
项目楼栋情况,悦千山雅园悦千山雅园1栋,座号,1栋,合同号,--,拟售价格,44711.55元/平方米(按建筑面积计)楼层,02,房号,2M,用途,住宅,,建筑面积63.63平方米,户内面积,49.23平方米,分摊面积,14.4平方米,户内面积,--平方米,分摊面积--平方米,建筑面积,--平方米
项目楼栋情况,悦千山雅园悦千山雅园1栋,座号,1栋,合同号,--,拟售价格,44791.68元/平方米(按建筑面积计)楼层,02,房号,2N,用途,住宅,,建筑面积64.08平方米,户内面积,49.57平方米,分摊面积,14.51平方米,户内面积,--平方米,分摊面积--平方米,建筑面积,--平方米
项目楼栋情况,悦千山雅园悦千山雅园1栋,座号,1栋,合同号,--,拟售价格,51312.33元/平方米(按建筑面积计)楼层,02,房号,2O,用途,住宅,,建筑面积91.09平方米,户内面积,70.39平方米,分摊面积,20.7平方米,户内面积,--平方米,分摊面积--平方米,建筑面积,--平方米
项目楼栋情况,悦千山雅园悦千山雅园2栋,座号,2栋,合同号,--,拟售价格,46694.15元/平方米(按建筑面积计)楼层,32,房号,32A,用途,住宅,,建筑面积69.24平方米,户内面积,50.33平方米,分摊面积,18.91平方米,户内面积,--平方米,分摊面积--平方米,建筑面积,--平方米
项目楼栋情况,悦千山雅园悦千山雅园2栋,座号,2栋,合同号,--,拟售价格,46390.89元/平方米(按建筑面积计)楼层,32,房号,32B,用途,住宅,,建筑面积68.15平方米,户内面积,49.54平方米,分摊面积,18.61平方米,户内面积,--平方米,分摊面积--平方米,建筑面积,--平方米
项目楼栋情况,悦千山雅园悦千山雅园2栋,座号,2栋,合同号,--,拟售价格,46619.79元/平方米(按建筑面积计)楼层,32,房号,32C,用途,住宅,,建筑面积68.84平方米,户内面积,50.04平方米,分摊面积,18.8平方米,户内面积,--平方米,分摊面积--平方米,建筑面积,--平方米
项目楼栋情况,悦千山雅园悦千山雅园2栋,座号,2栋,合同号,--,拟售价格,46064.79元/平方米(按建筑面积计)楼层,32,房号,32D,用途,住宅,,建筑面积68.64平方米,户内面积,49.89平方米,分摊面积,18.75平方米,户内面积,--平方米,分摊面积--平方米,建筑面积,--平方米
项目楼栋情况,悦千山雅园悦千山雅园2栋,座号,2栋,合同号,--,拟售价格,46368.05元/平方米(按建筑面积计)楼层,32,房号,32E,用途,住宅,,建筑面积68.82平方米,户内面积,50.03平方米,分摊面积,18.79平方米,户内面积,--平方米,分摊面积--平方米,建筑面积,--平方米
项目楼栋情况,悦千山雅园悦千山雅园2栋,座号,2栋,合同号,--,拟售价格,44651.49元/平方米(按建筑面积计)楼层,32,房号,32F,用途,住宅,,建筑面积68.64平方米,户内面积,49.89平方米,分摊面积,18.75平方米,户内面积,--平方米,分摊面积--平方米,建筑面积,--平方米
项目楼栋情况,悦千山雅园悦千山雅园2栋,座号,2栋,合同号,--,拟售价格,53289.45元/平方米(按建筑面积计)楼层,32,房号,32G,用途,住宅,,建筑面积97.96平方米,户内面积,71.03平方米,分摊面积,26.93平方米,户内面积,--平方米,分摊面积--平方米,建筑面积,--平方米
项目楼栋情况,悦千山雅园悦千山雅园2栋,座号,2栋,合同号,--,拟售价格,46694.14元/平方米(按建筑面积计)楼层,32,房号,32H,用途,住宅,,建筑面积68.64平方米,户内面积,49.89平方米,分摊面积,18.75平方米,户内面积,--平方米,分摊面积--平方米,建筑面积,--平方米
项目楼栋情况,悦千山雅园悦千山雅园2栋,座号,2栋,合同号,--,拟售价格,46531.07元/平方米(按建筑面积计)楼层,30,房号,30A,用途,住宅,,建筑面积68.55平方米,户内面积,49.79平方米,分摊面积,18.76平方米,户内面积,--平方米,分摊面积--平方米,建筑面积,--平方米
项目楼栋情况,悦千山雅园悦千山雅园2栋,座号,2栋,合同号,--,拟售价格,46227.81元/平方米(按建筑面积计)楼层,30,房号,30B,用途,住宅,,建筑面积67.45平方米,户内面积,49平方米,分摊面积,18.45平方米,户内面积,--平方米,分摊面积--平方米,建筑面积,--平方米
项目楼栋情况,悦千山雅园悦千山雅园2栋,座号,2栋,合同号,--,拟售价格,46456.71元/平方米(按建筑面积计)楼层,30,房号,30C,用途,住宅,,建筑面积68.15平方米,户内面积,49.5平方米,分摊面积,18.65平方米,户内面积,--平方米,分摊面积--平方米,建筑面积,--平方米
项目楼栋情况,悦千山雅园悦千山雅园2栋,座号,2栋,合同号,--,拟售价格,45901.72元/平方米(按建筑面积计)楼层,30,房号,30D,用途,住宅,,建筑面积67.94平方米,户内面积,49.35平方米,分摊面积,18.59平方米,户内面积,--平方米,分摊面积--平方米,建筑面积,--平方米
项目楼栋情况,悦千山雅园悦千山雅园2栋,座号,2栋,合同号,--,拟售价格,46204.98元/平方米(按建筑面积计)楼层,30,房号,30E,用途,住宅,,建筑面积68.13平方米,户内面积,49.49平方米,分摊面积,18.64平方米,户内面积,--平方米,分摊面积--平方米,建筑面积,--平方米
项目楼栋情况,悦千山雅园悦千山雅园2栋,座号,2栋,合同号,--,拟售价格,44488.42元/平方米(按建筑面积计)楼层,30,房号,30F,用途,住宅,,建筑面积67.94平方米,户内面积,49.35平方米,分摊面积,18.59平方米,户内面积,--平方米,分摊面积--平方米,建筑面积,--平方米
项目楼栋情况,悦千山雅园悦千山雅园2栋,座号,2栋,合同号,--,拟售价格,53126.38元/平方米(按建筑面积计)楼层,30,房号,30G,用途,住宅,,建筑面积97.96平方米,户内面积,71.03平方米,分摊面积,26.93平方米,户内面积,--平方米,分摊面积--平方米,建筑面积,--平方米
项目楼栋情况,悦千山雅园悦千山雅园2栋,座号,2栋,合同号,--,拟售价格,46531.07元/平方米(按建筑面积计)楼层,30,房号,30H,用途,住宅,,建筑面积67.94平方米,户内面积,49.35平方米,分摊面积,18.59平方米,户内面积,--平方米,分摊面积--平方米,建筑面积,--平方米
项目楼栋情况,悦千山雅园悦千山雅园2栋,座号,2栋,合同号,--,拟售价格,46731.38元/平方米(按建筑面积计)楼层,30,房号,30I,用途,住宅,,建筑面积67.94平方米,户内面积,49.35平方米,分摊面积,18.59平方米,户内面积,--平方米,分摊面积--平方米,建筑面积,--平方米
项目楼栋情况,悦千山雅园悦千山雅园2栋,座号,2栋,合同号,--,拟售价格,47635.46元/平方米(按建筑面积计)楼层,30,房号,30J,用途,住宅,,建筑面积67.9平方米,户内面积,49.32平方米,分摊面积,18.58平方米,户内面积,--平方米,分摊面积--平方米,建筑面积,--平方米
项目楼栋情况,悦千山雅园悦千山雅园2栋,座号,2栋,合同号,--,拟售价格,48425.11元/平方米(按建筑面积计)楼层,30,房号,30K,用途,住宅,,建筑面积67.45平方米,户内面积,48.99平方米,分摊面积,18.46平方米,户内面积,--平方米,分摊面积--平方米,建筑面积,--平方米
项目楼栋情况,悦千山雅园悦千山雅园2栋,座号,2栋,合同号,--,拟售价格,46367.99元/平方米(按建筑面积计)楼层,28,房号,28A,用途,住宅,,建筑面积68.55平方米,户内面积,49.79平方米,分摊面积,18.76平方米,户内面积,--平方米,分摊面积--平方米,建筑面积,--平方米
项目楼栋情况,悦千山雅园悦千山雅园2栋,座号,2栋,合同号,--,拟售价格,46064.73元/平方米(按建筑面积计)楼层,28,房号,28B,用途,住宅,,建筑面积67.45平方米,户内面积,49平方米,分摊面积,18.45平方米,户内面积,--平方米,分摊面积--平方米,建筑面积,--平方米
项目楼栋情况,悦千山雅园悦千山雅园2栋,座号,2栋,合同号,--,拟售价格,46293.63元/平方米(按建筑面积计)楼层,28,房号,28C,用途,住宅,,建筑面积68.15平方米,户内面积,49.5平方米,分摊面积,18.65平方米,户内面积,--平方米,分摊面积--平方米,建筑面积,--平方米
项目楼栋情况,悦千山雅园悦千山雅园2栋,座号,2栋,合同号,--,拟售价格,45738.65元/平方米(按建筑面积计)楼层,28,房号,28D,用途,住宅,,建筑面积67.94平方米,户内面积,49.35平方米,分摊面积,18.59平方米,户内面积,--平方米,分摊面积--平方米,建筑面积,--平方米
项目楼栋情况,悦千山雅园悦千山雅园2栋,座号,2栋,合同号,--,拟售价格,46041.91元/平方米(按建筑面积计)楼层,28,房号,28E,用途,住宅,,建筑面积68.13平方米,户内面积,49.49平方米,分摊面积,18.64平方米,户内面积,--平方米,分摊面积--平方米,建筑面积,--平方米
项目楼栋情况,悦千山雅园悦千山雅园2栋,座号,2栋,合同号,--,拟售价格,44325.35元/平方米(按建筑面积计)楼层,28,房号,28F,用途,住宅,,建筑面积67.94平方米,户内面积,49.35平方米,分摊面积,18.59平方米,户内面积,--平方米,分摊面积--平方米,建筑面积,--平方米
项目楼栋情况,悦千山雅园悦千山雅园2栋,座号,2栋,合同号,--,拟售价格,52963.3元/平方米(按建筑面积计)楼层,28,房号,28G,用途,住宅,,建筑面积97.96平方米,户内面积,71.03平方米,分摊面积,26.93平方米,户内面积,--平方米,分摊面积--平方米,建筑面积,--平方米
项目楼栋情况,悦千山雅园悦千山雅园2栋,座号,2栋,合同号,--,拟售价格,46368元/平方米(按建筑面积计)楼层,28,房号,28H,用途,住宅,,建筑面积67.94平方米,户内面积,49.35平方米,分摊面积,18.59平方米,户内面积,--平方米,分摊面积--平方米,建筑面积,--平方米
项目楼栋情况,悦千山雅园悦千山雅园2栋,座号,2栋,合同号,--,拟售价格,46568.31元/平方米(按建筑面积计)楼层,28,房号,28I,用途,住宅,,建筑面积67.94平方米,户内面积,49.35平方米,分摊面积,18.59平方米,户内面积,--平方米,分摊面积--平方米,建筑面积,--平方米
项目楼栋情况,悦千山雅园悦千山雅园2栋,座号,2栋,合同号,--,拟售价格,47472.39元/平方米(按建筑面积计)楼层,28,房号,28J,用途,住宅,,建筑面积67.9平方米,户内面积,49.32平方米,分摊面积,18.58平方米,户内面积,--平方米,分摊面积--平方米,建筑面积,--平方米
项目楼栋情况,悦千山雅园悦千山雅园2栋,座号,2栋,合同号,--,拟售价格,48262.05元/平方米(按建筑面积计)楼层,28,房号,28K,用途,住宅,,建筑面积67.45平方米,户内面积,48.99平方米,分摊面积,18.46平方米,户内面积,--平方米,分摊面积--平方米,建筑面积,--平方米
项目楼栋情况,悦千山雅园悦千山雅园2栋,座号,2栋,合同号,--,拟售价格,46204.93元/平方米(按建筑面积计)楼层,26,房号,26A,用途,住宅,,建筑面积68.55平方米,户内面积,49.79平方米,分摊面积,18.76平方米,户内面积,--平方米,分摊面积--平方米,建筑面积,--平方米
项目楼栋情况,悦千山雅园悦千山雅园2栋,座号,2栋,合同号,--,拟售价格,45901.66元/平方米(按建筑面积计)楼层,26,房号,26B,用途,住宅,,建筑面积67.45平方米,户内面积,49平方米,分摊面积,18.45平方米,户内面积,--平方米,分摊面积--平方米,建筑面积,--平方米
项目楼栋情况,悦千山雅园悦千山雅园2栋,座号,2栋,合同号,--,拟售价格,46130.56元/平方米(按建筑面积计)楼层,26,房号,26C,用途,住宅,,建筑面积68.15平方米,户内面积,49.5平方米,分摊面积,18.65平方米,户内面积,--平方米,分摊面积--平方米,建筑面积,--平方米
项目楼栋情况,悦千山雅园悦千山雅园2栋,座号,2栋,合同号,--,拟售价格,45575.57元/平方米(按建筑面积计)楼层,26,房号,26D,用途,住宅,,建筑面积67.94平方米,户内面积,49.35平方米,分摊面积,18.59平方米,户内面积,--平方米,分摊面积--平方米,建筑面积,--平方米
项目楼栋情况,悦千山雅园悦千山雅园2栋,座号,2栋,合同号,--,拟售价格,45878.83元/平方米(按建筑面积计)楼层,26,房号,26E,用途,住宅,,建筑面积68.13平方米,户内面积,49.49平方米,分摊面积,18.64平方米,户内面积,--平方米,分摊面积--平方米,建筑面积,--平方米
项目楼栋情况,悦千山雅园悦千山雅园2栋,座号,2栋,合同号,--,拟售价格,44162.28元/平方米(按建筑面积计)楼层,26,房号,26F,用途,住宅,,建筑面积67.94平方米,户内面积,49.35平方米,分摊面积,18.59平方米,户内面积,--平方米,分摊面积--平方米,建筑面积,--平方米
项目楼栋情况,悦千山雅园悦千山雅园2栋,座号,2栋,合同号,--,拟售价格,52256.66元/平方米(按建筑面积计)楼层,26,房号,26G,用途,住宅,,建筑面积97.96平方米,户内面积,71.03平方米,分摊面积,26.93平方米,户内面积,--平方米,分摊面积--平方米,建筑面积,--平方米
项目楼栋情况,悦千山雅园悦千山雅园2栋,座号,2栋,合同号,--,拟售价格,44030.62元/平方米(按建筑面积计)楼层,26,房号,26H,用途,住宅,,建筑面积67.94平方米,户内面积,49.35平方米,分摊面积,18.59平方米,户内面积,--平方米,分摊面积--平方米,建筑面积,--平方米
项目楼栋情况,悦千山雅园悦千山雅园2栋,座号,2栋,合同号,--,拟售价格,44230.92元/平方米(按建筑面积计)楼层,26,房号,26I,用途,住宅,,建筑面积67.94平方米,户内面积,49.35平方米,分摊面积,18.59平方米,户内面积,--平方米,分摊面积--平方米,建筑面积,--平方米
项目楼栋情况,悦千山雅园悦千山雅园2栋,座号,2栋,合同号,--,拟售价格,45135.01元/平方米(按建筑面积计)楼层,26,房号,26J,用途,住宅,,建筑面积67.9平方米,户内面积,49.32平方米,分摊面积,18.58平方米,户内面积,--平方米,分摊面积--平方米,建筑面积,--平方米
项目楼栋情况,悦千山雅园悦千山雅园2栋,座号,2栋,合同号,--,拟售价格,45924.66元/平方米(按建筑面积计)楼层,26,房号,26K,用途,住宅,,建筑面积67.45平方米,户内面积,48.99平方米,分摊面积,18.46平方米,户内面积,--平方米,分摊面积--平方米,建筑面积,--平方米
项目楼栋情况,悦千山雅园悦千山雅园2栋,座号,2栋,合同号,--,拟售价格,44139.33元/平方米(按建筑面积计)楼层,06,房号,6A,用途,住宅,,建筑面积68.55平方米,户内面积,49.79平方米,分摊面积,18.76平方米,户内面积,--平方米,分摊面积--平方米,建筑面积,--平方米
项目楼栋情况,悦千山雅园悦千山雅园2栋,座号,2栋,合同号,--,拟售价格,43836.07元/平方米(按建筑面积计)楼层,06,房号,6B,用途,住宅,,建筑面积67.45平方米,户内面积,49平方米,分摊面积,18.45平方米,户内面积,--平方米,分摊面积--平方米,建筑面积,--平方米
项目楼栋情况,悦千山雅园悦千山雅园2栋,座号,2栋,合同号,--,拟售价格,44064.97元/平方米(按建筑面积计)楼层,06,房号,6C,用途,住宅,,建筑面积68.15平方米,户内面积,49.5平方米,分摊面积,18.65平方米,户内面积,--平方米,分摊面积--平方米,建筑面积,--平方米
项目楼栋情况,悦千山雅园悦千山雅园2栋,座号,2栋,合同号,--,拟售价格,43509.98元/平方米(按建筑面积计)楼层,06,房号,6D,用途,住宅,,建筑面积67.94平方米,户内面积,49.35平方米,分摊面积,18.59平方米,户内面积,--平方米,分摊面积--平方米,建筑面积,--平方米
项目楼栋情况,悦千山雅园悦千山雅园2栋,座号,2栋,合同号,--,拟售价格,43813.24元/平方米(按建筑面积计)楼层,06,房号,6E,用途,住宅,,建筑面积68.13平方米,户内面积,49.49平方米,分摊面积,18.64平方米,户内面积,--平方米,分摊面积--平方米,建筑面积,--平方米
项目楼栋情况,悦千山雅园悦千山雅园2栋,座号,2栋,合同号,--,拟售价格,42096.67元/平方米(按建筑面积计)楼层,06,房号,6F,用途,住宅,,建筑面积67.94平方米,户内面积,49.35平方米,分摊面积,18.59平方米,户内面积,--平方米,分摊面积--平方米,建筑面积,--平方米
项目楼栋情况,悦千山雅园悦千山雅园2栋,座号,2栋,合同号,--,拟售价格,50191.06元/平方米(按建筑面积计)楼层,06,房号,6G,用途,住宅,,建筑面积97.96平方米,户内面积,71.03平方米,分摊面积,26.93平方米,户内面积,--平方米,分摊面积--平方米,建筑面积,--平方米
项目楼栋情况,悦千山雅园悦千山雅园2栋,座号,2栋,合同号,--,拟售价格,41965.01元/平方米(按建筑面积计)楼层,06,房号,6H,用途,住宅,,建筑面积67.94平方米,户内面积,49.35平方米,分摊面积,18.59平方米,户内面积,--平方米,分摊面积--平方米,建筑面积,--平方米
项目楼栋情况,悦千山雅园悦千山雅园2栋,座号,2栋,合同号,--,拟售价格,42165.32元/平方米(按建筑面积计)楼层,06,房号,6I,用途,住宅,,建筑面积67.94平方米,户内面积,49.35平方米,分摊面积,18.59平方米,户内面积,--平方米,分摊面积--平方米,建筑面积,--平方米
项目楼栋情况,悦千山雅园悦千山雅园2栋,座号,2栋,合同号,--,拟售价格,43069.41元/平方米(按建筑面积计)楼层,06,房号,6J,用途,住宅,,建筑面积67.9平方米,户内面积,49.32平方米,分摊面积,18.58平方米,户内面积,--平方米,分摊面积--平方米,建筑面积,--平方米
项目楼栋情况,悦千山雅园悦千山雅园2栋,座号,2栋,合同号,--,拟售价格,43859.07元/平方米(按建筑面积计)楼层,06,房号,6K,用途,住宅,,建筑面积67.45平方米,户内面积,48.99平方米,分摊面积,18.46平方米,户内面积,--平方米,分摊面积--平方米,建筑面积,--平方米
项目楼栋情况,悦千山雅园悦千山雅园2栋,座号,2栋,合同号,--,拟售价格,43867.54元/平方米(按建筑面积计)楼层,04,房号,4A,用途,住宅,,建筑面积68.55平方米,户内面积,49.79平方米,分摊面积,18.76平方米,户内面积,--平方米,分摊面积--平方米,建筑面积,--平方米
项目楼栋情况,悦千山雅园悦千山雅园2栋,座号,2栋,合同号,--,拟售价格,43564.28元/平方米(按建筑面积计)楼层,04,房号,4B,用途,住宅,,建筑面积67.45平方米,户内面积,49平方米,分摊面积,18.45平方米,户内面积,--平方米,分摊面积--平方米,建筑面积,--平方米
项目楼栋情况,悦千山雅园悦千山雅园2栋,座号,2栋,合同号,--,拟售价格,43793.18元/平方米(按建筑面积计)楼层,04,房号,4C,用途,住宅,,建筑面积68.15平方米,户内面积,49.5平方米,分摊面积,18.65平方米,户内面积,--平方米,分摊面积--平方米,建筑面积,--平方米
项目楼栋情况,悦千山雅园悦千山雅园2栋,座号,2栋,合同号,--,拟售价格,43238.18元/平方米(按建筑面积计)楼层,04,房号,4D,用途,住宅,,建筑面积67.94平方米,户内面积,49.35平方米,分摊面积,18.59平方米,户内面积,--平方米,分摊面积--平方米,建筑面积,--平方米
项目楼栋情况,悦千山雅园悦千山雅园2栋,座号,2栋,合同号,--,拟售价格,43541.45元/平方米(按建筑面积计)楼层,04,房号,4E,用途,住宅,,建筑面积68.13平方米,户内面积,49.49平方米,分摊面积,18.64平方米,户内面积,--平方米,分摊面积--平方米,建筑面积,--平方米
项目楼栋情况,悦千山雅园悦千山雅园2栋,座号,2栋,合同号,--,拟售价格,41824.89元/平方米(按建筑面积计)楼层,04,房号,4F,用途,住宅,,建筑面积67.94平方米,户内面积,49.35平方米,分摊面积,18.59平方米,户内面积,--平方米,分摊面积--平方米,建筑面积,--平方米
项目楼栋情况,悦千山雅园悦千山雅园2栋,座号,2栋,合同号,--,拟售价格,49919.27元/平方米(按建筑面积计)楼层,04,房号,4G,用途,住宅,,建筑面积97.96平方米,户内面积,71.03平方米,分摊面积,26.93平方米,户内面积,--平方米,分摊面积--平方米,建筑面积,--平方米
项目楼栋情况,悦千山雅园悦千山雅园2栋,座号,2栋,合同号,--,拟售价格,41693.23元/平方米(按建筑面积计)楼层,04,房号,4H,用途,住宅,,建筑面积67.94平方米,户内面积,49.35平方米,分摊面积,18.59平方米,户内面积,--平方米,分摊面积--平方米,建筑面积,--平方米
项目楼栋情况,悦千山雅园悦千山雅园2栋,座号,2栋,合同号,--,拟售价格,41893.54元/平方米(按建筑面积计)楼层,04,房号,4I,用途,住宅,,建筑面积67.94平方米,户内面积,49.35平方米,分摊面积,18.59平方米,户内面积,--平方米,分摊面积--平方米,建筑面积,--平方米
项目楼栋情况,悦千山雅园悦千山雅园2栋,座号,2栋,合同号,--,拟售价格,42797.61元/平方米(按建筑面积计)楼层,04,房号,4J,用途,住宅,,建筑面积67.9平方米,户内面积,49.32平方米,分摊面积,18.58平方米,户内面积,--平方米,分摊面积--平方米,建筑面积,--平方米
项目楼栋情况,悦千山雅园悦千山雅园2栋,座号,2栋,合同号,--,拟售价格,43587.26元/平方米(按建筑面积计)楼层,04,房号,4K,用途,住宅,,建筑面积67.45平方米,户内面积,48.99平方米,分摊面积,18.46平方米,户内面积,--平方米,分摊面积--平方米,建筑面积,--平方米
项目楼栋情况,悦千山雅园悦千山雅园2栋,座号,2栋,合同号,--,拟售价格,43813.19元/平方米(按建筑面积计)楼层,02,房号,2A,用途,住宅,,建筑面积68.55平方米,户内面积,49.79平方米,分摊面积,18.76平方米,户内面积,--平方米,分摊面积--平方米,建筑面积,--平方米
项目楼栋情况,悦千山雅园悦千山雅园2栋,座号,2栋,合同号,--,拟售价格,43509.92元/平方米(按建筑面积计)楼层,02,房号,2B,用途,住宅,,建筑面积67.45平方米,户内面积,49平方米,分摊面积,18.45平方米,户内面积,--平方米,分摊面积--平方米,建筑面积,--平方米
项目楼栋情况,悦千山雅园悦千山雅园2栋,座号,2栋,合同号,--,拟售价格,43738.83元/平方米(按建筑面积计)楼层,02,房号,2C,用途,住宅,,建筑面积68.15平方米,户内面积,49.5平方米,分摊面积,18.65平方米,户内面积,--平方米,分摊面积--平方米,建筑面积,--平方米
项目楼栋情况,悦千山雅园悦千山雅园2栋,座号,2栋,合同号,--,拟售价格,43183.82元/平方米(按建筑面积计)楼层,02,房号,2D,用途,住宅,,建筑面积67.94平方米,户内面积,49.35平方米,分摊面积,18.59平方米,户内面积,--平方米,分摊面积--平方米,建筑面积,--平方米
项目楼栋情况,悦千山雅园悦千山雅园2栋,座号,2栋,合同号,--,拟售价格,43487.08元/平方米(按建筑面积计)楼层,02,房号,2E,用途,住宅,,建筑面积68.13平方米,户内面积,49.49平方米,分摊面积,18.64平方米,户内面积,--平方米,分摊面积--平方米,建筑面积,--平方米
项目楼栋情况,悦千山雅园悦千山雅园2栋,座号,2栋,合同号,--,拟售价格,41770.53元/平方米(按建筑面积计)楼层,02,房号,2F,用途,住宅,,建筑面积67.94平方米,户内面积,49.35平方米,分摊面积,18.59平方米,户内面积,--平方米,分摊面积--平方米,建筑面积,--平方米
项目楼栋情况,悦千山雅园悦千山雅园2栋,座号,2栋,合同号,--,拟售价格,49531.97元/平方米(按建筑面积计)楼层,02,房号,2G,用途,住宅,,建筑面积97.96平方米,户内面积,71.03平方米,分摊面积,26.93平方米,户内面积,--平方米,分摊面积--平方米,建筑面积,--平方米
项目楼栋情况,悦千山雅园悦千山雅园2栋,座号,2栋,合同号,--,拟售价格,41318.84元/平方米(按建筑面积计)楼层,02,房号,2H,用途,住宅,,建筑面积67.94平方米,户内面积,49.35平方米,分摊面积,18.59平方米,户内面积,--平方米,分摊面积--平方米,建筑面积,--平方米
项目楼栋情况,悦千山雅园悦千山雅园2栋,座号,2栋,合同号,--,拟售价格,41839.18元/平方米(按建筑面积计)楼层,02,房号,2I,用途,住宅,,建筑面积67.94平方米,户内面积,49.35平方米,分摊面积,18.59平方米,户内面积,--平方米,分摊面积--平方米,建筑面积,--平方米
项目楼栋情况,悦千山雅园悦千山雅园2栋,座号,2栋,合同号,--,拟售价格,42743.25元/平方米(按建筑面积计)楼层,02,房号,2J,用途,住宅,,建筑面积67.9平方米,户内面积,49.32平方米,分摊面积,18.58平方米,户内面积,--平方米,分摊面积--平方米,建筑面积,--平方米
项目楼栋情况,悦千山雅园悦千山雅园2栋,座号,2栋,合同号,--,拟售价格,43532.91元/平方米(按建筑面积计)楼层,02,房号,2K,用途,住宅,,建筑面积67.45平方米,户内面积,48.99平方米,分摊面积,18.46平方米,户内面积,--平方米,分摊面积--平方米,建筑面积,--平方米
