项目楼栋情况,深业中城（B302-0040）2号楼,座号,--,合同号,--,拟售价格,134229元/平方米(按建筑面积计)楼层,30,房号,30C,用途,住宅,,建筑面积132.04平方米,户内面积,108.03平方米,分摊面积,24.01平方米,户内面积,--平方米,分摊面积--平方米,建筑面积,--平方米
项目楼栋情况,深业中城（B302-0040）2号楼,座号,--,合同号,--,拟售价格,183388元/平方米(按建筑面积计)楼层,29,房号,29A,用途,住宅,,建筑面积309.2平方米,户内面积,253.29平方米,分摊面积,55.91平方米,户内面积,--平方米,分摊面积--平方米,建筑面积,--平方米
项目楼栋情况,深业中城（B302-0040）2号楼,座号,--,合同号,--,拟售价格,189988元/平方米(按建筑面积计)楼层,29,房号,29B,用途,住宅,,建筑面积361.92平方米,户内面积,296.47平方米,分摊面积,65.45平方米,户内面积,--平方米,分摊面积--平方米,建筑面积,--平方米
项目楼栋情况,深业中城（B302-0040）2号楼,座号,--,合同号,--,拟售价格,134229元/平方米(按建筑面积计)楼层,29,房号,29C,用途,住宅,,建筑面积131.74平方米,户内面积,108.03平方米,分摊面积,23.71平方米,户内面积,--平方米,分摊面积--平方米,建筑面积,--平方米
项目楼栋情况,深业中城（B302-0040）2号楼,座号,--,合同号,--,拟售价格,130579元/平方米(按建筑面积计)楼层,28,房号,28A,用途,住宅,,建筑面积175.15平方米,户内面积,143.62平方米,分摊面积,31.53平方米,户内面积,--平方米,分摊面积--平方米,建筑面积,--平方米
项目楼栋情况,深业中城（B302-0040）2号楼,座号,--,合同号,--,拟售价格,137829元/平方米(按建筑面积计)楼层,28,房号,28B,用途,住宅,,建筑面积203.85平方米,户内面积,167.15平方米,分摊面积,36.7平方米,户内面积,--平方米,分摊面积--平方米,建筑面积,--平方米
项目楼栋情况,深业中城（B302-0040）2号楼,座号,--,合同号,--,拟售价格,133829元/平方米(按建筑面积计)楼层,28,房号,28C,用途,住宅,,建筑面积131.74平方米,户内面积,108.03平方米,分摊面积,23.71平方米,户内面积,--平方米,分摊面积--平方米,建筑面积,--平方米
项目楼栋情况,深业中城（B302-0040）2号楼,座号,--,合同号,--,拟售价格,130179元/平方米(按建筑面积计)楼层,27,房号,27A,用途,住宅,,建筑面积175.15平方米,户内面积,143.62平方米,分摊面积,31.53平方米,户内面积,--平方米,分摊面积--平方米,建筑面积,--平方米
项目楼栋情况,深业中城（B302-0040）2号楼,座号,--,合同号,--,拟售价格,137429元/平方米(按建筑面积计)楼层,27,房号,27B,用途,住宅,,建筑面积203.85平方米,户内面积,167.15平方米,分摊面积,36.7平方米,户内面积,--平方米,分摊面积--平方米,建筑面积,--平方米
项目楼栋情况,深业中城（B302-0040）2号楼,座号,--,合同号,--,拟售价格,133429元/平方米(按建筑面积计)楼层,27,房号,27C,用途,住宅,,建筑面积131.74平方米,户内面积,108.03平方米,分摊面积,23.71平方米,户内面积,--平方米,分摊面积--平方米,建筑面积,--平方米
项目楼栋情况,深业中城（B302-0040）2号楼,座号,--,合同号,--,拟售价格,129779元/平方米(按建筑面积计)楼层,26,房号,26A,用途,住宅,,建筑面积175.15平方米,户内面积,143.62平方米,分摊面积,31.53平方米,户内面积,--平方米,分摊面积--平方米,建筑面积,--平方米
项目楼栋情况,深业中城（B302-0040）2号楼,座号,--,合同号,--,拟售价格,137029元/平方米(按建筑面积计)楼层,26,房号,26B,用途,住宅,,建筑面积203.85平方米,户内面积,167.15平方米,分摊面积,36.7平方米,户内面积,--平方米,分摊面积--平方米,建筑面积,--平方米
项目楼栋情况,深业中城（B302-0040）2号楼,座号,--,合同号,--,拟售价格,133029元/平方米(按建筑面积计)楼层,26,房号,26C,用途,住宅,,建筑面积131.74平方米,户内面积,108.03平方米,分摊面积,23.71平方米,户内面积,--平方米,分摊面积--平方米,建筑面积,--平方米
项目楼栋情况,深业中城（B302-0040）2号楼,座号,--,合同号,--,拟售价格,129379元/平方米(按建筑面积计)楼层,25,房号,25A,用途,住宅,,建筑面积175.15平方米,户内面积,143.62平方米,分摊面积,31.53平方米,户内面积,--平方米,分摊面积--平方米,建筑面积,--平方米
项目楼栋情况,深业中城（B302-0040）2号楼,座号,--,合同号,--,拟售价格,136629元/平方米(按建筑面积计)楼层,25,房号,25B,用途,住宅,,建筑面积203.85平方米,户内面积,167.15平方米,分摊面积,36.7平方米,户内面积,--平方米,分摊面积--平方米,建筑面积,--平方米
项目楼栋情况,深业中城（B302-0040）2号楼,座号,--,合同号,--,拟售价格,132629元/平方米(按建筑面积计)楼层,25,房号,25C,用途,住宅,,建筑面积131.74平方米,户内面积,108.03平方米,分摊面积,23.71平方米,户内面积,--平方米,分摊面积--平方米,建筑面积,--平方米
项目楼栋情况,深业中城（B302-0040）2号楼,座号,--,合同号,--,拟售价格,128979元/平方米(按建筑面积计)楼层,24,房号,24A,用途,住宅,,建筑面积175.15平方米,户内面积,143.62平方米,分摊面积,31.53平方米,户内面积,--平方米,分摊面积--平方米,建筑面积,--平方米
项目楼栋情况,深业中城（B302-0040）2号楼,座号,--,合同号,--,拟售价格,136229元/平方米(按建筑面积计)楼层,24,房号,24B,用途,住宅,,建筑面积203.85平方米,户内面积,167.15平方米,分摊面积,36.7平方米,户内面积,--平方米,分摊面积--平方米,建筑面积,--平方米
项目楼栋情况,深业中城（B302-0040）2号楼,座号,--,合同号,--,拟售价格,132229元/平方米(按建筑面积计)楼层,24,房号,24C,用途,住宅,,建筑面积131.74平方米,户内面积,108.03平方米,分摊面积,23.71平方米,户内面积,--平方米,分摊面积--平方米,建筑面积,--平方米
项目楼栋情况,深业中城（B302-0040）2号楼,座号,--,合同号,--,拟售价格,128579元/平方米(按建筑面积计)楼层,23,房号,23A,用途,住宅,,建筑面积175.15平方米,户内面积,143.62平方米,分摊面积,31.53平方米,户内面积,--平方米,分摊面积--平方米,建筑面积,--平方米
项目楼栋情况,深业中城（B302-0040）2号楼,座号,--,合同号,--,拟售价格,135829元/平方米(按建筑面积计)楼层,23,房号,23B,用途,住宅,,建筑面积203.85平方米,户内面积,167.15平方米,分摊面积,36.7平方米,户内面积,--平方米,分摊面积--平方米,建筑面积,--平方米
项目楼栋情况,深业中城（B302-0040）2号楼,座号,--,合同号,--,拟售价格,131829元/平方米(按建筑面积计)楼层,23,房号,23C,用途,住宅,,建筑面积131.74平方米,户内面积,108.03平方米,分摊面积,23.71平方米,户内面积,--平方米,分摊面积--平方米,建筑面积,--平方米
项目楼栋情况,深业中城（B302-0040）2号楼,座号,--,合同号,--,拟售价格,128179元/平方米(按建筑面积计)楼层,22,房号,22A,用途,住宅,,建筑面积175.15平方米,户内面积,143.62平方米,分摊面积,31.53平方米,户内面积,--平方米,分摊面积--平方米,建筑面积,--平方米
项目楼栋情况,深业中城（B302-0040）2号楼,座号,--,合同号,--,拟售价格,135429元/平方米(按建筑面积计)楼层,22,房号,22B,用途,住宅,,建筑面积203.85平方米,户内面积,167.15平方米,分摊面积,36.7平方米,户内面积,--平方米,分摊面积--平方米,建筑面积,--平方米
项目楼栋情况,深业中城（B302-0040）2号楼,座号,--,合同号,--,拟售价格,131429元/平方米(按建筑面积计)楼层,22,房号,22C,用途,住宅,,建筑面积131.74平方米,户内面积,108.03平方米,分摊面积,23.71平方米,户内面积,--平方米,分摊面积--平方米,建筑面积,--平方米
项目楼栋情况,深业中城（B302-0040）2号楼,座号,--,合同号,--,拟售价格,127779元/平方米(按建筑面积计)楼层,21,房号,21A,用途,住宅,,建筑面积175.15平方米,户内面积,143.62平方米,分摊面积,31.53平方米,户内面积,--平方米,分摊面积--平方米,建筑面积,--平方米
项目楼栋情况,深业中城（B302-0040）2号楼,座号,--,合同号,--,拟售价格,135029元/平方米(按建筑面积计)楼层,21,房号,21B,用途,住宅,,建筑面积203.85平方米,户内面积,167.15平方米,分摊面积,36.7平方米,户内面积,--平方米,分摊面积--平方米,建筑面积,--平方米
项目楼栋情况,深业中城（B302-0040）2号楼,座号,--,合同号,--,拟售价格,131029元/平方米(按建筑面积计)楼层,21,房号,21C,用途,住宅,,建筑面积131.74平方米,户内面积,108.03平方米,分摊面积,23.71平方米,户内面积,--平方米,分摊面积--平方米,建筑面积,--平方米
项目楼栋情况,深业中城（B302-0040）2号楼,座号,--,合同号,--,拟售价格,127379元/平方米(按建筑面积计)楼层,20,房号,20A,用途,住宅,,建筑面积175.15平方米,户内面积,143.62平方米,分摊面积,31.53平方米,户内面积,--平方米,分摊面积--平方米,建筑面积,--平方米
项目楼栋情况,深业中城（B302-0040）2号楼,座号,--,合同号,--,拟售价格,134629元/平方米(按建筑面积计)楼层,20,房号,20B,用途,住宅,,建筑面积203.85平方米,户内面积,167.15平方米,分摊面积,36.7平方米,户内面积,--平方米,分摊面积--平方米,建筑面积,--平方米
项目楼栋情况,深业中城（B302-0040）2号楼,座号,--,合同号,--,拟售价格,130629元/平方米(按建筑面积计)楼层,20,房号,20C,用途,住宅,,建筑面积131.74平方米,户内面积,108.03平方米,分摊面积,23.71平方米,户内面积,--平方米,分摊面积--平方米,建筑面积,--平方米
项目楼栋情况,深业中城（B302-0040）2号楼,座号,--,合同号,--,拟售价格,126979元/平方米(按建筑面积计)楼层,19,房号,19A,用途,住宅,,建筑面积175.15平方米,户内面积,143.62平方米,分摊面积,31.53平方米,户内面积,--平方米,分摊面积--平方米,建筑面积,--平方米
项目楼栋情况,深业中城（B302-0040）2号楼,座号,--,合同号,--,拟售价格,133229元/平方米(按建筑面积计)楼层,19,房号,19B,用途,住宅,,建筑面积203.85平方米,户内面积,167.15平方米,分摊面积,36.7平方米,户内面积,--平方米,分摊面积--平方米,建筑面积,--平方米
项目楼栋情况,深业中城（B302-0040）2号楼,座号,--,合同号,--,拟售价格,129229元/平方米(按建筑面积计)楼层,19,房号,19C,用途,住宅,,建筑面积131.74平方米,户内面积,108.03平方米,分摊面积,23.71平方米,户内面积,--平方米,分摊面积--平方米,建筑面积,--平方米
项目楼栋情况,深业中城（B302-0040）2号楼,座号,--,合同号,--,拟售价格,126579元/平方米(按建筑面积计)楼层,18,房号,18A,用途,住宅,,建筑面积175.15平方米,户内面积,143.62平方米,分摊面积,31.53平方米,户内面积,--平方米,分摊面积--平方米,建筑面积,--平方米
项目楼栋情况,深业中城（B302-0040）2号楼,座号,--,合同号,--,拟售价格,132829元/平方米(按建筑面积计)楼层,18,房号,18B,用途,住宅,,建筑面积203.85平方米,户内面积,167.15平方米,分摊面积,36.7平方米,户内面积,--平方米,分摊面积--平方米,建筑面积,--平方米
项目楼栋情况,深业中城（B302-0040）2号楼,座号,--,合同号,--,拟售价格,128829元/平方米(按建筑面积计)楼层,18,房号,18C,用途,住宅,,建筑面积131.74平方米,户内面积,108.03平方米,分摊面积,23.71平方米,户内面积,--平方米,分摊面积--平方米,建筑面积,--平方米
项目楼栋情况,深业中城（B302-0040）2号楼,座号,--,合同号,--,拟售价格,126179元/平方米(按建筑面积计)楼层,17,房号,17A,用途,住宅,,建筑面积175.15平方米,户内面积,143.62平方米,分摊面积,31.53平方米,户内面积,--平方米,分摊面积--平方米,建筑面积,--平方米
项目楼栋情况,深业中城（B302-0040）2号楼,座号,--,合同号,--,拟售价格,132429元/平方米(按建筑面积计)楼层,17,房号,17B,用途,住宅,,建筑面积203.85平方米,户内面积,167.15平方米,分摊面积,36.7平方米,户内面积,--平方米,分摊面积--平方米,建筑面积,--平方米
项目楼栋情况,深业中城（B302-0040）2号楼,座号,--,合同号,--,拟售价格,128429元/平方米(按建筑面积计)楼层,17,房号,17C,用途,住宅,,建筑面积131.74平方米,户内面积,108.03平方米,分摊面积,23.71平方米,户内面积,--平方米,分摊面积--平方米,建筑面积,--平方米
项目楼栋情况,深业中城（B302-0040）2号楼,座号,--,合同号,--,拟售价格,125779元/平方米(按建筑面积计)楼层,16,房号,16A,用途,住宅,,建筑面积175.15平方米,户内面积,143.62平方米,分摊面积,31.53平方米,户内面积,--平方米,分摊面积--平方米,建筑面积,--平方米
项目楼栋情况,深业中城（B302-0040）2号楼,座号,--,合同号,--,拟售价格,132029元/平方米(按建筑面积计)楼层,16,房号,16B,用途,住宅,,建筑面积203.85平方米,户内面积,167.15平方米,分摊面积,36.7平方米,户内面积,--平方米,分摊面积--平方米,建筑面积,--平方米
项目楼栋情况,深业中城（B302-0040）2号楼,座号,--,合同号,--,拟售价格,128029元/平方米(按建筑面积计)楼层,16,房号,16C,用途,住宅,,建筑面积131.74平方米,户内面积,108.03平方米,分摊面积,23.71平方米,户内面积,--平方米,分摊面积--平方米,建筑面积,--平方米
项目楼栋情况,深业中城（B302-0040）2号楼,座号,--,合同号,--,拟售价格,125379元/平方米(按建筑面积计)楼层,15,房号,15A,用途,住宅,,建筑面积175.15平方米,户内面积,143.62平方米,分摊面积,31.53平方米,户内面积,--平方米,分摊面积--平方米,建筑面积,--平方米
项目楼栋情况,深业中城（B302-0040）2号楼,座号,--,合同号,--,拟售价格,131629元/平方米(按建筑面积计)楼层,15,房号,15B,用途,住宅,,建筑面积203.85平方米,户内面积,167.15平方米,分摊面积,36.7平方米,户内面积,--平方米,分摊面积--平方米,建筑面积,--平方米
项目楼栋情况,深业中城（B302-0040）2号楼,座号,--,合同号,--,拟售价格,127629元/平方米(按建筑面积计)楼层,15,房号,15C,用途,住宅,,建筑面积131.74平方米,户内面积,108.03平方米,分摊面积,23.71平方米,户内面积,--平方米,分摊面积--平方米,建筑面积,--平方米
项目楼栋情况,深业中城（B302-0040）2号楼,座号,--,合同号,--,拟售价格,124979元/平方米(按建筑面积计)楼层,14,房号,14A,用途,住宅,,建筑面积175.15平方米,户内面积,143.62平方米,分摊面积,31.53平方米,户内面积,--平方米,分摊面积--平方米,建筑面积,--平方米
项目楼栋情况,深业中城（B302-0040）2号楼,座号,--,合同号,--,拟售价格,131229元/平方米(按建筑面积计)楼层,14,房号,14B,用途,住宅,,建筑面积203.85平方米,户内面积,167.15平方米,分摊面积,36.7平方米,户内面积,--平方米,分摊面积--平方米,建筑面积,--平方米
项目楼栋情况,深业中城（B302-0040）2号楼,座号,--,合同号,--,拟售价格,127229元/平方米(按建筑面积计)楼层,14,房号,14C,用途,住宅,,建筑面积131.74平方米,户内面积,108.03平方米,分摊面积,23.71平方米,户内面积,--平方米,分摊面积--平方米,建筑面积,--平方米
项目楼栋情况,深业中城（B302-0040）2号楼,座号,--,合同号,--,拟售价格,124279元/平方米(按建筑面积计)楼层,13,房号,13A,用途,住宅,,建筑面积175.15平方米,户内面积,143.62平方米,分摊面积,31.53平方米,户内面积,--平方米,分摊面积--平方米,建筑面积,--平方米
项目楼栋情况,深业中城（B302-0040）2号楼,座号,--,合同号,--,拟售价格,130529元/平方米(按建筑面积计)楼层,13,房号,13B,用途,住宅,,建筑面积203.85平方米,户内面积,167.15平方米,分摊面积,36.7平方米,户内面积,--平方米,分摊面积--平方米,建筑面积,--平方米
项目楼栋情况,深业中城（B302-0040）2号楼,座号,--,合同号,--,拟售价格,126529元/平方米(按建筑面积计)楼层,13,房号,13C,用途,住宅,,建筑面积131.74平方米,户内面积,108.03平方米,分摊面积,23.71平方米,户内面积,--平方米,分摊面积--平方米,建筑面积,--平方米
项目楼栋情况,深业中城（B302-0040）2号楼,座号,--,合同号,--,拟售价格,123579元/平方米(按建筑面积计)楼层,12,房号,12A,用途,住宅,,建筑面积175.15平方米,户内面积,143.62平方米,分摊面积,31.53平方米,户内面积,--平方米,分摊面积--平方米,建筑面积,--平方米
项目楼栋情况,深业中城（B302-0040）2号楼,座号,--,合同号,--,拟售价格,129829元/平方米(按建筑面积计)楼层,12,房号,12B,用途,住宅,,建筑面积203.85平方米,户内面积,167.15平方米,分摊面积,36.7平方米,户内面积,--平方米,分摊面积--平方米,建筑面积,--平方米
项目楼栋情况,深业中城（B302-0040）2号楼,座号,--,合同号,--,拟售价格,125829元/平方米(按建筑面积计)楼层,12,房号,12C,用途,住宅,,建筑面积131.74平方米,户内面积,108.03平方米,分摊面积,23.71平方米,户内面积,--平方米,分摊面积--平方米,建筑面积,--平方米
项目楼栋情况,深业中城（B302-0040）2号楼,座号,--,合同号,--,拟售价格,122879元/平方米(按建筑面积计)楼层,11,房号,11A,用途,住宅,,建筑面积175.15平方米,户内面积,143.62平方米,分摊面积,31.53平方米,户内面积,--平方米,分摊面积--平方米,建筑面积,--平方米
项目楼栋情况,深业中城（B302-0040）2号楼,座号,--,合同号,--,拟售价格,129129元/平方米(按建筑面积计)楼层,11,房号,11B,用途,住宅,,建筑面积203.85平方米,户内面积,167.15平方米,分摊面积,36.7平方米,户内面积,--平方米,分摊面积--平方米,建筑面积,--平方米
项目楼栋情况,深业中城（B302-0040）2号楼,座号,--,合同号,--,拟售价格,125129元/平方米(按建筑面积计)楼层,11,房号,11C,用途,住宅,,建筑面积131.74平方米,户内面积,108.03平方米,分摊面积,23.71平方米,户内面积,--平方米,分摊面积--平方米,建筑面积,--平方米
项目楼栋情况,深业中城（B302-0040）2号楼,座号,--,合同号,--,拟售价格,122179元/平方米(按建筑面积计)楼层,10,房号,10A,用途,住宅,,建筑面积175.15平方米,户内面积,143.62平方米,分摊面积,31.53平方米,户内面积,--平方米,分摊面积--平方米,建筑面积,--平方米
项目楼栋情况,深业中城（B302-0040）2号楼,座号,--,合同号,--,拟售价格,128429元/平方米(按建筑面积计)楼层,10,房号,10B,用途,住宅,,建筑面积203.85平方米,户内面积,167.15平方米,分摊面积,36.7平方米,户内面积,--平方米,分摊面积--平方米,建筑面积,--平方米
项目楼栋情况,深业中城（B302-0040）2号楼,座号,--,合同号,--,拟售价格,124429元/平方米(按建筑面积计)楼层,10,房号,10C,用途,住宅,,建筑面积131.74平方米,户内面积,108.03平方米,分摊面积,23.71平方米,户内面积,--平方米,分摊面积--平方米,建筑面积,--平方米
项目楼栋情况,深业中城（B302-0040）2号楼,座号,--,合同号,--,拟售价格,121479元/平方米(按建筑面积计)楼层,9,房号,9A,用途,住宅,,建筑面积175.15平方米,户内面积,143.62平方米,分摊面积,31.53平方米,户内面积,--平方米,分摊面积--平方米,建筑面积,--平方米
项目楼栋情况,深业中城（B302-0040）2号楼,座号,--,合同号,--,拟售价格,127729元/平方米(按建筑面积计)楼层,9,房号,9B,用途,住宅,,建筑面积203.85平方米,户内面积,167.15平方米,分摊面积,36.7平方米,户内面积,--平方米,分摊面积--平方米,建筑面积,--平方米
项目楼栋情况,深业中城（B302-0040）2号楼,座号,--,合同号,--,拟售价格,123729元/平方米(按建筑面积计)楼层,9,房号,9C,用途,住宅,,建筑面积131.74平方米,户内面积,108.03平方米,分摊面积,23.71平方米,户内面积,--平方米,分摊面积--平方米,建筑面积,--平方米
项目楼栋情况,深业中城（B302-0040）2号楼,座号,--,合同号,--,拟售价格,120779元/平方米(按建筑面积计)楼层,8,房号,8A,用途,住宅,,建筑面积175.15平方米,户内面积,143.62平方米,分摊面积,31.53平方米,户内面积,--平方米,分摊面积--平方米,建筑面积,--平方米
项目楼栋情况,深业中城（B302-0040）2号楼,座号,--,合同号,--,拟售价格,127029元/平方米(按建筑面积计)楼层,8,房号,8B,用途,住宅,,建筑面积203.85平方米,户内面积,167.15平方米,分摊面积,36.7平方米,户内面积,--平方米,分摊面积--平方米,建筑面积,--平方米
项目楼栋情况,深业中城（B302-0040）2号楼,座号,--,合同号,--,拟售价格,123029元/平方米(按建筑面积计)楼层,8,房号,8C,用途,住宅,,建筑面积131.74平方米,户内面积,108.03平方米,分摊面积,23.71平方米,户内面积,--平方米,分摊面积--平方米,建筑面积,--平方米
项目楼栋情况,深业中城（B302-0040）2号楼,座号,--,合同号,--,拟售价格,116079元/平方米(按建筑面积计)楼层,7,房号,7A,用途,住宅,,建筑面积175.15平方米,户内面积,143.62平方米,分摊面积,31.53平方米,户内面积,--平方米,分摊面积--平方米,建筑面积,--平方米
项目楼栋情况,深业中城（B302-0040）2号楼,座号,--,合同号,--,拟售价格,122329元/平方米(按建筑面积计)楼层,7,房号,7B,用途,住宅,,建筑面积203.85平方米,户内面积,167.15平方米,分摊面积,36.7平方米,户内面积,--平方米,分摊面积--平方米,建筑面积,--平方米
项目楼栋情况,深业中城（B302-0040）2号楼,座号,--,合同号,--,拟售价格,122329元/平方米(按建筑面积计)楼层,7,房号,7C,用途,住宅,,建筑面积131.74平方米,户内面积,108.03平方米,分摊面积,23.71平方米,户内面积,--平方米,分摊面积--平方米,建筑面积,--平方米
项目楼栋情况,深业中城（B302-0040）2号楼,座号,--,合同号,--,拟售价格,113379元/平方米(按建筑面积计)楼层,6,房号,6A,用途,住宅,,建筑面积175.15平方米,户内面积,143.62平方米,分摊面积,31.53平方米,户内面积,--平方米,分摊面积--平方米,建筑面积,--平方米
项目楼栋情况,深业中城（B302-0040）2号楼,座号,--,合同号,--,拟售价格,119629元/平方米(按建筑面积计)楼层,6,房号,6B,用途,住宅,,建筑面积203.85平方米,户内面积,167.15平方米,分摊面积,36.7平方米,户内面积,--平方米,分摊面积--平方米,建筑面积,--平方米
项目楼栋情况,深业中城（B302-0040）2号楼,座号,--,合同号,--,拟售价格,116629元/平方米(按建筑面积计)楼层,6,房号,6C,用途,住宅,,建筑面积131.74平方米,户内面积,108.03平方米,分摊面积,23.71平方米,户内面积,--平方米,分摊面积--平方米,建筑面积,--平方米
项目楼栋情况,深业中城（B302-0040）2号楼,座号,--,合同号,--,拟售价格,109679元/平方米(按建筑面积计)楼层,5,房号,5A,用途,住宅,,建筑面积175.15平方米,户内面积,143.62平方米,分摊面积,31.53平方米,户内面积,--平方米,分摊面积--平方米,建筑面积,--平方米
项目楼栋情况,深业中城（B302-0040）2号楼,座号,--,合同号,--,拟售价格,115929元/平方米(按建筑面积计)楼层,5,房号,5B,用途,住宅,,建筑面积203.85平方米,户内面积,167.15平方米,分摊面积,36.7平方米,户内面积,--平方米,分摊面积--平方米,建筑面积,--平方米
项目楼栋情况,深业中城（B302-0040）2号楼,座号,--,合同号,--,拟售价格,115929元/平方米(按建筑面积计)楼层,5,房号,5C,用途,住宅,,建筑面积131.74平方米,户内面积,108.03平方米,分摊面积,23.71平方米,户内面积,--平方米,分摊面积--平方米,建筑面积,--平方米
项目楼栋情况,深业中城（B302-0040）2号楼,座号,--,合同号,--,拟售价格,108979元/平方米(按建筑面积计)楼层,4,房号,4A,用途,住宅,,建筑面积175.15平方米,户内面积,143.62平方米,分摊面积,31.53平方米,户内面积,--平方米,分摊面积--平方米,建筑面积,--平方米
项目楼栋情况,深业中城（B302-0040）2号楼,座号,--,合同号,--,拟售价格,115229元/平方米(按建筑面积计)楼层,4,房号,4B,用途,住宅,,建筑面积203.85平方米,户内面积,167.15平方米,分摊面积,36.7平方米,户内面积,--平方米,分摊面积--平方米,建筑面积,--平方米
项目楼栋情况,深业中城（B302-0040）2号楼,座号,--,合同号,--,拟售价格,115229元/平方米(按建筑面积计)楼层,4,房号,4C,用途,住宅,,建筑面积131.74平方米,户内面积,108.03平方米,分摊面积,23.71平方米,户内面积,--平方米,分摊面积--平方米,建筑面积,--平方米
项目楼栋情况,深业中城（B302-0040）2号楼,座号,--,合同号,--,拟售价格,108279元/平方米(按建筑面积计)楼层,3,房号,3A,用途,住宅,,建筑面积175.15平方米,户内面积,143.62平方米,分摊面积,31.53平方米,户内面积,--平方米,分摊面积--平方米,建筑面积,--平方米
项目楼栋情况,深业中城（B302-0040）2号楼,座号,--,合同号,--,拟售价格,114529元/平方米(按建筑面积计)楼层,3,房号,3B,用途,住宅,,建筑面积203.85平方米,户内面积,167.15平方米,分摊面积,36.7平方米,户内面积,--平方米,分摊面积--平方米,建筑面积,--平方米
项目楼栋情况,深业中城（B302-0040）2号楼,座号,--,合同号,--,拟售价格,114529元/平方米(按建筑面积计)楼层,3,房号,3C,用途,住宅,,建筑面积131.74平方米,户内面积,108.03平方米,分摊面积,23.71平方米,户内面积,--平方米,分摊面积--平方米,建筑面积,--平方米
项目楼栋情况,深业中城（B302-0040）3号楼,座号,二单元,合同号,--,拟售价格,137788元/平方米(按建筑面积计)楼层,30,房号,30B,用途,住宅,,建筑面积192.65平方米,户内面积,154.02平方米,分摊面积,38.63平方米,户内面积,--平方米,分摊面积--平方米,建筑面积,--平方米
项目楼栋情况,深业中城（B302-0040）3号楼,座号,二单元,合同号,--,拟售价格,196688元/平方米(按建筑面积计)楼层,29,房号,29A,用途,住宅,,建筑面积395.94平方米,户内面积,316.55平方米,分摊面积,79.39平方米,户内面积,--平方米,分摊面积--平方米,建筑面积,--平方米
项目楼栋情况,深业中城（B302-0040）3号楼,座号,二单元,合同号,--,拟售价格,137788元/平方米(按建筑面积计)楼层,29,房号,29B,用途,住宅,,建筑面积192.65平方米,户内面积,154.02平方米,分摊面积,38.63平方米,户内面积,--平方米,分摊面积--平方米,建筑面积,--平方米
项目楼栋情况,深业中城（B302-0040）3号楼,座号,二单元,合同号,--,拟售价格,142266元/平方米(按建筑面积计)楼层,28,房号,28A,用途,住宅,,建筑面积233平方米,户内面积,186.28平方米,分摊面积,46.72平方米,户内面积,--平方米,分摊面积--平方米,建筑面积,--平方米
项目楼栋情况,深业中城（B302-0040）3号楼,座号,二单元,合同号,--,拟售价格,137088元/平方米(按建筑面积计)楼层,28,房号,28B,用途,住宅,,建筑面积192.65平方米,户内面积,154.02平方米,分摊面积,38.63平方米,户内面积,--平方米,分摊面积--平方米,建筑面积,--平方米
项目楼栋情况,深业中城（B302-0040）3号楼,座号,二单元,合同号,--,拟售价格,141866元/平方米(按建筑面积计)楼层,27,房号,27A,用途,住宅,,建筑面积233平方米,户内面积,186.28平方米,分摊面积,46.72平方米,户内面积,--平方米,分摊面积--平方米,建筑面积,--平方米
项目楼栋情况,深业中城（B302-0040）3号楼,座号,二单元,合同号,--,拟售价格,136388元/平方米(按建筑面积计)楼层,27,房号,27B,用途,住宅,,建筑面积192.65平方米,户内面积,154.02平方米,分摊面积,38.63平方米,户内面积,--平方米,分摊面积--平方米,建筑面积,--平方米
项目楼栋情况,深业中城（B302-0040）3号楼,座号,二单元,合同号,--,拟售价格,141466元/平方米(按建筑面积计)楼层,26,房号,26A,用途,住宅,,建筑面积233平方米,户内面积,186.28平方米,分摊面积,46.72平方米,户内面积,--平方米,分摊面积--平方米,建筑面积,--平方米
项目楼栋情况,深业中城（B302-0040）3号楼,座号,二单元,合同号,--,拟售价格,135688元/平方米(按建筑面积计)楼层,26,房号,26B,用途,住宅,,建筑面积192.65平方米,户内面积,154.02平方米,分摊面积,38.63平方米,户内面积,--平方米,分摊面积--平方米,建筑面积,--平方米
项目楼栋情况,深业中城（B302-0040）3号楼,座号,二单元,合同号,--,拟售价格,141066元/平方米(按建筑面积计)楼层,25,房号,25A,用途,住宅,,建筑面积233平方米,户内面积,186.28平方米,分摊面积,46.72平方米,户内面积,--平方米,分摊面积--平方米,建筑面积,--平方米
项目楼栋情况,深业中城（B302-0040）3号楼,座号,二单元,合同号,--,拟售价格,134988元/平方米(按建筑面积计)楼层,25,房号,25B,用途,住宅,,建筑面积192.65平方米,户内面积,154.02平方米,分摊面积,38.63平方米,户内面积,--平方米,分摊面积--平方米,建筑面积,--平方米
项目楼栋情况,深业中城（B302-0040）3号楼,座号,二单元,合同号,--,拟售价格,140666元/平方米(按建筑面积计)楼层,24,房号,24A,用途,住宅,,建筑面积233平方米,户内面积,186.28平方米,分摊面积,46.72平方米,户内面积,--平方米,分摊面积--平方米,建筑面积,--平方米
项目楼栋情况,深业中城（B302-0040）3号楼,座号,二单元,合同号,--,拟售价格,134288元/平方米(按建筑面积计)楼层,24,房号,24B,用途,住宅,,建筑面积192.65平方米,户内面积,154.02平方米,分摊面积,38.63平方米,户内面积,--平方米,分摊面积--平方米,建筑面积,--平方米
项目楼栋情况,深业中城（B302-0040）3号楼,座号,二单元,合同号,--,拟售价格,140266元/平方米(按建筑面积计)楼层,23,房号,23A,用途,住宅,,建筑面积233平方米,户内面积,186.28平方米,分摊面积,46.72平方米,户内面积,--平方米,分摊面积--平方米,建筑面积,--平方米
项目楼栋情况,深业中城（B302-0040）3号楼,座号,二单元,合同号,--,拟售价格,133588元/平方米(按建筑面积计)楼层,23,房号,23B,用途,住宅,,建筑面积192.65平方米,户内面积,154.02平方米,分摊面积,38.63平方米,户内面积,--平方米,分摊面积--平方米,建筑面积,--平方米
项目楼栋情况,深业中城（B302-0040）3号楼,座号,二单元,合同号,--,拟售价格,139866元/平方米(按建筑面积计)楼层,22,房号,22A,用途,住宅,,建筑面积233平方米,户内面积,186.28平方米,分摊面积,46.72平方米,户内面积,--平方米,分摊面积--平方米,建筑面积,--平方米
项目楼栋情况,深业中城（B302-0040）3号楼,座号,二单元,合同号,--,拟售价格,132888元/平方米(按建筑面积计)楼层,22,房号,22B,用途,住宅,,建筑面积192.65平方米,户内面积,154.02平方米,分摊面积,38.63平方米,户内面积,--平方米,分摊面积--平方米,建筑面积,--平方米
项目楼栋情况,深业中城（B302-0040）3号楼,座号,二单元,合同号,--,拟售价格,139466元/平方米(按建筑面积计)楼层,21,房号,21A,用途,住宅,,建筑面积233平方米,户内面积,186.28平方米,分摊面积,46.72平方米,户内面积,--平方米,分摊面积--平方米,建筑面积,--平方米
项目楼栋情况,深业中城（B302-0040）3号楼,座号,二单元,合同号,--,拟售价格,132188元/平方米(按建筑面积计)楼层,21,房号,21B,用途,住宅,,建筑面积192.65平方米,户内面积,154.02平方米,分摊面积,38.63平方米,户内面积,--平方米,分摊面积--平方米,建筑面积,--平方米
项目楼栋情况,深业中城（B302-0040）3号楼,座号,二单元,合同号,--,拟售价格,139066元/平方米(按建筑面积计)楼层,20,房号,20A,用途,住宅,,建筑面积233平方米,户内面积,186.28平方米,分摊面积,46.72平方米,户内面积,--平方米,分摊面积--平方米,建筑面积,--平方米
项目楼栋情况,深业中城（B302-0040）3号楼,座号,二单元,合同号,--,拟售价格,131488元/平方米(按建筑面积计)楼层,20,房号,20B,用途,住宅,,建筑面积192.65平方米,户内面积,154.02平方米,分摊面积,38.63平方米,户内面积,--平方米,分摊面积--平方米,建筑面积,--平方米
项目楼栋情况,深业中城（B302-0040）3号楼,座号,二单元,合同号,--,拟售价格,137466元/平方米(按建筑面积计)楼层,19,房号,19A,用途,住宅,,建筑面积233平方米,户内面积,186.28平方米,分摊面积,46.72平方米,户内面积,--平方米,分摊面积--平方米,建筑面积,--平方米
项目楼栋情况,深业中城（B302-0040）3号楼,座号,二单元,合同号,--,拟售价格,129588元/平方米(按建筑面积计)楼层,19,房号,19B,用途,住宅,,建筑面积192.65平方米,户内面积,154.02平方米,分摊面积,38.63平方米,户内面积,--平方米,分摊面积--平方米,建筑面积,--平方米
项目楼栋情况,深业中城（B302-0040）3号楼,座号,二单元,合同号,--,拟售价格,135866元/平方米(按建筑面积计)楼层,18,房号,18A,用途,住宅,,建筑面积233平方米,户内面积,186.28平方米,分摊面积,46.72平方米,户内面积,--平方米,分摊面积--平方米,建筑面积,--平方米
项目楼栋情况,深业中城（B302-0040）3号楼,座号,二单元,合同号,--,拟售价格,127688元/平方米(按建筑面积计)楼层,18,房号,18B,用途,住宅,,建筑面积192.65平方米,户内面积,154.02平方米,分摊面积,38.63平方米,户内面积,--平方米,分摊面积--平方米,建筑面积,--平方米
项目楼栋情况,深业中城（B302-0040）3号楼,座号,二单元,合同号,--,拟售价格,135466元/平方米(按建筑面积计)楼层,17,房号,17A,用途,住宅,,建筑面积233平方米,户内面积,186.28平方米,分摊面积,46.72平方米,户内面积,--平方米,分摊面积--平方米,建筑面积,--平方米
项目楼栋情况,深业中城（B302-0040）3号楼,座号,二单元,合同号,--,拟售价格,127288元/平方米(按建筑面积计)楼层,17,房号,17B,用途,住宅,,建筑面积192.65平方米,户内面积,154.02平方米,分摊面积,38.63平方米,户内面积,--平方米,分摊面积--平方米,建筑面积,--平方米
项目楼栋情况,深业中城（B302-0040）3号楼,座号,二单元,合同号,--,拟售价格,135066元/平方米(按建筑面积计)楼层,16,房号,16A,用途,住宅,,建筑面积233平方米,户内面积,186.28平方米,分摊面积,46.72平方米,户内面积,--平方米,分摊面积--平方米,建筑面积,--平方米
项目楼栋情况,深业中城（B302-0040）3号楼,座号,二单元,合同号,--,拟售价格,126888元/平方米(按建筑面积计)楼层,16,房号,16B,用途,住宅,,建筑面积192.65平方米,户内面积,154.02平方米,分摊面积,38.63平方米,户内面积,--平方米,分摊面积--平方米,建筑面积,--平方米
项目楼栋情况,深业中城（B302-0040）3号楼,座号,二单元,合同号,--,拟售价格,134666元/平方米(按建筑面积计)楼层,15,房号,15A,用途,住宅,,建筑面积233平方米,户内面积,186.28平方米,分摊面积,46.72平方米,户内面积,--平方米,分摊面积--平方米,建筑面积,--平方米
项目楼栋情况,深业中城（B302-0040）3号楼,座号,二单元,合同号,--,拟售价格,126488元/平方米(按建筑面积计)楼层,15,房号,15B,用途,住宅,,建筑面积192.65平方米,户内面积,154.02平方米,分摊面积,38.63平方米,户内面积,--平方米,分摊面积--平方米,建筑面积,--平方米
项目楼栋情况,深业中城（B302-0040）3号楼,座号,二单元,合同号,--,拟售价格,134266元/平方米(按建筑面积计)楼层,14,房号,14A,用途,住宅,,建筑面积233平方米,户内面积,186.28平方米,分摊面积,46.72平方米,户内面积,--平方米,分摊面积--平方米,建筑面积,--平方米
项目楼栋情况,深业中城（B302-0040）3号楼,座号,二单元,合同号,--,拟售价格,126088元/平方米(按建筑面积计)楼层,14,房号,14B,用途,住宅,,建筑面积192.65平方米,户内面积,154.02平方米,分摊面积,38.63平方米,户内面积,--平方米,分摊面积--平方米,建筑面积,--平方米
项目楼栋情况,深业中城（B302-0040）3号楼,座号,二单元,合同号,--,拟售价格,133566元/平方米(按建筑面积计)楼层,13,房号,13A,用途,住宅,,建筑面积233平方米,户内面积,186.28平方米,分摊面积,46.72平方米,户内面积,--平方米,分摊面积--平方米,建筑面积,--平方米
项目楼栋情况,深业中城（B302-0040）3号楼,座号,二单元,合同号,--,拟售价格,125388元/平方米(按建筑面积计)楼层,13,房号,13B,用途,住宅,,建筑面积192.65平方米,户内面积,154.02平方米,分摊面积,38.63平方米,户内面积,--平方米,分摊面积--平方米,建筑面积,--平方米
项目楼栋情况,深业中城（B302-0040）3号楼,座号,二单元,合同号,--,拟售价格,132866元/平方米(按建筑面积计)楼层,12,房号,12A,用途,住宅,,建筑面积233平方米,户内面积,186.28平方米,分摊面积,46.72平方米,户内面积,--平方米,分摊面积--平方米,建筑面积,--平方米
项目楼栋情况,深业中城（B302-0040）3号楼,座号,二单元,合同号,--,拟售价格,124688元/平方米(按建筑面积计)楼层,12,房号,12B,用途,住宅,,建筑面积192.65平方米,户内面积,154.02平方米,分摊面积,38.63平方米,户内面积,--平方米,分摊面积--平方米,建筑面积,--平方米
项目楼栋情况,深业中城（B302-0040）3号楼,座号,二单元,合同号,--,拟售价格,132166元/平方米(按建筑面积计)楼层,11,房号,11A,用途,住宅,,建筑面积233平方米,户内面积,186.28平方米,分摊面积,46.72平方米,户内面积,--平方米,分摊面积--平方米,建筑面积,--平方米
项目楼栋情况,深业中城（B302-0040）3号楼,座号,二单元,合同号,--,拟售价格,123988元/平方米(按建筑面积计)楼层,11,房号,11B,用途,住宅,,建筑面积192.65平方米,户内面积,154.02平方米,分摊面积,38.63平方米,户内面积,--平方米,分摊面积--平方米,建筑面积,--平方米
项目楼栋情况,深业中城（B302-0040）3号楼,座号,二单元,合同号,--,拟售价格,131466元/平方米(按建筑面积计)楼层,10,房号,10A,用途,住宅,,建筑面积233平方米,户内面积,186.28平方米,分摊面积,46.72平方米,户内面积,--平方米,分摊面积--平方米,建筑面积,--平方米
项目楼栋情况,深业中城（B302-0040）3号楼,座号,二单元,合同号,--,拟售价格,123288元/平方米(按建筑面积计)楼层,10,房号,10B,用途,住宅,,建筑面积192.65平方米,户内面积,154.02平方米,分摊面积,38.63平方米,户内面积,--平方米,分摊面积--平方米,建筑面积,--平方米
项目楼栋情况,深业中城（B302-0040）3号楼,座号,二单元,合同号,--,拟售价格,130766元/平方米(按建筑面积计)楼层,9,房号,9A,用途,住宅,,建筑面积233平方米,户内面积,186.28平方米,分摊面积,46.72平方米,户内面积,--平方米,分摊面积--平方米,建筑面积,--平方米
项目楼栋情况,深业中城（B302-0040）3号楼,座号,二单元,合同号,--,拟售价格,122588元/平方米(按建筑面积计)楼层,9,房号,9B,用途,住宅,,建筑面积192.65平方米,户内面积,154.02平方米,分摊面积,38.63平方米,户内面积,--平方米,分摊面积--平方米,建筑面积,--平方米
项目楼栋情况,深业中城（B302-0040）3号楼,座号,二单元,合同号,--,拟售价格,130066元/平方米(按建筑面积计)楼层,8,房号,8A,用途,住宅,,建筑面积233平方米,户内面积,186.28平方米,分摊面积,46.72平方米,户内面积,--平方米,分摊面积--平方米,建筑面积,--平方米
项目楼栋情况,深业中城（B302-0040）3号楼,座号,二单元,合同号,--,拟售价格,121888元/平方米(按建筑面积计)楼层,8,房号,8B,用途,住宅,,建筑面积192.65平方米,户内面积,154.02平方米,分摊面积,38.63平方米,户内面积,--平方米,分摊面积--平方米,建筑面积,--平方米
项目楼栋情况,深业中城（B302-0040）3号楼,座号,二单元,合同号,--,拟售价格,128366元/平方米(按建筑面积计)楼层,7,房号,7A,用途,住宅,,建筑面积233平方米,户内面积,186.28平方米,分摊面积,46.72平方米,户内面积,--平方米,分摊面积--平方米,建筑面积,--平方米
项目楼栋情况,深业中城（B302-0040）3号楼,座号,二单元,合同号,--,拟售价格,120188元/平方米(按建筑面积计)楼层,7,房号,7B,用途,住宅,,建筑面积192.65平方米,户内面积,154.02平方米,分摊面积,38.63平方米,户内面积,--平方米,分摊面积--平方米,建筑面积,--平方米
项目楼栋情况,深业中城（B302-0040）3号楼,座号,二单元,合同号,--,拟售价格,123666元/平方米(按建筑面积计)楼层,6,房号,6A,用途,住宅,,建筑面积233平方米,户内面积,186.28平方米,分摊面积,46.72平方米,户内面积,--平方米,分摊面积--平方米,建筑面积,--平方米
项目楼栋情况,深业中城（B302-0040）3号楼,座号,二单元,合同号,--,拟售价格,115488元/平方米(按建筑面积计)楼层,6,房号,6B,用途,住宅,,建筑面积192.65平方米,户内面积,154.02平方米,分摊面积,38.63平方米,户内面积,--平方米,分摊面积--平方米,建筑面积,--平方米
项目楼栋情况,深业中城（B302-0040）3号楼,座号,二单元,合同号,--,拟售价格,119966元/平方米(按建筑面积计)楼层,5,房号,5A,用途,住宅,,建筑面积233平方米,户内面积,186.28平方米,分摊面积,46.72平方米,户内面积,--平方米,分摊面积--平方米,建筑面积,--平方米
项目楼栋情况,深业中城（B302-0040）3号楼,座号,二单元,合同号,--,拟售价格,111788元/平方米(按建筑面积计)楼层,5,房号,5B,用途,住宅,,建筑面积192.65平方米,户内面积,154.02平方米,分摊面积,38.63平方米,户内面积,--平方米,分摊面积--平方米,建筑面积,--平方米
项目楼栋情况,深业中城（B302-0040）3号楼,座号,二单元,合同号,--,拟售价格,119266元/平方米(按建筑面积计)楼层,4,房号,4A,用途,住宅,,建筑面积233平方米,户内面积,186.28平方米,分摊面积,46.72平方米,户内面积,--平方米,分摊面积--平方米,建筑面积,--平方米
项目楼栋情况,深业中城（B302-0040）3号楼,座号,二单元,合同号,--,拟售价格,111088元/平方米(按建筑面积计)楼层,4,房号,4B,用途,住宅,,建筑面积192.65平方米,户内面积,154.02平方米,分摊面积,38.63平方米,户内面积,--平方米,分摊面积--平方米,建筑面积,--平方米
项目楼栋情况,深业中城（B302-0040）3号楼,座号,二单元,合同号,--,拟售价格,118566元/平方米(按建筑面积计)楼层,3,房号,3A,用途,住宅,,建筑面积233平方米,户内面积,186.28平方米,分摊面积,46.72平方米,户内面积,--平方米,分摊面积--平方米,建筑面积,--平方米
项目楼栋情况,深业中城（B302-0040）3号楼,座号,二单元,合同号,--,拟售价格,110388元/平方米(按建筑面积计)楼层,3,房号,3B,用途,住宅,,建筑面积192.65平方米,户内面积,154.02平方米,分摊面积,38.63平方米,户内面积,--平方米,分摊面积--平方米,建筑面积,--平方米
项目楼栋情况,深业中城（B302-0040）3号楼,座号,一单元,合同号,--,拟售价格,136256元/平方米(按建筑面积计)楼层,30,房号,30B,用途,住宅,,建筑面积192.65平方米,户内面积,154.02平方米,分摊面积,38.63平方米,户内面积,--平方米,分摊面积--平方米,建筑面积,--平方米
项目楼栋情况,深业中城（B302-0040）3号楼,座号,一单元,合同号,--,拟售价格,188888元/平方米(按建筑面积计)楼层,29,房号,29A,用途,住宅,,建筑面积395.94平方米,户内面积,316.55平方米,分摊面积,79.39平方米,户内面积,--平方米,分摊面积--平方米,建筑面积,--平方米
项目楼栋情况,深业中城（B302-0040）3号楼,座号,一单元,合同号,--,拟售价格,136256元/平方米(按建筑面积计)楼层,29,房号,29B,用途,住宅,,建筑面积192.65平方米,户内面积,154.02平方米,分摊面积,38.63平方米,户内面积,--平方米,分摊面积--平方米,建筑面积,--平方米
项目楼栋情况,深业中城（B302-0040）3号楼,座号,一单元,合同号,--,拟售价格,137897元/平方米(按建筑面积计)楼层,28,房号,28A,用途,住宅,,建筑面积233平方米,户内面积,186.28平方米,分摊面积,46.72平方米,户内面积,--平方米,分摊面积--平方米,建筑面积,--平方米
项目楼栋情况,深业中城（B302-0040）3号楼,座号,一单元,合同号,--,拟售价格,135556元/平方米(按建筑面积计)楼层,28,房号,28B,用途,住宅,,建筑面积192.65平方米,户内面积,154.02平方米,分摊面积,38.63平方米,户内面积,--平方米,分摊面积--平方米,建筑面积,--平方米
项目楼栋情况,深业中城（B302-0040）3号楼,座号,一单元,合同号,--,拟售价格,137497元/平方米(按建筑面积计)楼层,27,房号,27A,用途,住宅,,建筑面积233平方米,户内面积,186.28平方米,分摊面积,46.72平方米,户内面积,--平方米,分摊面积--平方米,建筑面积,--平方米
项目楼栋情况,深业中城（B302-0040）3号楼,座号,一单元,合同号,--,拟售价格,134856元/平方米(按建筑面积计)楼层,27,房号,27B,用途,住宅,,建筑面积192.65平方米,户内面积,154.02平方米,分摊面积,38.63平方米,户内面积,--平方米,分摊面积--平方米,建筑面积,--平方米
项目楼栋情况,深业中城（B302-0040）3号楼,座号,一单元,合同号,--,拟售价格,137097元/平方米(按建筑面积计)楼层,26,房号,26A,用途,住宅,,建筑面积233平方米,户内面积,186.28平方米,分摊面积,46.72平方米,户内面积,--平方米,分摊面积--平方米,建筑面积,--平方米
项目楼栋情况,深业中城（B302-0040）3号楼,座号,一单元,合同号,--,拟售价格,134156元/平方米(按建筑面积计)楼层,26,房号,26B,用途,住宅,,建筑面积192.65平方米,户内面积,154.02平方米,分摊面积,38.63平方米,户内面积,--平方米,分摊面积--平方米,建筑面积,--平方米
项目楼栋情况,深业中城（B302-0040）3号楼,座号,一单元,合同号,--,拟售价格,136697元/平方米(按建筑面积计)楼层,25,房号,25A,用途,住宅,,建筑面积233平方米,户内面积,186.28平方米,分摊面积,46.72平方米,户内面积,--平方米,分摊面积--平方米,建筑面积,--平方米
项目楼栋情况,深业中城（B302-0040）3号楼,座号,一单元,合同号,--,拟售价格,133456元/平方米(按建筑面积计)楼层,25,房号,25B,用途,住宅,,建筑面积192.65平方米,户内面积,154.02平方米,分摊面积,38.63平方米,户内面积,--平方米,分摊面积--平方米,建筑面积,--平方米
项目楼栋情况,深业中城（B302-0040）3号楼,座号,一单元,合同号,--,拟售价格,136297元/平方米(按建筑面积计)楼层,24,房号,24A,用途,住宅,,建筑面积233平方米,户内面积,186.28平方米,分摊面积,46.72平方米,户内面积,--平方米,分摊面积--平方米,建筑面积,--平方米
项目楼栋情况,深业中城（B302-0040）3号楼,座号,一单元,合同号,--,拟售价格,132756元/平方米(按建筑面积计)楼层,24,房号,24B,用途,住宅,,建筑面积192.65平方米,户内面积,154.02平方米,分摊面积,38.63平方米,户内面积,--平方米,分摊面积--平方米,建筑面积,--平方米
项目楼栋情况,深业中城（B302-0040）3号楼,座号,一单元,合同号,--,拟售价格,135897元/平方米(按建筑面积计)楼层,23,房号,23A,用途,住宅,,建筑面积233平方米,户内面积,186.28平方米,分摊面积,46.72平方米,户内面积,--平方米,分摊面积--平方米,建筑面积,--平方米
项目楼栋情况,深业中城（B302-0040）3号楼,座号,一单元,合同号,--,拟售价格,132056元/平方米(按建筑面积计)楼层,23,房号,23B,用途,住宅,,建筑面积192.65平方米,户内面积,154.02平方米,分摊面积,38.63平方米,户内面积,--平方米,分摊面积--平方米,建筑面积,--平方米
项目楼栋情况,深业中城（B302-0040）3号楼,座号,一单元,合同号,--,拟售价格,135497元/平方米(按建筑面积计)楼层,22,房号,22A,用途,住宅,,建筑面积233平方米,户内面积,186.28平方米,分摊面积,46.72平方米,户内面积,--平方米,分摊面积--平方米,建筑面积,--平方米
项目楼栋情况,深业中城（B302-0040）3号楼,座号,一单元,合同号,--,拟售价格,131356元/平方米(按建筑面积计)楼层,22,房号,22B,用途,住宅,,建筑面积192.65平方米,户内面积,154.02平方米,分摊面积,38.63平方米,户内面积,--平方米,分摊面积--平方米,建筑面积,--平方米
项目楼栋情况,深业中城（B302-0040）3号楼,座号,一单元,合同号,--,拟售价格,135097元/平方米(按建筑面积计)楼层,21,房号,21A,用途,住宅,,建筑面积233平方米,户内面积,186.28平方米,分摊面积,46.72平方米,户内面积,--平方米,分摊面积--平方米,建筑面积,--平方米
项目楼栋情况,深业中城（B302-0040）3号楼,座号,一单元,合同号,--,拟售价格,130656元/平方米(按建筑面积计)楼层,21,房号,21B,用途,住宅,,建筑面积192.65平方米,户内面积,154.02平方米,分摊面积,38.63平方米,户内面积,--平方米,分摊面积--平方米,建筑面积,--平方米
项目楼栋情况,深业中城（B302-0040）3号楼,座号,一单元,合同号,--,拟售价格,134697元/平方米(按建筑面积计)楼层,20,房号,20A,用途,住宅,,建筑面积233平方米,户内面积,186.28平方米,分摊面积,46.72平方米,户内面积,--平方米,分摊面积--平方米,建筑面积,--平方米
项目楼栋情况,深业中城（B302-0040）3号楼,座号,一单元,合同号,--,拟售价格,129956元/平方米(按建筑面积计)楼层,20,房号,20B,用途,住宅,,建筑面积192.65平方米,户内面积,154.02平方米,分摊面积,38.63平方米,户内面积,--平方米,分摊面积--平方米,建筑面积,--平方米
项目楼栋情况,深业中城（B302-0040）3号楼,座号,一单元,合同号,--,拟售价格,134297元/平方米(按建筑面积计)楼层,19,房号,19A,用途,住宅,,建筑面积233平方米,户内面积,186.28平方米,分摊面积,46.72平方米,户内面积,--平方米,分摊面积--平方米,建筑面积,--平方米
项目楼栋情况,深业中城（B302-0040）3号楼,座号,一单元,合同号,--,拟售价格,129256元/平方米(按建筑面积计)楼层,19,房号,19B,用途,住宅,,建筑面积192.65平方米,户内面积,154.02平方米,分摊面积,38.63平方米,户内面积,--平方米,分摊面积--平方米,建筑面积,--平方米
项目楼栋情况,深业中城（B302-0040）3号楼,座号,一单元,合同号,--,拟售价格,132897元/平方米(按建筑面积计)楼层,18,房号,18A,用途,住宅,,建筑面积233平方米,户内面积,186.28平方米,分摊面积,46.72平方米,户内面积,--平方米,分摊面积--平方米,建筑面积,--平方米
项目楼栋情况,深业中城（B302-0040）3号楼,座号,一单元,合同号,--,拟售价格,127556元/平方米(按建筑面积计)楼层,18,房号,18B,用途,住宅,,建筑面积192.65平方米,户内面积,154.02平方米,分摊面积,38.63平方米,户内面积,--平方米,分摊面积--平方米,建筑面积,--平方米
项目楼栋情况,深业中城（B302-0040）3号楼,座号,一单元,合同号,--,拟售价格,132497元/平方米(按建筑面积计)楼层,17,房号,17A,用途,住宅,,建筑面积233平方米,户内面积,186.28平方米,分摊面积,46.72平方米,户内面积,--平方米,分摊面积--平方米,建筑面积,--平方米
项目楼栋情况,深业中城（B302-0040）3号楼,座号,一单元,合同号,--,拟售价格,127156元/平方米(按建筑面积计)楼层,17,房号,17B,用途,住宅,,建筑面积192.65平方米,户内面积,154.02平方米,分摊面积,38.63平方米,户内面积,--平方米,分摊面积--平方米,建筑面积,--平方米
项目楼栋情况,深业中城（B302-0040）3号楼,座号,一单元,合同号,--,拟售价格,132097元/平方米(按建筑面积计)楼层,16,房号,16A,用途,住宅,,建筑面积233平方米,户内面积,186.28平方米,分摊面积,46.72平方米,户内面积,--平方米,分摊面积--平方米,建筑面积,--平方米
项目楼栋情况,深业中城（B302-0040）3号楼,座号,一单元,合同号,--,拟售价格,126756元/平方米(按建筑面积计)楼层,16,房号,16B,用途,住宅,,建筑面积192.65平方米,户内面积,154.02平方米,分摊面积,38.63平方米,户内面积,--平方米,分摊面积--平方米,建筑面积,--平方米
项目楼栋情况,深业中城（B302-0040）3号楼,座号,一单元,合同号,--,拟售价格,131697元/平方米(按建筑面积计)楼层,15,房号,15A,用途,住宅,,建筑面积233平方米,户内面积,186.28平方米,分摊面积,46.72平方米,户内面积,--平方米,分摊面积--平方米,建筑面积,--平方米
项目楼栋情况,深业中城（B302-0040）3号楼,座号,一单元,合同号,--,拟售价格,126356元/平方米(按建筑面积计)楼层,15,房号,15B,用途,住宅,,建筑面积192.65平方米,户内面积,154.02平方米,分摊面积,38.63平方米,户内面积,--平方米,分摊面积--平方米,建筑面积,--平方米
项目楼栋情况,深业中城（B302-0040）3号楼,座号,一单元,合同号,--,拟售价格,131297元/平方米(按建筑面积计)楼层,14,房号,14A,用途,住宅,,建筑面积233平方米,户内面积,186.28平方米,分摊面积,46.72平方米,户内面积,--平方米,分摊面积--平方米,建筑面积,--平方米
项目楼栋情况,深业中城（B302-0040）3号楼,座号,一单元,合同号,--,拟售价格,125956元/平方米(按建筑面积计)楼层,14,房号,14B,用途,住宅,,建筑面积192.65平方米,户内面积,154.02平方米,分摊面积,38.63平方米,户内面积,--平方米,分摊面积--平方米,建筑面积,--平方米
项目楼栋情况,深业中城（B302-0040）3号楼,座号,一单元,合同号,--,拟售价格,130597元/平方米(按建筑面积计)楼层,13,房号,13A,用途,住宅,,建筑面积233平方米,户内面积,186.28平方米,分摊面积,46.72平方米,户内面积,--平方米,分摊面积--平方米,建筑面积,--平方米
项目楼栋情况,深业中城（B302-0040）3号楼,座号,一单元,合同号,--,拟售价格,125256元/平方米(按建筑面积计)楼层,13,房号,13B,用途,住宅,,建筑面积192.65平方米,户内面积,154.02平方米,分摊面积,38.63平方米,户内面积,--平方米,分摊面积--平方米,建筑面积,--平方米
项目楼栋情况,深业中城（B302-0040）3号楼,座号,一单元,合同号,--,拟售价格,129897元/平方米(按建筑面积计)楼层,12,房号,12A,用途,住宅,,建筑面积233平方米,户内面积,186.28平方米,分摊面积,46.72平方米,户内面积,--平方米,分摊面积--平方米,建筑面积,--平方米
项目楼栋情况,深业中城（B302-0040）3号楼,座号,一单元,合同号,--,拟售价格,124556元/平方米(按建筑面积计)楼层,12,房号,12B,用途,住宅,,建筑面积192.65平方米,户内面积,154.02平方米,分摊面积,38.63平方米,户内面积,--平方米,分摊面积--平方米,建筑面积,--平方米
项目楼栋情况,深业中城（B302-0040）3号楼,座号,一单元,合同号,--,拟售价格,129197元/平方米(按建筑面积计)楼层,11,房号,11A,用途,住宅,,建筑面积233平方米,户内面积,186.28平方米,分摊面积,46.72平方米,户内面积,--平方米,分摊面积--平方米,建筑面积,--平方米
项目楼栋情况,深业中城（B302-0040）3号楼,座号,一单元,合同号,--,拟售价格,123856元/平方米(按建筑面积计)楼层,11,房号,11B,用途,住宅,,建筑面积192.65平方米,户内面积,154.02平方米,分摊面积,38.63平方米,户内面积,--平方米,分摊面积--平方米,建筑面积,--平方米
项目楼栋情况,深业中城（B302-0040）3号楼,座号,一单元,合同号,--,拟售价格,128497元/平方米(按建筑面积计)楼层,10,房号,10A,用途,住宅,,建筑面积233平方米,户内面积,186.28平方米,分摊面积,46.72平方米,户内面积,--平方米,分摊面积--平方米,建筑面积,--平方米
项目楼栋情况,深业中城（B302-0040）3号楼,座号,一单元,合同号,--,拟售价格,123156元/平方米(按建筑面积计)楼层,10,房号,10B,用途,住宅,,建筑面积192.65平方米,户内面积,154.02平方米,分摊面积,38.63平方米,户内面积,--平方米,分摊面积--平方米,建筑面积,--平方米
项目楼栋情况,深业中城（B302-0040）3号楼,座号,一单元,合同号,--,拟售价格,127797元/平方米(按建筑面积计)楼层,9,房号,9A,用途,住宅,,建筑面积233平方米,户内面积,186.28平方米,分摊面积,46.72平方米,户内面积,--平方米,分摊面积--平方米,建筑面积,--平方米
项目楼栋情况,深业中城（B302-0040）3号楼,座号,一单元,合同号,--,拟售价格,122456元/平方米(按建筑面积计)楼层,9,房号,9B,用途,住宅,,建筑面积192.65平方米,户内面积,154.02平方米,分摊面积,38.63平方米,户内面积,--平方米,分摊面积--平方米,建筑面积,--平方米
项目楼栋情况,深业中城（B302-0040）3号楼,座号,一单元,合同号,--,拟售价格,127097元/平方米(按建筑面积计)楼层,8,房号,8A,用途,住宅,,建筑面积233平方米,户内面积,186.28平方米,分摊面积,46.72平方米,户内面积,--平方米,分摊面积--平方米,建筑面积,--平方米
项目楼栋情况,深业中城（B302-0040）3号楼,座号,一单元,合同号,--,拟售价格,121756元/平方米(按建筑面积计)楼层,8,房号,8B,用途,住宅,,建筑面积192.65平方米,户内面积,154.02平方米,分摊面积,38.63平方米,户内面积,--平方米,分摊面积--平方米,建筑面积,--平方米
项目楼栋情况,深业中城（B302-0040）3号楼,座号,一单元,合同号,--,拟售价格,125397元/平方米(按建筑面积计)楼层,7,房号,7A,用途,住宅,,建筑面积233平方米,户内面积,186.28平方米,分摊面积,46.72平方米,户内面积,--平方米,分摊面积--平方米,建筑面积,--平方米
项目楼栋情况,深业中城（B302-0040）3号楼,座号,一单元,合同号,--,拟售价格,120056元/平方米(按建筑面积计)楼层,7,房号,7B,用途,住宅,,建筑面积192.65平方米,户内面积,154.02平方米,分摊面积,38.63平方米,户内面积,--平方米,分摊面积--平方米,建筑面积,--平方米
项目楼栋情况,深业中城（B302-0040）3号楼,座号,一单元,合同号,--,拟售价格,120697元/平方米(按建筑面积计)楼层,6,房号,6A,用途,住宅,,建筑面积233平方米,户内面积,186.28平方米,分摊面积,46.72平方米,户内面积,--平方米,分摊面积--平方米,建筑面积,--平方米
项目楼栋情况,深业中城（B302-0040）3号楼,座号,一单元,合同号,--,拟售价格,115356元/平方米(按建筑面积计)楼层,6,房号,6B,用途,住宅,,建筑面积192.65平方米,户内面积,154.02平方米,分摊面积,38.63平方米,户内面积,--平方米,分摊面积--平方米,建筑面积,--平方米
项目楼栋情况,深业中城（B302-0040）3号楼,座号,一单元,合同号,--,拟售价格,116997元/平方米(按建筑面积计)楼层,5,房号,5A,用途,住宅,,建筑面积233平方米,户内面积,186.28平方米,分摊面积,46.72平方米,户内面积,--平方米,分摊面积--平方米,建筑面积,--平方米
项目楼栋情况,深业中城（B302-0040）3号楼,座号,一单元,合同号,--,拟售价格,111656元/平方米(按建筑面积计)楼层,5,房号,5B,用途,住宅,,建筑面积192.65平方米,户内面积,154.02平方米,分摊面积,38.63平方米,户内面积,--平方米,分摊面积--平方米,建筑面积,--平方米
项目楼栋情况,深业中城（B302-0040）3号楼,座号,一单元,合同号,--,拟售价格,116297元/平方米(按建筑面积计)楼层,4,房号,4A,用途,住宅,,建筑面积233平方米,户内面积,186.28平方米,分摊面积,46.72平方米,户内面积,--平方米,分摊面积--平方米,建筑面积,--平方米
项目楼栋情况,深业中城（B302-0040）3号楼,座号,一单元,合同号,--,拟售价格,110956元/平方米(按建筑面积计)楼层,4,房号,4B,用途,住宅,,建筑面积192.65平方米,户内面积,154.02平方米,分摊面积,38.63平方米,户内面积,--平方米,分摊面积--平方米,建筑面积,--平方米
项目楼栋情况,深业中城（B302-0040）3号楼,座号,一单元,合同号,--,拟售价格,115597元/平方米(按建筑面积计)楼层,3,房号,3A,用途,住宅,,建筑面积233平方米,户内面积,186.28平方米,分摊面积,46.72平方米,户内面积,--平方米,分摊面积--平方米,建筑面积,--平方米
项目楼栋情况,深业中城（B302-0040）3号楼,座号,一单元,合同号,--,拟售价格,110256元/平方米(按建筑面积计)楼层,3,房号,3B,用途,住宅,,建筑面积192.65平方米,户内面积,154.02平方米,分摊面积,38.63平方米,户内面积,--平方米,分摊面积--平方米,建筑面积,--平方米
