项目楼栋情况,恒明湾创汇中心5栋,座号,C座,合同号,--,拟售价格,28613.55元/平方米(按建筑面积计)楼层,24,房号,2407,用途,宿舍,,建筑面积45.1平方米,户内面积,33.23平方米,分摊面积,11.87平方米,户内面积,--平方米,分摊面积--平方米,建筑面积,--平方米
项目楼栋情况,恒明湾创汇中心5栋,座号,C座,合同号,--,拟售价格,29134.38元/平方米(按建筑面积计)楼层,24,房号,2408,用途,宿舍,,建筑面积42.73平方米,户内面积,31.49平方米,分摊面积,11.24平方米,户内面积,--平方米,分摊面积--平方米,建筑面积,--平方米
项目楼栋情况,恒明湾创汇中心5栋,座号,C座,合同号,--,拟售价格,29134.38元/平方米(按建筑面积计)楼层,24,房号,2409,用途,宿舍,,建筑面积42.73平方米,户内面积,31.49平方米,分摊面积,11.24平方米,户内面积,--平方米,分摊面积--平方米,建筑面积,--平方米
项目楼栋情况,恒明湾创汇中心5栋,座号,C座,合同号,--,拟售价格,28092.71元/平方米(按建筑面积计)楼层,24,房号,2411,用途,宿舍,,建筑面积42.69平方米,户内面积,31.46平方米,分摊面积,11.23平方米,户内面积,--平方米,分摊面积--平方米,建筑面积,--平方米
项目楼栋情况,恒明湾创汇中心5栋,座号,C座,合同号,--,拟售价格,27780.2元/平方米(按建筑面积计)楼层,24,房号,2412,用途,宿舍,,建筑面积42.73平方米,户内面积,31.49平方米,分摊面积,11.24平方米,户内面积,--平方米,分摊面积--平方米,建筑面积,--平方米
项目楼栋情况,恒明湾创汇中心5栋,座号,C座,合同号,--,拟售价格,27780.2元/平方米(按建筑面积计)楼层,24,房号,2413,用途,宿舍,,建筑面积42.73平方米,户内面积,31.49平方米,分摊面积,11.24平方米,户内面积,--平方米,分摊面积--平方米,建筑面积,--平方米
项目楼栋情况,恒明湾创汇中心5栋,座号,C座,合同号,--,拟售价格,27780.2元/平方米(按建筑面积计)楼层,24,房号,2414,用途,宿舍,,建筑面积42.94平方米,户内面积,31.64平方米,分摊面积,11.3平方米,户内面积,--平方米,分摊面积--平方米,建筑面积,--平方米
项目楼栋情况,恒明湾创汇中心5栋,座号,C座,合同号,--,拟售价格,27259.37元/平方米(按建筑面积计)楼层,24,房号,2415,用途,宿舍,,建筑面积42.48平方米,户内面积,31.3平方米,分摊面积,11.18平方米,户内面积,--平方米,分摊面积--平方米,建筑面积,--平方米
项目楼栋情况,恒明湾创汇中心5栋,座号,C座,合同号,--,拟售价格,27780.2元/平方米(按建筑面积计)楼层,24,房号,2416,用途,宿舍,,建筑面积42.73平方米,户内面积,31.49平方米,分摊面积,11.24平方米,户内面积,--平方米,分摊面积--平方米,建筑面积,--平方米
项目楼栋情况,恒明湾创汇中心5栋,座号,C座,合同号,--,拟售价格,27780.2元/平方米(按建筑面积计)楼层,24,房号,2417,用途,宿舍,,建筑面积42.73平方米,户内面积,31.49平方米,分摊面积,11.24平方米,户内面积,--平方米,分摊面积--平方米,建筑面积,--平方米
项目楼栋情况,恒明湾创汇中心5栋,座号,C座,合同号,--,拟售价格,27780.2元/平方米(按建筑面积计)楼层,24,房号,2418,用途,宿舍,,建筑面积42.73平方米,户内面积,31.49平方米,分摊面积,11.24平方米,户内面积,--平方米,分摊面积--平方米,建筑面积,--平方米
项目楼栋情况,恒明湾创汇中心5栋,座号,C座,合同号,--,拟售价格,28301.03元/平方米(按建筑面积计)楼层,24,房号,2419,用途,宿舍,,建筑面积42.69平方米,户内面积,31.45平方米,分摊面积,11.24平方米,户内面积,--平方米,分摊面积--平方米,建筑面积,--平方米
项目楼栋情况,恒明湾创汇中心5栋,座号,C座,合同号,--,拟售价格,32345元/平方米(按建筑面积计)楼层,23,房号,2301,用途,宿舍,,建筑面积87.72平方米,户内面积,64.64平方米,分摊面积,23.08平方米,户内面积,--平方米,分摊面积--平方米,建筑面积,--平方米
项目楼栋情况,恒明湾创汇中心5栋,座号,C座,合同号,--,拟售价格,29228.13元/平方米(按建筑面积计)楼层,23,房号,2302,用途,宿舍,,建筑面积42.73平方米,户内面积,31.49平方米,分摊面积,11.24平方米,户内面积,--平方米,分摊面积--平方米,建筑面积,--平方米
项目楼栋情况,恒明湾创汇中心5栋,座号,C座,合同号,--,拟售价格,29228.13元/平方米(按建筑面积计)楼层,23,房号,2303,用途,宿舍,,建筑面积42.73平方米,户内面积,31.49平方米,分摊面积,11.24平方米,户内面积,--平方米,分摊面积--平方米,建筑面积,--平方米
项目楼栋情况,恒明湾创汇中心5栋,座号,C座,合同号,--,拟售价格,29228.13元/平方米(按建筑面积计)楼层,23,房号,2304,用途,宿舍,,建筑面积42.73平方米,户内面积,31.49平方米,分摊面积,11.24平方米,户内面积,--平方米,分摊面积--平方米,建筑面积,--平方米
项目楼栋情况,恒明湾创汇中心5栋,座号,C座,合同号,--,拟售价格,28707.29元/平方米(按建筑面积计)楼层,23,房号,2305,用途,宿舍,,建筑面积45.1平方米,户内面积,33.23平方米,分摊面积,11.87平方米,户内面积,--平方米,分摊面积--平方米,建筑面积,--平方米
项目楼栋情况,恒明湾创汇中心5栋,座号,C座,合同号,--,拟售价格,28707.29元/平方米(按建筑面积计)楼层,23,房号,2306,用途,宿舍,,建筑面积45.1平方米,户内面积,33.23平方米,分摊面积,11.87平方米,户内面积,--平方米,分摊面积--平方米,建筑面积,--平方米
项目楼栋情况,恒明湾创汇中心5栋,座号,C座,合同号,--,拟售价格,28707.29元/平方米(按建筑面积计)楼层,23,房号,2307,用途,宿舍,,建筑面积45.1平方米,户内面积,33.23平方米,分摊面积,11.87平方米,户内面积,--平方米,分摊面积--平方米,建筑面积,--平方米
项目楼栋情况,恒明湾创汇中心5栋,座号,C座,合同号,--,拟售价格,29228.13元/平方米(按建筑面积计)楼层,23,房号,2308,用途,宿舍,,建筑面积42.73平方米,户内面积,31.49平方米,分摊面积,11.24平方米,户内面积,--平方米,分摊面积--平方米,建筑面积,--平方米
项目楼栋情况,恒明湾创汇中心5栋,座号,C座,合同号,--,拟售价格,29228.13元/平方米(按建筑面积计)楼层,23,房号,2309,用途,宿舍,,建筑面积42.73平方米,户内面积,31.49平方米,分摊面积,11.24平方米,户内面积,--平方米,分摊面积--平方米,建筑面积,--平方米
项目楼栋情况,恒明湾创汇中心5栋,座号,C座,合同号,--,拟售价格,31311.46元/平方米(按建筑面积计)楼层,23,房号,2310,用途,宿舍,,建筑面积87.72平方米,户内面积,64.64平方米,分摊面积,23.08平方米,户内面积,--平方米,分摊面积--平方米,建筑面积,--平方米
项目楼栋情况,恒明湾创汇中心5栋,座号,C座,合同号,--,拟售价格,28186.46元/平方米(按建筑面积计)楼层,23,房号,2311,用途,宿舍,,建筑面积42.69平方米,户内面积,31.46平方米,分摊面积,11.23平方米,户内面积,--平方米,分摊面积--平方米,建筑面积,--平方米
项目楼栋情况,恒明湾创汇中心5栋,座号,C座,合同号,--,拟售价格,27873.95元/平方米(按建筑面积计)楼层,23,房号,2312,用途,宿舍,,建筑面积42.73平方米,户内面积,31.49平方米,分摊面积,11.24平方米,户内面积,--平方米,分摊面积--平方米,建筑面积,--平方米
项目楼栋情况,恒明湾创汇中心5栋,座号,C座,合同号,--,拟售价格,27873.95元/平方米(按建筑面积计)楼层,23,房号,2313,用途,宿舍,,建筑面积42.73平方米,户内面积,31.49平方米,分摊面积,11.24平方米,户内面积,--平方米,分摊面积--平方米,建筑面积,--平方米
项目楼栋情况,恒明湾创汇中心5栋,座号,C座,合同号,--,拟售价格,27873.96元/平方米(按建筑面积计)楼层,23,房号,2314,用途,宿舍,,建筑面积42.94平方米,户内面积,31.64平方米,分摊面积,11.3平方米,户内面积,--平方米,分摊面积--平方米,建筑面积,--平方米
项目楼栋情况,恒明湾创汇中心5栋,座号,C座,合同号,--,拟售价格,27353.13元/平方米(按建筑面积计)楼层,23,房号,2315,用途,宿舍,,建筑面积42.48平方米,户内面积,31.3平方米,分摊面积,11.18平方米,户内面积,--平方米,分摊面积--平方米,建筑面积,--平方米
项目楼栋情况,恒明湾创汇中心5栋,座号,C座,合同号,--,拟售价格,27873.95元/平方米(按建筑面积计)楼层,23,房号,2316,用途,宿舍,,建筑面积42.73平方米,户内面积,31.49平方米,分摊面积,11.24平方米,户内面积,--平方米,分摊面积--平方米,建筑面积,--平方米
项目楼栋情况,恒明湾创汇中心5栋,座号,C座,合同号,--,拟售价格,27873.95元/平方米(按建筑面积计)楼层,23,房号,2317,用途,宿舍,,建筑面积42.73平方米,户内面积,31.49平方米,分摊面积,11.24平方米,户内面积,--平方米,分摊面积--平方米,建筑面积,--平方米
项目楼栋情况,恒明湾创汇中心5栋,座号,C座,合同号,--,拟售价格,27873.95元/平方米(按建筑面积计)楼层,23,房号,2318,用途,宿舍,,建筑面积42.73平方米,户内面积,31.49平方米,分摊面积,11.24平方米,户内面积,--平方米,分摊面积--平方米,建筑面积,--平方米
项目楼栋情况,恒明湾创汇中心5栋,座号,C座,合同号,--,拟售价格,28394.8元/平方米(按建筑面积计)楼层,23,房号,2319,用途,宿舍,,建筑面积42.69平方米,户内面积,31.45平方米,分摊面积,11.24平方米,户内面积,--平方米,分摊面积--平方米,建筑面积,--平方米
项目楼栋情况,恒明湾创汇中心5栋,座号,C座,合同号,--,拟售价格,32251.99元/平方米(按建筑面积计)楼层,22,房号,2201,用途,宿舍,,建筑面积87.72平方米,户内面积,64.64平方米,分摊面积,23.08平方米,户内面积,--平方米,分摊面积--平方米,建筑面积,--平方米
项目楼栋情况,恒明湾创汇中心5栋,座号,C座,合同号,--,拟售价格,29134.38元/平方米(按建筑面积计)楼层,22,房号,2202,用途,宿舍,,建筑面积42.73平方米,户内面积,31.49平方米,分摊面积,11.24平方米,户内面积,--平方米,分摊面积--平方米,建筑面积,--平方米
项目楼栋情况,恒明湾创汇中心5栋,座号,C座,合同号,--,拟售价格,29134.38元/平方米(按建筑面积计)楼层,22,房号,2203,用途,宿舍,,建筑面积42.73平方米,户内面积,31.49平方米,分摊面积,11.24平方米,户内面积,--平方米,分摊面积--平方米,建筑面积,--平方米
项目楼栋情况,恒明湾创汇中心5栋,座号,C座,合同号,--,拟售价格,29134.38元/平方米(按建筑面积计)楼层,22,房号,2204,用途,宿舍,,建筑面积42.73平方米,户内面积,31.49平方米,分摊面积,11.24平方米,户内面积,--平方米,分摊面积--平方米,建筑面积,--平方米
项目楼栋情况,恒明湾创汇中心5栋,座号,C座,合同号,--,拟售价格,28613.55元/平方米(按建筑面积计)楼层,22,房号,2205,用途,宿舍,,建筑面积45.1平方米,户内面积,33.23平方米,分摊面积,11.87平方米,户内面积,--平方米,分摊面积--平方米,建筑面积,--平方米
项目楼栋情况,恒明湾创汇中心5栋,座号,C座,合同号,--,拟售价格,28613.55元/平方米(按建筑面积计)楼层,22,房号,2206,用途,宿舍,,建筑面积45.1平方米,户内面积,33.23平方米,分摊面积,11.87平方米,户内面积,--平方米,分摊面积--平方米,建筑面积,--平方米
项目楼栋情况,恒明湾创汇中心5栋,座号,C座,合同号,--,拟售价格,28613.55元/平方米(按建筑面积计)楼层,22,房号,2207,用途,宿舍,,建筑面积45.1平方米,户内面积,33.23平方米,分摊面积,11.87平方米,户内面积,--平方米,分摊面积--平方米,建筑面积,--平方米
项目楼栋情况,恒明湾创汇中心5栋,座号,C座,合同号,--,拟售价格,29134.38元/平方米(按建筑面积计)楼层,22,房号,2208,用途,宿舍,,建筑面积42.73平方米,户内面积,31.49平方米,分摊面积,11.24平方米,户内面积,--平方米,分摊面积--平方米,建筑面积,--平方米
项目楼栋情况,恒明湾创汇中心5栋,座号,C座,合同号,--,拟售价格,29134.38元/平方米(按建筑面积计)楼层,22,房号,2209,用途,宿舍,,建筑面积42.73平方米,户内面积,31.49平方米,分摊面积,11.24平方米,户内面积,--平方米,分摊面积--平方米,建筑面积,--平方米
项目楼栋情况,恒明湾创汇中心5栋,座号,C座,合同号,--,拟售价格,31217.7元/平方米(按建筑面积计)楼层,22,房号,2210,用途,宿舍,,建筑面积87.72平方米,户内面积,64.64平方米,分摊面积,23.08平方米,户内面积,--平方米,分摊面积--平方米,建筑面积,--平方米
项目楼栋情况,恒明湾创汇中心5栋,座号,C座,合同号,--,拟售价格,28092.71元/平方米(按建筑面积计)楼层,22,房号,2211,用途,宿舍,,建筑面积42.69平方米,户内面积,31.46平方米,分摊面积,11.23平方米,户内面积,--平方米,分摊面积--平方米,建筑面积,--平方米
项目楼栋情况,恒明湾创汇中心5栋,座号,C座,合同号,--,拟售价格,27780.2元/平方米(按建筑面积计)楼层,22,房号,2212,用途,宿舍,,建筑面积42.73平方米,户内面积,31.49平方米,分摊面积,11.24平方米,户内面积,--平方米,分摊面积--平方米,建筑面积,--平方米
项目楼栋情况,恒明湾创汇中心5栋,座号,C座,合同号,--,拟售价格,27780.2元/平方米(按建筑面积计)楼层,22,房号,2213,用途,宿舍,,建筑面积42.73平方米,户内面积,31.49平方米,分摊面积,11.24平方米,户内面积,--平方米,分摊面积--平方米,建筑面积,--平方米
项目楼栋情况,恒明湾创汇中心5栋,座号,C座,合同号,--,拟售价格,27780.2元/平方米(按建筑面积计)楼层,22,房号,2214,用途,宿舍,,建筑面积42.94平方米,户内面积,31.64平方米,分摊面积,11.3平方米,户内面积,--平方米,分摊面积--平方米,建筑面积,--平方米
项目楼栋情况,恒明湾创汇中心5栋,座号,C座,合同号,--,拟售价格,27259.37元/平方米(按建筑面积计)楼层,22,房号,2215,用途,宿舍,,建筑面积42.48平方米,户内面积,31.3平方米,分摊面积,11.18平方米,户内面积,--平方米,分摊面积--平方米,建筑面积,--平方米
项目楼栋情况,恒明湾创汇中心5栋,座号,C座,合同号,--,拟售价格,27780.2元/平方米(按建筑面积计)楼层,22,房号,2216,用途,宿舍,,建筑面积42.73平方米,户内面积,31.49平方米,分摊面积,11.24平方米,户内面积,--平方米,分摊面积--平方米,建筑面积,--平方米
项目楼栋情况,恒明湾创汇中心5栋,座号,C座,合同号,--,拟售价格,27780.2元/平方米(按建筑面积计)楼层,22,房号,2217,用途,宿舍,,建筑面积42.73平方米,户内面积,31.49平方米,分摊面积,11.24平方米,户内面积,--平方米,分摊面积--平方米,建筑面积,--平方米
项目楼栋情况,恒明湾创汇中心5栋,座号,C座,合同号,--,拟售价格,27780.2元/平方米(按建筑面积计)楼层,22,房号,2218,用途,宿舍,,建筑面积42.73平方米,户内面积,31.49平方米,分摊面积,11.24平方米,户内面积,--平方米,分摊面积--平方米,建筑面积,--平方米
项目楼栋情况,恒明湾创汇中心5栋,座号,C座,合同号,--,拟售价格,28301.03元/平方米(按建筑面积计)楼层,22,房号,2219,用途,宿舍,,建筑面积42.69平方米,户内面积,31.45平方米,分摊面积,11.24平方米,户内面积,--平方米,分摊面积--平方米,建筑面积,--平方米
项目楼栋情况,恒明湾创汇中心5栋,座号,C座,合同号,--,拟售价格,31846.48元/平方米(按建筑面积计)楼层,21,房号,2101,用途,宿舍,,建筑面积87.72平方米,户内面积,64.64平方米,分摊面积,23.08平方米,户内面积,--平方米,分摊面积--平方米,建筑面积,--平方米
项目楼栋情况,恒明湾创汇中心5栋,座号,C座,合同号,--,拟售价格,28728.13元/平方米(按建筑面积计)楼层,21,房号,2102,用途,宿舍,,建筑面积42.73平方米,户内面积,31.49平方米,分摊面积,11.24平方米,户内面积,--平方米,分摊面积--平方米,建筑面积,--平方米
项目楼栋情况,恒明湾创汇中心5栋,座号,C座,合同号,--,拟售价格,28728.13元/平方米(按建筑面积计)楼层,21,房号,2103,用途,宿舍,,建筑面积42.73平方米,户内面积,31.49平方米,分摊面积,11.24平方米,户内面积,--平方米,分摊面积--平方米,建筑面积,--平方米
项目楼栋情况,恒明湾创汇中心5栋,座号,C座,合同号,--,拟售价格,28728.13元/平方米(按建筑面积计)楼层,21,房号,2104,用途,宿舍,,建筑面积42.73平方米,户内面积,31.49平方米,分摊面积,11.24平方米,户内面积,--平方米,分摊面积--平方米,建筑面积,--平方米
项目楼栋情况,恒明湾创汇中心5栋,座号,C座,合同号,--,拟售价格,28207.29元/平方米(按建筑面积计)楼层,21,房号,2105,用途,宿舍,,建筑面积45.1平方米,户内面积,33.23平方米,分摊面积,11.87平方米,户内面积,--平方米,分摊面积--平方米,建筑面积,--平方米
项目楼栋情况,恒明湾创汇中心5栋,座号,C座,合同号,--,拟售价格,28207.29元/平方米(按建筑面积计)楼层,21,房号,2106,用途,宿舍,,建筑面积45.1平方米,户内面积,33.23平方米,分摊面积,11.87平方米,户内面积,--平方米,分摊面积--平方米,建筑面积,--平方米
项目楼栋情况,恒明湾创汇中心5栋,座号,C座,合同号,--,拟售价格,28207.29元/平方米(按建筑面积计)楼层,21,房号,2107,用途,宿舍,,建筑面积45.1平方米,户内面积,33.23平方米,分摊面积,11.87平方米,户内面积,--平方米,分摊面积--平方米,建筑面积,--平方米
项目楼栋情况,恒明湾创汇中心5栋,座号,C座,合同号,--,拟售价格,28728.13元/平方米(按建筑面积计)楼层,21,房号,2108,用途,宿舍,,建筑面积42.73平方米,户内面积,31.49平方米,分摊面积,11.24平方米,户内面积,--平方米,分摊面积--平方米,建筑面积,--平方米
项目楼栋情况,恒明湾创汇中心5栋,座号,C座,合同号,--,拟售价格,28728.13元/平方米(按建筑面积计)楼层,21,房号,2109,用途,宿舍,,建筑面积42.73平方米,户内面积,31.49平方米,分摊面积,11.24平方米,户内面积,--平方米,分摊面积--平方米,建筑面积,--平方米
项目楼栋情况,恒明湾创汇中心5栋,座号,C座,合同号,--,拟售价格,30811.46元/平方米(按建筑面积计)楼层,21,房号,2110,用途,宿舍,,建筑面积87.72平方米,户内面积,64.64平方米,分摊面积,23.08平方米,户内面积,--平方米,分摊面积--平方米,建筑面积,--平方米
项目楼栋情况,恒明湾创汇中心5栋,座号,C座,合同号,--,拟售价格,27998.97元/平方米(按建筑面积计)楼层,21,房号,2111,用途,宿舍,,建筑面积42.69平方米,户内面积,31.46平方米,分摊面积,11.23平方米,户内面积,--平方米,分摊面积--平方米,建筑面积,--平方米
项目楼栋情况,恒明湾创汇中心5栋,座号,C座,合同号,--,拟售价格,27686.45元/平方米(按建筑面积计)楼层,21,房号,2112,用途,宿舍,,建筑面积42.73平方米,户内面积,31.49平方米,分摊面积,11.24平方米,户内面积,--平方米,分摊面积--平方米,建筑面积,--平方米
项目楼栋情况,恒明湾创汇中心5栋,座号,C座,合同号,--,拟售价格,27686.45元/平方米(按建筑面积计)楼层,21,房号,2113,用途,宿舍,,建筑面积42.73平方米,户内面积,31.49平方米,分摊面积,11.24平方米,户内面积,--平方米,分摊面积--平方米,建筑面积,--平方米
项目楼栋情况,恒明湾创汇中心5栋,座号,C座,合同号,--,拟售价格,27686.47元/平方米(按建筑面积计)楼层,21,房号,2114,用途,宿舍,,建筑面积42.94平方米,户内面积,31.64平方米,分摊面积,11.3平方米,户内面积,--平方米,分摊面积--平方米,建筑面积,--平方米
项目楼栋情况,恒明湾创汇中心5栋,座号,C座,合同号,--,拟售价格,27165.63元/平方米(按建筑面积计)楼层,21,房号,2115,用途,宿舍,,建筑面积42.48平方米,户内面积,31.3平方米,分摊面积,11.18平方米,户内面积,--平方米,分摊面积--平方米,建筑面积,--平方米
项目楼栋情况,恒明湾创汇中心5栋,座号,C座,合同号,--,拟售价格,27686.45元/平方米(按建筑面积计)楼层,21,房号,2116,用途,宿舍,,建筑面积42.73平方米,户内面积,31.49平方米,分摊面积,11.24平方米,户内面积,--平方米,分摊面积--平方米,建筑面积,--平方米
项目楼栋情况,恒明湾创汇中心5栋,座号,C座,合同号,--,拟售价格,27686.45元/平方米(按建筑面积计)楼层,21,房号,2117,用途,宿舍,,建筑面积42.73平方米,户内面积,31.49平方米,分摊面积,11.24平方米,户内面积,--平方米,分摊面积--平方米,建筑面积,--平方米
项目楼栋情况,恒明湾创汇中心5栋,座号,C座,合同号,--,拟售价格,27686.45元/平方米(按建筑面积计)楼层,21,房号,2118,用途,宿舍,,建筑面积42.73平方米,户内面积,31.49平方米,分摊面积,11.24平方米,户内面积,--平方米,分摊面积--平方米,建筑面积,--平方米
项目楼栋情况,恒明湾创汇中心5栋,座号,C座,合同号,--,拟售价格,28207.29元/平方米(按建筑面积计)楼层,21,房号,2119,用途,宿舍,,建筑面积42.69平方米,户内面积,31.45平方米,分摊面积,11.24平方米,户内面积,--平方米,分摊面积--平方米,建筑面积,--平方米
项目楼栋情况,恒明湾创汇中心5栋,座号,C座,合同号,--,拟售价格,31753.47元/平方米(按建筑面积计)楼层,20,房号,2001,用途,宿舍,,建筑面积87.72平方米,户内面积,64.64平方米,分摊面积,23.08平方米,户内面积,--平方米,分摊面积--平方米,建筑面积,--平方米
项目楼栋情况,恒明湾创汇中心5栋,座号,C座,合同号,--,拟售价格,28634.38元/平方米(按建筑面积计)楼层,20,房号,2002,用途,宿舍,,建筑面积42.73平方米,户内面积,31.49平方米,分摊面积,11.24平方米,户内面积,--平方米,分摊面积--平方米,建筑面积,--平方米
项目楼栋情况,恒明湾创汇中心5栋,座号,C座,合同号,--,拟售价格,28634.38元/平方米(按建筑面积计)楼层,20,房号,2003,用途,宿舍,,建筑面积42.73平方米,户内面积,31.49平方米,分摊面积,11.24平方米,户内面积,--平方米,分摊面积--平方米,建筑面积,--平方米
项目楼栋情况,恒明湾创汇中心5栋,座号,C座,合同号,--,拟售价格,28634.38元/平方米(按建筑面积计)楼层,20,房号,2004,用途,宿舍,,建筑面积42.73平方米,户内面积,31.49平方米,分摊面积,11.24平方米,户内面积,--平方米,分摊面积--平方米,建筑面积,--平方米
项目楼栋情况,恒明湾创汇中心5栋,座号,C座,合同号,--,拟售价格,28113.55元/平方米(按建筑面积计)楼层,20,房号,2005,用途,宿舍,,建筑面积45.1平方米,户内面积,33.23平方米,分摊面积,11.87平方米,户内面积,--平方米,分摊面积--平方米,建筑面积,--平方米
项目楼栋情况,恒明湾创汇中心5栋,座号,C座,合同号,--,拟售价格,28113.55元/平方米(按建筑面积计)楼层,20,房号,2006,用途,宿舍,,建筑面积45.1平方米,户内面积,33.23平方米,分摊面积,11.87平方米,户内面积,--平方米,分摊面积--平方米,建筑面积,--平方米
项目楼栋情况,恒明湾创汇中心5栋,座号,C座,合同号,--,拟售价格,28113.55元/平方米(按建筑面积计)楼层,20,房号,2007,用途,宿舍,,建筑面积45.1平方米,户内面积,33.23平方米,分摊面积,11.87平方米,户内面积,--平方米,分摊面积--平方米,建筑面积,--平方米
项目楼栋情况,恒明湾创汇中心5栋,座号,C座,合同号,--,拟售价格,28634.38元/平方米(按建筑面积计)楼层,20,房号,2008,用途,宿舍,,建筑面积42.73平方米,户内面积,31.49平方米,分摊面积,11.24平方米,户内面积,--平方米,分摊面积--平方米,建筑面积,--平方米
项目楼栋情况,恒明湾创汇中心5栋,座号,C座,合同号,--,拟售价格,28634.38元/平方米(按建筑面积计)楼层,20,房号,2009,用途,宿舍,,建筑面积42.73平方米,户内面积,31.49平方米,分摊面积,11.24平方米,户内面积,--平方米,分摊面积--平方米,建筑面积,--平方米
项目楼栋情况,恒明湾创汇中心5栋,座号,C座,合同号,--,拟售价格,30717.7元/平方米(按建筑面积计)楼层,20,房号,2010,用途,宿舍,,建筑面积87.72平方米,户内面积,64.64平方米,分摊面积,23.08平方米,户内面积,--平方米,分摊面积--平方米,建筑面积,--平方米
项目楼栋情况,恒明湾创汇中心5栋,座号,C座,合同号,--,拟售价格,27905.2元/平方米(按建筑面积计)楼层,20,房号,2011,用途,宿舍,,建筑面积42.69平方米,户内面积,31.46平方米,分摊面积,11.23平方米,户内面积,--平方米,分摊面积--平方米,建筑面积,--平方米
项目楼栋情况,恒明湾创汇中心5栋,座号,C座,合同号,--,拟售价格,27592.7元/平方米(按建筑面积计)楼层,20,房号,2012,用途,宿舍,,建筑面积42.73平方米,户内面积,31.49平方米,分摊面积,11.24平方米,户内面积,--平方米,分摊面积--平方米,建筑面积,--平方米
项目楼栋情况,恒明湾创汇中心5栋,座号,C座,合同号,--,拟售价格,27592.7元/平方米(按建筑面积计)楼层,20,房号,2013,用途,宿舍,,建筑面积42.73平方米,户内面积,31.49平方米,分摊面积,11.24平方米,户内面积,--平方米,分摊面积--平方米,建筑面积,--平方米
项目楼栋情况,恒明湾创汇中心5栋,座号,C座,合同号,--,拟售价格,27592.71元/平方米(按建筑面积计)楼层,20,房号,2014,用途,宿舍,,建筑面积42.94平方米,户内面积,31.64平方米,分摊面积,11.3平方米,户内面积,--平方米,分摊面积--平方米,建筑面积,--平方米
项目楼栋情况,恒明湾创汇中心5栋,座号,C座,合同号,--,拟售价格,27071.87元/平方米(按建筑面积计)楼层,20,房号,2015,用途,宿舍,,建筑面积42.48平方米,户内面积,31.3平方米,分摊面积,11.18平方米,户内面积,--平方米,分摊面积--平方米,建筑面积,--平方米
项目楼栋情况,恒明湾创汇中心5栋,座号,C座,合同号,--,拟售价格,27592.7元/平方米(按建筑面积计)楼层,20,房号,2016,用途,宿舍,,建筑面积42.73平方米,户内面积,31.49平方米,分摊面积,11.24平方米,户内面积,--平方米,分摊面积--平方米,建筑面积,--平方米
项目楼栋情况,恒明湾创汇中心5栋,座号,C座,合同号,--,拟售价格,27592.7元/平方米(按建筑面积计)楼层,20,房号,2017,用途,宿舍,,建筑面积42.73平方米,户内面积,31.49平方米,分摊面积,11.24平方米,户内面积,--平方米,分摊面积--平方米,建筑面积,--平方米
项目楼栋情况,恒明湾创汇中心5栋,座号,C座,合同号,--,拟售价格,27592.7元/平方米(按建筑面积计)楼层,20,房号,2018,用途,宿舍,,建筑面积42.73平方米,户内面积,31.49平方米,分摊面积,11.24平方米,户内面积,--平方米,分摊面积--平方米,建筑面积,--平方米
项目楼栋情况,恒明湾创汇中心5栋,座号,C座,合同号,--,拟售价格,28113.54元/平方米(按建筑面积计)楼层,20,房号,2019,用途,宿舍,,建筑面积42.69平方米,户内面积,31.45平方米,分摊面积,11.24平方米,户内面积,--平方米,分摊面积--平方米,建筑面积,--平方米
项目楼栋情况,恒明湾创汇中心5栋,座号,C座,合同号,--,拟售价格,31660.45元/平方米(按建筑面积计)楼层,19,房号,1901,用途,宿舍,,建筑面积87.72平方米,户内面积,64.64平方米,分摊面积,23.08平方米,户内面积,--平方米,分摊面积--平方米,建筑面积,--平方米
项目楼栋情况,恒明湾创汇中心5栋,座号,C座,合同号,--,拟售价格,28540.63元/平方米(按建筑面积计)楼层,19,房号,1902,用途,宿舍,,建筑面积42.73平方米,户内面积,31.49平方米,分摊面积,11.24平方米,户内面积,--平方米,分摊面积--平方米,建筑面积,--平方米
项目楼栋情况,恒明湾创汇中心5栋,座号,C座,合同号,--,拟售价格,28540.63元/平方米(按建筑面积计)楼层,19,房号,1903,用途,宿舍,,建筑面积42.73平方米,户内面积,31.49平方米,分摊面积,11.24平方米,户内面积,--平方米,分摊面积--平方米,建筑面积,--平方米
项目楼栋情况,恒明湾创汇中心5栋,座号,C座,合同号,--,拟售价格,28540.63元/平方米(按建筑面积计)楼层,19,房号,1904,用途,宿舍,,建筑面积42.73平方米,户内面积,31.49平方米,分摊面积,11.24平方米,户内面积,--平方米,分摊面积--平方米,建筑面积,--平方米
项目楼栋情况,恒明湾创汇中心5栋,座号,C座,合同号,--,拟售价格,28019.8元/平方米(按建筑面积计)楼层,19,房号,1905,用途,宿舍,,建筑面积45.1平方米,户内面积,33.23平方米,分摊面积,11.87平方米,户内面积,--平方米,分摊面积--平方米,建筑面积,--平方米
项目楼栋情况,恒明湾创汇中心5栋,座号,C座,合同号,--,拟售价格,28019.8元/平方米(按建筑面积计)楼层,19,房号,1906,用途,宿舍,,建筑面积45.1平方米,户内面积,33.23平方米,分摊面积,11.87平方米,户内面积,--平方米,分摊面积--平方米,建筑面积,--平方米
项目楼栋情况,恒明湾创汇中心5栋,座号,C座,合同号,--,拟售价格,28019.8元/平方米(按建筑面积计)楼层,19,房号,1907,用途,宿舍,,建筑面积45.1平方米,户内面积,33.23平方米,分摊面积,11.87平方米,户内面积,--平方米,分摊面积--平方米,建筑面积,--平方米
项目楼栋情况,恒明湾创汇中心5栋,座号,C座,合同号,--,拟售价格,28540.63元/平方米(按建筑面积计)楼层,19,房号,1908,用途,宿舍,,建筑面积42.73平方米,户内面积,31.49平方米,分摊面积,11.24平方米,户内面积,--平方米,分摊面积--平方米,建筑面积,--平方米
项目楼栋情况,恒明湾创汇中心5栋,座号,C座,合同号,--,拟售价格,28540.63元/平方米(按建筑面积计)楼层,19,房号,1909,用途,宿舍,,建筑面积42.73平方米,户内面积,31.49平方米,分摊面积,11.24平方米,户内面积,--平方米,分摊面积--平方米,建筑面积,--平方米
项目楼栋情况,恒明湾创汇中心5栋,座号,C座,合同号,--,拟售价格,30623.96元/平方米(按建筑面积计)楼层,19,房号,1910,用途,宿舍,,建筑面积87.72平方米,户内面积,64.64平方米,分摊面积,23.08平方米,户内面积,--平方米,分摊面积--平方米,建筑面积,--平方米
项目楼栋情况,恒明湾创汇中心5栋,座号,C座,合同号,--,拟售价格,27811.45元/平方米(按建筑面积计)楼层,19,房号,1911,用途,宿舍,,建筑面积42.69平方米,户内面积,31.46平方米,分摊面积,11.23平方米,户内面积,--平方米,分摊面积--平方米,建筑面积,--平方米
项目楼栋情况,恒明湾创汇中心5栋,座号,C座,合同号,--,拟售价格,27498.95元/平方米(按建筑面积计)楼层,19,房号,1912,用途,宿舍,,建筑面积42.73平方米,户内面积,31.49平方米,分摊面积,11.24平方米,户内面积,--平方米,分摊面积--平方米,建筑面积,--平方米
项目楼栋情况,恒明湾创汇中心5栋,座号,C座,合同号,--,拟售价格,27498.95元/平方米(按建筑面积计)楼层,19,房号,1913,用途,宿舍,,建筑面积42.73平方米,户内面积,31.49平方米,分摊面积,11.24平方米,户内面积,--平方米,分摊面积--平方米,建筑面积,--平方米
项目楼栋情况,恒明湾创汇中心5栋,座号,C座,合同号,--,拟售价格,27498.95元/平方米(按建筑面积计)楼层,19,房号,1914,用途,宿舍,,建筑面积42.94平方米,户内面积,31.64平方米,分摊面积,11.3平方米,户内面积,--平方米,分摊面积--平方米,建筑面积,--平方米
项目楼栋情况,恒明湾创汇中心5栋,座号,C座,合同号,--,拟售价格,26978.13元/平方米(按建筑面积计)楼层,19,房号,1915,用途,宿舍,,建筑面积42.48平方米,户内面积,31.3平方米,分摊面积,11.18平方米,户内面积,--平方米,分摊面积--平方米,建筑面积,--平方米
项目楼栋情况,恒明湾创汇中心5栋,座号,C座,合同号,--,拟售价格,27498.95元/平方米(按建筑面积计)楼层,19,房号,1916,用途,宿舍,,建筑面积42.73平方米,户内面积,31.49平方米,分摊面积,11.24平方米,户内面积,--平方米,分摊面积--平方米,建筑面积,--平方米
项目楼栋情况,恒明湾创汇中心5栋,座号,C座,合同号,--,拟售价格,27498.95元/平方米(按建筑面积计)楼层,19,房号,1917,用途,宿舍,,建筑面积42.73平方米,户内面积,31.49平方米,分摊面积,11.24平方米,户内面积,--平方米,分摊面积--平方米,建筑面积,--平方米
项目楼栋情况,恒明湾创汇中心5栋,座号,C座,合同号,--,拟售价格,27498.95元/平方米(按建筑面积计)楼层,19,房号,1918,用途,宿舍,,建筑面积42.73平方米,户内面积,31.49平方米,分摊面积,11.24平方米,户内面积,--平方米,分摊面积--平方米,建筑面积,--平方米
项目楼栋情况,恒明湾创汇中心5栋,座号,C座,合同号,--,拟售价格,28019.79元/平方米(按建筑面积计)楼层,19,房号,1919,用途,宿舍,,建筑面积42.69平方米,户内面积,31.45平方米,分摊面积,11.24平方米,户内面积,--平方米,分摊面积--平方米,建筑面积,--平方米
项目楼栋情况,恒明湾创汇中心5栋,座号,C座,合同号,--,拟售价格,31567.44元/平方米(按建筑面积计)楼层,18,房号,1801,用途,宿舍,,建筑面积87.72平方米,户内面积,64.64平方米,分摊面积,23.08平方米,户内面积,--平方米,分摊面积--平方米,建筑面积,--平方米
项目楼栋情况,恒明湾创汇中心5栋,座号,C座,合同号,--,拟售价格,28446.88元/平方米(按建筑面积计)楼层,18,房号,1802,用途,宿舍,,建筑面积42.73平方米,户内面积,31.49平方米,分摊面积,11.24平方米,户内面积,--平方米,分摊面积--平方米,建筑面积,--平方米
项目楼栋情况,恒明湾创汇中心5栋,座号,C座,合同号,--,拟售价格,28446.88元/平方米(按建筑面积计)楼层,18,房号,1803,用途,宿舍,,建筑面积42.73平方米,户内面积,31.49平方米,分摊面积,11.24平方米,户内面积,--平方米,分摊面积--平方米,建筑面积,--平方米
项目楼栋情况,恒明湾创汇中心5栋,座号,C座,合同号,--,拟售价格,28446.88元/平方米(按建筑面积计)楼层,18,房号,1804,用途,宿舍,,建筑面积42.73平方米,户内面积,31.49平方米,分摊面积,11.24平方米,户内面积,--平方米,分摊面积--平方米,建筑面积,--平方米
项目楼栋情况,恒明湾创汇中心5栋,座号,C座,合同号,--,拟售价格,27926.03元/平方米(按建筑面积计)楼层,18,房号,1805,用途,宿舍,,建筑面积45.1平方米,户内面积,33.23平方米,分摊面积,11.87平方米,户内面积,--平方米,分摊面积--平方米,建筑面积,--平方米
项目楼栋情况,恒明湾创汇中心5栋,座号,C座,合同号,--,拟售价格,27926.03元/平方米(按建筑面积计)楼层,18,房号,1806,用途,宿舍,,建筑面积45.1平方米,户内面积,33.23平方米,分摊面积,11.87平方米,户内面积,--平方米,分摊面积--平方米,建筑面积,--平方米
项目楼栋情况,恒明湾创汇中心5栋,座号,C座,合同号,--,拟售价格,27926.03元/平方米(按建筑面积计)楼层,18,房号,1807,用途,宿舍,,建筑面积45.1平方米,户内面积,33.23平方米,分摊面积,11.87平方米,户内面积,--平方米,分摊面积--平方米,建筑面积,--平方米
项目楼栋情况,恒明湾创汇中心5栋,座号,C座,合同号,--,拟售价格,28446.88元/平方米(按建筑面积计)楼层,18,房号,1808,用途,宿舍,,建筑面积42.73平方米,户内面积,31.49平方米,分摊面积,11.24平方米,户内面积,--平方米,分摊面积--平方米,建筑面积,--平方米
项目楼栋情况,恒明湾创汇中心5栋,座号,C座,合同号,--,拟售价格,28446.88元/平方米(按建筑面积计)楼层,18,房号,1809,用途,宿舍,,建筑面积42.73平方米,户内面积,31.49平方米,分摊面积,11.24平方米,户内面积,--平方米,分摊面积--平方米,建筑面积,--平方米
项目楼栋情况,恒明湾创汇中心5栋,座号,C座,合同号,--,拟售价格,30530.21元/平方米(按建筑面积计)楼层,18,房号,1810,用途,宿舍,,建筑面积87.72平方米,户内面积,64.64平方米,分摊面积,23.08平方米,户内面积,--平方米,分摊面积--平方米,建筑面积,--平方米
项目楼栋情况,恒明湾创汇中心5栋,座号,C座,合同号,--,拟售价格,27717.71元/平方米(按建筑面积计)楼层,18,房号,1811,用途,宿舍,,建筑面积42.69平方米,户内面积,31.46平方米,分摊面积,11.23平方米,户内面积,--平方米,分摊面积--平方米,建筑面积,--平方米
项目楼栋情况,恒明湾创汇中心5栋,座号,C座,合同号,--,拟售价格,27405.22元/平方米(按建筑面积计)楼层,18,房号,1812,用途,宿舍,,建筑面积42.73平方米,户内面积,31.49平方米,分摊面积,11.24平方米,户内面积,--平方米,分摊面积--平方米,建筑面积,--平方米
项目楼栋情况,恒明湾创汇中心5栋,座号,C座,合同号,--,拟售价格,27405.22元/平方米(按建筑面积计)楼层,18,房号,1813,用途,宿舍,,建筑面积42.73平方米,户内面积,31.49平方米,分摊面积,11.24平方米,户内面积,--平方米,分摊面积--平方米,建筑面积,--平方米
项目楼栋情况,恒明湾创汇中心5栋,座号,C座,合同号,--,拟售价格,27405.22元/平方米(按建筑面积计)楼层,18,房号,1814,用途,宿舍,,建筑面积42.94平方米,户内面积,31.64平方米,分摊面积,11.3平方米,户内面积,--平方米,分摊面积--平方米,建筑面积,--平方米
项目楼栋情况,恒明湾创汇中心5栋,座号,C座,合同号,--,拟售价格,26884.37元/平方米(按建筑面积计)楼层,18,房号,1815,用途,宿舍,,建筑面积42.48平方米,户内面积,31.3平方米,分摊面积,11.18平方米,户内面积,--平方米,分摊面积--平方米,建筑面积,--平方米
项目楼栋情况,恒明湾创汇中心5栋,座号,C座,合同号,--,拟售价格,27405.22元/平方米(按建筑面积计)楼层,18,房号,1816,用途,宿舍,,建筑面积42.73平方米,户内面积,31.49平方米,分摊面积,11.24平方米,户内面积,--平方米,分摊面积--平方米,建筑面积,--平方米
项目楼栋情况,恒明湾创汇中心5栋,座号,C座,合同号,--,拟售价格,27405.22元/平方米(按建筑面积计)楼层,18,房号,1817,用途,宿舍,,建筑面积42.73平方米,户内面积,31.49平方米,分摊面积,11.24平方米,户内面积,--平方米,分摊面积--平方米,建筑面积,--平方米
项目楼栋情况,恒明湾创汇中心5栋,座号,C座,合同号,--,拟售价格,27405.22元/平方米(按建筑面积计)楼层,18,房号,1818,用途,宿舍,,建筑面积42.73平方米,户内面积,31.49平方米,分摊面积,11.24平方米,户内面积,--平方米,分摊面积--平方米,建筑面积,--平方米
项目楼栋情况,恒明湾创汇中心5栋,座号,C座,合同号,--,拟售价格,27926.05元/平方米(按建筑面积计)楼层,18,房号,1819,用途,宿舍,,建筑面积42.69平方米,户内面积,31.45平方米,分摊面积,11.24平方米,户内面积,--平方米,分摊面积--平方米,建筑面积,--平方米
项目楼栋情况,恒明湾创汇中心5栋,座号,C座,合同号,--,拟售价格,31474.43元/平方米(按建筑面积计)楼层,17,房号,1701,用途,宿舍,,建筑面积87.72平方米,户内面积,64.64平方米,分摊面积,23.08平方米,户内面积,--平方米,分摊面积--平方米,建筑面积,--平方米
项目楼栋情况,恒明湾创汇中心5栋,座号,C座,合同号,--,拟售价格,28353.12元/平方米(按建筑面积计)楼层,17,房号,1702,用途,宿舍,,建筑面积42.73平方米,户内面积,31.49平方米,分摊面积,11.24平方米,户内面积,--平方米,分摊面积--平方米,建筑面积,--平方米
项目楼栋情况,恒明湾创汇中心5栋,座号,C座,合同号,--,拟售价格,28353.12元/平方米(按建筑面积计)楼层,17,房号,1703,用途,宿舍,,建筑面积42.73平方米,户内面积,31.49平方米,分摊面积,11.24平方米,户内面积,--平方米,分摊面积--平方米,建筑面积,--平方米
项目楼栋情况,恒明湾创汇中心5栋,座号,C座,合同号,--,拟售价格,28353.12元/平方米(按建筑面积计)楼层,17,房号,1704,用途,宿舍,,建筑面积42.73平方米,户内面积,31.49平方米,分摊面积,11.24平方米,户内面积,--平方米,分摊面积--平方米,建筑面积,--平方米
项目楼栋情况,恒明湾创汇中心5栋,座号,C座,合同号,--,拟售价格,27832.28元/平方米(按建筑面积计)楼层,17,房号,1705,用途,宿舍,,建筑面积45.1平方米,户内面积,33.23平方米,分摊面积,11.87平方米,户内面积,--平方米,分摊面积--平方米,建筑面积,--平方米
项目楼栋情况,恒明湾创汇中心5栋,座号,C座,合同号,--,拟售价格,27832.28元/平方米(按建筑面积计)楼层,17,房号,1706,用途,宿舍,,建筑面积45.1平方米,户内面积,33.23平方米,分摊面积,11.87平方米,户内面积,--平方米,分摊面积--平方米,建筑面积,--平方米
项目楼栋情况,恒明湾创汇中心5栋,座号,C座,合同号,--,拟售价格,27832.28元/平方米(按建筑面积计)楼层,17,房号,1707,用途,宿舍,,建筑面积45.1平方米,户内面积,33.23平方米,分摊面积,11.87平方米,户内面积,--平方米,分摊面积--平方米,建筑面积,--平方米
项目楼栋情况,恒明湾创汇中心5栋,座号,C座,合同号,--,拟售价格,28353.12元/平方米(按建筑面积计)楼层,17,房号,1708,用途,宿舍,,建筑面积42.73平方米,户内面积,31.49平方米,分摊面积,11.24平方米,户内面积,--平方米,分摊面积--平方米,建筑面积,--平方米
项目楼栋情况,恒明湾创汇中心5栋,座号,C座,合同号,--,拟售价格,28353.12元/平方米(按建筑面积计)楼层,17,房号,1709,用途,宿舍,,建筑面积42.73平方米,户内面积,31.49平方米,分摊面积,11.24平方米,户内面积,--平方米,分摊面积--平方米,建筑面积,--平方米
项目楼栋情况,恒明湾创汇中心5栋,座号,C座,合同号,--,拟售价格,30436.46元/平方米(按建筑面积计)楼层,17,房号,1710,用途,宿舍,,建筑面积87.72平方米,户内面积,64.64平方米,分摊面积,23.08平方米,户内面积,--平方米,分摊面积--平方米,建筑面积,--平方米
项目楼栋情况,恒明湾创汇中心5栋,座号,C座,合同号,--,拟售价格,27623.96元/平方米(按建筑面积计)楼层,17,房号,1711,用途,宿舍,,建筑面积42.69平方米,户内面积,31.46平方米,分摊面积,11.23平方米,户内面积,--平方米,分摊面积--平方米,建筑面积,--平方米
项目楼栋情况,恒明湾创汇中心5栋,座号,C座,合同号,--,拟售价格,27311.47元/平方米(按建筑面积计)楼层,17,房号,1712,用途,宿舍,,建筑面积42.73平方米,户内面积,31.49平方米,分摊面积,11.24平方米,户内面积,--平方米,分摊面积--平方米,建筑面积,--平方米
项目楼栋情况,恒明湾创汇中心5栋,座号,C座,合同号,--,拟售价格,27311.47元/平方米(按建筑面积计)楼层,17,房号,1713,用途,宿舍,,建筑面积42.73平方米,户内面积,31.49平方米,分摊面积,11.24平方米,户内面积,--平方米,分摊面积--平方米,建筑面积,--平方米
项目楼栋情况,恒明湾创汇中心5栋,座号,C座,合同号,--,拟售价格,27311.46元/平方米(按建筑面积计)楼层,17,房号,1714,用途,宿舍,,建筑面积42.94平方米,户内面积,31.64平方米,分摊面积,11.3平方米,户内面积,--平方米,分摊面积--平方米,建筑面积,--平方米
项目楼栋情况,恒明湾创汇中心5栋,座号,C座,合同号,--,拟售价格,26790.63元/平方米(按建筑面积计)楼层,17,房号,1715,用途,宿舍,,建筑面积42.48平方米,户内面积,31.3平方米,分摊面积,11.18平方米,户内面积,--平方米,分摊面积--平方米,建筑面积,--平方米
项目楼栋情况,恒明湾创汇中心5栋,座号,C座,合同号,--,拟售价格,27311.47元/平方米(按建筑面积计)楼层,17,房号,1716,用途,宿舍,,建筑面积42.73平方米,户内面积,31.49平方米,分摊面积,11.24平方米,户内面积,--平方米,分摊面积--平方米,建筑面积,--平方米
项目楼栋情况,恒明湾创汇中心5栋,座号,C座,合同号,--,拟售价格,27311.47元/平方米(按建筑面积计)楼层,17,房号,1717,用途,宿舍,,建筑面积42.73平方米,户内面积,31.49平方米,分摊面积,11.24平方米,户内面积,--平方米,分摊面积--平方米,建筑面积,--平方米
项目楼栋情况,恒明湾创汇中心5栋,座号,C座,合同号,--,拟售价格,27311.47元/平方米(按建筑面积计)楼层,17,房号,1718,用途,宿舍,,建筑面积42.73平方米,户内面积,31.49平方米,分摊面积,11.24平方米,户内面积,--平方米,分摊面积--平方米,建筑面积,--平方米
项目楼栋情况,恒明湾创汇中心5栋,座号,C座,合同号,--,拟售价格,27832.3元/平方米(按建筑面积计)楼层,17,房号,1719,用途,宿舍,,建筑面积42.69平方米,户内面积,31.45平方米,分摊面积,11.24平方米,户内面积,--平方米,分摊面积--平方米,建筑面积,--平方米
项目楼栋情况,恒明湾创汇中心5栋,座号,C座,合同号,--,拟售价格,31381.42元/平方米(按建筑面积计)楼层,16,房号,1601,用途,宿舍,,建筑面积87.72平方米,户内面积,64.64平方米,分摊面积,23.08平方米,户内面积,--平方米,分摊面积--平方米,建筑面积,--平方米
项目楼栋情况,恒明湾创汇中心5栋,座号,C座,合同号,--,拟售价格,28259.37元/平方米(按建筑面积计)楼层,16,房号,1602,用途,宿舍,,建筑面积42.73平方米,户内面积,31.49平方米,分摊面积,11.24平方米,户内面积,--平方米,分摊面积--平方米,建筑面积,--平方米
项目楼栋情况,恒明湾创汇中心5栋,座号,C座,合同号,--,拟售价格,28259.37元/平方米(按建筑面积计)楼层,16,房号,1603,用途,宿舍,,建筑面积42.73平方米,户内面积,31.49平方米,分摊面积,11.24平方米,户内面积,--平方米,分摊面积--平方米,建筑面积,--平方米
项目楼栋情况,恒明湾创汇中心5栋,座号,C座,合同号,--,拟售价格,28259.37元/平方米(按建筑面积计)楼层,16,房号,1604,用途,宿舍,,建筑面积42.73平方米,户内面积,31.49平方米,分摊面积,11.24平方米,户内面积,--平方米,分摊面积--平方米,建筑面积,--平方米
项目楼栋情况,恒明湾创汇中心5栋,座号,C座,合同号,--,拟售价格,27738.54元/平方米(按建筑面积计)楼层,16,房号,1605,用途,宿舍,,建筑面积45.1平方米,户内面积,33.23平方米,分摊面积,11.87平方米,户内面积,--平方米,分摊面积--平方米,建筑面积,--平方米
项目楼栋情况,恒明湾创汇中心5栋,座号,C座,合同号,--,拟售价格,27738.54元/平方米(按建筑面积计)楼层,16,房号,1606,用途,宿舍,,建筑面积45.1平方米,户内面积,33.23平方米,分摊面积,11.87平方米,户内面积,--平方米,分摊面积--平方米,建筑面积,--平方米
项目楼栋情况,恒明湾创汇中心5栋,座号,C座,合同号,--,拟售价格,27738.54元/平方米(按建筑面积计)楼层,16,房号,1607,用途,宿舍,,建筑面积45.1平方米,户内面积,33.23平方米,分摊面积,11.87平方米,户内面积,--平方米,分摊面积--平方米,建筑面积,--平方米
项目楼栋情况,恒明湾创汇中心5栋,座号,C座,合同号,--,拟售价格,28259.37元/平方米(按建筑面积计)楼层,16,房号,1608,用途,宿舍,,建筑面积42.73平方米,户内面积,31.49平方米,分摊面积,11.24平方米,户内面积,--平方米,分摊面积--平方米,建筑面积,--平方米
项目楼栋情况,恒明湾创汇中心5栋,座号,C座,合同号,--,拟售价格,28259.37元/平方米(按建筑面积计)楼层,16,房号,1609,用途,宿舍,,建筑面积42.73平方米,户内面积,31.49平方米,分摊面积,11.24平方米,户内面积,--平方米,分摊面积--平方米,建筑面积,--平方米
项目楼栋情况,恒明湾创汇中心5栋,座号,C座,合同号,--,拟售价格,30342.7元/平方米(按建筑面积计)楼层,16,房号,1610,用途,宿舍,,建筑面积87.72平方米,户内面积,64.64平方米,分摊面积,23.08平方米,户内面积,--平方米,分摊面积--平方米,建筑面积,--平方米
项目楼栋情况,恒明湾创汇中心5栋,座号,C座,合同号,--,拟售价格,27530.22元/平方米(按建筑面积计)楼层,16,房号,1611,用途,宿舍,,建筑面积42.69平方米,户内面积,31.46平方米,分摊面积,11.23平方米,户内面积,--平方米,分摊面积--平方米,建筑面积,--平方米
项目楼栋情况,恒明湾创汇中心5栋,座号,C座,合同号,--,拟售价格,27217.72元/平方米(按建筑面积计)楼层,16,房号,1612,用途,宿舍,,建筑面积42.73平方米,户内面积,31.49平方米,分摊面积,11.24平方米,户内面积,--平方米,分摊面积--平方米,建筑面积,--平方米
项目楼栋情况,恒明湾创汇中心5栋,座号,C座,合同号,--,拟售价格,27217.72元/平方米(按建筑面积计)楼层,16,房号,1613,用途,宿舍,,建筑面积42.73平方米,户内面积,31.49平方米,分摊面积,11.24平方米,户内面积,--平方米,分摊面积--平方米,建筑面积,--平方米
项目楼栋情况,恒明湾创汇中心5栋,座号,C座,合同号,--,拟售价格,27217.7元/平方米(按建筑面积计)楼层,16,房号,1614,用途,宿舍,,建筑面积42.94平方米,户内面积,31.64平方米,分摊面积,11.3平方米,户内面积,--平方米,分摊面积--平方米,建筑面积,--平方米
项目楼栋情况,恒明湾创汇中心5栋,座号,C座,合同号,--,拟售价格,26696.87元/平方米(按建筑面积计)楼层,16,房号,1615,用途,宿舍,,建筑面积42.48平方米,户内面积,31.3平方米,分摊面积,11.18平方米,户内面积,--平方米,分摊面积--平方米,建筑面积,--平方米
项目楼栋情况,恒明湾创汇中心5栋,座号,C座,合同号,--,拟售价格,27217.72元/平方米(按建筑面积计)楼层,16,房号,1616,用途,宿舍,,建筑面积42.73平方米,户内面积,31.49平方米,分摊面积,11.24平方米,户内面积,--平方米,分摊面积--平方米,建筑面积,--平方米
项目楼栋情况,恒明湾创汇中心5栋,座号,C座,合同号,--,拟售价格,27217.72元/平方米(按建筑面积计)楼层,16,房号,1617,用途,宿舍,,建筑面积42.73平方米,户内面积,31.49平方米,分摊面积,11.24平方米,户内面积,--平方米,分摊面积--平方米,建筑面积,--平方米
项目楼栋情况,恒明湾创汇中心5栋,座号,C座,合同号,--,拟售价格,27217.72元/平方米(按建筑面积计)楼层,16,房号,1618,用途,宿舍,,建筑面积42.73平方米,户内面积,31.49平方米,分摊面积,11.24平方米,户内面积,--平方米,分摊面积--平方米,建筑面积,--平方米
项目楼栋情况,恒明湾创汇中心5栋,座号,C座,合同号,--,拟售价格,27738.53元/平方米(按建筑面积计)楼层,16,房号,1619,用途,宿舍,,建筑面积42.69平方米,户内面积,31.45平方米,分摊面积,11.24平方米,户内面积,--平方米,分摊面积--平方米,建筑面积,--平方米
项目楼栋情况,恒明湾创汇中心5栋,座号,C座,合同号,--,拟售价格,31288.41元/平方米(按建筑面积计)楼层,15,房号,1501,用途,宿舍,,建筑面积87.72平方米,户内面积,64.64平方米,分摊面积,23.08平方米,户内面积,--平方米,分摊面积--平方米,建筑面积,--平方米
项目楼栋情况,恒明湾创汇中心5栋,座号,C座,合同号,--,拟售价格,28165.62元/平方米(按建筑面积计)楼层,15,房号,1502,用途,宿舍,,建筑面积42.73平方米,户内面积,31.49平方米,分摊面积,11.24平方米,户内面积,--平方米,分摊面积--平方米,建筑面积,--平方米
项目楼栋情况,恒明湾创汇中心5栋,座号,C座,合同号,--,拟售价格,28165.62元/平方米(按建筑面积计)楼层,15,房号,1503,用途,宿舍,,建筑面积42.73平方米,户内面积,31.49平方米,分摊面积,11.24平方米,户内面积,--平方米,分摊面积--平方米,建筑面积,--平方米
项目楼栋情况,恒明湾创汇中心5栋,座号,C座,合同号,--,拟售价格,28165.62元/平方米(按建筑面积计)楼层,15,房号,1504,用途,宿舍,,建筑面积42.73平方米,户内面积,31.49平方米,分摊面积,11.24平方米,户内面积,--平方米,分摊面积--平方米,建筑面积,--平方米
项目楼栋情况,恒明湾创汇中心5栋,座号,C座,合同号,--,拟售价格,27644.79元/平方米(按建筑面积计)楼层,15,房号,1505,用途,宿舍,,建筑面积45.1平方米,户内面积,33.23平方米,分摊面积,11.87平方米,户内面积,--平方米,分摊面积--平方米,建筑面积,--平方米
项目楼栋情况,恒明湾创汇中心5栋,座号,C座,合同号,--,拟售价格,27644.79元/平方米(按建筑面积计)楼层,15,房号,1506,用途,宿舍,,建筑面积45.1平方米,户内面积,33.23平方米,分摊面积,11.87平方米,户内面积,--平方米,分摊面积--平方米,建筑面积,--平方米
项目楼栋情况,恒明湾创汇中心5栋,座号,C座,合同号,--,拟售价格,27644.79元/平方米(按建筑面积计)楼层,15,房号,1507,用途,宿舍,,建筑面积45.1平方米,户内面积,33.23平方米,分摊面积,11.87平方米,户内面积,--平方米,分摊面积--平方米,建筑面积,--平方米
项目楼栋情况,恒明湾创汇中心5栋,座号,C座,合同号,--,拟售价格,28165.62元/平方米(按建筑面积计)楼层,15,房号,1508,用途,宿舍,,建筑面积42.73平方米,户内面积,31.49平方米,分摊面积,11.24平方米,户内面积,--平方米,分摊面积--平方米,建筑面积,--平方米
项目楼栋情况,恒明湾创汇中心5栋,座号,C座,合同号,--,拟售价格,28165.62元/平方米(按建筑面积计)楼层,15,房号,1509,用途,宿舍,,建筑面积42.73平方米,户内面积,31.49平方米,分摊面积,11.24平方米,户内面积,--平方米,分摊面积--平方米,建筑面积,--平方米
项目楼栋情况,恒明湾创汇中心5栋,座号,C座,合同号,--,拟售价格,30248.96元/平方米(按建筑面积计)楼层,15,房号,1510,用途,宿舍,,建筑面积87.72平方米,户内面积,64.64平方米,分摊面积,23.08平方米,户内面积,--平方米,分摊面积--平方米,建筑面积,--平方米
项目楼栋情况,恒明湾创汇中心5栋,座号,C座,合同号,--,拟售价格,27436.45元/平方米(按建筑面积计)楼层,15,房号,1511,用途,宿舍,,建筑面积42.69平方米,户内面积,31.46平方米,分摊面积,11.23平方米,户内面积,--平方米,分摊面积--平方米,建筑面积,--平方米
项目楼栋情况,恒明湾创汇中心5栋,座号,C座,合同号,--,拟售价格,27123.96元/平方米(按建筑面积计)楼层,15,房号,1512,用途,宿舍,,建筑面积42.73平方米,户内面积,31.49平方米,分摊面积,11.24平方米,户内面积,--平方米,分摊面积--平方米,建筑面积,--平方米
项目楼栋情况,恒明湾创汇中心5栋,座号,C座,合同号,--,拟售价格,27123.96元/平方米(按建筑面积计)楼层,15,房号,1513,用途,宿舍,,建筑面积42.73平方米,户内面积,31.49平方米,分摊面积,11.24平方米,户内面积,--平方米,分摊面积--平方米,建筑面积,--平方米
项目楼栋情况,恒明湾创汇中心5栋,座号,C座,合同号,--,拟售价格,27123.96元/平方米(按建筑面积计)楼层,15,房号,1514,用途,宿舍,,建筑面积42.94平方米,户内面积,31.64平方米,分摊面积,11.3平方米,户内面积,--平方米,分摊面积--平方米,建筑面积,--平方米
项目楼栋情况,恒明湾创汇中心5栋,座号,C座,合同号,--,拟售价格,26603.13元/平方米(按建筑面积计)楼层,15,房号,1515,用途,宿舍,,建筑面积42.48平方米,户内面积,31.3平方米,分摊面积,11.18平方米,户内面积,--平方米,分摊面积--平方米,建筑面积,--平方米
项目楼栋情况,恒明湾创汇中心5栋,座号,C座,合同号,--,拟售价格,27123.96元/平方米(按建筑面积计)楼层,15,房号,1516,用途,宿舍,,建筑面积42.73平方米,户内面积,31.49平方米,分摊面积,11.24平方米,户内面积,--平方米,分摊面积--平方米,建筑面积,--平方米
项目楼栋情况,恒明湾创汇中心5栋,座号,C座,合同号,--,拟售价格,27123.96元/平方米(按建筑面积计)楼层,15,房号,1517,用途,宿舍,,建筑面积42.73平方米,户内面积,31.49平方米,分摊面积,11.24平方米,户内面积,--平方米,分摊面积--平方米,建筑面积,--平方米
项目楼栋情况,恒明湾创汇中心5栋,座号,C座,合同号,--,拟售价格,27123.96元/平方米(按建筑面积计)楼层,15,房号,1518,用途,宿舍,,建筑面积42.73平方米,户内面积,31.49平方米,分摊面积,11.24平方米,户内面积,--平方米,分摊面积--平方米,建筑面积,--平方米
项目楼栋情况,恒明湾创汇中心5栋,座号,C座,合同号,--,拟售价格,27644.79元/平方米(按建筑面积计)楼层,15,房号,1519,用途,宿舍,,建筑面积42.69平方米,户内面积,31.45平方米,分摊面积,11.24平方米,户内面积,--平方米,分摊面积--平方米,建筑面积,--平方米
项目楼栋情况,恒明湾创汇中心5栋,座号,C座,合同号,--,拟售价格,31195.39元/平方米(按建筑面积计)楼层,14,房号,1401,用途,宿舍,,建筑面积87.72平方米,户内面积,64.64平方米,分摊面积,23.08平方米,户内面积,--平方米,分摊面积--平方米,建筑面积,--平方米
项目楼栋情况,恒明湾创汇中心5栋,座号,C座,合同号,--,拟售价格,28071.87元/平方米(按建筑面积计)楼层,14,房号,1402,用途,宿舍,,建筑面积42.73平方米,户内面积,31.49平方米,分摊面积,11.24平方米,户内面积,--平方米,分摊面积--平方米,建筑面积,--平方米
项目楼栋情况,恒明湾创汇中心5栋,座号,C座,合同号,--,拟售价格,28071.87元/平方米(按建筑面积计)楼层,14,房号,1403,用途,宿舍,,建筑面积42.73平方米,户内面积,31.49平方米,分摊面积,11.24平方米,户内面积,--平方米,分摊面积--平方米,建筑面积,--平方米
项目楼栋情况,恒明湾创汇中心5栋,座号,C座,合同号,--,拟售价格,28071.87元/平方米(按建筑面积计)楼层,14,房号,1404,用途,宿舍,,建筑面积42.73平方米,户内面积,31.49平方米,分摊面积,11.24平方米,户内面积,--平方米,分摊面积--平方米,建筑面积,--平方米
项目楼栋情况,恒明湾创汇中心5栋,座号,C座,合同号,--,拟售价格,27551.04元/平方米(按建筑面积计)楼层,14,房号,1405,用途,宿舍,,建筑面积45.1平方米,户内面积,33.23平方米,分摊面积,11.87平方米,户内面积,--平方米,分摊面积--平方米,建筑面积,--平方米
项目楼栋情况,恒明湾创汇中心5栋,座号,C座,合同号,--,拟售价格,27551.04元/平方米(按建筑面积计)楼层,14,房号,1406,用途,宿舍,,建筑面积45.1平方米,户内面积,33.23平方米,分摊面积,11.87平方米,户内面积,--平方米,分摊面积--平方米,建筑面积,--平方米
项目楼栋情况,恒明湾创汇中心5栋,座号,C座,合同号,--,拟售价格,27551.04元/平方米(按建筑面积计)楼层,14,房号,1407,用途,宿舍,,建筑面积45.1平方米,户内面积,33.23平方米,分摊面积,11.87平方米,户内面积,--平方米,分摊面积--平方米,建筑面积,--平方米
项目楼栋情况,恒明湾创汇中心5栋,座号,C座,合同号,--,拟售价格,28071.87元/平方米(按建筑面积计)楼层,14,房号,1408,用途,宿舍,,建筑面积42.73平方米,户内面积,31.49平方米,分摊面积,11.24平方米,户内面积,--平方米,分摊面积--平方米,建筑面积,--平方米
项目楼栋情况,恒明湾创汇中心5栋,座号,C座,合同号,--,拟售价格,28071.87元/平方米(按建筑面积计)楼层,14,房号,1409,用途,宿舍,,建筑面积42.73平方米,户内面积,31.49平方米,分摊面积,11.24平方米,户内面积,--平方米,分摊面积--平方米,建筑面积,--平方米
项目楼栋情况,恒明湾创汇中心5栋,座号,C座,合同号,--,拟售价格,30155.21元/平方米(按建筑面积计)楼层,14,房号,1410,用途,宿舍,,建筑面积87.72平方米,户内面积,64.64平方米,分摊面积,23.08平方米,户内面积,--平方米,分摊面积--平方米,建筑面积,--平方米
项目楼栋情况,恒明湾创汇中心5栋,座号,C座,合同号,--,拟售价格,27342.7元/平方米(按建筑面积计)楼层,14,房号,1411,用途,宿舍,,建筑面积42.69平方米,户内面积,31.46平方米,分摊面积,11.23平方米,户内面积,--平方米,分摊面积--平方米,建筑面积,--平方米
项目楼栋情况,恒明湾创汇中心5栋,座号,C座,合同号,--,拟售价格,27030.21元/平方米(按建筑面积计)楼层,14,房号,1412,用途,宿舍,,建筑面积42.73平方米,户内面积,31.49平方米,分摊面积,11.24平方米,户内面积,--平方米,分摊面积--平方米,建筑面积,--平方米
项目楼栋情况,恒明湾创汇中心5栋,座号,C座,合同号,--,拟售价格,27030.21元/平方米(按建筑面积计)楼层,14,房号,1413,用途,宿舍,,建筑面积42.73平方米,户内面积,31.49平方米,分摊面积,11.24平方米,户内面积,--平方米,分摊面积--平方米,建筑面积,--平方米
项目楼栋情况,恒明湾创汇中心5栋,座号,C座,合同号,--,拟售价格,27030.2元/平方米(按建筑面积计)楼层,14,房号,1414,用途,宿舍,,建筑面积42.94平方米,户内面积,31.64平方米,分摊面积,11.3平方米,户内面积,--平方米,分摊面积--平方米,建筑面积,--平方米
项目楼栋情况,恒明湾创汇中心5栋,座号,C座,合同号,--,拟售价格,26509.37元/平方米(按建筑面积计)楼层,14,房号,1415,用途,宿舍,,建筑面积42.48平方米,户内面积,31.3平方米,分摊面积,11.18平方米,户内面积,--平方米,分摊面积--平方米,建筑面积,--平方米
项目楼栋情况,恒明湾创汇中心5栋,座号,C座,合同号,--,拟售价格,27030.21元/平方米(按建筑面积计)楼层,14,房号,1416,用途,宿舍,,建筑面积42.73平方米,户内面积,31.49平方米,分摊面积,11.24平方米,户内面积,--平方米,分摊面积--平方米,建筑面积,--平方米
项目楼栋情况,恒明湾创汇中心5栋,座号,C座,合同号,--,拟售价格,27030.21元/平方米(按建筑面积计)楼层,14,房号,1417,用途,宿舍,,建筑面积42.73平方米,户内面积,31.49平方米,分摊面积,11.24平方米,户内面积,--平方米,分摊面积--平方米,建筑面积,--平方米
项目楼栋情况,恒明湾创汇中心5栋,座号,C座,合同号,--,拟售价格,27030.21元/平方米(按建筑面积计)楼层,14,房号,1418,用途,宿舍,,建筑面积42.73平方米,户内面积,31.49平方米,分摊面积,11.24平方米,户内面积,--平方米,分摊面积--平方米,建筑面积,--平方米
项目楼栋情况,恒明湾创汇中心5栋,座号,C座,合同号,--,拟售价格,27551.04元/平方米(按建筑面积计)楼层,14,房号,1419,用途,宿舍,,建筑面积42.69平方米,户内面积,31.45平方米,分摊面积,11.24平方米,户内面积,--平方米,分摊面积--平方米,建筑面积,--平方米
项目楼栋情况,恒明湾创汇中心5栋,座号,C座,合同号,--,拟售价格,31102.38元/平方米(按建筑面积计)楼层,13,房号,1301,用途,宿舍,,建筑面积87.72平方米,户内面积,64.64平方米,分摊面积,23.08平方米,户内面积,--平方米,分摊面积--平方米,建筑面积,--平方米
项目楼栋情况,恒明湾创汇中心5栋,座号,C座,合同号,--,拟售价格,27978.12元/平方米(按建筑面积计)楼层,13,房号,1302,用途,宿舍,,建筑面积42.73平方米,户内面积,31.49平方米,分摊面积,11.24平方米,户内面积,--平方米,分摊面积--平方米,建筑面积,--平方米
项目楼栋情况,恒明湾创汇中心5栋,座号,C座,合同号,--,拟售价格,27978.12元/平方米(按建筑面积计)楼层,13,房号,1303,用途,宿舍,,建筑面积42.73平方米,户内面积,31.49平方米,分摊面积,11.24平方米,户内面积,--平方米,分摊面积--平方米,建筑面积,--平方米
项目楼栋情况,恒明湾创汇中心5栋,座号,C座,合同号,--,拟售价格,27978.12元/平方米(按建筑面积计)楼层,13,房号,1304,用途,宿舍,,建筑面积42.73平方米,户内面积,31.49平方米,分摊面积,11.24平方米,户内面积,--平方米,分摊面积--平方米,建筑面积,--平方米
项目楼栋情况,恒明湾创汇中心5栋,座号,C座,合同号,--,拟售价格,27457.29元/平方米(按建筑面积计)楼层,13,房号,1305,用途,宿舍,,建筑面积45.1平方米,户内面积,33.23平方米,分摊面积,11.87平方米,户内面积,--平方米,分摊面积--平方米,建筑面积,--平方米
项目楼栋情况,恒明湾创汇中心5栋,座号,C座,合同号,--,拟售价格,27457.29元/平方米(按建筑面积计)楼层,13,房号,1306,用途,宿舍,,建筑面积45.1平方米,户内面积,33.23平方米,分摊面积,11.87平方米,户内面积,--平方米,分摊面积--平方米,建筑面积,--平方米
项目楼栋情况,恒明湾创汇中心5栋,座号,C座,合同号,--,拟售价格,27457.29元/平方米(按建筑面积计)楼层,13,房号,1307,用途,宿舍,,建筑面积45.1平方米,户内面积,33.23平方米,分摊面积,11.87平方米,户内面积,--平方米,分摊面积--平方米,建筑面积,--平方米
项目楼栋情况,恒明湾创汇中心5栋,座号,C座,合同号,--,拟售价格,27978.12元/平方米(按建筑面积计)楼层,13,房号,1308,用途,宿舍,,建筑面积42.73平方米,户内面积,31.49平方米,分摊面积,11.24平方米,户内面积,--平方米,分摊面积--平方米,建筑面积,--平方米
项目楼栋情况,恒明湾创汇中心5栋,座号,C座,合同号,--,拟售价格,27978.12元/平方米(按建筑面积计)楼层,13,房号,1309,用途,宿舍,,建筑面积42.73平方米,户内面积,31.49平方米,分摊面积,11.24平方米,户内面积,--平方米,分摊面积--平方米,建筑面积,--平方米
项目楼栋情况,恒明湾创汇中心5栋,座号,C座,合同号,--,拟售价格,30061.46元/平方米(按建筑面积计)楼层,13,房号,1310,用途,宿舍,,建筑面积87.72平方米,户内面积,64.64平方米,分摊面积,23.08平方米,户内面积,--平方米,分摊面积--平方米,建筑面积,--平方米
项目楼栋情况,恒明湾创汇中心5栋,座号,C座,合同号,--,拟售价格,27248.96元/平方米(按建筑面积计)楼层,13,房号,1311,用途,宿舍,,建筑面积42.69平方米,户内面积,31.46平方米,分摊面积,11.23平方米,户内面积,--平方米,分摊面积--平方米,建筑面积,--平方米
项目楼栋情况,恒明湾创汇中心5栋,座号,C座,合同号,--,拟售价格,26936.46元/平方米(按建筑面积计)楼层,13,房号,1312,用途,宿舍,,建筑面积42.73平方米,户内面积,31.49平方米,分摊面积,11.24平方米,户内面积,--平方米,分摊面积--平方米,建筑面积,--平方米
项目楼栋情况,恒明湾创汇中心5栋,座号,C座,合同号,--,拟售价格,26936.46元/平方米(按建筑面积计)楼层,13,房号,1313,用途,宿舍,,建筑面积42.73平方米,户内面积,31.49平方米,分摊面积,11.24平方米,户内面积,--平方米,分摊面积--平方米,建筑面积,--平方米
项目楼栋情况,恒明湾创汇中心5栋,座号,C座,合同号,--,拟售价格,26936.47元/平方米(按建筑面积计)楼层,13,房号,1314,用途,宿舍,,建筑面积42.94平方米,户内面积,31.64平方米,分摊面积,11.3平方米,户内面积,--平方米,分摊面积--平方米,建筑面积,--平方米
项目楼栋情况,恒明湾创汇中心5栋,座号,C座,合同号,--,拟售价格,26415.63元/平方米(按建筑面积计)楼层,13,房号,1315,用途,宿舍,,建筑面积42.48平方米,户内面积,31.3平方米,分摊面积,11.18平方米,户内面积,--平方米,分摊面积--平方米,建筑面积,--平方米
项目楼栋情况,恒明湾创汇中心5栋,座号,C座,合同号,--,拟售价格,26936.46元/平方米(按建筑面积计)楼层,13,房号,1316,用途,宿舍,,建筑面积42.73平方米,户内面积,31.49平方米,分摊面积,11.24平方米,户内面积,--平方米,分摊面积--平方米,建筑面积,--平方米
项目楼栋情况,恒明湾创汇中心5栋,座号,C座,合同号,--,拟售价格,26936.46元/平方米(按建筑面积计)楼层,13,房号,1317,用途,宿舍,,建筑面积42.73平方米,户内面积,31.49平方米,分摊面积,11.24平方米,户内面积,--平方米,分摊面积--平方米,建筑面积,--平方米
项目楼栋情况,恒明湾创汇中心5栋,座号,C座,合同号,--,拟售价格,26936.46元/平方米(按建筑面积计)楼层,13,房号,1318,用途,宿舍,,建筑面积42.73平方米,户内面积,31.49平方米,分摊面积,11.24平方米,户内面积,--平方米,分摊面积--平方米,建筑面积,--平方米
项目楼栋情况,恒明湾创汇中心5栋,座号,C座,合同号,--,拟售价格,27457.3元/平方米(按建筑面积计)楼层,13,房号,1319,用途,宿舍,,建筑面积42.69平方米,户内面积,31.45平方米,分摊面积,11.24平方米,户内面积,--平方米,分摊面积--平方米,建筑面积,--平方米
项目楼栋情况,恒明湾创汇中心5栋,座号,C座,合同号,--,拟售价格,31007.9元/平方米(按建筑面积计)楼层,12,房号,1201,用途,宿舍,,建筑面积87.72平方米,户内面积,64.64平方米,分摊面积,23.08平方米,户内面积,--平方米,分摊面积--平方米,建筑面积,--平方米
项目楼栋情况,恒明湾创汇中心5栋,座号,C座,合同号,--,拟售价格,27884.37元/平方米(按建筑面积计)楼层,12,房号,1202,用途,宿舍,,建筑面积42.73平方米,户内面积,31.49平方米,分摊面积,11.24平方米,户内面积,--平方米,分摊面积--平方米,建筑面积,--平方米
项目楼栋情况,恒明湾创汇中心5栋,座号,C座,合同号,--,拟售价格,27884.37元/平方米(按建筑面积计)楼层,12,房号,1203,用途,宿舍,,建筑面积42.73平方米,户内面积,31.49平方米,分摊面积,11.24平方米,户内面积,--平方米,分摊面积--平方米,建筑面积,--平方米
项目楼栋情况,恒明湾创汇中心5栋,座号,C座,合同号,--,拟售价格,27884.37元/平方米(按建筑面积计)楼层,12,房号,1204,用途,宿舍,,建筑面积42.73平方米,户内面积,31.49平方米,分摊面积,11.24平方米,户内面积,--平方米,分摊面积--平方米,建筑面积,--平方米
项目楼栋情况,恒明湾创汇中心5栋,座号,C座,合同号,--,拟售价格,27363.55元/平方米(按建筑面积计)楼层,12,房号,1205,用途,宿舍,,建筑面积45.1平方米,户内面积,33.23平方米,分摊面积,11.87平方米,户内面积,--平方米,分摊面积--平方米,建筑面积,--平方米
项目楼栋情况,恒明湾创汇中心5栋,座号,C座,合同号,--,拟售价格,27884.37元/平方米(按建筑面积计)楼层,12,房号,1208,用途,宿舍,,建筑面积42.73平方米,户内面积,31.49平方米,分摊面积,11.24平方米,户内面积,--平方米,分摊面积--平方米,建筑面积,--平方米
项目楼栋情况,恒明湾创汇中心5栋,座号,C座,合同号,--,拟售价格,27884.37元/平方米(按建筑面积计)楼层,12,房号,1209,用途,宿舍,,建筑面积42.73平方米,户内面积,31.49平方米,分摊面积,11.24平方米,户内面积,--平方米,分摊面积--平方米,建筑面积,--平方米
项目楼栋情况,恒明湾创汇中心5栋,座号,C座,合同号,--,拟售价格,29967.7元/平方米(按建筑面积计)楼层,12,房号,1210,用途,宿舍,,建筑面积87.72平方米,户内面积,64.64平方米,分摊面积,23.08平方米,户内面积,--平方米,分摊面积--平方米,建筑面积,--平方米
项目楼栋情况,恒明湾创汇中心5栋,座号,C座,合同号,--,拟售价格,27155.21元/平方米(按建筑面积计)楼层,12,房号,1211,用途,宿舍,,建筑面积42.69平方米,户内面积,31.46平方米,分摊面积,11.23平方米,户内面积,--平方米,分摊面积--平方米,建筑面积,--平方米
项目楼栋情况,恒明湾创汇中心5栋,座号,C座,合同号,--,拟售价格,26842.71元/平方米(按建筑面积计)楼层,12,房号,1212,用途,宿舍,,建筑面积42.73平方米,户内面积,31.49平方米,分摊面积,11.24平方米,户内面积,--平方米,分摊面积--平方米,建筑面积,--平方米
项目楼栋情况,恒明湾创汇中心5栋,座号,C座,合同号,--,拟售价格,26842.71元/平方米(按建筑面积计)楼层,12,房号,1213,用途,宿舍,,建筑面积42.73平方米,户内面积,31.49平方米,分摊面积,11.24平方米,户内面积,--平方米,分摊面积--平方米,建筑面积,--平方米
项目楼栋情况,恒明湾创汇中心5栋,座号,C座,合同号,--,拟售价格,26842.71元/平方米(按建筑面积计)楼层,12,房号,1214,用途,宿舍,,建筑面积42.94平方米,户内面积,31.64平方米,分摊面积,11.3平方米,户内面积,--平方米,分摊面积--平方米,建筑面积,--平方米
项目楼栋情况,恒明湾创汇中心5栋,座号,C座,合同号,--,拟售价格,26321.87元/平方米(按建筑面积计)楼层,12,房号,1215,用途,宿舍,,建筑面积42.48平方米,户内面积,31.3平方米,分摊面积,11.18平方米,户内面积,--平方米,分摊面积--平方米,建筑面积,--平方米
项目楼栋情况,恒明湾创汇中心5栋,座号,C座,合同号,--,拟售价格,26842.71元/平方米(按建筑面积计)楼层,12,房号,1216,用途,宿舍,,建筑面积42.73平方米,户内面积,31.49平方米,分摊面积,11.24平方米,户内面积,--平方米,分摊面积--平方米,建筑面积,--平方米
项目楼栋情况,恒明湾创汇中心5栋,座号,C座,合同号,--,拟售价格,26842.71元/平方米(按建筑面积计)楼层,12,房号,1217,用途,宿舍,,建筑面积42.73平方米,户内面积,31.49平方米,分摊面积,11.24平方米,户内面积,--平方米,分摊面积--平方米,建筑面积,--平方米
项目楼栋情况,恒明湾创汇中心5栋,座号,C座,合同号,--,拟售价格,26842.71元/平方米(按建筑面积计)楼层,12,房号,1218,用途,宿舍,,建筑面积42.73平方米,户内面积,31.49平方米,分摊面积,11.24平方米,户内面积,--平方米,分摊面积--平方米,建筑面积,--平方米
项目楼栋情况,恒明湾创汇中心5栋,座号,C座,合同号,--,拟售价格,27367.3元/平方米(按建筑面积计)楼层,12,房号,1219,用途,宿舍,,建筑面积42.69平方米,户内面积,31.45平方米,分摊面积,11.24平方米,户内面积,--平方米,分摊面积--平方米,建筑面积,--平方米
项目楼栋情况,恒明湾创汇中心5栋,座号,C座,合同号,--,拟售价格,30913.41元/平方米(按建筑面积计)楼层,11,房号,1101,用途,宿舍,,建筑面积87.72平方米,户内面积,64.64平方米,分摊面积,23.08平方米,户内面积,--平方米,分摊面积--平方米,建筑面积,--平方米
项目楼栋情况,恒明湾创汇中心5栋,座号,C座,合同号,--,拟售价格,27790.62元/平方米(按建筑面积计)楼层,11,房号,1102,用途,宿舍,,建筑面积42.73平方米,户内面积,31.49平方米,分摊面积,11.24平方米,户内面积,--平方米,分摊面积--平方米,建筑面积,--平方米
项目楼栋情况,恒明湾创汇中心5栋,座号,C座,合同号,--,拟售价格,27790.62元/平方米(按建筑面积计)楼层,11,房号,1103,用途,宿舍,,建筑面积42.73平方米,户内面积,31.49平方米,分摊面积,11.24平方米,户内面积,--平方米,分摊面积--平方米,建筑面积,--平方米
项目楼栋情况,恒明湾创汇中心5栋,座号,C座,合同号,--,拟售价格,27790.62元/平方米(按建筑面积计)楼层,11,房号,1104,用途,宿舍,,建筑面积42.73平方米,户内面积,31.49平方米,分摊面积,11.24平方米,户内面积,--平方米,分摊面积--平方米,建筑面积,--平方米
项目楼栋情况,恒明湾创汇中心5栋,座号,C座,合同号,--,拟售价格,27269.8元/平方米(按建筑面积计)楼层,11,房号,1105,用途,宿舍,,建筑面积45.1平方米,户内面积,33.23平方米,分摊面积,11.87平方米,户内面积,--平方米,分摊面积--平方米,建筑面积,--平方米
项目楼栋情况,恒明湾创汇中心5栋,座号,C座,合同号,--,拟售价格,27269.8元/平方米(按建筑面积计)楼层,11,房号,1106,用途,宿舍,,建筑面积45.1平方米,户内面积,33.23平方米,分摊面积,11.87平方米,户内面积,--平方米,分摊面积--平方米,建筑面积,--平方米
项目楼栋情况,恒明湾创汇中心5栋,座号,C座,合同号,--,拟售价格,27269.8元/平方米(按建筑面积计)楼层,11,房号,1107,用途,宿舍,,建筑面积45.1平方米,户内面积,33.23平方米,分摊面积,11.87平方米,户内面积,--平方米,分摊面积--平方米,建筑面积,--平方米
项目楼栋情况,恒明湾创汇中心5栋,座号,C座,合同号,--,拟售价格,27790.62元/平方米(按建筑面积计)楼层,11,房号,1108,用途,宿舍,,建筑面积42.73平方米,户内面积,31.49平方米,分摊面积,11.24平方米,户内面积,--平方米,分摊面积--平方米,建筑面积,--平方米
项目楼栋情况,恒明湾创汇中心5栋,座号,C座,合同号,--,拟售价格,27790.62元/平方米(按建筑面积计)楼层,11,房号,1109,用途,宿舍,,建筑面积42.73平方米,户内面积,31.49平方米,分摊面积,11.24平方米,户内面积,--平方米,分摊面积--平方米,建筑面积,--平方米
项目楼栋情况,恒明湾创汇中心5栋,座号,C座,合同号,--,拟售价格,29873.96元/平方米(按建筑面积计)楼层,11,房号,1110,用途,宿舍,,建筑面积87.72平方米,户内面积,64.64平方米,分摊面积,23.08平方米,户内面积,--平方米,分摊面积--平方米,建筑面积,--平方米
项目楼栋情况,恒明湾创汇中心5栋,座号,C座,合同号,--,拟售价格,27061.47元/平方米(按建筑面积计)楼层,11,房号,1111,用途,宿舍,,建筑面积42.69平方米,户内面积,31.46平方米,分摊面积,11.23平方米,户内面积,--平方米,分摊面积--平方米,建筑面积,--平方米
项目楼栋情况,恒明湾创汇中心5栋,座号,C座,合同号,--,拟售价格,26748.96元/平方米(按建筑面积计)楼层,11,房号,1112,用途,宿舍,,建筑面积42.73平方米,户内面积,31.49平方米,分摊面积,11.24平方米,户内面积,--平方米,分摊面积--平方米,建筑面积,--平方米
项目楼栋情况,恒明湾创汇中心5栋,座号,C座,合同号,--,拟售价格,26748.96元/平方米(按建筑面积计)楼层,11,房号,1113,用途,宿舍,,建筑面积42.73平方米,户内面积,31.49平方米,分摊面积,11.24平方米,户内面积,--平方米,分摊面积--平方米,建筑面积,--平方米
项目楼栋情况,恒明湾创汇中心5栋,座号,C座,合同号,--,拟售价格,26748.95元/平方米(按建筑面积计)楼层,11,房号,1114,用途,宿舍,,建筑面积42.94平方米,户内面积,31.64平方米,分摊面积,11.3平方米,户内面积,--平方米,分摊面积--平方米,建筑面积,--平方米
项目楼栋情况,恒明湾创汇中心5栋,座号,C座,合同号,--,拟售价格,26228.13元/平方米(按建筑面积计)楼层,11,房号,1115,用途,宿舍,,建筑面积42.48平方米,户内面积,31.3平方米,分摊面积,11.18平方米,户内面积,--平方米,分摊面积--平方米,建筑面积,--平方米
项目楼栋情况,恒明湾创汇中心5栋,座号,C座,合同号,--,拟售价格,26748.96元/平方米(按建筑面积计)楼层,11,房号,1116,用途,宿舍,,建筑面积42.73平方米,户内面积,31.49平方米,分摊面积,11.24平方米,户内面积,--平方米,分摊面积--平方米,建筑面积,--平方米
项目楼栋情况,恒明湾创汇中心5栋,座号,C座,合同号,--,拟售价格,26748.96元/平方米(按建筑面积计)楼层,11,房号,1117,用途,宿舍,,建筑面积42.73平方米,户内面积,31.49平方米,分摊面积,11.24平方米,户内面积,--平方米,分摊面积--平方米,建筑面积,--平方米
项目楼栋情况,恒明湾创汇中心5栋,座号,C座,合同号,--,拟售价格,26748.96元/平方米(按建筑面积计)楼层,11,房号,1118,用途,宿舍,,建筑面积42.73平方米,户内面积,31.49平方米,分摊面积,11.24平方米,户内面积,--平方米,分摊面积--平方米,建筑面积,--平方米
项目楼栋情况,恒明湾创汇中心5栋,座号,C座,合同号,--,拟售价格,27269.78元/平方米(按建筑面积计)楼层,11,房号,1119,用途,宿舍,,建筑面积42.69平方米,户内面积,31.45平方米,分摊面积,11.24平方米,户内面积,--平方米,分摊面积--平方米,建筑面积,--平方米
项目楼栋情况,恒明湾创汇中心5栋,座号,C座,合同号,--,拟售价格,30818.92元/平方米(按建筑面积计)楼层,10,房号,1001,用途,宿舍,,建筑面积87.72平方米,户内面积,64.64平方米,分摊面积,23.08平方米,户内面积,--平方米,分摊面积--平方米,建筑面积,--平方米
项目楼栋情况,恒明湾创汇中心5栋,座号,C座,合同号,--,拟售价格,27696.86元/平方米(按建筑面积计)楼层,10,房号,1002,用途,宿舍,,建筑面积42.73平方米,户内面积,31.49平方米,分摊面积,11.24平方米,户内面积,--平方米,分摊面积--平方米,建筑面积,--平方米
项目楼栋情况,恒明湾创汇中心5栋,座号,C座,合同号,--,拟售价格,27696.86元/平方米(按建筑面积计)楼层,10,房号,1003,用途,宿舍,,建筑面积42.73平方米,户内面积,31.49平方米,分摊面积,11.24平方米,户内面积,--平方米,分摊面积--平方米,建筑面积,--平方米
项目楼栋情况,恒明湾创汇中心5栋,座号,C座,合同号,--,拟售价格,27696.86元/平方米(按建筑面积计)楼层,10,房号,1004,用途,宿舍,,建筑面积42.73平方米,户内面积,31.49平方米,分摊面积,11.24平方米,户内面积,--平方米,分摊面积--平方米,建筑面积,--平方米
项目楼栋情况,恒明湾创汇中心5栋,座号,C座,合同号,--,拟售价格,27176.03元/平方米(按建筑面积计)楼层,10,房号,1005,用途,宿舍,,建筑面积45.1平方米,户内面积,33.23平方米,分摊面积,11.87平方米,户内面积,--平方米,分摊面积--平方米,建筑面积,--平方米
项目楼栋情况,恒明湾创汇中心5栋,座号,C座,合同号,--,拟售价格,27176.03元/平方米(按建筑面积计)楼层,10,房号,1006,用途,宿舍,,建筑面积45.1平方米,户内面积,33.23平方米,分摊面积,11.87平方米,户内面积,--平方米,分摊面积--平方米,建筑面积,--平方米
项目楼栋情况,恒明湾创汇中心5栋,座号,C座,合同号,--,拟售价格,27176.03元/平方米(按建筑面积计)楼层,10,房号,1007,用途,宿舍,,建筑面积45.1平方米,户内面积,33.23平方米,分摊面积,11.87平方米,户内面积,--平方米,分摊面积--平方米,建筑面积,--平方米
项目楼栋情况,恒明湾创汇中心5栋,座号,C座,合同号,--,拟售价格,27696.86元/平方米(按建筑面积计)楼层,10,房号,1008,用途,宿舍,,建筑面积42.73平方米,户内面积,31.49平方米,分摊面积,11.24平方米,户内面积,--平方米,分摊面积--平方米,建筑面积,--平方米
项目楼栋情况,恒明湾创汇中心5栋,座号,C座,合同号,--,拟售价格,27696.86元/平方米(按建筑面积计)楼层,10,房号,1009,用途,宿舍,,建筑面积42.73平方米,户内面积,31.49平方米,分摊面积,11.24平方米,户内面积,--平方米,分摊面积--平方米,建筑面积,--平方米
项目楼栋情况,恒明湾创汇中心5栋,座号,C座,合同号,--,拟售价格,29780.21元/平方米(按建筑面积计)楼层,10,房号,1010,用途,宿舍,,建筑面积87.72平方米,户内面积,64.64平方米,分摊面积,23.08平方米,户内面积,--平方米,分摊面积--平方米,建筑面积,--平方米
项目楼栋情况,恒明湾创汇中心5栋,座号,C座,合同号,--,拟售价格,26967.7元/平方米(按建筑面积计)楼层,10,房号,1011,用途,宿舍,,建筑面积42.69平方米,户内面积,31.46平方米,分摊面积,11.23平方米,户内面积,--平方米,分摊面积--平方米,建筑面积,--平方米
项目楼栋情况,恒明湾创汇中心5栋,座号,C座,合同号,--,拟售价格,26655.21元/平方米(按建筑面积计)楼层,10,房号,1012,用途,宿舍,,建筑面积42.73平方米,户内面积,31.49平方米,分摊面积,11.24平方米,户内面积,--平方米,分摊面积--平方米,建筑面积,--平方米
项目楼栋情况,恒明湾创汇中心5栋,座号,C座,合同号,--,拟售价格,26655.21元/平方米(按建筑面积计)楼层,10,房号,1013,用途,宿舍,,建筑面积42.73平方米,户内面积,31.49平方米,分摊面积,11.24平方米,户内面积,--平方米,分摊面积--平方米,建筑面积,--平方米
项目楼栋情况,恒明湾创汇中心5栋,座号,C座,合同号,--,拟售价格,26655.22元/平方米(按建筑面积计)楼层,10,房号,1014,用途,宿舍,,建筑面积42.94平方米,户内面积,31.64平方米,分摊面积,11.3平方米,户内面积,--平方米,分摊面积--平方米,建筑面积,--平方米
项目楼栋情况,恒明湾创汇中心5栋,座号,C座,合同号,--,拟售价格,26134.37元/平方米(按建筑面积计)楼层,10,房号,1015,用途,宿舍,,建筑面积42.48平方米,户内面积,31.3平方米,分摊面积,11.18平方米,户内面积,--平方米,分摊面积--平方米,建筑面积,--平方米
项目楼栋情况,恒明湾创汇中心5栋,座号,C座,合同号,--,拟售价格,26655.21元/平方米(按建筑面积计)楼层,10,房号,1016,用途,宿舍,,建筑面积42.73平方米,户内面积,31.49平方米,分摊面积,11.24平方米,户内面积,--平方米,分摊面积--平方米,建筑面积,--平方米
项目楼栋情况,恒明湾创汇中心5栋,座号,C座,合同号,--,拟售价格,26655.21元/平方米(按建筑面积计)楼层,10,房号,1017,用途,宿舍,,建筑面积42.73平方米,户内面积,31.49平方米,分摊面积,11.24平方米,户内面积,--平方米,分摊面积--平方米,建筑面积,--平方米
项目楼栋情况,恒明湾创汇中心5栋,座号,C座,合同号,--,拟售价格,26655.21元/平方米(按建筑面积计)楼层,10,房号,1018,用途,宿舍,,建筑面积42.73平方米,户内面积,31.49平方米,分摊面积,11.24平方米,户内面积,--平方米,分摊面积--平方米,建筑面积,--平方米
项目楼栋情况,恒明湾创汇中心5栋,座号,C座,合同号,--,拟售价格,27176.04元/平方米(按建筑面积计)楼层,10,房号,1019,用途,宿舍,,建筑面积42.69平方米,户内面积,31.45平方米,分摊面积,11.24平方米,户内面积,--平方米,分摊面积--平方米,建筑面积,--平方米
项目楼栋情况,恒明湾创汇中心5栋,座号,C座,合同号,--,拟售价格,30724.43元/平方米(按建筑面积计)楼层,09,房号,901,用途,宿舍,,建筑面积87.72平方米,户内面积,64.64平方米,分摊面积,23.08平方米,户内面积,--平方米,分摊面积--平方米,建筑面积,--平方米
项目楼栋情况,恒明湾创汇中心5栋,座号,C座,合同号,--,拟售价格,27603.14元/平方米(按建筑面积计)楼层,09,房号,902,用途,宿舍,,建筑面积42.73平方米,户内面积,31.49平方米,分摊面积,11.24平方米,户内面积,--平方米,分摊面积--平方米,建筑面积,--平方米
项目楼栋情况,恒明湾创汇中心5栋,座号,C座,合同号,--,拟售价格,27603.14元/平方米(按建筑面积计)楼层,09,房号,903,用途,宿舍,,建筑面积42.73平方米,户内面积,31.49平方米,分摊面积,11.24平方米,户内面积,--平方米,分摊面积--平方米,建筑面积,--平方米
项目楼栋情况,恒明湾创汇中心5栋,座号,C座,合同号,--,拟售价格,27603.14元/平方米(按建筑面积计)楼层,09,房号,904,用途,宿舍,,建筑面积42.73平方米,户内面积,31.49平方米,分摊面积,11.24平方米,户内面积,--平方米,分摊面积--平方米,建筑面积,--平方米
项目楼栋情况,恒明湾创汇中心5栋,座号,C座,合同号,--,拟售价格,27082.28元/平方米(按建筑面积计)楼层,09,房号,905,用途,宿舍,,建筑面积45.1平方米,户内面积,33.23平方米,分摊面积,11.87平方米,户内面积,--平方米,分摊面积--平方米,建筑面积,--平方米
项目楼栋情况,恒明湾创汇中心5栋,座号,C座,合同号,--,拟售价格,27082.28元/平方米(按建筑面积计)楼层,09,房号,906,用途,宿舍,,建筑面积45.1平方米,户内面积,33.23平方米,分摊面积,11.87平方米,户内面积,--平方米,分摊面积--平方米,建筑面积,--平方米
项目楼栋情况,恒明湾创汇中心5栋,座号,C座,合同号,--,拟售价格,27082.28元/平方米(按建筑面积计)楼层,09,房号,907,用途,宿舍,,建筑面积45.1平方米,户内面积,33.23平方米,分摊面积,11.87平方米,户内面积,--平方米,分摊面积--平方米,建筑面积,--平方米
项目楼栋情况,恒明湾创汇中心5栋,座号,C座,合同号,--,拟售价格,27603.14元/平方米(按建筑面积计)楼层,09,房号,908,用途,宿舍,,建筑面积42.73平方米,户内面积,31.49平方米,分摊面积,11.24平方米,户内面积,--平方米,分摊面积--平方米,建筑面积,--平方米
项目楼栋情况,恒明湾创汇中心5栋,座号,C座,合同号,--,拟售价格,27603.14元/平方米(按建筑面积计)楼层,09,房号,909,用途,宿舍,,建筑面积42.73平方米,户内面积,31.49平方米,分摊面积,11.24平方米,户内面积,--平方米,分摊面积--平方米,建筑面积,--平方米
项目楼栋情况,恒明湾创汇中心5栋,座号,C座,合同号,--,拟售价格,29686.46元/平方米(按建筑面积计)楼层,09,房号,910,用途,宿舍,,建筑面积87.72平方米,户内面积,64.64平方米,分摊面积,23.08平方米,户内面积,--平方米,分摊面积--平方米,建筑面积,--平方米
项目楼栋情况,恒明湾创汇中心5栋,座号,C座,合同号,--,拟售价格,26873.95元/平方米(按建筑面积计)楼层,09,房号,911,用途,宿舍,,建筑面积42.69平方米,户内面积,31.46平方米,分摊面积,11.23平方米,户内面积,--平方米,分摊面积--平方米,建筑面积,--平方米
项目楼栋情况,恒明湾创汇中心5栋,座号,C座,合同号,--,拟售价格,26561.46元/平方米(按建筑面积计)楼层,09,房号,912,用途,宿舍,,建筑面积42.73平方米,户内面积,31.49平方米,分摊面积,11.24平方米,户内面积,--平方米,分摊面积--平方米,建筑面积,--平方米
项目楼栋情况,恒明湾创汇中心5栋,座号,C座,合同号,--,拟售价格,26561.46元/平方米(按建筑面积计)楼层,09,房号,913,用途,宿舍,,建筑面积42.73平方米,户内面积,31.49平方米,分摊面积,11.24平方米,户内面积,--平方米,分摊面积--平方米,建筑面积,--平方米
项目楼栋情况,恒明湾创汇中心5栋,座号,C座,合同号,--,拟售价格,26561.46元/平方米(按建筑面积计)楼层,09,房号,914,用途,宿舍,,建筑面积42.94平方米,户内面积,31.64平方米,分摊面积,11.3平方米,户内面积,--平方米,分摊面积--平方米,建筑面积,--平方米
项目楼栋情况,恒明湾创汇中心5栋,座号,C座,合同号,--,拟售价格,26040.63元/平方米(按建筑面积计)楼层,09,房号,915,用途,宿舍,,建筑面积42.48平方米,户内面积,31.3平方米,分摊面积,11.18平方米,户内面积,--平方米,分摊面积--平方米,建筑面积,--平方米
项目楼栋情况,恒明湾创汇中心5栋,座号,C座,合同号,--,拟售价格,26561.46元/平方米(按建筑面积计)楼层,09,房号,916,用途,宿舍,,建筑面积42.73平方米,户内面积,31.49平方米,分摊面积,11.24平方米,户内面积,--平方米,分摊面积--平方米,建筑面积,--平方米
项目楼栋情况,恒明湾创汇中心5栋,座号,C座,合同号,--,拟售价格,26561.46元/平方米(按建筑面积计)楼层,09,房号,917,用途,宿舍,,建筑面积42.73平方米,户内面积,31.49平方米,分摊面积,11.24平方米,户内面积,--平方米,分摊面积--平方米,建筑面积,--平方米
项目楼栋情况,恒明湾创汇中心5栋,座号,C座,合同号,--,拟售价格,26561.46元/平方米(按建筑面积计)楼层,09,房号,918,用途,宿舍,,建筑面积42.73平方米,户内面积,31.49平方米,分摊面积,11.24平方米,户内面积,--平方米,分摊面积--平方米,建筑面积,--平方米
项目楼栋情况,恒明湾创汇中心5栋,座号,C座,合同号,--,拟售价格,27082.29元/平方米(按建筑面积计)楼层,09,房号,919,用途,宿舍,,建筑面积42.69平方米,户内面积,31.45平方米,分摊面积,11.24平方米,户内面积,--平方米,分摊面积--平方米,建筑面积,--平方米
项目楼栋情况,恒明湾创汇中心5栋,座号,C座,合同号,--,拟售价格,30629.95元/平方米(按建筑面积计)楼层,08,房号,801,用途,宿舍,,建筑面积87.72平方米,户内面积,64.64平方米,分摊面积,23.08平方米,户内面积,--平方米,分摊面积--平方米,建筑面积,--平方米
项目楼栋情况,恒明湾创汇中心5栋,座号,C座,合同号,--,拟售价格,27509.38元/平方米(按建筑面积计)楼层,08,房号,802,用途,宿舍,,建筑面积42.73平方米,户内面积,31.49平方米,分摊面积,11.24平方米,户内面积,--平方米,分摊面积--平方米,建筑面积,--平方米
项目楼栋情况,恒明湾创汇中心5栋,座号,C座,合同号,--,拟售价格,27509.38元/平方米(按建筑面积计)楼层,08,房号,803,用途,宿舍,,建筑面积42.73平方米,户内面积,31.49平方米,分摊面积,11.24平方米,户内面积,--平方米,分摊面积--平方米,建筑面积,--平方米
项目楼栋情况,恒明湾创汇中心5栋,座号,C座,合同号,--,拟售价格,27509.38元/平方米(按建筑面积计)楼层,08,房号,804,用途,宿舍,,建筑面积42.73平方米,户内面积,31.49平方米,分摊面积,11.24平方米,户内面积,--平方米,分摊面积--平方米,建筑面积,--平方米
项目楼栋情况,恒明湾创汇中心5栋,座号,C座,合同号,--,拟售价格,26988.54元/平方米(按建筑面积计)楼层,08,房号,805,用途,宿舍,,建筑面积45.1平方米,户内面积,33.23平方米,分摊面积,11.87平方米,户内面积,--平方米,分摊面积--平方米,建筑面积,--平方米
项目楼栋情况,恒明湾创汇中心5栋,座号,C座,合同号,--,拟售价格,26988.54元/平方米(按建筑面积计)楼层,08,房号,806,用途,宿舍,,建筑面积45.1平方米,户内面积,33.23平方米,分摊面积,11.87平方米,户内面积,--平方米,分摊面积--平方米,建筑面积,--平方米
项目楼栋情况,恒明湾创汇中心5栋,座号,C座,合同号,--,拟售价格,26988.54元/平方米(按建筑面积计)楼层,08,房号,807,用途,宿舍,,建筑面积45.1平方米,户内面积,33.23平方米,分摊面积,11.87平方米,户内面积,--平方米,分摊面积--平方米,建筑面积,--平方米
项目楼栋情况,恒明湾创汇中心5栋,座号,C座,合同号,--,拟售价格,27509.38元/平方米(按建筑面积计)楼层,08,房号,808,用途,宿舍,,建筑面积42.73平方米,户内面积,31.49平方米,分摊面积,11.24平方米,户内面积,--平方米,分摊面积--平方米,建筑面积,--平方米
项目楼栋情况,恒明湾创汇中心5栋,座号,C座,合同号,--,拟售价格,27509.38元/平方米(按建筑面积计)楼层,08,房号,809,用途,宿舍,,建筑面积42.73平方米,户内面积,31.49平方米,分摊面积,11.24平方米,户内面积,--平方米,分摊面积--平方米,建筑面积,--平方米
项目楼栋情况,恒明湾创汇中心5栋,座号,C座,合同号,--,拟售价格,29592.7元/平方米(按建筑面积计)楼层,08,房号,810,用途,宿舍,,建筑面积87.72平方米,户内面积,64.64平方米,分摊面积,23.08平方米,户内面积,--平方米,分摊面积--平方米,建筑面积,--平方米
项目楼栋情况,恒明湾创汇中心5栋,座号,C座,合同号,--,拟售价格,26780.21元/平方米(按建筑面积计)楼层,08,房号,811,用途,宿舍,,建筑面积42.69平方米,户内面积,31.46平方米,分摊面积,11.23平方米,户内面积,--平方米,分摊面积--平方米,建筑面积,--平方米
项目楼栋情况,恒明湾创汇中心5栋,座号,C座,合同号,--,拟售价格,26467.7元/平方米(按建筑面积计)楼层,08,房号,812,用途,宿舍,,建筑面积42.73平方米,户内面积,31.49平方米,分摊面积,11.24平方米,户内面积,--平方米,分摊面积--平方米,建筑面积,--平方米
项目楼栋情况,恒明湾创汇中心5栋,座号,C座,合同号,--,拟售价格,26467.7元/平方米(按建筑面积计)楼层,08,房号,813,用途,宿舍,,建筑面积42.73平方米,户内面积,31.49平方米,分摊面积,11.24平方米,户内面积,--平方米,分摊面积--平方米,建筑面积,--平方米
项目楼栋情况,恒明湾创汇中心5栋,座号,C座,合同号,--,拟售价格,26467.7元/平方米(按建筑面积计)楼层,08,房号,814,用途,宿舍,,建筑面积42.94平方米,户内面积,31.64平方米,分摊面积,11.3平方米,户内面积,--平方米,分摊面积--平方米,建筑面积,--平方米
项目楼栋情况,恒明湾创汇中心5栋,座号,C座,合同号,--,拟售价格,25946.87元/平方米(按建筑面积计)楼层,08,房号,815,用途,宿舍,,建筑面积42.48平方米,户内面积,31.3平方米,分摊面积,11.18平方米,户内面积,--平方米,分摊面积--平方米,建筑面积,--平方米
项目楼栋情况,恒明湾创汇中心5栋,座号,C座,合同号,--,拟售价格,26467.7元/平方米(按建筑面积计)楼层,08,房号,816,用途,宿舍,,建筑面积42.73平方米,户内面积,31.49平方米,分摊面积,11.24平方米,户内面积,--平方米,分摊面积--平方米,建筑面积,--平方米
项目楼栋情况,恒明湾创汇中心5栋,座号,C座,合同号,--,拟售价格,26467.7元/平方米(按建筑面积计)楼层,08,房号,817,用途,宿舍,,建筑面积42.73平方米,户内面积,31.49平方米,分摊面积,11.24平方米,户内面积,--平方米,分摊面积--平方米,建筑面积,--平方米
项目楼栋情况,恒明湾创汇中心5栋,座号,C座,合同号,--,拟售价格,26467.7元/平方米(按建筑面积计)楼层,08,房号,818,用途,宿舍,,建筑面积42.73平方米,户内面积,31.49平方米,分摊面积,11.24平方米,户内面积,--平方米,分摊面积--平方米,建筑面积,--平方米
项目楼栋情况,恒明湾创汇中心5栋,座号,C座,合同号,--,拟售价格,26988.55元/平方米(按建筑面积计)楼层,08,房号,819,用途,宿舍,,建筑面积42.69平方米,户内面积,31.45平方米,分摊面积,11.24平方米,户内面积,--平方米,分摊面积--平方米,建筑面积,--平方米
项目楼栋情况,恒明湾创汇中心5栋,座号,C座,合同号,--,拟售价格,30535.45元/平方米(按建筑面积计)楼层,07,房号,701,用途,宿舍,,建筑面积87.72平方米,户内面积,64.64平方米,分摊面积,23.08平方米,户内面积,--平方米,分摊面积--平方米,建筑面积,--平方米
项目楼栋情况,恒明湾创汇中心5栋,座号,C座,合同号,--,拟售价格,27415.63元/平方米(按建筑面积计)楼层,07,房号,702,用途,宿舍,,建筑面积42.73平方米,户内面积,31.49平方米,分摊面积,11.24平方米,户内面积,--平方米,分摊面积--平方米,建筑面积,--平方米
项目楼栋情况,恒明湾创汇中心5栋,座号,C座,合同号,--,拟售价格,27415.63元/平方米(按建筑面积计)楼层,07,房号,703,用途,宿舍,,建筑面积42.73平方米,户内面积,31.49平方米,分摊面积,11.24平方米,户内面积,--平方米,分摊面积--平方米,建筑面积,--平方米
项目楼栋情况,恒明湾创汇中心5栋,座号,C座,合同号,--,拟售价格,27415.63元/平方米(按建筑面积计)楼层,07,房号,704,用途,宿舍,,建筑面积42.73平方米,户内面积,31.49平方米,分摊面积,11.24平方米,户内面积,--平方米,分摊面积--平方米,建筑面积,--平方米
项目楼栋情况,恒明湾创汇中心5栋,座号,C座,合同号,--,拟售价格,26894.79元/平方米(按建筑面积计)楼层,07,房号,705,用途,宿舍,,建筑面积45.1平方米,户内面积,33.23平方米,分摊面积,11.87平方米,户内面积,--平方米,分摊面积--平方米,建筑面积,--平方米
项目楼栋情况,恒明湾创汇中心5栋,座号,C座,合同号,--,拟售价格,26894.79元/平方米(按建筑面积计)楼层,07,房号,706,用途,宿舍,,建筑面积45.1平方米,户内面积,33.23平方米,分摊面积,11.87平方米,户内面积,--平方米,分摊面积--平方米,建筑面积,--平方米
项目楼栋情况,恒明湾创汇中心5栋,座号,C座,合同号,--,拟售价格,26894.79元/平方米(按建筑面积计)楼层,07,房号,707,用途,宿舍,,建筑面积45.1平方米,户内面积,33.23平方米,分摊面积,11.87平方米,户内面积,--平方米,分摊面积--平方米,建筑面积,--平方米
项目楼栋情况,恒明湾创汇中心5栋,座号,C座,合同号,--,拟售价格,27415.63元/平方米(按建筑面积计)楼层,07,房号,708,用途,宿舍,,建筑面积42.73平方米,户内面积,31.49平方米,分摊面积,11.24平方米,户内面积,--平方米,分摊面积--平方米,建筑面积,--平方米
项目楼栋情况,恒明湾创汇中心5栋,座号,C座,合同号,--,拟售价格,27415.63元/平方米(按建筑面积计)楼层,07,房号,709,用途,宿舍,,建筑面积42.73平方米,户内面积,31.49平方米,分摊面积,11.24平方米,户内面积,--平方米,分摊面积--平方米,建筑面积,--平方米
项目楼栋情况,恒明湾创汇中心5栋,座号,C座,合同号,--,拟售价格,29498.96元/平方米(按建筑面积计)楼层,07,房号,710,用途,宿舍,,建筑面积87.72平方米,户内面积,64.64平方米,分摊面积,23.08平方米,户内面积,--平方米,分摊面积--平方米,建筑面积,--平方米
项目楼栋情况,恒明湾创汇中心5栋,座号,C座,合同号,--,拟售价格,26686.46元/平方米(按建筑面积计)楼层,07,房号,711,用途,宿舍,,建筑面积42.69平方米,户内面积,31.46平方米,分摊面积,11.23平方米,户内面积,--平方米,分摊面积--平方米,建筑面积,--平方米
项目楼栋情况,恒明湾创汇中心5栋,座号,C座,合同号,--,拟售价格,26373.95元/平方米(按建筑面积计)楼层,07,房号,712,用途,宿舍,,建筑面积42.73平方米,户内面积,31.49平方米,分摊面积,11.24平方米,户内面积,--平方米,分摊面积--平方米,建筑面积,--平方米
项目楼栋情况,恒明湾创汇中心5栋,座号,C座,合同号,--,拟售价格,26373.95元/平方米(按建筑面积计)楼层,07,房号,713,用途,宿舍,,建筑面积42.73平方米,户内面积,31.49平方米,分摊面积,11.24平方米,户内面积,--平方米,分摊面积--平方米,建筑面积,--平方米
项目楼栋情况,恒明湾创汇中心5栋,座号,C座,合同号,--,拟售价格,26373.96元/平方米(按建筑面积计)楼层,07,房号,714,用途,宿舍,,建筑面积42.94平方米,户内面积,31.64平方米,分摊面积,11.3平方米,户内面积,--平方米,分摊面积--平方米,建筑面积,--平方米
项目楼栋情况,恒明湾创汇中心5栋,座号,C座,合同号,--,拟售价格,25853.13元/平方米(按建筑面积计)楼层,07,房号,715,用途,宿舍,,建筑面积42.48平方米,户内面积,31.3平方米,分摊面积,11.18平方米,户内面积,--平方米,分摊面积--平方米,建筑面积,--平方米
项目楼栋情况,恒明湾创汇中心5栋,座号,C座,合同号,--,拟售价格,26373.95元/平方米(按建筑面积计)楼层,07,房号,716,用途,宿舍,,建筑面积42.73平方米,户内面积,31.49平方米,分摊面积,11.24平方米,户内面积,--平方米,分摊面积--平方米,建筑面积,--平方米
项目楼栋情况,恒明湾创汇中心5栋,座号,C座,合同号,--,拟售价格,26373.95元/平方米(按建筑面积计)楼层,07,房号,717,用途,宿舍,,建筑面积42.73平方米,户内面积,31.49平方米,分摊面积,11.24平方米,户内面积,--平方米,分摊面积--平方米,建筑面积,--平方米
项目楼栋情况,恒明湾创汇中心5栋,座号,C座,合同号,--,拟售价格,26373.95元/平方米(按建筑面积计)楼层,07,房号,718,用途,宿舍,,建筑面积42.73平方米,户内面积,31.49平方米,分摊面积,11.24平方米,户内面积,--平方米,分摊面积--平方米,建筑面积,--平方米
项目楼栋情况,恒明湾创汇中心5栋,座号,C座,合同号,--,拟售价格,26894.8元/平方米(按建筑面积计)楼层,07,房号,719,用途,宿舍,,建筑面积42.69平方米,户内面积,31.45平方米,分摊面积,11.24平方米,户内面积,--平方米,分摊面积--平方米,建筑面积,--平方米
项目楼栋情况,恒明湾创汇中心5栋,座号,C座,合同号,--,拟售价格,30440.97元/平方米(按建筑面积计)楼层,06,房号,601,用途,宿舍,,建筑面积87.72平方米,户内面积,64.64平方米,分摊面积,23.08平方米,户内面积,--平方米,分摊面积--平方米,建筑面积,--平方米
项目楼栋情况,恒明湾创汇中心5栋,座号,C座,合同号,--,拟售价格,27321.88元/平方米(按建筑面积计)楼层,06,房号,602,用途,宿舍,,建筑面积42.73平方米,户内面积,31.49平方米,分摊面积,11.24平方米,户内面积,--平方米,分摊面积--平方米,建筑面积,--平方米
项目楼栋情况,恒明湾创汇中心5栋,座号,C座,合同号,--,拟售价格,27321.88元/平方米(按建筑面积计)楼层,06,房号,603,用途,宿舍,,建筑面积42.73平方米,户内面积,31.49平方米,分摊面积,11.24平方米,户内面积,--平方米,分摊面积--平方米,建筑面积,--平方米
项目楼栋情况,恒明湾创汇中心5栋,座号,C座,合同号,--,拟售价格,27321.88元/平方米(按建筑面积计)楼层,06,房号,604,用途,宿舍,,建筑面积42.73平方米,户内面积,31.49平方米,分摊面积,11.24平方米,户内面积,--平方米,分摊面积--平方米,建筑面积,--平方米
项目楼栋情况,恒明湾创汇中心5栋,座号,C座,合同号,--,拟售价格,26801.04元/平方米(按建筑面积计)楼层,06,房号,605,用途,宿舍,,建筑面积45.1平方米,户内面积,33.23平方米,分摊面积,11.87平方米,户内面积,--平方米,分摊面积--平方米,建筑面积,--平方米
项目楼栋情况,恒明湾创汇中心5栋,座号,C座,合同号,--,拟售价格,26801.04元/平方米(按建筑面积计)楼层,06,房号,606,用途,宿舍,,建筑面积45.1平方米,户内面积,33.23平方米,分摊面积,11.87平方米,户内面积,--平方米,分摊面积--平方米,建筑面积,--平方米
项目楼栋情况,恒明湾创汇中心5栋,座号,C座,合同号,--,拟售价格,26801.04元/平方米(按建筑面积计)楼层,06,房号,607,用途,宿舍,,建筑面积45.1平方米,户内面积,33.23平方米,分摊面积,11.87平方米,户内面积,--平方米,分摊面积--平方米,建筑面积,--平方米
项目楼栋情况,恒明湾创汇中心5栋,座号,C座,合同号,--,拟售价格,27321.88元/平方米(按建筑面积计)楼层,06,房号,608,用途,宿舍,,建筑面积42.73平方米,户内面积,31.49平方米,分摊面积,11.24平方米,户内面积,--平方米,分摊面积--平方米,建筑面积,--平方米
项目楼栋情况,恒明湾创汇中心5栋,座号,C座,合同号,--,拟售价格,27321.88元/平方米(按建筑面积计)楼层,06,房号,609,用途,宿舍,,建筑面积42.73平方米,户内面积,31.49平方米,分摊面积,11.24平方米,户内面积,--平方米,分摊面积--平方米,建筑面积,--平方米
项目楼栋情况,恒明湾创汇中心5栋,座号,C座,合同号,--,拟售价格,29405.21元/平方米(按建筑面积计)楼层,06,房号,610,用途,宿舍,,建筑面积87.72平方米,户内面积,64.64平方米,分摊面积,23.08平方米,户内面积,--平方米,分摊面积--平方米,建筑面积,--平方米
项目楼栋情况,恒明湾创汇中心5栋,座号,C座,合同号,--,拟售价格,26592.71元/平方米(按建筑面积计)楼层,06,房号,611,用途,宿舍,,建筑面积42.69平方米,户内面积,31.46平方米,分摊面积,11.23平方米,户内面积,--平方米,分摊面积--平方米,建筑面积,--平方米
项目楼栋情况,恒明湾创汇中心5栋,座号,C座,合同号,--,拟售价格,26280.2元/平方米(按建筑面积计)楼层,06,房号,612,用途,宿舍,,建筑面积42.73平方米,户内面积,31.49平方米,分摊面积,11.24平方米,户内面积,--平方米,分摊面积--平方米,建筑面积,--平方米
项目楼栋情况,恒明湾创汇中心5栋,座号,C座,合同号,--,拟售价格,26280.2元/平方米(按建筑面积计)楼层,06,房号,613,用途,宿舍,,建筑面积42.73平方米,户内面积,31.49平方米,分摊面积,11.24平方米,户内面积,--平方米,分摊面积--平方米,建筑面积,--平方米
项目楼栋情况,恒明湾创汇中心5栋,座号,C座,合同号,--,拟售价格,26280.2元/平方米(按建筑面积计)楼层,06,房号,614,用途,宿舍,,建筑面积42.94平方米,户内面积,31.64平方米,分摊面积,11.3平方米,户内面积,--平方米,分摊面积--平方米,建筑面积,--平方米
项目楼栋情况,恒明湾创汇中心5栋,座号,C座,合同号,--,拟售价格,25759.37元/平方米(按建筑面积计)楼层,06,房号,615,用途,宿舍,,建筑面积42.48平方米,户内面积,31.3平方米,分摊面积,11.18平方米,户内面积,--平方米,分摊面积--平方米,建筑面积,--平方米
项目楼栋情况,恒明湾创汇中心5栋,座号,C座,合同号,--,拟售价格,26280.2元/平方米(按建筑面积计)楼层,06,房号,616,用途,宿舍,,建筑面积42.73平方米,户内面积,31.49平方米,分摊面积,11.24平方米,户内面积,--平方米,分摊面积--平方米,建筑面积,--平方米
项目楼栋情况,恒明湾创汇中心5栋,座号,C座,合同号,--,拟售价格,26280.2元/平方米(按建筑面积计)楼层,06,房号,617,用途,宿舍,,建筑面积42.73平方米,户内面积,31.49平方米,分摊面积,11.24平方米,户内面积,--平方米,分摊面积--平方米,建筑面积,--平方米
项目楼栋情况,恒明湾创汇中心5栋,座号,C座,合同号,--,拟售价格,26280.2元/平方米(按建筑面积计)楼层,06,房号,618,用途,宿舍,,建筑面积42.73平方米,户内面积,31.49平方米,分摊面积,11.24平方米,户内面积,--平方米,分摊面积--平方米,建筑面积,--平方米
项目楼栋情况,恒明湾创汇中心5栋,座号,C座,合同号,--,拟售价格,26801.03元/平方米(按建筑面积计)楼层,06,房号,619,用途,宿舍,,建筑面积42.69平方米,户内面积,31.45平方米,分摊面积,11.24平方米,户内面积,--平方米,分摊面积--平方米,建筑面积,--平方米
项目楼栋情况,恒明湾创汇中心5栋,座号,C座,合同号,--,拟售价格,30346.48元/平方米(按建筑面积计)楼层,05,房号,501,用途,宿舍,,建筑面积87.72平方米,户内面积,64.64平方米,分摊面积,23.08平方米,户内面积,--平方米,分摊面积--平方米,建筑面积,--平方米
项目楼栋情况,恒明湾创汇中心5栋,座号,C座,合同号,--,拟售价格,27228.13元/平方米(按建筑面积计)楼层,05,房号,502,用途,宿舍,,建筑面积42.73平方米,户内面积,31.49平方米,分摊面积,11.24平方米,户内面积,--平方米,分摊面积--平方米,建筑面积,--平方米
项目楼栋情况,恒明湾创汇中心5栋,座号,C座,合同号,--,拟售价格,27228.13元/平方米(按建筑面积计)楼层,05,房号,503,用途,宿舍,,建筑面积42.73平方米,户内面积,31.49平方米,分摊面积,11.24平方米,户内面积,--平方米,分摊面积--平方米,建筑面积,--平方米
项目楼栋情况,恒明湾创汇中心5栋,座号,C座,合同号,--,拟售价格,27228.13元/平方米(按建筑面积计)楼层,05,房号,504,用途,宿舍,,建筑面积42.73平方米,户内面积,31.49平方米,分摊面积,11.24平方米,户内面积,--平方米,分摊面积--平方米,建筑面积,--平方米
项目楼栋情况,恒明湾创汇中心5栋,座号,C座,合同号,--,拟售价格,26707.29元/平方米(按建筑面积计)楼层,05,房号,505,用途,宿舍,,建筑面积45.1平方米,户内面积,33.23平方米,分摊面积,11.87平方米,户内面积,--平方米,分摊面积--平方米,建筑面积,--平方米
项目楼栋情况,恒明湾创汇中心5栋,座号,C座,合同号,--,拟售价格,26707.29元/平方米(按建筑面积计)楼层,05,房号,506,用途,宿舍,,建筑面积45.1平方米,户内面积,33.23平方米,分摊面积,11.87平方米,户内面积,--平方米,分摊面积--平方米,建筑面积,--平方米
项目楼栋情况,恒明湾创汇中心5栋,座号,C座,合同号,--,拟售价格,26707.29元/平方米(按建筑面积计)楼层,05,房号,507,用途,宿舍,,建筑面积45.1平方米,户内面积,33.23平方米,分摊面积,11.87平方米,户内面积,--平方米,分摊面积--平方米,建筑面积,--平方米
项目楼栋情况,恒明湾创汇中心5栋,座号,C座,合同号,--,拟售价格,27228.13元/平方米(按建筑面积计)楼层,05,房号,508,用途,宿舍,,建筑面积42.73平方米,户内面积,31.49平方米,分摊面积,11.24平方米,户内面积,--平方米,分摊面积--平方米,建筑面积,--平方米
项目楼栋情况,恒明湾创汇中心5栋,座号,C座,合同号,--,拟售价格,27228.13元/平方米(按建筑面积计)楼层,05,房号,509,用途,宿舍,,建筑面积42.73平方米,户内面积,31.49平方米,分摊面积,11.24平方米,户内面积,--平方米,分摊面积--平方米,建筑面积,--平方米
项目楼栋情况,恒明湾创汇中心5栋,座号,C座,合同号,--,拟售价格,29311.46元/平方米(按建筑面积计)楼层,05,房号,510,用途,宿舍,,建筑面积87.72平方米,户内面积,64.64平方米,分摊面积,23.08平方米,户内面积,--平方米,分摊面积--平方米,建筑面积,--平方米
项目楼栋情况,恒明湾创汇中心5栋,座号,C座,合同号,--,拟售价格,26498.97元/平方米(按建筑面积计)楼层,05,房号,511,用途,宿舍,,建筑面积42.69平方米,户内面积,31.46平方米,分摊面积,11.23平方米,户内面积,--平方米,分摊面积--平方米,建筑面积,--平方米
项目楼栋情况,恒明湾创汇中心5栋,座号,C座,合同号,--,拟售价格,26186.45元/平方米(按建筑面积计)楼层,05,房号,512,用途,宿舍,,建筑面积42.73平方米,户内面积,31.49平方米,分摊面积,11.24平方米,户内面积,--平方米,分摊面积--平方米,建筑面积,--平方米
项目楼栋情况,恒明湾创汇中心5栋,座号,C座,合同号,--,拟售价格,26186.45元/平方米(按建筑面积计)楼层,05,房号,513,用途,宿舍,,建筑面积42.73平方米,户内面积,31.49平方米,分摊面积,11.24平方米,户内面积,--平方米,分摊面积--平方米,建筑面积,--平方米
项目楼栋情况,恒明湾创汇中心5栋,座号,C座,合同号,--,拟售价格,26186.47元/平方米(按建筑面积计)楼层,05,房号,514,用途,宿舍,,建筑面积42.94平方米,户内面积,31.64平方米,分摊面积,11.3平方米,户内面积,--平方米,分摊面积--平方米,建筑面积,--平方米
项目楼栋情况,恒明湾创汇中心5栋,座号,C座,合同号,--,拟售价格,25665.63元/平方米(按建筑面积计)楼层,05,房号,515,用途,宿舍,,建筑面积42.48平方米,户内面积,31.3平方米,分摊面积,11.18平方米,户内面积,--平方米,分摊面积--平方米,建筑面积,--平方米
项目楼栋情况,恒明湾创汇中心5栋,座号,C座,合同号,--,拟售价格,26186.45元/平方米(按建筑面积计)楼层,05,房号,516,用途,宿舍,,建筑面积42.73平方米,户内面积,31.49平方米,分摊面积,11.24平方米,户内面积,--平方米,分摊面积--平方米,建筑面积,--平方米
项目楼栋情况,恒明湾创汇中心5栋,座号,C座,合同号,--,拟售价格,26186.45元/平方米(按建筑面积计)楼层,05,房号,517,用途,宿舍,,建筑面积42.73平方米,户内面积,31.49平方米,分摊面积,11.24平方米,户内面积,--平方米,分摊面积--平方米,建筑面积,--平方米
项目楼栋情况,恒明湾创汇中心5栋,座号,C座,合同号,--,拟售价格,26186.45元/平方米(按建筑面积计)楼层,05,房号,518,用途,宿舍,,建筑面积42.73平方米,户内面积,31.49平方米,分摊面积,11.24平方米,户内面积,--平方米,分摊面积--平方米,建筑面积,--平方米
项目楼栋情况,恒明湾创汇中心5栋,座号,C座,合同号,--,拟售价格,26707.29元/平方米(按建筑面积计)楼层,05,房号,519,用途,宿舍,,建筑面积42.69平方米,户内面积,31.45平方米,分摊面积,11.24平方米,户内面积,--平方米,分摊面积--平方米,建筑面积,--平方米
项目楼栋情况,恒明湾创汇中心5栋,座号,C座,合同号,--,拟售价格,30251.99元/平方米(按建筑面积计)楼层,04,房号,401,用途,宿舍,,建筑面积87.72平方米,户内面积,64.64平方米,分摊面积,23.08平方米,户内面积,--平方米,分摊面积--平方米,建筑面积,--平方米
项目楼栋情况,恒明湾创汇中心5栋,座号,C座,合同号,--,拟售价格,27134.38元/平方米(按建筑面积计)楼层,04,房号,402,用途,宿舍,,建筑面积42.73平方米,户内面积,31.49平方米,分摊面积,11.24平方米,户内面积,--平方米,分摊面积--平方米,建筑面积,--平方米
项目楼栋情况,恒明湾创汇中心5栋,座号,C座,合同号,--,拟售价格,27134.38元/平方米(按建筑面积计)楼层,04,房号,403,用途,宿舍,,建筑面积42.73平方米,户内面积,31.49平方米,分摊面积,11.24平方米,户内面积,--平方米,分摊面积--平方米,建筑面积,--平方米
项目楼栋情况,恒明湾创汇中心5栋,座号,C座,合同号,--,拟售价格,27134.38元/平方米(按建筑面积计)楼层,04,房号,404,用途,宿舍,,建筑面积42.73平方米,户内面积,31.49平方米,分摊面积,11.24平方米,户内面积,--平方米,分摊面积--平方米,建筑面积,--平方米
项目楼栋情况,恒明湾创汇中心5栋,座号,C座,合同号,--,拟售价格,26613.55元/平方米(按建筑面积计)楼层,04,房号,405,用途,宿舍,,建筑面积45.1平方米,户内面积,33.23平方米,分摊面积,11.87平方米,户内面积,--平方米,分摊面积--平方米,建筑面积,--平方米
项目楼栋情况,恒明湾创汇中心5栋,座号,C座,合同号,--,拟售价格,26613.55元/平方米(按建筑面积计)楼层,04,房号,406,用途,宿舍,,建筑面积45.1平方米,户内面积,33.23平方米,分摊面积,11.87平方米,户内面积,--平方米,分摊面积--平方米,建筑面积,--平方米
项目楼栋情况,恒明湾创汇中心5栋,座号,C座,合同号,--,拟售价格,26613.55元/平方米(按建筑面积计)楼层,04,房号,407,用途,宿舍,,建筑面积45.1平方米,户内面积,33.23平方米,分摊面积,11.87平方米,户内面积,--平方米,分摊面积--平方米,建筑面积,--平方米
项目楼栋情况,恒明湾创汇中心5栋,座号,C座,合同号,--,拟售价格,27134.38元/平方米(按建筑面积计)楼层,04,房号,408,用途,宿舍,,建筑面积42.73平方米,户内面积,31.49平方米,分摊面积,11.24平方米,户内面积,--平方米,分摊面积--平方米,建筑面积,--平方米
项目楼栋情况,恒明湾创汇中心5栋,座号,C座,合同号,--,拟售价格,27134.38元/平方米(按建筑面积计)楼层,04,房号,409,用途,宿舍,,建筑面积42.73平方米,户内面积,31.49平方米,分摊面积,11.24平方米,户内面积,--平方米,分摊面积--平方米,建筑面积,--平方米
项目楼栋情况,恒明湾创汇中心5栋,座号,C座,合同号,--,拟售价格,29217.7元/平方米(按建筑面积计)楼层,04,房号,410,用途,宿舍,,建筑面积87.72平方米,户内面积,64.64平方米,分摊面积,23.08平方米,户内面积,--平方米,分摊面积--平方米,建筑面积,--平方米
项目楼栋情况,恒明湾创汇中心5栋,座号,C座,合同号,--,拟售价格,26405.2元/平方米(按建筑面积计)楼层,04,房号,411,用途,宿舍,,建筑面积42.69平方米,户内面积,31.46平方米,分摊面积,11.23平方米,户内面积,--平方米,分摊面积--平方米,建筑面积,--平方米
项目楼栋情况,恒明湾创汇中心5栋,座号,C座,合同号,--,拟售价格,26092.7元/平方米(按建筑面积计)楼层,04,房号,412,用途,宿舍,,建筑面积42.73平方米,户内面积,31.49平方米,分摊面积,11.24平方米,户内面积,--平方米,分摊面积--平方米,建筑面积,--平方米
项目楼栋情况,恒明湾创汇中心5栋,座号,C座,合同号,--,拟售价格,26092.7元/平方米(按建筑面积计)楼层,04,房号,413,用途,宿舍,,建筑面积42.73平方米,户内面积,31.49平方米,分摊面积,11.24平方米,户内面积,--平方米,分摊面积--平方米,建筑面积,--平方米
项目楼栋情况,恒明湾创汇中心5栋,座号,C座,合同号,--,拟售价格,26092.71元/平方米(按建筑面积计)楼层,04,房号,414,用途,宿舍,,建筑面积42.94平方米,户内面积,31.64平方米,分摊面积,11.3平方米,户内面积,--平方米,分摊面积--平方米,建筑面积,--平方米
项目楼栋情况,恒明湾创汇中心5栋,座号,C座,合同号,--,拟售价格,25571.87元/平方米(按建筑面积计)楼层,04,房号,415,用途,宿舍,,建筑面积42.48平方米,户内面积,31.3平方米,分摊面积,11.18平方米,户内面积,--平方米,分摊面积--平方米,建筑面积,--平方米
项目楼栋情况,恒明湾创汇中心5栋,座号,C座,合同号,--,拟售价格,26092.7元/平方米(按建筑面积计)楼层,04,房号,416,用途,宿舍,,建筑面积42.73平方米,户内面积,31.49平方米,分摊面积,11.24平方米,户内面积,--平方米,分摊面积--平方米,建筑面积,--平方米
项目楼栋情况,恒明湾创汇中心5栋,座号,C座,合同号,--,拟售价格,26092.7元/平方米(按建筑面积计)楼层,04,房号,417,用途,宿舍,,建筑面积42.73平方米,户内面积,31.49平方米,分摊面积,11.24平方米,户内面积,--平方米,分摊面积--平方米,建筑面积,--平方米
项目楼栋情况,恒明湾创汇中心5栋,座号,C座,合同号,--,拟售价格,26092.7元/平方米(按建筑面积计)楼层,04,房号,418,用途,宿舍,,建筑面积42.73平方米,户内面积,31.49平方米,分摊面积,11.24平方米,户内面积,--平方米,分摊面积--平方米,建筑面积,--平方米
项目楼栋情况,恒明湾创汇中心5栋,座号,C座,合同号,--,拟售价格,26613.54元/平方米(按建筑面积计)楼层,04,房号,419,用途,宿舍,,建筑面积42.69平方米,户内面积,31.45平方米,分摊面积,11.24平方米,户内面积,--平方米,分摊面积--平方米,建筑面积,--平方米
项目楼栋情况,恒明湾创汇中心5栋,座号,C座,合同号,--,拟售价格,30157.5元/平方米(按建筑面积计)楼层,03,房号,301,用途,宿舍,,建筑面积87.72平方米,户内面积,64.64平方米,分摊面积,23.08平方米,户内面积,--平方米,分摊面积--平方米,建筑面积,--平方米
项目楼栋情况,恒明湾创汇中心5栋,座号,C座,合同号,--,拟售价格,27040.63元/平方米(按建筑面积计)楼层,03,房号,302,用途,宿舍,,建筑面积42.73平方米,户内面积,31.49平方米,分摊面积,11.24平方米,户内面积,--平方米,分摊面积--平方米,建筑面积,--平方米
项目楼栋情况,恒明湾创汇中心5栋,座号,C座,合同号,--,拟售价格,27040.63元/平方米(按建筑面积计)楼层,03,房号,303,用途,宿舍,,建筑面积42.73平方米,户内面积,31.49平方米,分摊面积,11.24平方米,户内面积,--平方米,分摊面积--平方米,建筑面积,--平方米
项目楼栋情况,恒明湾创汇中心5栋,座号,C座,合同号,--,拟售价格,27040.63元/平方米(按建筑面积计)楼层,03,房号,304,用途,宿舍,,建筑面积42.73平方米,户内面积,31.49平方米,分摊面积,11.24平方米,户内面积,--平方米,分摊面积--平方米,建筑面积,--平方米
项目楼栋情况,恒明湾创汇中心5栋,座号,C座,合同号,--,拟售价格,26519.8元/平方米(按建筑面积计)楼层,03,房号,305,用途,宿舍,,建筑面积45.1平方米,户内面积,33.23平方米,分摊面积,11.87平方米,户内面积,--平方米,分摊面积--平方米,建筑面积,--平方米
项目楼栋情况,恒明湾创汇中心5栋,座号,C座,合同号,--,拟售价格,26519.8元/平方米(按建筑面积计)楼层,03,房号,306,用途,宿舍,,建筑面积45.1平方米,户内面积,33.23平方米,分摊面积,11.87平方米,户内面积,--平方米,分摊面积--平方米,建筑面积,--平方米
项目楼栋情况,恒明湾创汇中心5栋,座号,C座,合同号,--,拟售价格,26519.8元/平方米(按建筑面积计)楼层,03,房号,307,用途,宿舍,,建筑面积45.1平方米,户内面积,33.23平方米,分摊面积,11.87平方米,户内面积,--平方米,分摊面积--平方米,建筑面积,--平方米
项目楼栋情况,恒明湾创汇中心5栋,座号,C座,合同号,--,拟售价格,27040.63元/平方米(按建筑面积计)楼层,03,房号,308,用途,宿舍,,建筑面积42.73平方米,户内面积,31.49平方米,分摊面积,11.24平方米,户内面积,--平方米,分摊面积--平方米,建筑面积,--平方米
项目楼栋情况,恒明湾创汇中心5栋,座号,C座,合同号,--,拟售价格,27040.63元/平方米(按建筑面积计)楼层,03,房号,309,用途,宿舍,,建筑面积42.73平方米,户内面积,31.49平方米,分摊面积,11.24平方米,户内面积,--平方米,分摊面积--平方米,建筑面积,--平方米
项目楼栋情况,恒明湾创汇中心5栋,座号,C座,合同号,--,拟售价格,29123.96元/平方米(按建筑面积计)楼层,03,房号,310,用途,宿舍,,建筑面积87.72平方米,户内面积,64.64平方米,分摊面积,23.08平方米,户内面积,--平方米,分摊面积--平方米,建筑面积,--平方米
项目楼栋情况,恒明湾创汇中心5栋,座号,C座,合同号,--,拟售价格,26311.45元/平方米(按建筑面积计)楼层,03,房号,311,用途,宿舍,,建筑面积42.69平方米,户内面积,31.46平方米,分摊面积,11.23平方米,户内面积,--平方米,分摊面积--平方米,建筑面积,--平方米
项目楼栋情况,恒明湾创汇中心5栋,座号,C座,合同号,--,拟售价格,25998.95元/平方米(按建筑面积计)楼层,03,房号,312,用途,宿舍,,建筑面积42.73平方米,户内面积,31.49平方米,分摊面积,11.24平方米,户内面积,--平方米,分摊面积--平方米,建筑面积,--平方米
项目楼栋情况,恒明湾创汇中心5栋,座号,C座,合同号,--,拟售价格,25998.95元/平方米(按建筑面积计)楼层,03,房号,313,用途,宿舍,,建筑面积42.73平方米,户内面积,31.49平方米,分摊面积,11.24平方米,户内面积,--平方米,分摊面积--平方米,建筑面积,--平方米
项目楼栋情况,恒明湾创汇中心5栋,座号,C座,合同号,--,拟售价格,25998.95元/平方米(按建筑面积计)楼层,03,房号,314,用途,宿舍,,建筑面积42.94平方米,户内面积,31.64平方米,分摊面积,11.3平方米,户内面积,--平方米,分摊面积--平方米,建筑面积,--平方米
项目楼栋情况,恒明湾创汇中心5栋,座号,C座,合同号,--,拟售价格,25478.13元/平方米(按建筑面积计)楼层,03,房号,315,用途,宿舍,,建筑面积42.48平方米,户内面积,31.3平方米,分摊面积,11.18平方米,户内面积,--平方米,分摊面积--平方米,建筑面积,--平方米
项目楼栋情况,恒明湾创汇中心5栋,座号,C座,合同号,--,拟售价格,25998.95元/平方米(按建筑面积计)楼层,03,房号,316,用途,宿舍,,建筑面积42.73平方米,户内面积,31.49平方米,分摊面积,11.24平方米,户内面积,--平方米,分摊面积--平方米,建筑面积,--平方米
项目楼栋情况,恒明湾创汇中心5栋,座号,C座,合同号,--,拟售价格,25998.95元/平方米(按建筑面积计)楼层,03,房号,317,用途,宿舍,,建筑面积42.73平方米,户内面积,31.49平方米,分摊面积,11.24平方米,户内面积,--平方米,分摊面积--平方米,建筑面积,--平方米
项目楼栋情况,恒明湾创汇中心5栋,座号,C座,合同号,--,拟售价格,25998.95元/平方米(按建筑面积计)楼层,03,房号,318,用途,宿舍,,建筑面积42.73平方米,户内面积,31.49平方米,分摊面积,11.24平方米,户内面积,--平方米,分摊面积--平方米,建筑面积,--平方米
项目楼栋情况,恒明湾创汇中心5栋,座号,C座,合同号,--,拟售价格,26519.79元/平方米(按建筑面积计)楼层,03,房号,319,用途,宿舍,,建筑面积42.69平方米,户内面积,31.45平方米,分摊面积,11.24平方米,户内面积,--平方米,分摊面积--平方米,建筑面积,--平方米
项目楼栋情况,恒明湾创汇中心5栋,座号,B座,合同号,--,拟售价格,30281.25元/平方米(按建筑面积计)楼层,18,房号,1801,用途,产业研发用房,,建筑面积371.97平方米,户内面积,213.27平方米,分摊面积,158.7平方米,户内面积,--平方米,分摊面积--平方米,建筑面积,--平方米
项目楼栋情况,恒明湾创汇中心5栋,座号,B座,合同号,--,拟售价格,33197.92元/平方米(按建筑面积计)楼层,18,房号,1802,用途,产业研发用房,,建筑面积256.25平方米,户内面积,146.93平方米,分摊面积,109.32平方米,户内面积,--平方米,分摊面积--平方米,建筑面积,--平方米
项目楼栋情况,恒明湾创汇中心5栋,座号,B座,合同号,--,拟售价格,30593.75元/平方米(按建筑面积计)楼层,18,房号,1803,用途,产业研发用房,,建筑面积353.11平方米,户内面积,202.46平方米,分摊面积,150.65平方米,户内面积,--平方米,分摊面积--平方米,建筑面积,--平方米
项目楼栋情况,恒明湾创汇中心5栋,座号,B座,合同号,--,拟售价格,29031.25元/平方米(按建筑面积计)楼层,10,房号,1001,用途,产业研发用房,,建筑面积368.6平方米,户内面积,244.65平方米,分摊面积,123.95平方米,户内面积,--平方米,分摊面积--平方米,建筑面积,--平方米
项目楼栋情况,恒明湾创汇中心5栋,座号,B座,合同号,--,拟售价格,31947.92元/平方米(按建筑面积计)楼层,10,房号,1002,用途,产业研发用房,,建筑面积285.35平方米,户内面积,189.4平方米,分摊面积,95.95平方米,户内面积,--平方米,分摊面积--平方米,建筑面积,--平方米
项目楼栋情况,恒明湾创汇中心5栋,座号,B座,合同号,--,拟售价格,29343.75元/平方米(按建筑面积计)楼层,10,房号,1003,用途,产业研发用房,,建筑面积333.55平方米,户内面积,221.38平方米,分摊面积,112.17平方米,户内面积,--平方米,分摊面积--平方米,建筑面积,--平方米
项目楼栋情况,恒明湾创汇中心5栋,座号,B座,合同号,--,拟售价格,28822.92元/平方米(按建筑面积计)楼层,09,房号,901,用途,产业研发用房,,建筑面积368.6平方米,户内面积,244.65平方米,分摊面积,123.95平方米,户内面积,--平方米,分摊面积--平方米,建筑面积,--平方米
项目楼栋情况,恒明湾创汇中心5栋,座号,B座,合同号,--,拟售价格,31739.58元/平方米(按建筑面积计)楼层,09,房号,902,用途,产业研发用房,,建筑面积285.35平方米,户内面积,189.4平方米,分摊面积,95.95平方米,户内面积,--平方米,分摊面积--平方米,建筑面积,--平方米
项目楼栋情况,恒明湾创汇中心5栋,座号,B座,合同号,--,拟售价格,29135.42元/平方米(按建筑面积计)楼层,09,房号,903,用途,产业研发用房,,建筑面积333.55平方米,户内面积,221.38平方米,分摊面积,112.17平方米,户内面积,--平方米,分摊面积--平方米,建筑面积,--平方米
项目楼栋情况,恒明湾创汇中心5栋,座号,B座,合同号,--,拟售价格,28614.58元/平方米(按建筑面积计)楼层,08,房号,801,用途,产业研发用房,,建筑面积368.6平方米,户内面积,244.65平方米,分摊面积,123.95平方米,户内面积,--平方米,分摊面积--平方米,建筑面积,--平方米
项目楼栋情况,恒明湾创汇中心5栋,座号,B座,合同号,--,拟售价格,31531.25元/平方米(按建筑面积计)楼层,08,房号,802,用途,产业研发用房,,建筑面积285.35平方米,户内面积,189.4平方米,分摊面积,95.95平方米,户内面积,--平方米,分摊面积--平方米,建筑面积,--平方米
项目楼栋情况,恒明湾创汇中心5栋,座号,B座,合同号,--,拟售价格,28927.08元/平方米(按建筑面积计)楼层,08,房号,803,用途,产业研发用房,,建筑面积333.55平方米,户内面积,221.38平方米,分摊面积,112.17平方米,户内面积,--平方米,分摊面积--平方米,建筑面积,--平方米
项目楼栋情况,恒明湾创汇中心5栋,座号,B座,合同号,--,拟售价格,28406.25元/平方米(按建筑面积计)楼层,07,房号,701,用途,产业研发用房,,建筑面积368.6平方米,户内面积,244.65平方米,分摊面积,123.95平方米,户内面积,--平方米,分摊面积--平方米,建筑面积,--平方米
项目楼栋情况,恒明湾创汇中心5栋,座号,B座,合同号,--,拟售价格,31322.92元/平方米(按建筑面积计)楼层,07,房号,702,用途,产业研发用房,,建筑面积285.35平方米,户内面积,189.4平方米,分摊面积,95.95平方米,户内面积,--平方米,分摊面积--平方米,建筑面积,--平方米
项目楼栋情况,恒明湾创汇中心5栋,座号,B座,合同号,--,拟售价格,28718.75元/平方米(按建筑面积计)楼层,07,房号,703,用途,产业研发用房,,建筑面积333.55平方米,户内面积,221.38平方米,分摊面积,112.17平方米,户内面积,--平方米,分摊面积--平方米,建筑面积,--平方米
项目楼栋情况,恒明湾创汇中心5栋,座号,B座,合同号,--,拟售价格,28197.92元/平方米(按建筑面积计)楼层,06,房号,601,用途,产业研发用房,,建筑面积368.6平方米,户内面积,244.65平方米,分摊面积,123.95平方米,户内面积,--平方米,分摊面积--平方米,建筑面积,--平方米
项目楼栋情况,恒明湾创汇中心5栋,座号,B座,合同号,--,拟售价格,31114.58元/平方米(按建筑面积计)楼层,06,房号,602,用途,产业研发用房,,建筑面积285.35平方米,户内面积,189.4平方米,分摊面积,95.95平方米,户内面积,--平方米,分摊面积--平方米,建筑面积,--平方米
项目楼栋情况,恒明湾创汇中心5栋,座号,B座,合同号,--,拟售价格,28510.42元/平方米(按建筑面积计)楼层,06,房号,603,用途,产业研发用房,,建筑面积333.55平方米,户内面积,221.38平方米,分摊面积,112.17平方米,户内面积,--平方米,分摊面积--平方米,建筑面积,--平方米
项目楼栋情况,恒明湾创汇中心5栋,座号,B座,合同号,--,拟售价格,27885.42元/平方米(按建筑面积计)楼层,05,房号,501,用途,产业研发用房,,建筑面积368.6平方米,户内面积,244.65平方米,分摊面积,123.95平方米,户内面积,--平方米,分摊面积--平方米,建筑面积,--平方米
项目楼栋情况,恒明湾创汇中心5栋,座号,B座,合同号,--,拟售价格,30906.25元/平方米(按建筑面积计)楼层,05,房号,502,用途,产业研发用房,,建筑面积285.35平方米,户内面积,189.4平方米,分摊面积,95.95平方米,户内面积,--平方米,分摊面积--平方米,建筑面积,--平方米
项目楼栋情况,恒明湾创汇中心5栋,座号,B座,合同号,--,拟售价格,28302.08元/平方米(按建筑面积计)楼层,05,房号,503,用途,产业研发用房,,建筑面积333.55平方米,户内面积,221.38平方米,分摊面积,112.17平方米,户内面积,--平方米,分摊面积--平方米,建筑面积,--平方米
项目楼栋情况,恒明湾创汇中心5栋,座号,B座,合同号,--,拟售价格,27677.08元/平方米(按建筑面积计)楼层,04,房号,401,用途,产业研发用房,,建筑面积368.6平方米,户内面积,244.65平方米,分摊面积,123.95平方米,户内面积,--平方米,分摊面积--平方米,建筑面积,--平方米
项目楼栋情况,恒明湾创汇中心5栋,座号,B座,合同号,--,拟售价格,30697.92元/平方米(按建筑面积计)楼层,04,房号,402,用途,产业研发用房,,建筑面积285.35平方米,户内面积,189.4平方米,分摊面积,95.95平方米,户内面积,--平方米,分摊面积--平方米,建筑面积,--平方米
项目楼栋情况,恒明湾创汇中心5栋,座号,B座,合同号,--,拟售价格,28093.75元/平方米(按建筑面积计)楼层,04,房号,403,用途,产业研发用房,,建筑面积333.55平方米,户内面积,221.38平方米,分摊面积,112.17平方米,户内面积,--平方米,分摊面积--平方米,建筑面积,--平方米
项目楼栋情况,恒明湾创汇中心5栋,座号,B座,合同号,--,拟售价格,30489.58元/平方米(按建筑面积计)楼层,03,房号,301,用途,产业研发用房,,建筑面积387.11平方米,户内面积,241.29平方米,分摊面积,145.82平方米,户内面积,--平方米,分摊面积--平方米,建筑面积,--平方米
项目楼栋情况,恒明湾创汇中心5栋,座号,B座,合同号,--,拟售价格,27885.42元/平方米(按建筑面积计)楼层,03,房号,302,用途,产业研发用房,,建筑面积355.18平方米,户内面积,221.38平方米,分摊面积,133.8平方米,户内面积,--平方米,分摊面积--平方米,建筑面积,--平方米
项目楼栋情况,恒明湾创汇中心5栋,座号,B座,合同号,--,拟售价格,27260.42元/平方米(按建筑面积计)楼层,02,房号,201,用途,产业研发用房,,建筑面积344.93平方米,户内面积,230.02平方米,分摊面积,114.91平方米,户内面积,--平方米,分摊面积--平方米,建筑面积,--平方米
项目楼栋情况,恒明湾创汇中心5栋,座号,B座,合同号,--,拟售价格,30281.25元/平方米(按建筑面积计)楼层,02,房号,202,用途,产业研发用房,,建筑面积282.52平方米,户内面积,188.4平方米,分摊面积,94.12平方米,户内面积,--平方米,分摊面积--平方米,建筑面积,--平方米
项目楼栋情况,恒明湾创汇中心5栋,座号,B座,合同号,--,拟售价格,27677.08元/平方米(按建筑面积计)楼层,02,房号,203,用途,产业研发用房,,建筑面积339.33平方米,户内面积,226.28平方米,分摊面积,113.05平方米,户内面积,--平方米,分摊面积--平方米,建筑面积,--平方米
项目楼栋情况,恒明湾创汇中心5栋,座号,D座,合同号,--,拟售价格,44418.61元/平方米(按建筑面积计)楼层,05,房号,501,用途,产业研发用房,,建筑面积211.33平方米,户内面积,150.82平方米,分摊面积,60.51平方米,户内面积,--平方米,分摊面积--平方米,建筑面积,--平方米
项目楼栋情况,恒明湾创汇中心5栋,座号,D座,合同号,--,拟售价格,43308.14元/平方米(按建筑面积计)楼层,05,房号,502,用途,产业研发用房,,建筑面积312.86平方米,户内面积,223.28平方米,分摊面积,89.58平方米,户内面积,--平方米,分摊面积--平方米,建筑面积,--平方米
项目楼栋情况,恒明湾创汇中心5栋,座号,D座,合同号,--,拟售价格,38662.79元/平方米(按建筑面积计)楼层,04,房号,401,用途,产业研发用房,,建筑面积400.62平方米,户内面积,297.96平方米,分摊面积,102.66平方米,户内面积,--平方米,分摊面积--平方米,建筑面积,--平方米
项目楼栋情况,恒明湾创汇中心5栋,座号,D座,合同号,--,拟售价格,37696.22元/平方米(按建筑面积计)楼层,04,房号,402,用途,产业研发用房,,建筑面积393.14平方米,户内面积,292.4平方米,分摊面积,100.74平方米,户内面积,--平方米,分摊面积--平方米,建筑面积,--平方米
项目楼栋情况,恒明湾创汇中心5栋,座号,D座,合同号,--,拟售价格,38081.4元/平方米(按建筑面积计)楼层,03,房号,301,用途,产业研发用房,,建筑面积400.62平方米,户内面积,297.97平方米,分摊面积,102.65平方米,户内面积,--平方米,分摊面积--平方米,建筑面积,--平方米
项目楼栋情况,恒明湾创汇中心5栋,座号,D座,合同号,--,拟售价格,37129.36元/平方米(按建筑面积计)楼层,03,房号,302,用途,产业研发用房,,建筑面积393.14平方米,户内面积,292.4平方米,分摊面积,100.74平方米,户内面积,--平方米,分摊面积--平方米,建筑面积,--平方米
项目楼栋情况,恒明湾创汇中心5栋,座号,D座,合同号,--,拟售价格,45581.39元/平方米(按建筑面积计)楼层,02,房号,201,用途,产业研发用房,,建筑面积374.08平方米,户内面积,273.22平方米,分摊面积,100.86平方米,户内面积,--平方米,分摊面积--平方米,建筑面积,--平方米
项目楼栋情况,恒明湾创汇中心5栋,座号,D座,合同号,--,拟售价格,44441.86元/平方米(按建筑面积计)楼层,02,房号,202,用途,产业研发用房,,建筑面积271.82平方米,户内面积,198.53平方米,分摊面积,73.29平方米,户内面积,--平方米,分摊面积--平方米,建筑面积,--平方米
项目楼栋情况,恒明湾创汇中心5栋,座号,A座,合同号,--,拟售价格,30889.69元/平方米(按建筑面积计)楼层,22,房号,2201,用途,产业研发用房,,建筑面积272.09平方米,户内面积,187.17平方米,分摊面积,84.92平方米,户内面积,--平方米,分摊面积--平方米,建筑面积,--平方米
项目楼栋情况,恒明湾创汇中心5栋,座号,A座,合同号,--,拟售价格,31614.43元/平方米(按建筑面积计)楼层,22,房号,2202,用途,产业研发用房,,建筑面积279.5平方米,户内面积,192.27平方米,分摊面积,87.23平方米,户内面积,--平方米,分摊面积--平方米,建筑面积,--平方米
项目楼栋情况,恒明湾创汇中心5栋,座号,A座,合同号,--,拟售价格,34497.94元/平方米(按建筑面积计)楼层,22,房号,2203,用途,产业研发用房,,建筑面积330.65平方米,户内面积,227.45平方米,分摊面积,103.2平方米,户内面积,--平方米,分摊面积--平方米,建筑面积,--平方米
项目楼栋情况,恒明湾创汇中心5栋,座号,A座,合同号,--,拟售价格,33421.65元/平方米(按建筑面积计)楼层,22,房号,2204,用途,产业研发用房,,建筑面积280.21平方米,户内面积,192.76平方米,分摊面积,87.45平方米,户内面积,--平方米,分摊面积--平方米,建筑面积,--平方米
项目楼栋情况,恒明湾创汇中心5栋,座号,A座,合同号,--,拟售价格,32716.49元/平方米(按建筑面积计)楼层,22,房号,2205,用途,产业研发用房,,建筑面积294.65平方米,户内面积,202.69平方米,分摊面积,91.96平方米,户内面积,--平方米,分摊面积--平方米,建筑面积,--平方米
项目楼栋情况,恒明湾创汇中心5栋,座号,A座,合同号,--,拟售价格,31095.88元/平方米(按建筑面积计)楼层,21,房号,2101,用途,产业研发用房,,建筑面积272.09平方米,户内面积,187.17平方米,分摊面积,84.92平方米,户内面积,--平方米,分摊面积--平方米,建筑面积,--平方米
项目楼栋情况,恒明湾创汇中心5栋,座号,A座,合同号,--,拟售价格,31820.62元/平方米(按建筑面积计)楼层,21,房号,2102,用途,产业研发用房,,建筑面积279.5平方米,户内面积,192.27平方米,分摊面积,87.23平方米,户内面积,--平方米,分摊面积--平方米,建筑面积,--平方米
项目楼栋情况,恒明湾创汇中心5栋,座号,A座,合同号,--,拟售价格,34704.13元/平方米(按建筑面积计)楼层,21,房号,2103,用途,产业研发用房,,建筑面积330.65平方米,户内面积,227.45平方米,分摊面积,103.2平方米,户内面积,--平方米,分摊面积--平方米,建筑面积,--平方米
项目楼栋情况,恒明湾创汇中心5栋,座号,A座,合同号,--,拟售价格,33627.84元/平方米(按建筑面积计)楼层,21,房号,2104,用途,产业研发用房,,建筑面积280.21平方米,户内面积,192.76平方米,分摊面积,87.45平方米,户内面积,--平方米,分摊面积--平方米,建筑面积,--平方米
项目楼栋情况,恒明湾创汇中心5栋,座号,A座,合同号,--,拟售价格,32922.68元/平方米(按建筑面积计)楼层,21,房号,2105,用途,产业研发用房,,建筑面积294.65平方米,户内面积,202.69平方米,分摊面积,91.96平方米,户内面积,--平方米,分摊面积--平方米,建筑面积,--平方米
项目楼栋情况,恒明湾创汇中心5栋,座号,A座,合同号,--,拟售价格,30889.69元/平方米(按建筑面积计)楼层,20,房号,2001,用途,产业研发用房,,建筑面积271.18平方米,户内面积,186.28平方米,分摊面积,84.9平方米,户内面积,--平方米,分摊面积--平方米,建筑面积,--平方米
项目楼栋情况,恒明湾创汇中心5栋,座号,A座,合同号,--,拟售价格,31614.43元/平方米(按建筑面积计)楼层,20,房号,2002,用途,产业研发用房,,建筑面积279.89平方米,户内面积,192.27平方米,分摊面积,87.62平方米,户内面积,--平方米,分摊面积--平方米,建筑面积,--平方米
项目楼栋情况,恒明湾创汇中心5栋,座号,A座,合同号,--,拟售价格,34497.94元/平方米(按建筑面积计)楼层,20,房号,2003,用途,产业研发用房,,建筑面积331.11平方米,户内面积,227.45平方米,分摊面积,103.66平方米,户内面积,--平方米,分摊面积--平方米,建筑面积,--平方米
项目楼栋情况,恒明湾创汇中心5栋,座号,A座,合同号,--,拟售价格,33421.65元/平方米(按建筑面积计)楼层,20,房号,2004,用途,产业研发用房,,建筑面积280.6平方米,户内面积,192.76平方米,分摊面积,87.84平方米,户内面积,--平方米,分摊面积--平方米,建筑面积,--平方米
项目楼栋情况,恒明湾创汇中心5栋,座号,A座,合同号,--,拟售价格,32716.49元/平方米(按建筑面积计)楼层,20,房号,2005,用途,产业研发用房,,建筑面积294.05平方米,户内面积,202平方米,分摊面积,92.05平方米,户内面积,--平方米,分摊面积--平方米,建筑面积,--平方米
项目楼栋情况,恒明湾创汇中心5栋,座号,A座,合同号,--,拟售价格,30683.51元/平方米(按建筑面积计)楼层,19,房号,1901,用途,产业研发用房,,建筑面积273.01平方米,户内面积,186.28平方米,分摊面积,86.73平方米,户内面积,--平方米,分摊面积--平方米,建筑面积,--平方米
项目楼栋情况,恒明湾创汇中心5栋,座号,A座,合同号,--,拟售价格,31408.25元/平方米(按建筑面积计)楼层,19,房号,1902,用途,产业研发用房,,建筑面积281.78平方米,户内面积,192.27平方米,分摊面积,89.51平方米,户内面积,--平方米,分摊面积--平方米,建筑面积,--平方米
项目楼栋情况,恒明湾创汇中心5栋,座号,A座,合同号,--,拟售价格,34291.75元/平方米(按建筑面积计)楼层,19,房号,1903,用途,产业研发用房,,建筑面积333.34平方米,户内面积,227.45平方米,分摊面积,105.89平方米,户内面积,--平方米,分摊面积--平方米,建筑面积,--平方米
项目楼栋情况,恒明湾创汇中心5栋,座号,A座,合同号,--,拟售价格,33215.46元/平方米(按建筑面积计)楼层,19,房号,1904,用途,产业研发用房,,建筑面积282.49平方米,户内面积,192.76平方米,分摊面积,89.73平方米,户内面积,--平方米,分摊面积--平方米,建筑面积,--平方米
项目楼栋情况,恒明湾创汇中心5栋,座号,A座,合同号,--,拟售价格,32510.31元/平方米(按建筑面积计)楼层,19,房号,1905,用途,产业研发用房,,建筑面积279.96平方米,户内面积,191.02平方米,分摊面积,88.94平方米,户内面积,--平方米,分摊面积--平方米,建筑面积,--平方米
项目楼栋情况,恒明湾创汇中心5栋,座号,A座,合同号,--,拟售价格,30477.32元/平方米(按建筑面积计)楼层,18,房号,1801,用途,产业研发用房,,建筑面积277.48平方米,户内面积,186.28平方米,分摊面积,91.2平方米,户内面积,--平方米,分摊面积--平方米,建筑面积,--平方米
项目楼栋情况,恒明湾创汇中心5栋,座号,A座,合同号,--,拟售价格,31202.06元/平方米(按建筑面积计)楼层,18,房号,1802,用途,产业研发用房,,建筑面积286.39平方米,户内面积,192.27平方米,分摊面积,94.12平方米,户内面积,--平方米,分摊面积--平方米,建筑面积,--平方米
项目楼栋情况,恒明湾创汇中心5栋,座号,A座,合同号,--,拟售价格,34085.57元/平方米(按建筑面积计)楼层,18,房号,1803,用途,产业研发用房,,建筑面积338.8平方米,户内面积,227.45平方米,分摊面积,111.35平方米,户内面积,--平方米,分摊面积--平方米,建筑面积,--平方米
项目楼栋情况,恒明湾创汇中心5栋,座号,A座,合同号,--,拟售价格,33009.28元/平方米(按建筑面积计)楼层,18,房号,1804,用途,产业研发用房,,建筑面积289.86平方米,户内面积,194.6平方米,分摊面积,95.26平方米,户内面积,--平方米,分摊面积--平方米,建筑面积,--平方米
项目楼栋情况,恒明湾创汇中心5栋,座号,A座,合同号,--,拟售价格,32590.72元/平方米(按建筑面积计)楼层,18,房号,1805,用途,产业研发用房,,建筑面积308.06平方米,户内面积,206.82平方米,分摊面积,101.24平方米,户内面积,--平方米,分摊面积--平方米,建筑面积,--平方米
项目楼栋情况,恒明湾创汇中心5栋,座号,A座,合同号,--,拟售价格,29900元/平方米(按建筑面积计)楼层,18,房号,1806,用途,产业研发用房,,建筑面积305.51平方米,户内面积,205.11平方米,分摊面积,100.4平方米,户内面积,--平方米,分摊面积--平方米,建筑面积,--平方米
