项目楼栋情况,恒大成一期花园4栋,座号,A,合同号,--,拟售价格,37887元/平方米(按建筑面积计)楼层,37,房号,37A,用途,住宅,,建筑面积97.11平方米,户内面积,72.29平方米,分摊面积,24.82平方米,户内面积,--平方米,分摊面积--平方米,建筑面积,--平方米
项目楼栋情况,恒大成一期花园4栋,座号,A,合同号,--,拟售价格,39587元/平方米(按建筑面积计)楼层,37,房号,37B,用途,住宅,,建筑面积77.16平方米,户内面积,57.44平方米,分摊面积,19.72平方米,户内面积,--平方米,分摊面积--平方米,建筑面积,--平方米
项目楼栋情况,恒大成一期花园4栋,座号,A,合同号,--,拟售价格,38987元/平方米(按建筑面积计)楼层,37,房号,37C,用途,住宅,,建筑面积102.95平方米,户内面积,76.64平方米,分摊面积,26.31平方米,户内面积,--平方米,分摊面积--平方米,建筑面积,--平方米
项目楼栋情况,恒大成一期花园4栋,座号,A,合同号,--,拟售价格,38187元/平方米(按建筑面积计)楼层,37,房号,37D,用途,住宅,,建筑面积102.78平方米,户内面积,76.51平方米,分摊面积,26.27平方米,户内面积,--平方米,分摊面积--平方米,建筑面积,--平方米
项目楼栋情况,恒大成一期花园4栋,座号,A,合同号,--,拟售价格,38487元/平方米(按建筑面积计)楼层,37,房号,37E,用途,住宅,,建筑面积155.71平方米,户内面积,115.91平方米,分摊面积,39.8平方米,户内面积,--平方米,分摊面积--平方米,建筑面积,--平方米
项目楼栋情况,恒大成一期花园4栋,座号,A,合同号,深(龙)网预买字(2019)26540号,拟售价格,--元/平方米(按建筑面积计)楼层,36,房号,36A,用途,住宅,,建筑面积97.11平方米,户内面积,72.29平方米,分摊面积,24.82平方米,户内面积,--平方米,分摊面积--平方米,建筑面积,--平方米
项目楼栋情况,恒大成一期花园4栋,座号,A,合同号,--,拟售价格,39687元/平方米(按建筑面积计)楼层,36,房号,36B,用途,住宅,,建筑面积77.16平方米,户内面积,57.44平方米,分摊面积,19.72平方米,户内面积,--平方米,分摊面积--平方米,建筑面积,--平方米
项目楼栋情况,恒大成一期花园4栋,座号,A,合同号,--,拟售价格,39087元/平方米(按建筑面积计)楼层,36,房号,36C,用途,住宅,,建筑面积102.95平方米,户内面积,76.64平方米,分摊面积,26.31平方米,户内面积,--平方米,分摊面积--平方米,建筑面积,--平方米
项目楼栋情况,恒大成一期花园4栋,座号,A,合同号,--,拟售价格,38287元/平方米(按建筑面积计)楼层,36,房号,36D,用途,住宅,,建筑面积102.78平方米,户内面积,76.51平方米,分摊面积,26.27平方米,户内面积,--平方米,分摊面积--平方米,建筑面积,--平方米
项目楼栋情况,恒大成一期花园4栋,座号,A,合同号,--,拟售价格,38587元/平方米(按建筑面积计)楼层,36,房号,36E,用途,住宅,,建筑面积155.71平方米,户内面积,115.91平方米,分摊面积,39.8平方米,户内面积,--平方米,分摊面积--平方米,建筑面积,--平方米
项目楼栋情况,恒大成一期花园4栋,座号,A,合同号,--,拟售价格,37907元/平方米(按建筑面积计)楼层,35,房号,35A,用途,住宅,,建筑面积97.11平方米,户内面积,72.29平方米,分摊面积,24.82平方米,户内面积,--平方米,分摊面积--平方米,建筑面积,--平方米
项目楼栋情况,恒大成一期花园4栋,座号,A,合同号,--,拟售价格,39607元/平方米(按建筑面积计)楼层,35,房号,35B,用途,住宅,,建筑面积77.16平方米,户内面积,57.44平方米,分摊面积,19.72平方米,户内面积,--平方米,分摊面积--平方米,建筑面积,--平方米
项目楼栋情况,恒大成一期花园4栋,座号,A,合同号,--,拟售价格,39007元/平方米(按建筑面积计)楼层,35,房号,35C,用途,住宅,,建筑面积102.95平方米,户内面积,76.64平方米,分摊面积,26.31平方米,户内面积,--平方米,分摊面积--平方米,建筑面积,--平方米
项目楼栋情况,恒大成一期花园4栋,座号,A,合同号,--,拟售价格,38207元/平方米(按建筑面积计)楼层,35,房号,35D,用途,住宅,,建筑面积102.78平方米,户内面积,76.51平方米,分摊面积,26.27平方米,户内面积,--平方米,分摊面积--平方米,建筑面积,--平方米
项目楼栋情况,恒大成一期花园4栋,座号,A,合同号,--,拟售价格,38507元/平方米(按建筑面积计)楼层,35,房号,35E,用途,住宅,,建筑面积155.71平方米,户内面积,115.91平方米,分摊面积,39.8平方米,户内面积,--平方米,分摊面积--平方米,建筑面积,--平方米
项目楼栋情况,恒大成一期花园4栋,座号,A,合同号,深(龙)网预买字(2019)27227号,拟售价格,--元/平方米(按建筑面积计)楼层,34,房号,34A,用途,住宅,,建筑面积97.11平方米,户内面积,72.29平方米,分摊面积,24.82平方米,户内面积,--平方米,分摊面积--平方米,建筑面积,--平方米
项目楼栋情况,恒大成一期花园4栋,座号,A,合同号,--,拟售价格,39397元/平方米(按建筑面积计)楼层,34,房号,34B,用途,住宅,,建筑面积77.16平方米,户内面积,57.44平方米,分摊面积,19.72平方米,户内面积,--平方米,分摊面积--平方米,建筑面积,--平方米
项目楼栋情况,恒大成一期花园4栋,座号,A,合同号,--,拟售价格,38797元/平方米(按建筑面积计)楼层,34,房号,34C,用途,住宅,,建筑面积102.95平方米,户内面积,76.64平方米,分摊面积,26.31平方米,户内面积,--平方米,分摊面积--平方米,建筑面积,--平方米
项目楼栋情况,恒大成一期花园4栋,座号,A,合同号,--,拟售价格,37997元/平方米(按建筑面积计)楼层,34,房号,34D,用途,住宅,,建筑面积102.78平方米,户内面积,76.51平方米,分摊面积,26.27平方米,户内面积,--平方米,分摊面积--平方米,建筑面积,--平方米
项目楼栋情况,恒大成一期花园4栋,座号,A,合同号,--,拟售价格,38297元/平方米(按建筑面积计)楼层,34,房号,34E,用途,住宅,,建筑面积155.71平方米,户内面积,115.91平方米,分摊面积,39.8平方米,户内面积,--平方米,分摊面积--平方米,建筑面积,--平方米
项目楼栋情况,恒大成一期花园4栋,座号,A,合同号,--,拟售价格,37827元/平方米(按建筑面积计)楼层,33,房号,33A,用途,住宅,,建筑面积97.11平方米,户内面积,72.29平方米,分摊面积,24.82平方米,户内面积,--平方米,分摊面积--平方米,建筑面积,--平方米
项目楼栋情况,恒大成一期花园4栋,座号,A,合同号,深(龙)网预买字(2019)26663号,拟售价格,--元/平方米(按建筑面积计)楼层,33,房号,33B,用途,住宅,,建筑面积77.16平方米,户内面积,57.44平方米,分摊面积,19.72平方米,户内面积,--平方米,分摊面积--平方米,建筑面积,--平方米
项目楼栋情况,恒大成一期花园4栋,座号,A,合同号,深(龙)网预买字(2019)26457号,拟售价格,--元/平方米(按建筑面积计)楼层,33,房号,33C,用途,住宅,,建筑面积102.95平方米,户内面积,76.64平方米,分摊面积,26.31平方米,户内面积,--平方米,分摊面积--平方米,建筑面积,--平方米
项目楼栋情况,恒大成一期花园4栋,座号,A,合同号,--,拟售价格,38127元/平方米(按建筑面积计)楼层,33,房号,33D,用途,住宅,,建筑面积102.78平方米,户内面积,76.51平方米,分摊面积,26.27平方米,户内面积,--平方米,分摊面积--平方米,建筑面积,--平方米
项目楼栋情况,恒大成一期花园4栋,座号,A,合同号,--,拟售价格,38427元/平方米(按建筑面积计)楼层,33,房号,33E,用途,住宅,,建筑面积155.71平方米,户内面积,115.91平方米,分摊面积,39.8平方米,户内面积,--平方米,分摊面积--平方米,建筑面积,--平方米
项目楼栋情况,恒大成一期花园4栋,座号,A,合同号,--,拟售价格,37827元/平方米(按建筑面积计)楼层,32,房号,32A,用途,住宅,,建筑面积97.11平方米,户内面积,72.29平方米,分摊面积,24.82平方米,户内面积,--平方米,分摊面积--平方米,建筑面积,--平方米
项目楼栋情况,恒大成一期花园4栋,座号,A,合同号,深(龙)网预买字(2019)26415号,拟售价格,--元/平方米(按建筑面积计)楼层,32,房号,32B,用途,住宅,,建筑面积77.16平方米,户内面积,57.44平方米,分摊面积,19.72平方米,户内面积,--平方米,分摊面积--平方米,建筑面积,--平方米
项目楼栋情况,恒大成一期花园4栋,座号,A,合同号,--,拟售价格,38927元/平方米(按建筑面积计)楼层,32,房号,32C,用途,住宅,,建筑面积102.95平方米,户内面积,76.64平方米,分摊面积,26.31平方米,户内面积,--平方米,分摊面积--平方米,建筑面积,--平方米
项目楼栋情况,恒大成一期花园4栋,座号,A,合同号,--,拟售价格,38127元/平方米(按建筑面积计)楼层,32,房号,32D,用途,住宅,,建筑面积102.78平方米,户内面积,76.51平方米,分摊面积,26.27平方米,户内面积,--平方米,分摊面积--平方米,建筑面积,--平方米
项目楼栋情况,恒大成一期花园4栋,座号,A,合同号,--,拟售价格,38427元/平方米(按建筑面积计)楼层,32,房号,32E,用途,住宅,,建筑面积155.71平方米,户内面积,115.91平方米,分摊面积,39.8平方米,户内面积,--平方米,分摊面积--平方米,建筑面积,--平方米
项目楼栋情况,恒大成一期花园4栋,座号,A,合同号,深(龙)网预买字(2019)26986号,拟售价格,--元/平方米(按建筑面积计)楼层,31,房号,31A,用途,住宅,,建筑面积97.11平方米,户内面积,72.29平方米,分摊面积,24.82平方米,户内面积,--平方米,分摊面积--平方米,建筑面积,--平方米
项目楼栋情况,恒大成一期花园4栋,座号,A,合同号,--,拟售价格,39397元/平方米(按建筑面积计)楼层,31,房号,31B,用途,住宅,,建筑面积77.16平方米,户内面积,57.44平方米,分摊面积,19.72平方米,户内面积,--平方米,分摊面积--平方米,建筑面积,--平方米
项目楼栋情况,恒大成一期花园4栋,座号,A,合同号,--,拟售价格,38797元/平方米(按建筑面积计)楼层,31,房号,31C,用途,住宅,,建筑面积102.95平方米,户内面积,76.64平方米,分摊面积,26.31平方米,户内面积,--平方米,分摊面积--平方米,建筑面积,--平方米
项目楼栋情况,恒大成一期花园4栋,座号,A,合同号,--,拟售价格,37997元/平方米(按建筑面积计)楼层,31,房号,31D,用途,住宅,,建筑面积102.78平方米,户内面积,76.51平方米,分摊面积,26.27平方米,户内面积,--平方米,分摊面积--平方米,建筑面积,--平方米
项目楼栋情况,恒大成一期花园4栋,座号,A,合同号,--,拟售价格,38297元/平方米(按建筑面积计)楼层,31,房号,31E,用途,住宅,,建筑面积155.71平方米,户内面积,115.91平方米,分摊面积,39.8平方米,户内面积,--平方米,分摊面积--平方米,建筑面积,--平方米
项目楼栋情况,恒大成一期花园4栋,座号,A,合同号,深(龙)网预买字(2019)27184号,拟售价格,--元/平方米(按建筑面积计)楼层,29,房号,29A,用途,住宅,,建筑面积97.11平方米,户内面积,72.29平方米,分摊面积,24.82平方米,户内面积,--平方米,分摊面积--平方米,建筑面积,--平方米
项目楼栋情况,恒大成一期花园4栋,座号,A,合同号,--,拟售价格,39397元/平方米(按建筑面积计)楼层,29,房号,29B,用途,住宅,,建筑面积77.16平方米,户内面积,57.44平方米,分摊面积,19.72平方米,户内面积,--平方米,分摊面积--平方米,建筑面积,--平方米
项目楼栋情况,恒大成一期花园4栋,座号,A,合同号,--,拟售价格,38797元/平方米(按建筑面积计)楼层,29,房号,29C,用途,住宅,,建筑面积102.95平方米,户内面积,76.64平方米,分摊面积,26.31平方米,户内面积,--平方米,分摊面积--平方米,建筑面积,--平方米
项目楼栋情况,恒大成一期花园4栋,座号,A,合同号,--,拟售价格,37997元/平方米(按建筑面积计)楼层,29,房号,29D,用途,住宅,,建筑面积102.78平方米,户内面积,76.51平方米,分摊面积,26.27平方米,户内面积,--平方米,分摊面积--平方米,建筑面积,--平方米
项目楼栋情况,恒大成一期花园4栋,座号,A,合同号,--,拟售价格,38297元/平方米(按建筑面积计)楼层,29,房号,29E,用途,住宅,,建筑面积155.71平方米,户内面积,115.91平方米,分摊面积,39.8平方米,户内面积,--平方米,分摊面积--平方米,建筑面积,--平方米
项目楼栋情况,恒大成一期花园4栋,座号,A,合同号,--,拟售价格,37617元/平方米(按建筑面积计)楼层,28,房号,28A,用途,住宅,,建筑面积97.11平方米,户内面积,72.29平方米,分摊面积,24.82平方米,户内面积,--平方米,分摊面积--平方米,建筑面积,--平方米
项目楼栋情况,恒大成一期花园4栋,座号,A,合同号,--,拟售价格,39317元/平方米(按建筑面积计)楼层,28,房号,28B,用途,住宅,,建筑面积77.16平方米,户内面积,57.44平方米,分摊面积,19.72平方米,户内面积,--平方米,分摊面积--平方米,建筑面积,--平方米
项目楼栋情况,恒大成一期花园4栋,座号,A,合同号,--,拟售价格,38717元/平方米(按建筑面积计)楼层,28,房号,28C,用途,住宅,,建筑面积102.95平方米,户内面积,76.64平方米,分摊面积,26.31平方米,户内面积,--平方米,分摊面积--平方米,建筑面积,--平方米
项目楼栋情况,恒大成一期花园4栋,座号,A,合同号,--,拟售价格,37917元/平方米(按建筑面积计)楼层,28,房号,28D,用途,住宅,,建筑面积102.78平方米,户内面积,76.51平方米,分摊面积,26.27平方米,户内面积,--平方米,分摊面积--平方米,建筑面积,--平方米
项目楼栋情况,恒大成一期花园4栋,座号,A,合同号,--,拟售价格,38217元/平方米(按建筑面积计)楼层,28,房号,28E,用途,住宅,,建筑面积155.71平方米,户内面积,115.91平方米,分摊面积,39.8平方米,户内面积,--平方米,分摊面积--平方米,建筑面积,--平方米
项目楼栋情况,恒大成一期花园4栋,座号,A,合同号,深(龙)网预买字(2019)26956号,拟售价格,--元/平方米(按建筑面积计)楼层,27,房号,27A,用途,住宅,,建筑面积97.11平方米,户内面积,72.29平方米,分摊面积,24.82平方米,户内面积,--平方米,分摊面积--平方米,建筑面积,--平方米
项目楼栋情况,恒大成一期花园4栋,座号,A,合同号,--,拟售价格,39317元/平方米(按建筑面积计)楼层,27,房号,27B,用途,住宅,,建筑面积77.16平方米,户内面积,57.44平方米,分摊面积,19.72平方米,户内面积,--平方米,分摊面积--平方米,建筑面积,--平方米
项目楼栋情况,恒大成一期花园4栋,座号,A,合同号,--,拟售价格,38717元/平方米(按建筑面积计)楼层,27,房号,27C,用途,住宅,,建筑面积102.95平方米,户内面积,76.64平方米,分摊面积,26.31平方米,户内面积,--平方米,分摊面积--平方米,建筑面积,--平方米
项目楼栋情况,恒大成一期花园4栋,座号,A,合同号,--,拟售价格,37917元/平方米(按建筑面积计)楼层,27,房号,27D,用途,住宅,,建筑面积102.78平方米,户内面积,76.51平方米,分摊面积,26.27平方米,户内面积,--平方米,分摊面积--平方米,建筑面积,--平方米
项目楼栋情况,恒大成一期花园4栋,座号,A,合同号,深(龙)网预买字(2019)26416号,拟售价格,--元/平方米(按建筑面积计)楼层,27,房号,27E,用途,住宅,,建筑面积155.71平方米,户内面积,115.91平方米,分摊面积,39.8平方米,户内面积,--平方米,分摊面积--平方米,建筑面积,--平方米
项目楼栋情况,恒大成一期花园4栋,座号,A,合同号,--,拟售价格,37487元/平方米(按建筑面积计)楼层,26,房号,26A,用途,住宅,,建筑面积97.11平方米,户内面积,72.29平方米,分摊面积,24.82平方米,户内面积,--平方米,分摊面积--平方米,建筑面积,--平方米
项目楼栋情况,恒大成一期花园4栋,座号,A,合同号,--,拟售价格,39187元/平方米(按建筑面积计)楼层,26,房号,26B,用途,住宅,,建筑面积77.16平方米,户内面积,57.44平方米,分摊面积,19.72平方米,户内面积,--平方米,分摊面积--平方米,建筑面积,--平方米
项目楼栋情况,恒大成一期花园4栋,座号,A,合同号,--,拟售价格,38587元/平方米(按建筑面积计)楼层,26,房号,26C,用途,住宅,,建筑面积102.95平方米,户内面积,76.64平方米,分摊面积,26.31平方米,户内面积,--平方米,分摊面积--平方米,建筑面积,--平方米
项目楼栋情况,恒大成一期花园4栋,座号,A,合同号,--,拟售价格,37787元/平方米(按建筑面积计)楼层,26,房号,26D,用途,住宅,,建筑面积102.78平方米,户内面积,76.51平方米,分摊面积,26.27平方米,户内面积,--平方米,分摊面积--平方米,建筑面积,--平方米
项目楼栋情况,恒大成一期花园4栋,座号,A,合同号,--,拟售价格,38087元/平方米(按建筑面积计)楼层,26,房号,26E,用途,住宅,,建筑面积155.71平方米,户内面积,115.91平方米,分摊面积,39.8平方米,户内面积,--平方米,分摊面积--平方米,建筑面积,--平方米
项目楼栋情况,恒大成一期花园4栋,座号,A,合同号,--,拟售价格,37487元/平方米(按建筑面积计)楼层,25,房号,25A,用途,住宅,,建筑面积97.11平方米,户内面积,72.29平方米,分摊面积,24.82平方米,户内面积,--平方米,分摊面积--平方米,建筑面积,--平方米
项目楼栋情况,恒大成一期花园4栋,座号,A,合同号,深(龙)网预买字(2019)26590号,拟售价格,--元/平方米(按建筑面积计)楼层,25,房号,25B,用途,住宅,,建筑面积77.16平方米,户内面积,57.44平方米,分摊面积,19.72平方米,户内面积,--平方米,分摊面积--平方米,建筑面积,--平方米
项目楼栋情况,恒大成一期花园4栋,座号,A,合同号,深(龙)网预买字(2019)26524号,拟售价格,--元/平方米(按建筑面积计)楼层,25,房号,25C,用途,住宅,,建筑面积102.95平方米,户内面积,76.64平方米,分摊面积,26.31平方米,户内面积,--平方米,分摊面积--平方米,建筑面积,--平方米
项目楼栋情况,恒大成一期花园4栋,座号,A,合同号,--,拟售价格,37787元/平方米(按建筑面积计)楼层,25,房号,25D,用途,住宅,,建筑面积102.78平方米,户内面积,76.51平方米,分摊面积,26.27平方米,户内面积,--平方米,分摊面积--平方米,建筑面积,--平方米
项目楼栋情况,恒大成一期花园4栋,座号,A,合同号,--,拟售价格,38087元/平方米(按建筑面积计)楼层,25,房号,25E,用途,住宅,,建筑面积155.71平方米,户内面积,115.91平方米,分摊面积,39.8平方米,户内面积,--平方米,分摊面积--平方米,建筑面积,--平方米
项目楼栋情况,恒大成一期花园4栋,座号,A,合同号,--,拟售价格,37227元/平方米(按建筑面积计)楼层,24,房号,24A,用途,住宅,,建筑面积97.11平方米,户内面积,72.29平方米,分摊面积,24.82平方米,户内面积,--平方米,分摊面积--平方米,建筑面积,--平方米
项目楼栋情况,恒大成一期花园4栋,座号,A,合同号,--,拟售价格,38927元/平方米(按建筑面积计)楼层,24,房号,24B,用途,住宅,,建筑面积77.16平方米,户内面积,57.44平方米,分摊面积,19.72平方米,户内面积,--平方米,分摊面积--平方米,建筑面积,--平方米
项目楼栋情况,恒大成一期花园4栋,座号,A,合同号,--,拟售价格,38327元/平方米(按建筑面积计)楼层,24,房号,24C,用途,住宅,,建筑面积102.95平方米,户内面积,76.64平方米,分摊面积,26.31平方米,户内面积,--平方米,分摊面积--平方米,建筑面积,--平方米
项目楼栋情况,恒大成一期花园4栋,座号,A,合同号,--,拟售价格,37527元/平方米(按建筑面积计)楼层,24,房号,24D,用途,住宅,,建筑面积102.78平方米,户内面积,76.51平方米,分摊面积,26.27平方米,户内面积,--平方米,分摊面积--平方米,建筑面积,--平方米
项目楼栋情况,恒大成一期花园4栋,座号,A,合同号,--,拟售价格,37827元/平方米(按建筑面积计)楼层,24,房号,24E,用途,住宅,,建筑面积155.71平方米,户内面积,115.91平方米,分摊面积,39.8平方米,户内面积,--平方米,分摊面积--平方米,建筑面积,--平方米
项目楼栋情况,恒大成一期花园4栋,座号,A,合同号,--,拟售价格,37357元/平方米(按建筑面积计)楼层,23,房号,23A,用途,住宅,,建筑面积97.11平方米,户内面积,72.29平方米,分摊面积,24.82平方米,户内面积,--平方米,分摊面积--平方米,建筑面积,--平方米
项目楼栋情况,恒大成一期花园4栋,座号,A,合同号,--,拟售价格,39057元/平方米(按建筑面积计)楼层,23,房号,23B,用途,住宅,,建筑面积77.16平方米,户内面积,57.44平方米,分摊面积,19.72平方米,户内面积,--平方米,分摊面积--平方米,建筑面积,--平方米
项目楼栋情况,恒大成一期花园4栋,座号,A,合同号,--,拟售价格,38457元/平方米(按建筑面积计)楼层,23,房号,23C,用途,住宅,,建筑面积102.95平方米,户内面积,76.64平方米,分摊面积,26.31平方米,户内面积,--平方米,分摊面积--平方米,建筑面积,--平方米
项目楼栋情况,恒大成一期花园4栋,座号,A,合同号,--,拟售价格,37657元/平方米(按建筑面积计)楼层,23,房号,23D,用途,住宅,,建筑面积102.78平方米,户内面积,76.51平方米,分摊面积,26.27平方米,户内面积,--平方米,分摊面积--平方米,建筑面积,--平方米
项目楼栋情况,恒大成一期花园4栋,座号,A,合同号,--,拟售价格,37957元/平方米(按建筑面积计)楼层,23,房号,23E,用途,住宅,,建筑面积155.71平方米,户内面积,115.91平方米,分摊面积,39.8平方米,户内面积,--平方米,分摊面积--平方米,建筑面积,--平方米
项目楼栋情况,恒大成一期花园4栋,座号,A,合同号,--,拟售价格,37227元/平方米(按建筑面积计)楼层,22,房号,22A,用途,住宅,,建筑面积97.11平方米,户内面积,72.29平方米,分摊面积,24.82平方米,户内面积,--平方米,分摊面积--平方米,建筑面积,--平方米
项目楼栋情况,恒大成一期花园4栋,座号,A,合同号,--,拟售价格,38927元/平方米(按建筑面积计)楼层,22,房号,22B,用途,住宅,,建筑面积77.16平方米,户内面积,57.44平方米,分摊面积,19.72平方米,户内面积,--平方米,分摊面积--平方米,建筑面积,--平方米
项目楼栋情况,恒大成一期花园4栋,座号,A,合同号,--,拟售价格,38327元/平方米(按建筑面积计)楼层,22,房号,22C,用途,住宅,,建筑面积102.95平方米,户内面积,76.64平方米,分摊面积,26.31平方米,户内面积,--平方米,分摊面积--平方米,建筑面积,--平方米
项目楼栋情况,恒大成一期花园4栋,座号,A,合同号,--,拟售价格,37527元/平方米(按建筑面积计)楼层,22,房号,22D,用途,住宅,,建筑面积102.78平方米,户内面积,76.51平方米,分摊面积,26.27平方米,户内面积,--平方米,分摊面积--平方米,建筑面积,--平方米
项目楼栋情况,恒大成一期花园4栋,座号,A,合同号,--,拟售价格,37827元/平方米(按建筑面积计)楼层,22,房号,22E,用途,住宅,,建筑面积155.71平方米,户内面积,115.91平方米,分摊面积,39.8平方米,户内面积,--平方米,分摊面积--平方米,建筑面积,--平方米
项目楼栋情况,恒大成一期花园4栋,座号,A,合同号,--,拟售价格,37227元/平方米(按建筑面积计)楼层,21,房号,21A,用途,住宅,,建筑面积97.11平方米,户内面积,72.29平方米,分摊面积,24.82平方米,户内面积,--平方米,分摊面积--平方米,建筑面积,--平方米
项目楼栋情况,恒大成一期花园4栋,座号,A,合同号,--,拟售价格,38927元/平方米(按建筑面积计)楼层,21,房号,21B,用途,住宅,,建筑面积77.16平方米,户内面积,57.44平方米,分摊面积,19.72平方米,户内面积,--平方米,分摊面积--平方米,建筑面积,--平方米
项目楼栋情况,恒大成一期花园4栋,座号,A,合同号,--,拟售价格,38327元/平方米(按建筑面积计)楼层,21,房号,21C,用途,住宅,,建筑面积102.95平方米,户内面积,76.64平方米,分摊面积,26.31平方米,户内面积,--平方米,分摊面积--平方米,建筑面积,--平方米
项目楼栋情况,恒大成一期花园4栋,座号,A,合同号,--,拟售价格,37527元/平方米(按建筑面积计)楼层,21,房号,21D,用途,住宅,,建筑面积102.78平方米,户内面积,76.51平方米,分摊面积,26.27平方米,户内面积,--平方米,分摊面积--平方米,建筑面积,--平方米
项目楼栋情况,恒大成一期花园4栋,座号,A,合同号,--,拟售价格,37827元/平方米(按建筑面积计)楼层,21,房号,21E,用途,住宅,,建筑面积155.71平方米,户内面积,115.91平方米,分摊面积,39.8平方米,户内面积,--平方米,分摊面积--平方米,建筑面积,--平方米
项目楼栋情况,恒大成一期花园4栋,座号,A,合同号,--,拟售价格,37147元/平方米(按建筑面积计)楼层,20,房号,20A,用途,住宅,,建筑面积97.11平方米,户内面积,72.29平方米,分摊面积,24.82平方米,户内面积,--平方米,分摊面积--平方米,建筑面积,--平方米
项目楼栋情况,恒大成一期花园4栋,座号,A,合同号,深(龙)网预买字(2019)26538号,拟售价格,--元/平方米(按建筑面积计)楼层,20,房号,20B,用途,住宅,,建筑面积77.16平方米,户内面积,57.44平方米,分摊面积,19.72平方米,户内面积,--平方米,分摊面积--平方米,建筑面积,--平方米
项目楼栋情况,恒大成一期花园4栋,座号,A,合同号,--,拟售价格,38247元/平方米(按建筑面积计)楼层,20,房号,20C,用途,住宅,,建筑面积102.95平方米,户内面积,76.64平方米,分摊面积,26.31平方米,户内面积,--平方米,分摊面积--平方米,建筑面积,--平方米
项目楼栋情况,恒大成一期花园4栋,座号,A,合同号,--,拟售价格,37447元/平方米(按建筑面积计)楼层,20,房号,20D,用途,住宅,,建筑面积102.78平方米,户内面积,76.51平方米,分摊面积,26.27平方米,户内面积,--平方米,分摊面积--平方米,建筑面积,--平方米
项目楼栋情况,恒大成一期花园4栋,座号,A,合同号,--,拟售价格,37747元/平方米(按建筑面积计)楼层,20,房号,20E,用途,住宅,,建筑面积155.71平方米,户内面积,115.91平方米,分摊面积,39.8平方米,户内面积,--平方米,分摊面积--平方米,建筑面积,--平方米
项目楼栋情况,恒大成一期花园4栋,座号,A,合同号,--,拟售价格,37147元/平方米(按建筑面积计)楼层,19,房号,19A,用途,住宅,,建筑面积97.11平方米,户内面积,72.29平方米,分摊面积,24.82平方米,户内面积,--平方米,分摊面积--平方米,建筑面积,--平方米
项目楼栋情况,恒大成一期花园4栋,座号,A,合同号,--,拟售价格,38847元/平方米(按建筑面积计)楼层,19,房号,19B,用途,住宅,,建筑面积77.16平方米,户内面积,57.44平方米,分摊面积,19.72平方米,户内面积,--平方米,分摊面积--平方米,建筑面积,--平方米
项目楼栋情况,恒大成一期花园4栋,座号,A,合同号,--,拟售价格,38247元/平方米(按建筑面积计)楼层,19,房号,19C,用途,住宅,,建筑面积102.95平方米,户内面积,76.64平方米,分摊面积,26.31平方米,户内面积,--平方米,分摊面积--平方米,建筑面积,--平方米
项目楼栋情况,恒大成一期花园4栋,座号,A,合同号,--,拟售价格,37447元/平方米(按建筑面积计)楼层,19,房号,19D,用途,住宅,,建筑面积102.78平方米,户内面积,76.51平方米,分摊面积,26.27平方米,户内面积,--平方米,分摊面积--平方米,建筑面积,--平方米
项目楼栋情况,恒大成一期花园4栋,座号,A,合同号,--,拟售价格,37747元/平方米(按建筑面积计)楼层,19,房号,19E,用途,住宅,,建筑面积155.71平方米,户内面积,115.91平方米,分摊面积,39.8平方米,户内面积,--平方米,分摊面积--平方米,建筑面积,--平方米
项目楼栋情况,恒大成一期花园4栋,座号,A,合同号,深(龙)网预买字(2019)26435号,拟售价格,--元/平方米(按建筑面积计)楼层,18,房号,18A,用途,住宅,,建筑面积97.11平方米,户内面积,72.29平方米,分摊面积,24.82平方米,户内面积,--平方米,分摊面积--平方米,建筑面积,--平方米
项目楼栋情况,恒大成一期花园4栋,座号,A,合同号,--,拟售价格,38597元/平方米(按建筑面积计)楼层,18,房号,18B,用途,住宅,,建筑面积77.16平方米,户内面积,57.44平方米,分摊面积,19.72平方米,户内面积,--平方米,分摊面积--平方米,建筑面积,--平方米
项目楼栋情况,恒大成一期花园4栋,座号,A,合同号,深(龙)网预买字(2019)26356号,拟售价格,--元/平方米(按建筑面积计)楼层,18,房号,18C,用途,住宅,,建筑面积102.95平方米,户内面积,76.64平方米,分摊面积,26.31平方米,户内面积,--平方米,分摊面积--平方米,建筑面积,--平方米
项目楼栋情况,恒大成一期花园4栋,座号,A,合同号,--,拟售价格,37197元/平方米(按建筑面积计)楼层,18,房号,18D,用途,住宅,,建筑面积102.78平方米,户内面积,76.51平方米,分摊面积,26.27平方米,户内面积,--平方米,分摊面积--平方米,建筑面积,--平方米
项目楼栋情况,恒大成一期花园4栋,座号,A,合同号,--,拟售价格,37497元/平方米(按建筑面积计)楼层,18,房号,18E,用途,住宅,,建筑面积155.71平方米,户内面积,115.91平方米,分摊面积,39.8平方米,户内面积,--平方米,分摊面积--平方米,建筑面积,--平方米
项目楼栋情况,恒大成一期花园4栋,座号,A,合同号,--,拟售价格,37047元/平方米(按建筑面积计)楼层,17,房号,17A,用途,住宅,,建筑面积97.11平方米,户内面积,72.29平方米,分摊面积,24.82平方米,户内面积,--平方米,分摊面积--平方米,建筑面积,--平方米
项目楼栋情况,恒大成一期花园4栋,座号,A,合同号,--,拟售价格,38747元/平方米(按建筑面积计)楼层,17,房号,17B,用途,住宅,,建筑面积77.16平方米,户内面积,57.44平方米,分摊面积,19.72平方米,户内面积,--平方米,分摊面积--平方米,建筑面积,--平方米
项目楼栋情况,恒大成一期花园4栋,座号,A,合同号,--,拟售价格,38147元/平方米(按建筑面积计)楼层,17,房号,17C,用途,住宅,,建筑面积102.95平方米,户内面积,76.64平方米,分摊面积,26.31平方米,户内面积,--平方米,分摊面积--平方米,建筑面积,--平方米
项目楼栋情况,恒大成一期花园4栋,座号,A,合同号,--,拟售价格,37347元/平方米(按建筑面积计)楼层,17,房号,17D,用途,住宅,,建筑面积102.78平方米,户内面积,76.51平方米,分摊面积,26.27平方米,户内面积,--平方米,分摊面积--平方米,建筑面积,--平方米
项目楼栋情况,恒大成一期花园4栋,座号,A,合同号,--,拟售价格,37647元/平方米(按建筑面积计)楼层,17,房号,17E,用途,住宅,,建筑面积155.71平方米,户内面积,115.91平方米,分摊面积,39.8平方米,户内面积,--平方米,分摊面积--平方米,建筑面积,--平方米
项目楼栋情况,恒大成一期花园4栋,座号,A,合同号,--,拟售价格,36947元/平方米(按建筑面积计)楼层,16,房号,16A,用途,住宅,,建筑面积97.11平方米,户内面积,72.29平方米,分摊面积,24.82平方米,户内面积,--平方米,分摊面积--平方米,建筑面积,--平方米
项目楼栋情况,恒大成一期花园4栋,座号,A,合同号,--,拟售价格,38647元/平方米(按建筑面积计)楼层,16,房号,16B,用途,住宅,,建筑面积77.16平方米,户内面积,57.44平方米,分摊面积,19.72平方米,户内面积,--平方米,分摊面积--平方米,建筑面积,--平方米
项目楼栋情况,恒大成一期花园4栋,座号,A,合同号,--,拟售价格,38047元/平方米(按建筑面积计)楼层,16,房号,16C,用途,住宅,,建筑面积102.95平方米,户内面积,76.64平方米,分摊面积,26.31平方米,户内面积,--平方米,分摊面积--平方米,建筑面积,--平方米
项目楼栋情况,恒大成一期花园4栋,座号,A,合同号,--,拟售价格,37247元/平方米(按建筑面积计)楼层,16,房号,16D,用途,住宅,,建筑面积102.78平方米,户内面积,76.51平方米,分摊面积,26.27平方米,户内面积,--平方米,分摊面积--平方米,建筑面积,--平方米
项目楼栋情况,恒大成一期花园4栋,座号,A,合同号,--,拟售价格,37547元/平方米(按建筑面积计)楼层,16,房号,16E,用途,住宅,,建筑面积155.71平方米,户内面积,115.91平方米,分摊面积,39.8平方米,户内面积,--平方米,分摊面积--平方米,建筑面积,--平方米
项目楼栋情况,恒大成一期花园4栋,座号,A,合同号,--,拟售价格,36897元/平方米(按建筑面积计)楼层,15,房号,15A,用途,住宅,,建筑面积97.11平方米,户内面积,72.29平方米,分摊面积,24.82平方米,户内面积,--平方米,分摊面积--平方米,建筑面积,--平方米
项目楼栋情况,恒大成一期花园4栋,座号,A,合同号,--,拟售价格,38597元/平方米(按建筑面积计)楼层,15,房号,15B,用途,住宅,,建筑面积77.16平方米,户内面积,57.44平方米,分摊面积,19.72平方米,户内面积,--平方米,分摊面积--平方米,建筑面积,--平方米
项目楼栋情况,恒大成一期花园4栋,座号,A,合同号,深(龙)网预买字(2019)27226号,拟售价格,--元/平方米(按建筑面积计)楼层,15,房号,15C,用途,住宅,,建筑面积102.95平方米,户内面积,76.64平方米,分摊面积,26.31平方米,户内面积,--平方米,分摊面积--平方米,建筑面积,--平方米
项目楼栋情况,恒大成一期花园4栋,座号,A,合同号,--,拟售价格,37197元/平方米(按建筑面积计)楼层,15,房号,15D,用途,住宅,,建筑面积102.78平方米,户内面积,76.51平方米,分摊面积,26.27平方米,户内面积,--平方米,分摊面积--平方米,建筑面积,--平方米
项目楼栋情况,恒大成一期花园4栋,座号,A,合同号,--,拟售价格,37497元/平方米(按建筑面积计)楼层,15,房号,15E,用途,住宅,,建筑面积155.71平方米,户内面积,115.91平方米,分摊面积,39.8平方米,户内面积,--平方米,分摊面积--平方米,建筑面积,--平方米
项目楼栋情况,恒大成一期花园4栋,座号,A,合同号,--,拟售价格,36797元/平方米(按建筑面积计)楼层,13,房号,13A,用途,住宅,,建筑面积97.11平方米,户内面积,72.29平方米,分摊面积,24.82平方米,户内面积,--平方米,分摊面积--平方米,建筑面积,--平方米
项目楼栋情况,恒大成一期花园4栋,座号,A,合同号,--,拟售价格,38497元/平方米(按建筑面积计)楼层,13,房号,13B,用途,住宅,,建筑面积77.16平方米,户内面积,57.44平方米,分摊面积,19.72平方米,户内面积,--平方米,分摊面积--平方米,建筑面积,--平方米
项目楼栋情况,恒大成一期花园4栋,座号,A,合同号,--,拟售价格,37897元/平方米(按建筑面积计)楼层,13,房号,13C,用途,住宅,,建筑面积102.95平方米,户内面积,76.64平方米,分摊面积,26.31平方米,户内面积,--平方米,分摊面积--平方米,建筑面积,--平方米
项目楼栋情况,恒大成一期花园4栋,座号,A,合同号,--,拟售价格,37097元/平方米(按建筑面积计)楼层,13,房号,13D,用途,住宅,,建筑面积102.78平方米,户内面积,76.51平方米,分摊面积,26.27平方米,户内面积,--平方米,分摊面积--平方米,建筑面积,--平方米
项目楼栋情况,恒大成一期花园4栋,座号,A,合同号,--,拟售价格,37397元/平方米(按建筑面积计)楼层,13,房号,13E,用途,住宅,,建筑面积155.71平方米,户内面积,115.91平方米,分摊面积,39.8平方米,户内面积,--平方米,分摊面积--平方米,建筑面积,--平方米
项目楼栋情况,恒大成一期花园4栋,座号,A,合同号,--,拟售价格,36847元/平方米(按建筑面积计)楼层,12,房号,12A,用途,住宅,,建筑面积97.11平方米,户内面积,72.29平方米,分摊面积,24.82平方米,户内面积,--平方米,分摊面积--平方米,建筑面积,--平方米
项目楼栋情况,恒大成一期花园4栋,座号,A,合同号,--,拟售价格,38547元/平方米(按建筑面积计)楼层,12,房号,12B,用途,住宅,,建筑面积77.16平方米,户内面积,57.44平方米,分摊面积,19.72平方米,户内面积,--平方米,分摊面积--平方米,建筑面积,--平方米
项目楼栋情况,恒大成一期花园4栋,座号,A,合同号,--,拟售价格,37947元/平方米(按建筑面积计)楼层,12,房号,12C,用途,住宅,,建筑面积102.95平方米,户内面积,76.64平方米,分摊面积,26.31平方米,户内面积,--平方米,分摊面积--平方米,建筑面积,--平方米
项目楼栋情况,恒大成一期花园4栋,座号,A,合同号,--,拟售价格,37147元/平方米(按建筑面积计)楼层,12,房号,12D,用途,住宅,,建筑面积102.78平方米,户内面积,76.51平方米,分摊面积,26.27平方米,户内面积,--平方米,分摊面积--平方米,建筑面积,--平方米
项目楼栋情况,恒大成一期花园4栋,座号,A,合同号,--,拟售价格,37447元/平方米(按建筑面积计)楼层,12,房号,12E,用途,住宅,,建筑面积155.71平方米,户内面积,115.91平方米,分摊面积,39.8平方米,户内面积,--平方米,分摊面积--平方米,建筑面积,--平方米
项目楼栋情况,恒大成一期花园4栋,座号,A,合同号,--,拟售价格,36797元/平方米(按建筑面积计)楼层,11,房号,11A,用途,住宅,,建筑面积97.11平方米,户内面积,72.29平方米,分摊面积,24.82平方米,户内面积,--平方米,分摊面积--平方米,建筑面积,--平方米
项目楼栋情况,恒大成一期花园4栋,座号,A,合同号,--,拟售价格,38497元/平方米(按建筑面积计)楼层,11,房号,11B,用途,住宅,,建筑面积77.16平方米,户内面积,57.44平方米,分摊面积,19.72平方米,户内面积,--平方米,分摊面积--平方米,建筑面积,--平方米
项目楼栋情况,恒大成一期花园4栋,座号,A,合同号,深(龙)网预买字(2019)26357号,拟售价格,--元/平方米(按建筑面积计)楼层,11,房号,11C,用途,住宅,,建筑面积102.95平方米,户内面积,76.64平方米,分摊面积,26.31平方米,户内面积,--平方米,分摊面积--平方米,建筑面积,--平方米
项目楼栋情况,恒大成一期花园4栋,座号,A,合同号,--,拟售价格,37097元/平方米(按建筑面积计)楼层,11,房号,11D,用途,住宅,,建筑面积102.78平方米,户内面积,76.51平方米,分摊面积,26.27平方米,户内面积,--平方米,分摊面积--平方米,建筑面积,--平方米
项目楼栋情况,恒大成一期花园4栋,座号,A,合同号,--,拟售价格,37397元/平方米(按建筑面积计)楼层,11,房号,11E,用途,住宅,,建筑面积155.71平方米,户内面积,115.91平方米,分摊面积,39.8平方米,户内面积,--平方米,分摊面积--平方米,建筑面积,--平方米
项目楼栋情况,恒大成一期花园4栋,座号,A,合同号,--,拟售价格,36797元/平方米(按建筑面积计)楼层,10,房号,10A,用途,住宅,,建筑面积97.11平方米,户内面积,72.29平方米,分摊面积,24.82平方米,户内面积,--平方米,分摊面积--平方米,建筑面积,--平方米
项目楼栋情况,恒大成一期花园4栋,座号,A,合同号,--,拟售价格,38497元/平方米(按建筑面积计)楼层,10,房号,10B,用途,住宅,,建筑面积77.16平方米,户内面积,57.44平方米,分摊面积,19.72平方米,户内面积,--平方米,分摊面积--平方米,建筑面积,--平方米
项目楼栋情况,恒大成一期花园4栋,座号,A,合同号,--,拟售价格,37897元/平方米(按建筑面积计)楼层,10,房号,10C,用途,住宅,,建筑面积102.95平方米,户内面积,76.64平方米,分摊面积,26.31平方米,户内面积,--平方米,分摊面积--平方米,建筑面积,--平方米
项目楼栋情况,恒大成一期花园4栋,座号,A,合同号,--,拟售价格,37097元/平方米(按建筑面积计)楼层,10,房号,10D,用途,住宅,,建筑面积102.78平方米,户内面积,76.51平方米,分摊面积,26.27平方米,户内面积,--平方米,分摊面积--平方米,建筑面积,--平方米
项目楼栋情况,恒大成一期花园4栋,座号,A,合同号,--,拟售价格,37397元/平方米(按建筑面积计)楼层,10,房号,10E,用途,住宅,,建筑面积155.71平方米,户内面积,115.91平方米,分摊面积,39.8平方米,户内面积,--平方米,分摊面积--平方米,建筑面积,--平方米
项目楼栋情况,恒大成一期花园4栋,座号,A,合同号,--,拟售价格,36747元/平方米(按建筑面积计)楼层,9,房号,9A,用途,住宅,,建筑面积97.11平方米,户内面积,72.29平方米,分摊面积,24.82平方米,户内面积,--平方米,分摊面积--平方米,建筑面积,--平方米
项目楼栋情况,恒大成一期花园4栋,座号,A,合同号,深(龙)网预买字(2019)26458号,拟售价格,--元/平方米(按建筑面积计)楼层,9,房号,9B,用途,住宅,,建筑面积77.16平方米,户内面积,57.44平方米,分摊面积,19.72平方米,户内面积,--平方米,分摊面积--平方米,建筑面积,--平方米
项目楼栋情况,恒大成一期花园4栋,座号,A,合同号,深(龙)网预买字(2019)27021号,拟售价格,--元/平方米(按建筑面积计)楼层,9,房号,9C,用途,住宅,,建筑面积102.95平方米,户内面积,76.64平方米,分摊面积,26.31平方米,户内面积,--平方米,分摊面积--平方米,建筑面积,--平方米
项目楼栋情况,恒大成一期花园4栋,座号,A,合同号,--,拟售价格,37047元/平方米(按建筑面积计)楼层,9,房号,9D,用途,住宅,,建筑面积102.78平方米,户内面积,76.51平方米,分摊面积,26.27平方米,户内面积,--平方米,分摊面积--平方米,建筑面积,--平方米
项目楼栋情况,恒大成一期花园4栋,座号,A,合同号,--,拟售价格,37347元/平方米(按建筑面积计)楼层,9,房号,9E,用途,住宅,,建筑面积155.71平方米,户内面积,115.91平方米,分摊面积,39.8平方米,户内面积,--平方米,分摊面积--平方米,建筑面积,--平方米
项目楼栋情况,恒大成一期花园4栋,座号,A,合同号,--,拟售价格,36747元/平方米(按建筑面积计)楼层,8,房号,8A,用途,住宅,,建筑面积97.11平方米,户内面积,72.29平方米,分摊面积,24.82平方米,户内面积,--平方米,分摊面积--平方米,建筑面积,--平方米
项目楼栋情况,恒大成一期花园4栋,座号,A,合同号,--,拟售价格,38447元/平方米(按建筑面积计)楼层,8,房号,8B,用途,住宅,,建筑面积77.16平方米,户内面积,57.44平方米,分摊面积,19.72平方米,户内面积,--平方米,分摊面积--平方米,建筑面积,--平方米
项目楼栋情况,恒大成一期花园4栋,座号,A,合同号,深(龙)网预买字(2019)27183号,拟售价格,--元/平方米(按建筑面积计)楼层,8,房号,8C,用途,住宅,,建筑面积102.95平方米,户内面积,76.64平方米,分摊面积,26.31平方米,户内面积,--平方米,分摊面积--平方米,建筑面积,--平方米
项目楼栋情况,恒大成一期花园4栋,座号,A,合同号,--,拟售价格,37047元/平方米(按建筑面积计)楼层,8,房号,8D,用途,住宅,,建筑面积102.78平方米,户内面积,76.51平方米,分摊面积,26.27平方米,户内面积,--平方米,分摊面积--平方米,建筑面积,--平方米
项目楼栋情况,恒大成一期花园4栋,座号,A,合同号,--,拟售价格,37347元/平方米(按建筑面积计)楼层,8,房号,8E,用途,住宅,,建筑面积155.71平方米,户内面积,115.91平方米,分摊面积,39.8平方米,户内面积,--平方米,分摊面积--平方米,建筑面积,--平方米
项目楼栋情况,恒大成一期花园4栋,座号,A,合同号,深(龙)网预买字(2019)26437号,拟售价格,--元/平方米(按建筑面积计)楼层,7,房号,7A,用途,住宅,,建筑面积97.11平方米,户内面积,72.29平方米,分摊面积,24.82平方米,户内面积,--平方米,分摊面积--平方米,建筑面积,--平方米
项目楼栋情况,恒大成一期花园4栋,座号,A,合同号,--,拟售价格,38297元/平方米(按建筑面积计)楼层,7,房号,7B,用途,住宅,,建筑面积77.16平方米,户内面积,57.44平方米,分摊面积,19.72平方米,户内面积,--平方米,分摊面积--平方米,建筑面积,--平方米
项目楼栋情况,恒大成一期花园4栋,座号,A,合同号,--,拟售价格,37697元/平方米(按建筑面积计)楼层,7,房号,7C,用途,住宅,,建筑面积102.95平方米,户内面积,76.64平方米,分摊面积,26.31平方米,户内面积,--平方米,分摊面积--平方米,建筑面积,--平方米
项目楼栋情况,恒大成一期花园4栋,座号,A,合同号,--,拟售价格,36897元/平方米(按建筑面积计)楼层,7,房号,7D,用途,住宅,,建筑面积102.78平方米,户内面积,76.51平方米,分摊面积,26.27平方米,户内面积,--平方米,分摊面积--平方米,建筑面积,--平方米
项目楼栋情况,恒大成一期花园4栋,座号,A,合同号,--,拟售价格,37197元/平方米(按建筑面积计)楼层,7,房号,7E,用途,住宅,,建筑面积155.71平方米,户内面积,115.91平方米,分摊面积,39.8平方米,户内面积,--平方米,分摊面积--平方米,建筑面积,--平方米
项目楼栋情况,恒大成一期花园4栋,座号,A,合同号,--,拟售价格,36597元/平方米(按建筑面积计)楼层,6,房号,6A,用途,住宅,,建筑面积97.11平方米,户内面积,72.29平方米,分摊面积,24.82平方米,户内面积,--平方米,分摊面积--平方米,建筑面积,--平方米
项目楼栋情况,恒大成一期花园4栋,座号,A,合同号,--,拟售价格,38297元/平方米(按建筑面积计)楼层,6,房号,6B,用途,住宅,,建筑面积77.16平方米,户内面积,57.44平方米,分摊面积,19.72平方米,户内面积,--平方米,分摊面积--平方米,建筑面积,--平方米
项目楼栋情况,恒大成一期花园4栋,座号,A,合同号,深(龙)网预买字(2019)26448号,拟售价格,--元/平方米(按建筑面积计)楼层,6,房号,6C,用途,住宅,,建筑面积102.95平方米,户内面积,76.64平方米,分摊面积,26.31平方米,户内面积,--平方米,分摊面积--平方米,建筑面积,--平方米
项目楼栋情况,恒大成一期花园4栋,座号,A,合同号,--,拟售价格,36897元/平方米(按建筑面积计)楼层,6,房号,6D,用途,住宅,,建筑面积102.78平方米,户内面积,76.51平方米,分摊面积,26.27平方米,户内面积,--平方米,分摊面积--平方米,建筑面积,--平方米
项目楼栋情况,恒大成一期花园4栋,座号,A,合同号,--,拟售价格,37197元/平方米(按建筑面积计)楼层,6,房号,6E,用途,住宅,,建筑面积155.71平方米,户内面积,115.91平方米,分摊面积,39.8平方米,户内面积,--平方米,分摊面积--平方米,建筑面积,--平方米
项目楼栋情况,恒大成一期花园4栋,座号,A,合同号,--,拟售价格,36567元/平方米(按建筑面积计)楼层,5,房号,5A,用途,住宅,,建筑面积97.11平方米,户内面积,72.29平方米,分摊面积,24.82平方米,户内面积,--平方米,分摊面积--平方米,建筑面积,--平方米
项目楼栋情况,恒大成一期花园4栋,座号,A,合同号,--,拟售价格,38267元/平方米(按建筑面积计)楼层,5,房号,5B,用途,住宅,,建筑面积77.16平方米,户内面积,57.44平方米,分摊面积,19.72平方米,户内面积,--平方米,分摊面积--平方米,建筑面积,--平方米
项目楼栋情况,恒大成一期花园4栋,座号,A,合同号,--,拟售价格,37667元/平方米(按建筑面积计)楼层,5,房号,5C,用途,住宅,,建筑面积102.95平方米,户内面积,76.64平方米,分摊面积,26.31平方米,户内面积,--平方米,分摊面积--平方米,建筑面积,--平方米
项目楼栋情况,恒大成一期花园4栋,座号,A,合同号,--,拟售价格,36867元/平方米(按建筑面积计)楼层,5,房号,5D,用途,住宅,,建筑面积102.78平方米,户内面积,76.51平方米,分摊面积,26.27平方米,户内面积,--平方米,分摊面积--平方米,建筑面积,--平方米
项目楼栋情况,恒大成一期花园4栋,座号,A,合同号,--,拟售价格,37167元/平方米(按建筑面积计)楼层,5,房号,5E,用途,住宅,,建筑面积155.71平方米,户内面积,115.91平方米,分摊面积,39.8平方米,户内面积,--平方米,分摊面积--平方米,建筑面积,--平方米
项目楼栋情况,恒大成一期花园4栋,座号,B,合同号,--,拟售价格,38287元/平方米(按建筑面积计)楼层,37,房号,37A,用途,住宅,,建筑面积97.11平方米,户内面积,72.29平方米,分摊面积,24.82平方米,户内面积,--平方米,分摊面积--平方米,建筑面积,--平方米
项目楼栋情况,恒大成一期花园4栋,座号,B,合同号,--,拟售价格,39987元/平方米(按建筑面积计)楼层,37,房号,37B,用途,住宅,,建筑面积77.16平方米,户内面积,57.44平方米,分摊面积,19.72平方米,户内面积,--平方米,分摊面积--平方米,建筑面积,--平方米
项目楼栋情况,恒大成一期花园4栋,座号,B,合同号,--,拟售价格,39087元/平方米(按建筑面积计)楼层,37,房号,37C,用途,住宅,,建筑面积102.95平方米,户内面积,76.64平方米,分摊面积,26.31平方米,户内面积,--平方米,分摊面积--平方米,建筑面积,--平方米
项目楼栋情况,恒大成一期花园4栋,座号,B,合同号,--,拟售价格,38187元/平方米(按建筑面积计)楼层,37,房号,37D,用途,住宅,,建筑面积102.78平方米,户内面积,76.51平方米,分摊面积,26.27平方米,户内面积,--平方米,分摊面积--平方米,建筑面积,--平方米
项目楼栋情况,恒大成一期花园4栋,座号,B,合同号,--,拟售价格,38487元/平方米(按建筑面积计)楼层,37,房号,37E,用途,住宅,,建筑面积155.71平方米,户内面积,115.91平方米,分摊面积,39.8平方米,户内面积,--平方米,分摊面积--平方米,建筑面积,--平方米
项目楼栋情况,恒大成一期花园4栋,座号,B,合同号,--,拟售价格,38387元/平方米(按建筑面积计)楼层,36,房号,36A,用途,住宅,,建筑面积97.11平方米,户内面积,72.29平方米,分摊面积,24.82平方米,户内面积,--平方米,分摊面积--平方米,建筑面积,--平方米
项目楼栋情况,恒大成一期花园4栋,座号,B,合同号,--,拟售价格,40087元/平方米(按建筑面积计)楼层,36,房号,36B,用途,住宅,,建筑面积77.16平方米,户内面积,57.44平方米,分摊面积,19.72平方米,户内面积,--平方米,分摊面积--平方米,建筑面积,--平方米
项目楼栋情况,恒大成一期花园4栋,座号,B,合同号,--,拟售价格,39187元/平方米(按建筑面积计)楼层,36,房号,36C,用途,住宅,,建筑面积102.95平方米,户内面积,76.64平方米,分摊面积,26.31平方米,户内面积,--平方米,分摊面积--平方米,建筑面积,--平方米
项目楼栋情况,恒大成一期花园4栋,座号,B,合同号,--,拟售价格,38287元/平方米(按建筑面积计)楼层,36,房号,36D,用途,住宅,,建筑面积102.78平方米,户内面积,76.51平方米,分摊面积,26.27平方米,户内面积,--平方米,分摊面积--平方米,建筑面积,--平方米
项目楼栋情况,恒大成一期花园4栋,座号,B,合同号,--,拟售价格,38587元/平方米(按建筑面积计)楼层,36,房号,36E,用途,住宅,,建筑面积155.71平方米,户内面积,115.91平方米,分摊面积,39.8平方米,户内面积,--平方米,分摊面积--平方米,建筑面积,--平方米
项目楼栋情况,恒大成一期花园4栋,座号,B,合同号,--,拟售价格,38307元/平方米(按建筑面积计)楼层,35,房号,35A,用途,住宅,,建筑面积97.11平方米,户内面积,72.29平方米,分摊面积,24.82平方米,户内面积,--平方米,分摊面积--平方米,建筑面积,--平方米
项目楼栋情况,恒大成一期花园4栋,座号,B,合同号,--,拟售价格,40007元/平方米(按建筑面积计)楼层,35,房号,35B,用途,住宅,,建筑面积77.16平方米,户内面积,57.44平方米,分摊面积,19.72平方米,户内面积,--平方米,分摊面积--平方米,建筑面积,--平方米
项目楼栋情况,恒大成一期花园4栋,座号,B,合同号,深(龙)网预买字(2019)27157号,拟售价格,--元/平方米(按建筑面积计)楼层,35,房号,35C,用途,住宅,,建筑面积102.95平方米,户内面积,76.64平方米,分摊面积,26.31平方米,户内面积,--平方米,分摊面积--平方米,建筑面积,--平方米
项目楼栋情况,恒大成一期花园4栋,座号,B,合同号,--,拟售价格,38207元/平方米(按建筑面积计)楼层,35,房号,35D,用途,住宅,,建筑面积102.78平方米,户内面积,76.51平方米,分摊面积,26.27平方米,户内面积,--平方米,分摊面积--平方米,建筑面积,--平方米
项目楼栋情况,恒大成一期花园4栋,座号,B,合同号,--,拟售价格,38507元/平方米(按建筑面积计)楼层,35,房号,35E,用途,住宅,,建筑面积155.71平方米,户内面积,115.91平方米,分摊面积,39.8平方米,户内面积,--平方米,分摊面积--平方米,建筑面积,--平方米
项目楼栋情况,恒大成一期花园4栋,座号,B,合同号,深(龙)网预买字(2019)26439号,拟售价格,--元/平方米(按建筑面积计)楼层,34,房号,34A,用途,住宅,,建筑面积97.11平方米,户内面积,72.29平方米,分摊面积,24.82平方米,户内面积,--平方米,分摊面积--平方米,建筑面积,--平方米
项目楼栋情况,恒大成一期花园4栋,座号,B,合同号,--,拟售价格,39797元/平方米(按建筑面积计)楼层,34,房号,34B,用途,住宅,,建筑面积77.16平方米,户内面积,57.44平方米,分摊面积,19.72平方米,户内面积,--平方米,分摊面积--平方米,建筑面积,--平方米
项目楼栋情况,恒大成一期花园4栋,座号,B,合同号,--,拟售价格,38897元/平方米(按建筑面积计)楼层,34,房号,34C,用途,住宅,,建筑面积102.95平方米,户内面积,76.64平方米,分摊面积,26.31平方米,户内面积,--平方米,分摊面积--平方米,建筑面积,--平方米
项目楼栋情况,恒大成一期花园4栋,座号,B,合同号,深(龙)网预买字(2019)26576号,拟售价格,--元/平方米(按建筑面积计)楼层,34,房号,34D,用途,住宅,,建筑面积102.78平方米,户内面积,76.51平方米,分摊面积,26.27平方米,户内面积,--平方米,分摊面积--平方米,建筑面积,--平方米
项目楼栋情况,恒大成一期花园4栋,座号,B,合同号,--,拟售价格,38297元/平方米(按建筑面积计)楼层,34,房号,34E,用途,住宅,,建筑面积155.71平方米,户内面积,115.91平方米,分摊面积,39.8平方米,户内面积,--平方米,分摊面积--平方米,建筑面积,--平方米
项目楼栋情况,恒大成一期花园4栋,座号,B,合同号,--,拟售价格,38227元/平方米(按建筑面积计)楼层,33,房号,33A,用途,住宅,,建筑面积97.11平方米,户内面积,72.29平方米,分摊面积,24.82平方米,户内面积,--平方米,分摊面积--平方米,建筑面积,--平方米
项目楼栋情况,恒大成一期花园4栋,座号,B,合同号,--,拟售价格,39927元/平方米(按建筑面积计)楼层,33,房号,33B,用途,住宅,,建筑面积77.16平方米,户内面积,57.44平方米,分摊面积,19.72平方米,户内面积,--平方米,分摊面积--平方米,建筑面积,--平方米
项目楼栋情况,恒大成一期花园4栋,座号,B,合同号,--,拟售价格,39027元/平方米(按建筑面积计)楼层,33,房号,33C,用途,住宅,,建筑面积102.95平方米,户内面积,76.64平方米,分摊面积,26.31平方米,户内面积,--平方米,分摊面积--平方米,建筑面积,--平方米
项目楼栋情况,恒大成一期花园4栋,座号,B,合同号,--,拟售价格,38127元/平方米(按建筑面积计)楼层,33,房号,33D,用途,住宅,,建筑面积102.78平方米,户内面积,76.51平方米,分摊面积,26.27平方米,户内面积,--平方米,分摊面积--平方米,建筑面积,--平方米
项目楼栋情况,恒大成一期花园4栋,座号,B,合同号,--,拟售价格,38427元/平方米(按建筑面积计)楼层,33,房号,33E,用途,住宅,,建筑面积155.71平方米,户内面积,115.91平方米,分摊面积,39.8平方米,户内面积,--平方米,分摊面积--平方米,建筑面积,--平方米
项目楼栋情况,恒大成一期花园4栋,座号,B,合同号,--,拟售价格,38227元/平方米(按建筑面积计)楼层,32,房号,32A,用途,住宅,,建筑面积97.11平方米,户内面积,72.29平方米,分摊面积,24.82平方米,户内面积,--平方米,分摊面积--平方米,建筑面积,--平方米
项目楼栋情况,恒大成一期花园4栋,座号,B,合同号,深(龙)网预买字(2019)26573号,拟售价格,--元/平方米(按建筑面积计)楼层,32,房号,32B,用途,住宅,,建筑面积77.16平方米,户内面积,57.44平方米,分摊面积,19.72平方米,户内面积,--平方米,分摊面积--平方米,建筑面积,--平方米
项目楼栋情况,恒大成一期花园4栋,座号,B,合同号,--,拟售价格,39027元/平方米(按建筑面积计)楼层,32,房号,32C,用途,住宅,,建筑面积102.95平方米,户内面积,76.64平方米,分摊面积,26.31平方米,户内面积,--平方米,分摊面积--平方米,建筑面积,--平方米
项目楼栋情况,恒大成一期花园4栋,座号,B,合同号,--,拟售价格,38127元/平方米(按建筑面积计)楼层,32,房号,32D,用途,住宅,,建筑面积102.78平方米,户内面积,76.51平方米,分摊面积,26.27平方米,户内面积,--平方米,分摊面积--平方米,建筑面积,--平方米
项目楼栋情况,恒大成一期花园4栋,座号,B,合同号,--,拟售价格,38427元/平方米(按建筑面积计)楼层,32,房号,32E,用途,住宅,,建筑面积155.71平方米,户内面积,115.91平方米,分摊面积,39.8平方米,户内面积,--平方米,分摊面积--平方米,建筑面积,--平方米
项目楼栋情况,恒大成一期花园4栋,座号,B,合同号,--,拟售价格,38097元/平方米(按建筑面积计)楼层,31,房号,31A,用途,住宅,,建筑面积97.11平方米,户内面积,72.29平方米,分摊面积,24.82平方米,户内面积,--平方米,分摊面积--平方米,建筑面积,--平方米
项目楼栋情况,恒大成一期花园4栋,座号,B,合同号,--,拟售价格,39797元/平方米(按建筑面积计)楼层,31,房号,31B,用途,住宅,,建筑面积77.16平方米,户内面积,57.44平方米,分摊面积,19.72平方米,户内面积,--平方米,分摊面积--平方米,建筑面积,--平方米
项目楼栋情况,恒大成一期花园4栋,座号,B,合同号,--,拟售价格,38897元/平方米(按建筑面积计)楼层,31,房号,31C,用途,住宅,,建筑面积102.95平方米,户内面积,76.64平方米,分摊面积,26.31平方米,户内面积,--平方米,分摊面积--平方米,建筑面积,--平方米
项目楼栋情况,恒大成一期花园4栋,座号,B,合同号,--,拟售价格,37997元/平方米(按建筑面积计)楼层,31,房号,31D,用途,住宅,,建筑面积102.78平方米,户内面积,76.51平方米,分摊面积,26.27平方米,户内面积,--平方米,分摊面积--平方米,建筑面积,--平方米
项目楼栋情况,恒大成一期花园4栋,座号,B,合同号,--,拟售价格,38297元/平方米(按建筑面积计)楼层,31,房号,31E,用途,住宅,,建筑面积155.71平方米,户内面积,115.91平方米,分摊面积,39.8平方米,户内面积,--平方米,分摊面积--平方米,建筑面积,--平方米
项目楼栋情况,恒大成一期花园4栋,座号,B,合同号,--,拟售价格,38097元/平方米(按建筑面积计)楼层,29,房号,29A,用途,住宅,,建筑面积97.11平方米,户内面积,72.29平方米,分摊面积,24.82平方米,户内面积,--平方米,分摊面积--平方米,建筑面积,--平方米
项目楼栋情况,恒大成一期花园4栋,座号,B,合同号,--,拟售价格,39797元/平方米(按建筑面积计)楼层,29,房号,29B,用途,住宅,,建筑面积77.16平方米,户内面积,57.44平方米,分摊面积,19.72平方米,户内面积,--平方米,分摊面积--平方米,建筑面积,--平方米
项目楼栋情况,恒大成一期花园4栋,座号,B,合同号,--,拟售价格,38897元/平方米(按建筑面积计)楼层,29,房号,29C,用途,住宅,,建筑面积102.95平方米,户内面积,76.64平方米,分摊面积,26.31平方米,户内面积,--平方米,分摊面积--平方米,建筑面积,--平方米
项目楼栋情况,恒大成一期花园4栋,座号,B,合同号,--,拟售价格,37997元/平方米(按建筑面积计)楼层,29,房号,29D,用途,住宅,,建筑面积102.78平方米,户内面积,76.51平方米,分摊面积,26.27平方米,户内面积,--平方米,分摊面积--平方米,建筑面积,--平方米
项目楼栋情况,恒大成一期花园4栋,座号,B,合同号,--,拟售价格,38297元/平方米(按建筑面积计)楼层,29,房号,29E,用途,住宅,,建筑面积155.71平方米,户内面积,115.91平方米,分摊面积,39.8平方米,户内面积,--平方米,分摊面积--平方米,建筑面积,--平方米
项目楼栋情况,恒大成一期花园4栋,座号,B,合同号,--,拟售价格,38017元/平方米(按建筑面积计)楼层,28,房号,28A,用途,住宅,,建筑面积97.11平方米,户内面积,72.29平方米,分摊面积,24.82平方米,户内面积,--平方米,分摊面积--平方米,建筑面积,--平方米
项目楼栋情况,恒大成一期花园4栋,座号,B,合同号,--,拟售价格,39717元/平方米(按建筑面积计)楼层,28,房号,28B,用途,住宅,,建筑面积77.16平方米,户内面积,57.44平方米,分摊面积,19.72平方米,户内面积,--平方米,分摊面积--平方米,建筑面积,--平方米
项目楼栋情况,恒大成一期花园4栋,座号,B,合同号,--,拟售价格,38817元/平方米(按建筑面积计)楼层,28,房号,28C,用途,住宅,,建筑面积102.95平方米,户内面积,76.64平方米,分摊面积,26.31平方米,户内面积,--平方米,分摊面积--平方米,建筑面积,--平方米
项目楼栋情况,恒大成一期花园4栋,座号,B,合同号,--,拟售价格,37917元/平方米(按建筑面积计)楼层,28,房号,28D,用途,住宅,,建筑面积102.78平方米,户内面积,76.51平方米,分摊面积,26.27平方米,户内面积,--平方米,分摊面积--平方米,建筑面积,--平方米
项目楼栋情况,恒大成一期花园4栋,座号,B,合同号,--,拟售价格,38217元/平方米(按建筑面积计)楼层,28,房号,28E,用途,住宅,,建筑面积155.71平方米,户内面积,115.91平方米,分摊面积,39.8平方米,户内面积,--平方米,分摊面积--平方米,建筑面积,--平方米
项目楼栋情况,恒大成一期花园4栋,座号,B,合同号,--,拟售价格,38017元/平方米(按建筑面积计)楼层,27,房号,27A,用途,住宅,,建筑面积97.11平方米,户内面积,72.29平方米,分摊面积,24.82平方米,户内面积,--平方米,分摊面积--平方米,建筑面积,--平方米
项目楼栋情况,恒大成一期花园4栋,座号,B,合同号,--,拟售价格,39717元/平方米(按建筑面积计)楼层,27,房号,27B,用途,住宅,,建筑面积77.16平方米,户内面积,57.44平方米,分摊面积,19.72平方米,户内面积,--平方米,分摊面积--平方米,建筑面积,--平方米
项目楼栋情况,恒大成一期花园4栋,座号,B,合同号,深(龙)网预买字(2019)26589号,拟售价格,--元/平方米(按建筑面积计)楼层,27,房号,27C,用途,住宅,,建筑面积102.95平方米,户内面积,76.64平方米,分摊面积,26.31平方米,户内面积,--平方米,分摊面积--平方米,建筑面积,--平方米
项目楼栋情况,恒大成一期花园4栋,座号,B,合同号,--,拟售价格,37917元/平方米(按建筑面积计)楼层,27,房号,27D,用途,住宅,,建筑面积102.78平方米,户内面积,76.51平方米,分摊面积,26.27平方米,户内面积,--平方米,分摊面积--平方米,建筑面积,--平方米
项目楼栋情况,恒大成一期花园4栋,座号,B,合同号,--,拟售价格,38217元/平方米(按建筑面积计)楼层,27,房号,27E,用途,住宅,,建筑面积155.71平方米,户内面积,115.91平方米,分摊面积,39.8平方米,户内面积,--平方米,分摊面积--平方米,建筑面积,--平方米
项目楼栋情况,恒大成一期花园4栋,座号,B,合同号,深(龙)网预买字(2019)26440号,拟售价格,--元/平方米(按建筑面积计)楼层,26,房号,26A,用途,住宅,,建筑面积97.11平方米,户内面积,72.29平方米,分摊面积,24.82平方米,户内面积,--平方米,分摊面积--平方米,建筑面积,--平方米
项目楼栋情况,恒大成一期花园4栋,座号,B,合同号,--,拟售价格,39587元/平方米(按建筑面积计)楼层,26,房号,26B,用途,住宅,,建筑面积77.16平方米,户内面积,57.44平方米,分摊面积,19.72平方米,户内面积,--平方米,分摊面积--平方米,建筑面积,--平方米
项目楼栋情况,恒大成一期花园4栋,座号,B,合同号,深(龙)网预买字(2019)26944号,拟售价格,--元/平方米(按建筑面积计)楼层,26,房号,26C,用途,住宅,,建筑面积102.95平方米,户内面积,76.64平方米,分摊面积,26.31平方米,户内面积,--平方米,分摊面积--平方米,建筑面积,--平方米
项目楼栋情况,恒大成一期花园4栋,座号,B,合同号,--,拟售价格,37787元/平方米(按建筑面积计)楼层,26,房号,26D,用途,住宅,,建筑面积102.78平方米,户内面积,76.51平方米,分摊面积,26.27平方米,户内面积,--平方米,分摊面积--平方米,建筑面积,--平方米
项目楼栋情况,恒大成一期花园4栋,座号,B,合同号,--,拟售价格,38087元/平方米(按建筑面积计)楼层,26,房号,26E,用途,住宅,,建筑面积155.71平方米,户内面积,115.91平方米,分摊面积,39.8平方米,户内面积,--平方米,分摊面积--平方米,建筑面积,--平方米
项目楼栋情况,恒大成一期花园4栋,座号,B,合同号,--,拟售价格,37887元/平方米(按建筑面积计)楼层,25,房号,25A,用途,住宅,,建筑面积97.11平方米,户内面积,72.29平方米,分摊面积,24.82平方米,户内面积,--平方米,分摊面积--平方米,建筑面积,--平方米
项目楼栋情况,恒大成一期花园4栋,座号,B,合同号,--,拟售价格,39587元/平方米(按建筑面积计)楼层,25,房号,25B,用途,住宅,,建筑面积77.16平方米,户内面积,57.44平方米,分摊面积,19.72平方米,户内面积,--平方米,分摊面积--平方米,建筑面积,--平方米
项目楼栋情况,恒大成一期花园4栋,座号,B,合同号,--,拟售价格,38687元/平方米(按建筑面积计)楼层,25,房号,25C,用途,住宅,,建筑面积102.95平方米,户内面积,76.64平方米,分摊面积,26.31平方米,户内面积,--平方米,分摊面积--平方米,建筑面积,--平方米
项目楼栋情况,恒大成一期花园4栋,座号,B,合同号,深(龙)网预买字(2019)27146号,拟售价格,--元/平方米(按建筑面积计)楼层,25,房号,25D,用途,住宅,,建筑面积102.78平方米,户内面积,76.51平方米,分摊面积,26.27平方米,户内面积,--平方米,分摊面积--平方米,建筑面积,--平方米
项目楼栋情况,恒大成一期花园4栋,座号,B,合同号,--,拟售价格,38087元/平方米(按建筑面积计)楼层,25,房号,25E,用途,住宅,,建筑面积155.71平方米,户内面积,115.91平方米,分摊面积,39.8平方米,户内面积,--平方米,分摊面积--平方米,建筑面积,--平方米
项目楼栋情况,恒大成一期花园4栋,座号,B,合同号,--,拟售价格,37627元/平方米(按建筑面积计)楼层,24,房号,24A,用途,住宅,,建筑面积97.11平方米,户内面积,72.29平方米,分摊面积,24.82平方米,户内面积,--平方米,分摊面积--平方米,建筑面积,--平方米
项目楼栋情况,恒大成一期花园4栋,座号,B,合同号,--,拟售价格,39327元/平方米(按建筑面积计)楼层,24,房号,24B,用途,住宅,,建筑面积77.16平方米,户内面积,57.44平方米,分摊面积,19.72平方米,户内面积,--平方米,分摊面积--平方米,建筑面积,--平方米
项目楼栋情况,恒大成一期花园4栋,座号,B,合同号,深(龙)网预买字(2019)27153号,拟售价格,--元/平方米(按建筑面积计)楼层,24,房号,24C,用途,住宅,,建筑面积102.95平方米,户内面积,76.64平方米,分摊面积,26.31平方米,户内面积,--平方米,分摊面积--平方米,建筑面积,--平方米
项目楼栋情况,恒大成一期花园4栋,座号,B,合同号,--,拟售价格,37527元/平方米(按建筑面积计)楼层,24,房号,24D,用途,住宅,,建筑面积102.78平方米,户内面积,76.51平方米,分摊面积,26.27平方米,户内面积,--平方米,分摊面积--平方米,建筑面积,--平方米
项目楼栋情况,恒大成一期花园4栋,座号,B,合同号,--,拟售价格,37827元/平方米(按建筑面积计)楼层,24,房号,24E,用途,住宅,,建筑面积155.71平方米,户内面积,115.91平方米,分摊面积,39.8平方米,户内面积,--平方米,分摊面积--平方米,建筑面积,--平方米
项目楼栋情况,恒大成一期花园4栋,座号,B,合同号,--,拟售价格,37757元/平方米(按建筑面积计)楼层,23,房号,23A,用途,住宅,,建筑面积97.11平方米,户内面积,72.29平方米,分摊面积,24.82平方米,户内面积,--平方米,分摊面积--平方米,建筑面积,--平方米
项目楼栋情况,恒大成一期花园4栋,座号,B,合同号,深(龙)网预买字(2019)26336号,拟售价格,--元/平方米(按建筑面积计)楼层,23,房号,23B,用途,住宅,,建筑面积77.16平方米,户内面积,57.44平方米,分摊面积,19.72平方米,户内面积,--平方米,分摊面积--平方米,建筑面积,--平方米
项目楼栋情况,恒大成一期花园4栋,座号,B,合同号,--,拟售价格,38557元/平方米(按建筑面积计)楼层,23,房号,23C,用途,住宅,,建筑面积102.95平方米,户内面积,76.64平方米,分摊面积,26.31平方米,户内面积,--平方米,分摊面积--平方米,建筑面积,--平方米
项目楼栋情况,恒大成一期花园4栋,座号,B,合同号,--,拟售价格,37657元/平方米(按建筑面积计)楼层,23,房号,23D,用途,住宅,,建筑面积102.78平方米,户内面积,76.51平方米,分摊面积,26.27平方米,户内面积,--平方米,分摊面积--平方米,建筑面积,--平方米
项目楼栋情况,恒大成一期花园4栋,座号,B,合同号,--,拟售价格,37957元/平方米(按建筑面积计)楼层,23,房号,23E,用途,住宅,,建筑面积155.71平方米,户内面积,115.91平方米,分摊面积,39.8平方米,户内面积,--平方米,分摊面积--平方米,建筑面积,--平方米
项目楼栋情况,恒大成一期花园4栋,座号,B,合同号,--,拟售价格,37627元/平方米(按建筑面积计)楼层,22,房号,22A,用途,住宅,,建筑面积97.11平方米,户内面积,72.29平方米,分摊面积,24.82平方米,户内面积,--平方米,分摊面积--平方米,建筑面积,--平方米
项目楼栋情况,恒大成一期花园4栋,座号,B,合同号,--,拟售价格,39327元/平方米(按建筑面积计)楼层,22,房号,22B,用途,住宅,,建筑面积77.16平方米,户内面积,57.44平方米,分摊面积,19.72平方米,户内面积,--平方米,分摊面积--平方米,建筑面积,--平方米
项目楼栋情况,恒大成一期花园4栋,座号,B,合同号,深(龙)网预买字(2019)26824号,拟售价格,--元/平方米(按建筑面积计)楼层,22,房号,22C,用途,住宅,,建筑面积102.95平方米,户内面积,76.64平方米,分摊面积,26.31平方米,户内面积,--平方米,分摊面积--平方米,建筑面积,--平方米
项目楼栋情况,恒大成一期花园4栋,座号,B,合同号,深(龙)网预买字(2019)27225号,拟售价格,--元/平方米(按建筑面积计)楼层,22,房号,22D,用途,住宅,,建筑面积102.78平方米,户内面积,76.51平方米,分摊面积,26.27平方米,户内面积,--平方米,分摊面积--平方米,建筑面积,--平方米
项目楼栋情况,恒大成一期花园4栋,座号,B,合同号,--,拟售价格,37827元/平方米(按建筑面积计)楼层,22,房号,22E,用途,住宅,,建筑面积155.71平方米,户内面积,115.91平方米,分摊面积,39.8平方米,户内面积,--平方米,分摊面积--平方米,建筑面积,--平方米
项目楼栋情况,恒大成一期花园4栋,座号,B,合同号,--,拟售价格,37627元/平方米(按建筑面积计)楼层,21,房号,21A,用途,住宅,,建筑面积97.11平方米,户内面积,72.29平方米,分摊面积,24.82平方米,户内面积,--平方米,分摊面积--平方米,建筑面积,--平方米
项目楼栋情况,恒大成一期花园4栋,座号,B,合同号,--,拟售价格,39327元/平方米(按建筑面积计)楼层,21,房号,21B,用途,住宅,,建筑面积77.16平方米,户内面积,57.44平方米,分摊面积,19.72平方米,户内面积,--平方米,分摊面积--平方米,建筑面积,--平方米
项目楼栋情况,恒大成一期花园4栋,座号,B,合同号,--,拟售价格,38427元/平方米(按建筑面积计)楼层,21,房号,21C,用途,住宅,,建筑面积102.95平方米,户内面积,76.64平方米,分摊面积,26.31平方米,户内面积,--平方米,分摊面积--平方米,建筑面积,--平方米
项目楼栋情况,恒大成一期花园4栋,座号,B,合同号,--,拟售价格,37527元/平方米(按建筑面积计)楼层,21,房号,21D,用途,住宅,,建筑面积102.78平方米,户内面积,76.51平方米,分摊面积,26.27平方米,户内面积,--平方米,分摊面积--平方米,建筑面积,--平方米
项目楼栋情况,恒大成一期花园4栋,座号,B,合同号,--,拟售价格,37827元/平方米(按建筑面积计)楼层,21,房号,21E,用途,住宅,,建筑面积155.71平方米,户内面积,115.91平方米,分摊面积,39.8平方米,户内面积,--平方米,分摊面积--平方米,建筑面积,--平方米
项目楼栋情况,恒大成一期花园4栋,座号,B,合同号,--,拟售价格,37547元/平方米(按建筑面积计)楼层,20,房号,20A,用途,住宅,,建筑面积97.11平方米,户内面积,72.29平方米,分摊面积,24.82平方米,户内面积,--平方米,分摊面积--平方米,建筑面积,--平方米
项目楼栋情况,恒大成一期花园4栋,座号,B,合同号,--,拟售价格,39247元/平方米(按建筑面积计)楼层,20,房号,20B,用途,住宅,,建筑面积77.16平方米,户内面积,57.44平方米,分摊面积,19.72平方米,户内面积,--平方米,分摊面积--平方米,建筑面积,--平方米
项目楼栋情况,恒大成一期花园4栋,座号,B,合同号,--,拟售价格,38347元/平方米(按建筑面积计)楼层,20,房号,20C,用途,住宅,,建筑面积102.95平方米,户内面积,76.64平方米,分摊面积,26.31平方米,户内面积,--平方米,分摊面积--平方米,建筑面积,--平方米
项目楼栋情况,恒大成一期花园4栋,座号,B,合同号,深(龙)网预买字(2019)27223号,拟售价格,--元/平方米(按建筑面积计)楼层,20,房号,20D,用途,住宅,,建筑面积102.78平方米,户内面积,76.51平方米,分摊面积,26.27平方米,户内面积,--平方米,分摊面积--平方米,建筑面积,--平方米
项目楼栋情况,恒大成一期花园4栋,座号,B,合同号,--,拟售价格,37747元/平方米(按建筑面积计)楼层,20,房号,20E,用途,住宅,,建筑面积155.71平方米,户内面积,115.91平方米,分摊面积,39.8平方米,户内面积,--平方米,分摊面积--平方米,建筑面积,--平方米
项目楼栋情况,恒大成一期花园4栋,座号,B,合同号,--,拟售价格,37547元/平方米(按建筑面积计)楼层,19,房号,19A,用途,住宅,,建筑面积97.11平方米,户内面积,72.29平方米,分摊面积,24.82平方米,户内面积,--平方米,分摊面积--平方米,建筑面积,--平方米
项目楼栋情况,恒大成一期花园4栋,座号,B,合同号,--,拟售价格,39247元/平方米(按建筑面积计)楼层,19,房号,19B,用途,住宅,,建筑面积77.16平方米,户内面积,57.44平方米,分摊面积,19.72平方米,户内面积,--平方米,分摊面积--平方米,建筑面积,--平方米
项目楼栋情况,恒大成一期花园4栋,座号,B,合同号,--,拟售价格,38347元/平方米(按建筑面积计)楼层,19,房号,19C,用途,住宅,,建筑面积102.95平方米,户内面积,76.64平方米,分摊面积,26.31平方米,户内面积,--平方米,分摊面积--平方米,建筑面积,--平方米
项目楼栋情况,恒大成一期花园4栋,座号,B,合同号,--,拟售价格,37447元/平方米(按建筑面积计)楼层,19,房号,19D,用途,住宅,,建筑面积102.78平方米,户内面积,76.51平方米,分摊面积,26.27平方米,户内面积,--平方米,分摊面积--平方米,建筑面积,--平方米
项目楼栋情况,恒大成一期花园4栋,座号,B,合同号,--,拟售价格,37747元/平方米(按建筑面积计)楼层,19,房号,19E,用途,住宅,,建筑面积155.71平方米,户内面积,115.91平方米,分摊面积,39.8平方米,户内面积,--平方米,分摊面积--平方米,建筑面积,--平方米
项目楼栋情况,恒大成一期花园4栋,座号,B,合同号,--,拟售价格,37297元/平方米(按建筑面积计)楼层,18,房号,18A,用途,住宅,,建筑面积97.11平方米,户内面积,72.29平方米,分摊面积,24.82平方米,户内面积,--平方米,分摊面积--平方米,建筑面积,--平方米
项目楼栋情况,恒大成一期花园4栋,座号,B,合同号,--,拟售价格,38997元/平方米(按建筑面积计)楼层,18,房号,18B,用途,住宅,,建筑面积77.16平方米,户内面积,57.44平方米,分摊面积,19.72平方米,户内面积,--平方米,分摊面积--平方米,建筑面积,--平方米
项目楼栋情况,恒大成一期花园4栋,座号,B,合同号,--,拟售价格,38097元/平方米(按建筑面积计)楼层,18,房号,18C,用途,住宅,,建筑面积102.95平方米,户内面积,76.64平方米,分摊面积,26.31平方米,户内面积,--平方米,分摊面积--平方米,建筑面积,--平方米
项目楼栋情况,恒大成一期花园4栋,座号,B,合同号,--,拟售价格,37197元/平方米(按建筑面积计)楼层,18,房号,18D,用途,住宅,,建筑面积102.78平方米,户内面积,76.51平方米,分摊面积,26.27平方米,户内面积,--平方米,分摊面积--平方米,建筑面积,--平方米
项目楼栋情况,恒大成一期花园4栋,座号,B,合同号,--,拟售价格,37497元/平方米(按建筑面积计)楼层,18,房号,18E,用途,住宅,,建筑面积155.71平方米,户内面积,115.91平方米,分摊面积,39.8平方米,户内面积,--平方米,分摊面积--平方米,建筑面积,--平方米
项目楼栋情况,恒大成一期花园4栋,座号,B,合同号,--,拟售价格,37447元/平方米(按建筑面积计)楼层,17,房号,17A,用途,住宅,,建筑面积97.11平方米,户内面积,72.29平方米,分摊面积,24.82平方米,户内面积,--平方米,分摊面积--平方米,建筑面积,--平方米
项目楼栋情况,恒大成一期花园4栋,座号,B,合同号,--,拟售价格,39147元/平方米(按建筑面积计)楼层,17,房号,17B,用途,住宅,,建筑面积77.16平方米,户内面积,57.44平方米,分摊面积,19.72平方米,户内面积,--平方米,分摊面积--平方米,建筑面积,--平方米
项目楼栋情况,恒大成一期花园4栋,座号,B,合同号,--,拟售价格,38247元/平方米(按建筑面积计)楼层,17,房号,17C,用途,住宅,,建筑面积102.95平方米,户内面积,76.64平方米,分摊面积,26.31平方米,户内面积,--平方米,分摊面积--平方米,建筑面积,--平方米
项目楼栋情况,恒大成一期花园4栋,座号,B,合同号,--,拟售价格,37347元/平方米(按建筑面积计)楼层,17,房号,17D,用途,住宅,,建筑面积102.78平方米,户内面积,76.51平方米,分摊面积,26.27平方米,户内面积,--平方米,分摊面积--平方米,建筑面积,--平方米
项目楼栋情况,恒大成一期花园4栋,座号,B,合同号,--,拟售价格,37647元/平方米(按建筑面积计)楼层,17,房号,17E,用途,住宅,,建筑面积155.71平方米,户内面积,115.91平方米,分摊面积,39.8平方米,户内面积,--平方米,分摊面积--平方米,建筑面积,--平方米
项目楼栋情况,恒大成一期花园4栋,座号,B,合同号,深(龙)网预买字(2019)26802号,拟售价格,--元/平方米(按建筑面积计)楼层,16,房号,16A,用途,住宅,,建筑面积97.11平方米,户内面积,72.29平方米,分摊面积,24.82平方米,户内面积,--平方米,分摊面积--平方米,建筑面积,--平方米
项目楼栋情况,恒大成一期花园4栋,座号,B,合同号,--,拟售价格,39047元/平方米(按建筑面积计)楼层,16,房号,16B,用途,住宅,,建筑面积77.16平方米,户内面积,57.44平方米,分摊面积,19.72平方米,户内面积,--平方米,分摊面积--平方米,建筑面积,--平方米
项目楼栋情况,恒大成一期花园4栋,座号,B,合同号,深(龙)网预买字(2019)26441号,拟售价格,--元/平方米(按建筑面积计)楼层,16,房号,16C,用途,住宅,,建筑面积102.95平方米,户内面积,76.64平方米,分摊面积,26.31平方米,户内面积,--平方米,分摊面积--平方米,建筑面积,--平方米
项目楼栋情况,恒大成一期花园4栋,座号,B,合同号,--,拟售价格,37247元/平方米(按建筑面积计)楼层,16,房号,16D,用途,住宅,,建筑面积102.78平方米,户内面积,76.51平方米,分摊面积,26.27平方米,户内面积,--平方米,分摊面积--平方米,建筑面积,--平方米
项目楼栋情况,恒大成一期花园4栋,座号,B,合同号,--,拟售价格,37547元/平方米(按建筑面积计)楼层,16,房号,16E,用途,住宅,,建筑面积155.71平方米,户内面积,115.91平方米,分摊面积,39.8平方米,户内面积,--平方米,分摊面积--平方米,建筑面积,--平方米
项目楼栋情况,恒大成一期花园4栋,座号,B,合同号,--,拟售价格,37297元/平方米(按建筑面积计)楼层,15,房号,15A,用途,住宅,,建筑面积97.11平方米,户内面积,72.29平方米,分摊面积,24.82平方米,户内面积,--平方米,分摊面积--平方米,建筑面积,--平方米
项目楼栋情况,恒大成一期花园4栋,座号,B,合同号,--,拟售价格,38997元/平方米(按建筑面积计)楼层,15,房号,15B,用途,住宅,,建筑面积77.16平方米,户内面积,57.44平方米,分摊面积,19.72平方米,户内面积,--平方米,分摊面积--平方米,建筑面积,--平方米
项目楼栋情况,恒大成一期花园4栋,座号,B,合同号,--,拟售价格,38097元/平方米(按建筑面积计)楼层,15,房号,15C,用途,住宅,,建筑面积102.95平方米,户内面积,76.64平方米,分摊面积,26.31平方米,户内面积,--平方米,分摊面积--平方米,建筑面积,--平方米
项目楼栋情况,恒大成一期花园4栋,座号,B,合同号,--,拟售价格,37197元/平方米(按建筑面积计)楼层,15,房号,15D,用途,住宅,,建筑面积102.78平方米,户内面积,76.51平方米,分摊面积,26.27平方米,户内面积,--平方米,分摊面积--平方米,建筑面积,--平方米
项目楼栋情况,恒大成一期花园4栋,座号,B,合同号,--,拟售价格,37497元/平方米(按建筑面积计)楼层,15,房号,15E,用途,住宅,,建筑面积155.71平方米,户内面积,115.91平方米,分摊面积,39.8平方米,户内面积,--平方米,分摊面积--平方米,建筑面积,--平方米
项目楼栋情况,恒大成一期花园4栋,座号,B,合同号,--,拟售价格,37197元/平方米(按建筑面积计)楼层,13,房号,13A,用途,住宅,,建筑面积97.11平方米,户内面积,72.29平方米,分摊面积,24.82平方米,户内面积,--平方米,分摊面积--平方米,建筑面积,--平方米
项目楼栋情况,恒大成一期花园4栋,座号,B,合同号,--,拟售价格,38897元/平方米(按建筑面积计)楼层,13,房号,13B,用途,住宅,,建筑面积77.16平方米,户内面积,57.44平方米,分摊面积,19.72平方米,户内面积,--平方米,分摊面积--平方米,建筑面积,--平方米
项目楼栋情况,恒大成一期花园4栋,座号,B,合同号,--,拟售价格,37997元/平方米(按建筑面积计)楼层,13,房号,13C,用途,住宅,,建筑面积102.95平方米,户内面积,76.64平方米,分摊面积,26.31平方米,户内面积,--平方米,分摊面积--平方米,建筑面积,--平方米
项目楼栋情况,恒大成一期花园4栋,座号,B,合同号,--,拟售价格,37097元/平方米(按建筑面积计)楼层,13,房号,13D,用途,住宅,,建筑面积102.78平方米,户内面积,76.51平方米,分摊面积,26.27平方米,户内面积,--平方米,分摊面积--平方米,建筑面积,--平方米
项目楼栋情况,恒大成一期花园4栋,座号,B,合同号,--,拟售价格,37397元/平方米(按建筑面积计)楼层,13,房号,13E,用途,住宅,,建筑面积155.71平方米,户内面积,115.91平方米,分摊面积,39.8平方米,户内面积,--平方米,分摊面积--平方米,建筑面积,--平方米
项目楼栋情况,恒大成一期花园4栋,座号,B,合同号,--,拟售价格,37247元/平方米(按建筑面积计)楼层,12,房号,12A,用途,住宅,,建筑面积97.11平方米,户内面积,72.29平方米,分摊面积,24.82平方米,户内面积,--平方米,分摊面积--平方米,建筑面积,--平方米
项目楼栋情况,恒大成一期花园4栋,座号,B,合同号,--,拟售价格,38947元/平方米(按建筑面积计)楼层,12,房号,12B,用途,住宅,,建筑面积77.16平方米,户内面积,57.44平方米,分摊面积,19.72平方米,户内面积,--平方米,分摊面积--平方米,建筑面积,--平方米
项目楼栋情况,恒大成一期花园4栋,座号,B,合同号,--,拟售价格,38047元/平方米(按建筑面积计)楼层,12,房号,12C,用途,住宅,,建筑面积102.95平方米,户内面积,76.64平方米,分摊面积,26.31平方米,户内面积,--平方米,分摊面积--平方米,建筑面积,--平方米
项目楼栋情况,恒大成一期花园4栋,座号,B,合同号,--,拟售价格,37147元/平方米(按建筑面积计)楼层,12,房号,12D,用途,住宅,,建筑面积102.78平方米,户内面积,76.51平方米,分摊面积,26.27平方米,户内面积,--平方米,分摊面积--平方米,建筑面积,--平方米
项目楼栋情况,恒大成一期花园4栋,座号,B,合同号,--,拟售价格,37447元/平方米(按建筑面积计)楼层,12,房号,12E,用途,住宅,,建筑面积155.71平方米,户内面积,115.91平方米,分摊面积,39.8平方米,户内面积,--平方米,分摊面积--平方米,建筑面积,--平方米
项目楼栋情况,恒大成一期花园4栋,座号,B,合同号,--,拟售价格,37197元/平方米(按建筑面积计)楼层,11,房号,11A,用途,住宅,,建筑面积97.11平方米,户内面积,72.29平方米,分摊面积,24.82平方米,户内面积,--平方米,分摊面积--平方米,建筑面积,--平方米
项目楼栋情况,恒大成一期花园4栋,座号,B,合同号,--,拟售价格,38897元/平方米(按建筑面积计)楼层,11,房号,11B,用途,住宅,,建筑面积77.16平方米,户内面积,57.44平方米,分摊面积,19.72平方米,户内面积,--平方米,分摊面积--平方米,建筑面积,--平方米
项目楼栋情况,恒大成一期花园4栋,座号,B,合同号,深(龙)网预买字(2019)26359号,拟售价格,--元/平方米(按建筑面积计)楼层,11,房号,11C,用途,住宅,,建筑面积102.95平方米,户内面积,76.64平方米,分摊面积,26.31平方米,户内面积,--平方米,分摊面积--平方米,建筑面积,--平方米
项目楼栋情况,恒大成一期花园4栋,座号,B,合同号,--,拟售价格,37097元/平方米(按建筑面积计)楼层,11,房号,11D,用途,住宅,,建筑面积102.78平方米,户内面积,76.51平方米,分摊面积,26.27平方米,户内面积,--平方米,分摊面积--平方米,建筑面积,--平方米
项目楼栋情况,恒大成一期花园4栋,座号,B,合同号,--,拟售价格,37397元/平方米(按建筑面积计)楼层,11,房号,11E,用途,住宅,,建筑面积155.71平方米,户内面积,115.91平方米,分摊面积,39.8平方米,户内面积,--平方米,分摊面积--平方米,建筑面积,--平方米
项目楼栋情况,恒大成一期花园4栋,座号,B,合同号,--,拟售价格,37197元/平方米(按建筑面积计)楼层,10,房号,10A,用途,住宅,,建筑面积97.11平方米,户内面积,72.29平方米,分摊面积,24.82平方米,户内面积,--平方米,分摊面积--平方米,建筑面积,--平方米
项目楼栋情况,恒大成一期花园4栋,座号,B,合同号,--,拟售价格,38897元/平方米(按建筑面积计)楼层,10,房号,10B,用途,住宅,,建筑面积77.16平方米,户内面积,57.44平方米,分摊面积,19.72平方米,户内面积,--平方米,分摊面积--平方米,建筑面积,--平方米
项目楼栋情况,恒大成一期花园4栋,座号,B,合同号,深(龙)网预买字(2019)26972号,拟售价格,--元/平方米(按建筑面积计)楼层,10,房号,10C,用途,住宅,,建筑面积102.95平方米,户内面积,76.64平方米,分摊面积,26.31平方米,户内面积,--平方米,分摊面积--平方米,建筑面积,--平方米
项目楼栋情况,恒大成一期花园4栋,座号,B,合同号,--,拟售价格,37097元/平方米(按建筑面积计)楼层,10,房号,10D,用途,住宅,,建筑面积102.78平方米,户内面积,76.51平方米,分摊面积,26.27平方米,户内面积,--平方米,分摊面积--平方米,建筑面积,--平方米
项目楼栋情况,恒大成一期花园4栋,座号,B,合同号,--,拟售价格,37397元/平方米(按建筑面积计)楼层,10,房号,10E,用途,住宅,,建筑面积155.71平方米,户内面积,115.91平方米,分摊面积,39.8平方米,户内面积,--平方米,分摊面积--平方米,建筑面积,--平方米
项目楼栋情况,恒大成一期花园4栋,座号,B,合同号,--,拟售价格,37147元/平方米(按建筑面积计)楼层,9,房号,9A,用途,住宅,,建筑面积97.11平方米,户内面积,72.29平方米,分摊面积,24.82平方米,户内面积,--平方米,分摊面积--平方米,建筑面积,--平方米
项目楼栋情况,恒大成一期花园4栋,座号,B,合同号,--,拟售价格,38847元/平方米(按建筑面积计)楼层,9,房号,9B,用途,住宅,,建筑面积77.16平方米,户内面积,57.44平方米,分摊面积,19.72平方米,户内面积,--平方米,分摊面积--平方米,建筑面积,--平方米
项目楼栋情况,恒大成一期花园4栋,座号,B,合同号,深(龙)网预买字(2019)26943号,拟售价格,--元/平方米(按建筑面积计)楼层,9,房号,9C,用途,住宅,,建筑面积102.95平方米,户内面积,76.64平方米,分摊面积,26.31平方米,户内面积,--平方米,分摊面积--平方米,建筑面积,--平方米
项目楼栋情况,恒大成一期花园4栋,座号,B,合同号,--,拟售价格,37047元/平方米(按建筑面积计)楼层,9,房号,9D,用途,住宅,,建筑面积102.78平方米,户内面积,76.51平方米,分摊面积,26.27平方米,户内面积,--平方米,分摊面积--平方米,建筑面积,--平方米
项目楼栋情况,恒大成一期花园4栋,座号,B,合同号,--,拟售价格,37347元/平方米(按建筑面积计)楼层,9,房号,9E,用途,住宅,,建筑面积155.71平方米,户内面积,115.91平方米,分摊面积,39.8平方米,户内面积,--平方米,分摊面积--平方米,建筑面积,--平方米
项目楼栋情况,恒大成一期花园4栋,座号,B,合同号,--,拟售价格,37147元/平方米(按建筑面积计)楼层,8,房号,8A,用途,住宅,,建筑面积97.11平方米,户内面积,72.29平方米,分摊面积,24.82平方米,户内面积,--平方米,分摊面积--平方米,建筑面积,--平方米
项目楼栋情况,恒大成一期花园4栋,座号,B,合同号,--,拟售价格,38847元/平方米(按建筑面积计)楼层,8,房号,8B,用途,住宅,,建筑面积77.16平方米,户内面积,57.44平方米,分摊面积,19.72平方米,户内面积,--平方米,分摊面积--平方米,建筑面积,--平方米
项目楼栋情况,恒大成一期花园4栋,座号,B,合同号,--,拟售价格,37947元/平方米(按建筑面积计)楼层,8,房号,8C,用途,住宅,,建筑面积102.95平方米,户内面积,76.64平方米,分摊面积,26.31平方米,户内面积,--平方米,分摊面积--平方米,建筑面积,--平方米
项目楼栋情况,恒大成一期花园4栋,座号,B,合同号,--,拟售价格,37047元/平方米(按建筑面积计)楼层,8,房号,8D,用途,住宅,,建筑面积102.78平方米,户内面积,76.51平方米,分摊面积,26.27平方米,户内面积,--平方米,分摊面积--平方米,建筑面积,--平方米
项目楼栋情况,恒大成一期花园4栋,座号,B,合同号,--,拟售价格,37347元/平方米(按建筑面积计)楼层,8,房号,8E,用途,住宅,,建筑面积155.71平方米,户内面积,115.91平方米,分摊面积,39.8平方米,户内面积,--平方米,分摊面积--平方米,建筑面积,--平方米
项目楼栋情况,恒大成一期花园4栋,座号,B,合同号,深(龙)网预买字(2019)27234号,拟售价格,--元/平方米(按建筑面积计)楼层,7,房号,7A,用途,住宅,,建筑面积97.11平方米,户内面积,72.29平方米,分摊面积,24.82平方米,户内面积,--平方米,分摊面积--平方米,建筑面积,--平方米
项目楼栋情况,恒大成一期花园4栋,座号,B,合同号,深(龙)网预买字(2019)26529号,拟售价格,--元/平方米(按建筑面积计)楼层,7,房号,7B,用途,住宅,,建筑面积77.16平方米,户内面积,57.44平方米,分摊面积,19.72平方米,户内面积,--平方米,分摊面积--平方米,建筑面积,--平方米
项目楼栋情况,恒大成一期花园4栋,座号,B,合同号,--,拟售价格,37797元/平方米(按建筑面积计)楼层,7,房号,7C,用途,住宅,,建筑面积102.95平方米,户内面积,76.64平方米,分摊面积,26.31平方米,户内面积,--平方米,分摊面积--平方米,建筑面积,--平方米
项目楼栋情况,恒大成一期花园4栋,座号,B,合同号,深(龙)网预买字(2019)26796号,拟售价格,--元/平方米(按建筑面积计)楼层,7,房号,7D,用途,住宅,,建筑面积102.78平方米,户内面积,76.51平方米,分摊面积,26.27平方米,户内面积,--平方米,分摊面积--平方米,建筑面积,--平方米
项目楼栋情况,恒大成一期花园4栋,座号,B,合同号,--,拟售价格,37197元/平方米(按建筑面积计)楼层,7,房号,7E,用途,住宅,,建筑面积155.71平方米,户内面积,115.91平方米,分摊面积,39.8平方米,户内面积,--平方米,分摊面积--平方米,建筑面积,--平方米
项目楼栋情况,恒大成一期花园4栋,座号,B,合同号,--,拟售价格,36997元/平方米(按建筑面积计)楼层,6,房号,6A,用途,住宅,,建筑面积97.11平方米,户内面积,72.29平方米,分摊面积,24.82平方米,户内面积,--平方米,分摊面积--平方米,建筑面积,--平方米
项目楼栋情况,恒大成一期花园4栋,座号,B,合同号,--,拟售价格,38697元/平方米(按建筑面积计)楼层,6,房号,6B,用途,住宅,,建筑面积77.16平方米,户内面积,57.44平方米,分摊面积,19.72平方米,户内面积,--平方米,分摊面积--平方米,建筑面积,--平方米
项目楼栋情况,恒大成一期花园4栋,座号,B,合同号,--,拟售价格,37797元/平方米(按建筑面积计)楼层,6,房号,6C,用途,住宅,,建筑面积102.95平方米,户内面积,76.64平方米,分摊面积,26.31平方米,户内面积,--平方米,分摊面积--平方米,建筑面积,--平方米
项目楼栋情况,恒大成一期花园4栋,座号,B,合同号,--,拟售价格,36897元/平方米(按建筑面积计)楼层,6,房号,6D,用途,住宅,,建筑面积102.78平方米,户内面积,76.51平方米,分摊面积,26.27平方米,户内面积,--平方米,分摊面积--平方米,建筑面积,--平方米
项目楼栋情况,恒大成一期花园4栋,座号,B,合同号,--,拟售价格,37197元/平方米(按建筑面积计)楼层,6,房号,6E,用途,住宅,,建筑面积155.71平方米,户内面积,115.91平方米,分摊面积,39.8平方米,户内面积,--平方米,分摊面积--平方米,建筑面积,--平方米
项目楼栋情况,恒大成一期花园4栋,座号,B,合同号,--,拟售价格,36967元/平方米(按建筑面积计)楼层,5,房号,5A,用途,住宅,,建筑面积97.11平方米,户内面积,72.29平方米,分摊面积,24.82平方米,户内面积,--平方米,分摊面积--平方米,建筑面积,--平方米
项目楼栋情况,恒大成一期花园4栋,座号,B,合同号,--,拟售价格,38667元/平方米(按建筑面积计)楼层,5,房号,5B,用途,住宅,,建筑面积77.16平方米,户内面积,57.44平方米,分摊面积,19.72平方米,户内面积,--平方米,分摊面积--平方米,建筑面积,--平方米
项目楼栋情况,恒大成一期花园4栋,座号,B,合同号,--,拟售价格,37767元/平方米(按建筑面积计)楼层,5,房号,5C,用途,住宅,,建筑面积102.95平方米,户内面积,76.64平方米,分摊面积,26.31平方米,户内面积,--平方米,分摊面积--平方米,建筑面积,--平方米
项目楼栋情况,恒大成一期花园4栋,座号,B,合同号,--,拟售价格,36867元/平方米(按建筑面积计)楼层,5,房号,5D,用途,住宅,,建筑面积102.78平方米,户内面积,76.51平方米,分摊面积,26.27平方米,户内面积,--平方米,分摊面积--平方米,建筑面积,--平方米
项目楼栋情况,恒大成一期花园4栋,座号,B,合同号,--,拟售价格,37167元/平方米(按建筑面积计)楼层,5,房号,5E,用途,住宅,,建筑面积155.71平方米,户内面积,115.91平方米,分摊面积,39.8平方米,户内面积,--平方米,分摊面积--平方米,建筑面积,--平方米
